company_name,date,item_1a_scores,item_7_scores,total_scores
AAPL,2021-10-29,"[6, 3, 3, 3, 5, 7, 3, 2, 1, 3, 4, 2, 4, 2, 5, 2, 3]","[3, 3, 3, 7, 3, 5, 7, 2, 3]","[6, 3, 3, 3, 5, 7, 3, 2, 1, 3, 4, 2, 4, 2, 5, 2, 3, 3, 3, 3, 7, 3, 5, 7, 2, 3]"
AAPL,2022-10-28,"[8, 3, 2, 3, 7, 9, 3, 0, 5, 5, 3, 7, 4, 3, 6, 6, 2, 5, 4]","[3, 2, 3, 4, 3, 6, 6, 2]","[8, 3, 2, 3, 7, 9, 3, 0, 5, 5, 3, 7, 4, 3, 6, 6, 2, 5, 4, 3, 2, 3, 4, 3, 6, 6, 2]"
AAPL,2023-11-03,"[4, 6]",[],"[4, 6]"
AAPL,2024-11-01,"[6, 1]",[],"[6, 1]"
ABBV,2021-02-19,"[7, 3, 4, 3, 2, 2, 3, 1]",[3],"[7, 3, 4, 3, 2, 2, 3, 1, 3]"
ABBV,2022-02-18,"[6, 5, 4, 4, 1, 2, 1, 2]","[2, 3, 2]","[6, 5, 4, 4, 1, 2, 1, 2, 2, 3, 2]"
ABBV,2023-02-17,"[7, 4, 3, 3, 2, 3, 3, 4, 2, 2]","[0, 2, 5, 4]","[7, 4, 3, 3, 2, 3, 3, 4, 2, 2, 0, 2, 5, 4]"
ABBV,2024-02-20,"[5, 2, 1, 5, 1]",[],"[5, 2, 1, 5, 1]"
ABNB,2021-02-26,"[9, 7, 7, 5, 4, 7, 5, 6, 4]",[7],"[9, 7, 7, 5, 4, 7, 5, 6, 4, 7]"
ABNB,2022-02-25,"[7, 7, 3, 5, 6, 5, 5, 6, 5, 5]",[7],"[7, 7, 3, 5, 6, 5, 5, 6, 5, 5, 7]"
ABNB,2023-02-17,"[9, 7, 5, 3, 5, 4, 3, 3, 3]",[9],"[9, 7, 5, 3, 5, 4, 3, 3, 3, 9]"
ABNB,2024-02-16,"[5, 5, 4]",[],"[5, 5, 4]"
ABT,2021-02-19,"[3, 4, 6, 4, 4]","[4, 4, 6, 5, 5, 5, 1, 1, 1]","[3, 4, 6, 4, 4, 4, 4, 6, 5, 5, 5, 1, 1, 1]"
ABT,2022-02-18,"[4, 4, 4, 4, 5, 6, 6, 1, 3, 0, 2, 0]","[6, 3, 0]","[4, 4, 4, 4, 5, 6, 6, 1, 3, 0, 2, 0, 6, 3, 0]"
ABT,2023-02-17,"[9, 6, 1, 5, 9, 9, 7, 1, 5, 4, 6, 5]","[6, 1, 5, 1, 5, 4, 6, 5, 7, 7, 1, 5]","[9, 6, 1, 5, 9, 9, 7, 1, 5, 4, 6, 5, 6, 1, 5, 1, 5, 4, 6, 5, 7, 7, 1, 5]"
ABT,2024-02-16,"[6, 5, 6, 2, 5, 2]","[2, 1, 5]","[6, 5, 6, 2, 5, 2, 2, 1, 5]"
ACGL,2021-02-26,"[7, 6, 7, 7, 5, 6, 8, 5, 5, 6, 5]","[7, 6, 9]","[7, 6, 7, 7, 5, 6, 8, 5, 5, 6, 5, 7, 6, 9]"
ACGL,2022-02-25,"[7, 6, 7, 7, 5, 5, 3, 4, 7, 5, 4, 1]",[],"[7, 6, 7, 7, 5, 5, 3, 4, 7, 5, 4, 1]"
ACGL,2023-02-24,"[8, 7, 1, 7, 5, 2, 4, 6, 7, 0]",[],"[8, 7, 1, 7, 5, 2, 4, 6, 7, 0]"
ACGL,2024-02-23,"[2, 3, 4, 1, 0, -2, 4]",[],"[2, 3, 4, 1, 0, -2, 4]"
ACN,2021-10-15,"[7, 8, 6, 5, 4, 5, 5, 5, 5, 4, 4]",[4],"[7, 8, 6, 5, 4, 5, 5, 5, 5, 4, 4, 4]"
ACN,2022-10-12,"[5, 6, 2, 1, 1]",[],"[5, 6, 2, 1, 1]"
ACN,2023-10-12,"[6, 5, 4, 4, 3]",[],"[6, 5, 4, 4, 3]"
ACN,2024-10-10,"[5, 3, 1]",[],"[5, 3, 1]"
ADBE,2021-01-15,"[9, 7, 5, 4, 5, 5, 4, 6, 8, 7, 4, 4, 3]","[9, 7]","[9, 7, 5, 4, 5, 5, 4, 6, 8, 7, 4, 4, 3, 9, 7]"
ADBE,2022-01-21,"[7, 4, 4, 4, 7, 6, 5, 2, 5, 3, 2, 5, 5]",[7],"[7, 4, 4, 4, 7, 6, 5, 2, 5, 3, 2, 5, 5, 7]"
ADBE,2023-01-17,"[5, 7, 3, 5]",[],"[5, 7, 3, 5]"
ADBE,2024-01-17,"[5, 1, 1, 0, 1, 1]",[],"[5, 1, 1, 0, 1, 1]"
ADI,2021-12-03,"[2, 8, 7, 3, 7, 5, 3, 6, 3, 6, 6, 6, 7, 2, 4]","[2, 8, 3, 2, 4]","[2, 8, 7, 3, 7, 5, 3, 6, 3, 6, 6, 6, 7, 2, 4, 2, 8, 3, 2, 4]"
ADI,2022-11-22,"[3, 2, 7, 6, 1, 2, 4, 5, 2]","[1, 2]","[3, 2, 7, 6, 1, 2, 4, 5, 2, 1, 2]"
ADI,2023-11-21,"[3, 4, 1, 4, 8, 4, 1, 4, 1]",[],"[3, 4, 1, 4, 8, 4, 1, 4, 1]"
ADI,2024-11-26,"[5, 2, 4]",[],"[5, 2, 4]"
ADM,2021-02-18,"[3, 7, 3, 6, 3, 7, 4, 1, 2, 2, 1]","[4, 2, 5, 6, 6]","[3, 7, 3, 6, 3, 7, 4, 1, 2, 2, 1, 4, 2, 5, 6, 6]"
ADM,2022-02-17,"[5, 4, 5, 3, 4, 2]","[2, 3, 1, 2]","[5, 4, 5, 3, 4, 2, 2, 3, 1, 2]"
ADM,2023-02-14,"[4, 3, 7, 5, 6, 6, 2]",[],"[4, 3, 7, 5, 6, 6, 2]"
ADM,2024-03-12,"[3, 8, 7, 3, 6]",[],"[3, 8, 7, 3, 6]"
ADP,2021-08-04,"[9, 7, 5, 3, 6]",[2],"[9, 7, 5, 3, 6, 2]"
ADP,2022-08-03,"[6, 5, 4, 3, 2, 3]",[3],"[6, 5, 4, 3, 2, 3, 3]"
ADP,2023-08-03,"[7, 2, 3, 2]",[1],"[7, 2, 3, 2, 1]"
ADP,2024-08-07,"[4, 5, 4, 3, 1, 1]",[],"[4, 5, 4, 3, 1, 1]"
ADSK,2021-03-19,"[7, 7, 6, 3, 8, 7, 9, 4]",[7],"[7, 7, 6, 3, 8, 7, 9, 4, 7]"
ADSK,2022-03-14,"[7, 3, 7, 5, 2, 5]","[3, 7]","[7, 3, 7, 5, 2, 5, 3, 7]"
ADSK,2023-03-14,"[2, 6, 7, 4, 4, 2, 3, 2, 5, 4, 4]","[2, 4]","[2, 6, 7, 4, 4, 2, 3, 2, 5, 4, 4, 2, 4]"
ADSK,2024-06-10,"[4, 4, 5, 4]",[],"[4, 4, 5, 4]"
AEE,2021-02-22,"[8, 7, 3, 2, 4, 3, 2, 1, 3, 3, 2, 2, 3, 6, 3, 2, 3, 2, 1]","[7, 3, 3, 2, 1, 3, 2, 2, 3, 6, 1]","[8, 7, 3, 2, 4, 3, 2, 1, 3, 3, 2, 2, 3, 6, 3, 2, 3, 2, 1, 7, 3, 3, 2, 1, 3, 2, 2, 3, 6, 1]"
AEE,2022-02-23,"[9, 6, 6, 5, 5, 4, 5, 5, 4]","[6, 5, 4]","[9, 6, 6, 5, 5, 4, 5, 5, 4, 6, 5, 4]"
AEE,2023-02-22,"[6, 4, 1, 6, 1]","[6, 3]","[6, 4, 1, 6, 1, 6, 3]"
AEE,2024-02-29,"[5, 4]",[6],"[5, 4, 6]"
AEP,2024-02-26,"[6, 3]",[],"[6, 3]"
AES,2021-02-25,"[6, 7, 8, 6, 8, 7, 6, 6, 7, 7]","[6, 6]","[6, 7, 8, 6, 8, 7, 6, 6, 7, 7, 6, 6]"
AES,2022-02-28,"[7, 7, 6, 5, 6, 5, 6, 5, 3, 3, 4, 4, 4, 4, 4, 3, 2, 6, 3, 3, 3, 4, 3, 7, 4, 4]","[4, 3, 3]","[7, 7, 6, 5, 6, 5, 6, 5, 3, 3, 4, 4, 4, 4, 4, 3, 2, 6, 3, 3, 3, 4, 3, 7, 4, 4, 4, 3, 3]"
AES,2023-03-01,"[7, 4, 5, 4, 4, 3, 6, 4, 3, 1]",[],"[7, 4, 5, 4, 4, 3, 6, 4, 3, 1]"
AES,2024-02-26,"[2, 5, 3, 2, 3, 2, 3, 3, 2, 3, 3, 1]",[3],"[2, 5, 3, 2, 3, 2, 3, 3, 2, 3, 3, 1, 3]"
AFL,2022-02-23,"[7, 5, 8, 6, 5, 4]",[7],"[7, 5, 8, 6, 5, 4, 7]"
AFL,2023-02-24,"[7, 4, 3, 2, 3, 5, 2, 2, 5]",[7],"[7, 4, 3, 2, 3, 5, 2, 2, 5, 7]"
AFL,2024-02-22,"[3, 1, 3, 1]",[],"[3, 1, 3, 1]"
AIG,2021-02-19,"[8, 6, 6, 5, 7, 6, 3, 5, 5, 5, 6, 6]","[8, 6]","[8, 6, 6, 5, 7, 6, 3, 5, 5, 5, 6, 6, 8, 6]"
AIG,2022-02-17,"[8, 7, 7, 3, 5, 5]",[8],"[8, 7, 7, 3, 5, 5, 8]"
AIG,2023-02-17,"[7, 8, 8, 5, 4, 3]",[7],"[7, 8, 8, 5, 4, 3, 7]"
AIG,2024-02-14,"[7, 2, 3, 8, 8, 6, 5, 3, 4]",[6],"[7, 2, 3, 8, 8, 6, 5, 3, 4, 6]"
AIZ,2021-02-19,"[6, 6, 8, 7, 7, 6, 6, 7, 5, 5, 4, 6, 6, -2, 6, 5, 4, -1, 5, 5, 6, 5, 4]",[6],"[6, 6, 8, 7, 7, 6, 6, 7, 5, 5, 4, 6, 6, -2, 6, 5, 4, -1, 5, 5, 6, 5, 4, 6]"
AIZ,2022-02-22,"[7, 4, 7, 4, 5, 5, 5, 3, 4, 4, 3, 4, 3, 5, 5, 5]",[],"[7, 4, 7, 4, 5, 5, 5, 3, 4, 4, 3, 4, 3, 5, 5, 5]"
AIZ,2023-02-17,"[8, 5, 2, 4, 5, 5]",[],"[8, 5, 2, 4, 5, 5]"
AIZ,2024-02-15,"[4, 6, 5, 5]",[],"[4, 6, 5, 5]"
AJG,2021-02-08,"[7, 4, 8, 5, 2, 6, 2, 3]","[6, 2]","[7, 4, 8, 5, 2, 6, 2, 3, 6, 2]"
AJG,2022-02-18,"[5, 7, 5, 5, 2, 1]",[2],"[5, 7, 5, 5, 2, 1, 2]"
AJG,2023-02-10,"[8, 6, 7, 3, 7, 2]",[],"[8, 6, 7, 3, 7, 2]"
AJG,2024-02-09,"[4, 6, 6, 4]",[],"[4, 6, 6, 4]"
AKAM,2021-02-26,"[6, 6, 6, 5, 5, 5, 6, 5, 4, 2, 1]","[2, 0]","[6, 6, 6, 5, 5, 5, 6, 5, 4, 2, 1, 2, 0]"
AKAM,2022-02-28,"[5, 4, 6, 5, 5, 2, 6, 7, 4, 2, 3]","[2, 2]","[5, 4, 6, 5, 5, 2, 6, 7, 4, 2, 3, 2, 2]"
AKAM,2023-02-28,"[1, 5, 6, 5, 7, 8, 4, 6, 4]","[1, 6]","[1, 5, 6, 5, 7, 8, 4, 6, 4, 1, 6]"
AKAM,2024-02-28,"[4, 4, 3, 3]","[4, 3, 3]","[4, 4, 3, 3, 4, 3, 3]"
ALB,2021-02-19,"[7, 4, 2, -2, 7, 4]","[7, 2, 7, 1, 4, 3]","[7, 4, 2, -2, 7, 4, 7, 2, 7, 1, 4, 3]"
ALB,2022-02-22,"[5, 4, 4]","[5, 1, 0]","[5, 4, 4, 5, 1, 0]"
ALB,2023-02-15,"[7, 5, 4, 1]",[],"[7, 5, 4, 1]"
ALB,2024-02-15,"[4, 3, 3, 0]",[0],"[4, 3, 3, 0, 0]"
ALGN,2021-02-26,"[8, 8, 9, 7, 6, 7, 5, 5, 5, 4, 7, 5]",[8],"[8, 8, 9, 7, 6, 7, 5, 5, 5, 4, 7, 5, 8]"
ALGN,2022-02-25,"[9, 8, 5, 2, 5, 1, 6, 4, 6, 4, 5, 3, 4, 6]","[5, 6, 2]","[9, 8, 5, 2, 5, 1, 6, 4, 6, 4, 5, 3, 4, 6, 5, 6, 2]"
ALGN,2023-02-27,"[7, 8, 2, 7, 5, 6, 5]",[5],"[7, 8, 2, 7, 5, 6, 5, 5]"
ALGN,2024-02-28,"[2, 2, 3, 6, 4, 2, 3]",[],"[2, 2, 3, 6, 4, 2, 3]"
ALLE,2021-02-16,"[7, 9, 6, 8, 10, 6, 4, 3]",[7],"[7, 9, 6, 8, 10, 6, 4, 3, 7]"
ALLE,2022-02-15,"[6, 2, 6, 5, 6, 6, 3, 1, 2, 2]","[6, 5]","[6, 2, 6, 5, 6, 6, 3, 1, 2, 2, 6, 5]"
ALLE,2023-02-22,"[9, 9, 3, 4, 3, 4, 1, 6]",[],"[9, 9, 3, 4, 3, 4, 1, 6]"
ALLE,2024-02-20,"[6, 5, 6, 6, 4, 5]",[],"[6, 5, 6, 6, 4, 5]"
ALL,2021-02-22,"[5, 5, 8]","[5, -1, 2, 7]","[5, 5, 8, 5, -1, 2, 7]"
ALL,2022-02-18,"[6, 7, 8, 7, 4, 6, 7, 8, 8]","[7, 4, 7, 8, 8, 5, 1, 5]","[6, 7, 8, 7, 4, 6, 7, 8, 8, 7, 4, 7, 8, 8, 5, 1, 5]"
ALL,2023-02-16,"[6, 9, 7, 6, 6, 4, 8]","[9, 7, 6, 7, 5, 6, 4]","[6, 9, 7, 6, 6, 4, 8, 9, 7, 6, 7, 5, 6, 4]"
ALL,2024-02-21,"[4, 4, 5, 3, 4]","[4, 3]","[4, 4, 5, 3, 4, 4, 3]"
AMAT,2021-12-17,"[8, 7, 2, 7, 7, 3, 2, 5, 4, 4]",[8],"[8, 7, 2, 7, 7, 3, 2, 5, 4, 4, 8]"
AMAT,2022-12-16,"[7, 6, 7, 7, 5, 4]",[7],"[7, 6, 7, 7, 5, 4, 7]"
AMAT,2023-12-15,"[5, 4, 5]",[],"[5, 4, 5]"
AMAT,2024-12-13,"[3, 3]",[],"[3, 3]"
AMCR,2022-08-18,"[4, 3, 2, 4, 4, 4, 0, 4, 2, 4, 4, -5, 5, 4, 4, 3, 3]","[4, 2, -5, 5, 1, 2, 4, 2, 2, 3]","[4, 3, 2, 4, 4, 4, 0, 4, 2, 4, 4, -5, 5, 4, 4, 3, 3, 4, 2, -5, 5, 1, 2, 4, 2, 2, 3]"
AMCR,2023-08-17,"[4, 4, 8, 2]","[7, -2]","[4, 4, 8, 2, 7, -2]"
AMCR,2024-08-16,"[4, 6, 4, 5, 4, 3]",[],"[4, 6, 4, 5, 4, 3]"
AMD,2021-01-29,"[6, 3, 6, 2, 2, 5, 5, 6, 3, 4, 5, 4, 2, 1, 2, 3, 3, -1]","[-1, 1]","[6, 3, 6, 2, 2, 5, 5, 6, 3, 4, 5, 4, 2, 1, 2, 3, 3, -1, -1, 1]"
AMD,2022-02-03,"[4, 6, 6, 6, 3, 2, 6, 4, 3, 3, 2, 3, 3, 2, 3, -1]","[6, -1, -4]","[4, 6, 6, 6, 3, 2, 6, 4, 3, 3, 2, 3, 3, 2, 3, -1, 6, -1, -4]"
AMD,2023-02-27,"[5, 4, 2, 5, 1, 2, 4, 5, 2, 6, 2, -3, 5, 1, 6, 2, 5, 2, 2, 1, 2, 2]",[],"[5, 4, 2, 5, 1, 2, 4, 5, 2, 6, 2, -3, 5, 1, 6, 2, 5, 2, 2, 1, 2, 2]"
AMD,2024-01-31,"[1, 5, 5, 4, 1]",[],"[1, 5, 5, 4, 1]"
AME,2021-02-18,"[4, 5, 4, 0, 5, 2, 3, 4, 3, 3, 2]","[7, 7, 3, 6, 7, 3, 7, 0]","[4, 5, 4, 0, 5, 2, 3, 4, 3, 3, 2, 7, 7, 3, 6, 7, 3, 7, 0]"
AME,2022-02-22,"[5, 1, 1, 4, 1, 6, 1, 2, 4, 1, 2, 4, 1]","[1, 7, 4, 1]","[5, 1, 1, 4, 1, 6, 1, 2, 4, 1, 2, 4, 1, 1, 7, 4, 1]"
AME,2023-02-21,"[6, 1, 4, 6, 0, 4, 5, 5, 3, 5, 6, 3, 4, 4]","[1, 0, 8, 2]","[6, 1, 4, 6, 0, 4, 5, 5, 3, 5, 6, 3, 4, 4, 1, 0, 8, 2]"
AME,2024-02-22,"[5, 1]",[],"[5, 1]"
AMGN,2021-02-09,"[9, 7, 7, 7, 7, 6, 5, 5, 7, 6, 5]",[],"[9, 7, 7, 7, 7, 6, 5, 5, 7, 6, 5]"
AMGN,2022-02-16,"[10, 9, 8, 6, 6, 6, 4, 4, 3, 4, 3, 3, 4]",[],"[10, 9, 8, 6, 6, 6, 4, 4, 3, 4, 3, 3, 4]"
AMGN,2023-02-09,"[8, 7, 6, 5, 5, 5]",[],"[8, 7, 6, 5, 5, 5]"
AMGN,2024-02-14,"[5, 5, 5, 5, 4]","[6, 4]","[5, 5, 5, 5, 4, 6, 4]"
AMP,2021-02-24,"[5, 6, 4, 6, 8, 7, 5, 3]","[4, 5, -3]","[5, 6, 4, 6, 8, 7, 5, 3, 4, 5, -3]"
AMP,2022-02-25,"[7, 9, 7, 7, 8, 6, 5, 6, 5, 4]",[9],"[7, 9, 7, 7, 8, 6, 5, 6, 5, 4, 9]"
AMP,2023-02-23,"[7, 6, 5, 7, 0]",[],"[7, 6, 5, 7, 0]"
AMP,2024-02-22,"[6, 4, 1, 1]",[],"[6, 4, 1, 1]"
AMT,2021-02-25,"[5, 6, 8, 7, 7, 7, 6, 6, 6, 8]","[5, 7, 6]","[5, 6, 8, 7, 7, 7, 6, 6, 6, 8, 5, 7, 6]"
AMT,2022-02-25,"[7, 3, 3, 2, 3, 4, 3, 5, 6]",[3],"[7, 3, 3, 2, 3, 4, 3, 5, 6, 3]"
AMT,2023-02-23,"[5, 1, 1]",[0],"[5, 1, 1, 0]"
AMT,2024-02-27,"[4, 4, 4]",[],"[4, 4, 4]"
AMZN,2021-02-03,"[1, 5]","[5, 2, 0, 2, 10, 3, 4, 3, 1, 7]","[1, 5, 5, 2, 0, 2, 10, 3, 4, 3, 1, 7]"
AMZN,2022-02-04,"[4, 5, 1, 1]","[6, 7, 3]","[4, 5, 1, 1, 6, 7, 3]"
AMZN,2023-02-03,"[3, 4, 1, 4]",[7],"[3, 4, 1, 4, 7]"
AMZN,2024-02-02,"[2, 3, 4, 4, 2]",[],"[2, 3, 4, 4, 2]"
ANET,2021-02-19,"[7, 6, 8, 7, 4, 3, 3, 3, 1]",[8],"[7, 6, 8, 7, 4, 3, 3, 3, 1, 8]"
ANET,2022-02-15,"[8, 8, 4, 8, 8, 4, 5, 6, 9, 7, 4, 8, 4, 1, 2, 1, 4, 4, 3, 2, 5]","[5, 9, 4]","[8, 8, 4, 8, 8, 4, 5, 6, 9, 7, 4, 8, 4, 1, 2, 1, 4, 4, 3, 2, 5, 5, 9, 4]"
ANET,2023-02-14,"[6, 3, 1, 1, 3, 6]",[2],"[6, 3, 1, 1, 3, 6, 2]"
ANET,2024-02-13,"[4, 3, 0]",[],"[4, 3, 0]"
ANSS,2021-02-24,"[7, 5, 1, 3, 3, 2, 5, 3, 3, 7, 4, 2, 3, 4, 4, 3, 4, 3, 5, 5]","[7, 1, 3, 2, 3, 5, 1, 5, 3, 6, 1, 4, 4, 4]","[7, 5, 1, 3, 3, 2, 5, 3, 3, 7, 4, 2, 3, 4, 4, 3, 4, 3, 5, 5, 7, 1, 3, 2, 3, 5, 1, 5, 3, 6, 1, 4, 4, 4]"
ANSS,2022-02-23,"[9, 1, 2, 1, 4, 6, 6, 4, 1, 3, 8, 5, 5, 3, 3]","[9, 0, 0, 4, 0]","[9, 1, 2, 1, 4, 6, 6, 4, 1, 3, 8, 5, 5, 3, 3, 9, 0, 0, 4, 0]"
ANSS,2023-02-22,"[4, 4, 3, 7, 2, 4, 4, 0]",[],"[4, 4, 3, 7, 2, 4, 4, 0]"
ANSS,2024-02-21,"[2, 3, 4]",[],"[2, 3, 4]"
AON,2021-02-19,"[8, 7, 8, 6, 5, 6]","[7, 7, 6]","[8, 7, 8, 6, 5, 6, 7, 7, 6]"
AON,2022-02-18,"[3, 2, 8, 6, 5, 8, 5, 4, 3]","[8, 6, 2, 0, 0, 0, 3, 3, -1]","[3, 2, 8, 6, 5, 8, 5, 4, 3, 8, 6, 2, 0, 0, 0, 3, 3, -1]"
AON,2023-02-17,"[8, 7, 6, 9, 6, 5, 4, 3]",[],"[8, 7, 6, 9, 6, 5, 4, 3]"
AON,2024-02-16,"[5, 3, 1, 1]",[1],"[5, 3, 1, 1, 1]"
AOS,2021-02-12,"[7, 6, 7, 5, 3, 6, 4, 5, 4, 3, 3, 3, 5, 5, 3, 5]","[4, 0, 1, 3, 5]","[7, 6, 7, 5, 3, 6, 4, 5, 4, 3, 3, 3, 5, 5, 3, 5, 4, 0, 1, 3, 5]"
AOS,2022-02-11,"[4, 4, 5, 6, 5, 5, 4, 5]","[6, 8, 9, 4, 5]","[4, 4, 5, 6, 5, 5, 4, 5, 6, 8, 9, 4, 5]"
AOS,2023-02-14,"[4, 2, -1, 5, 6, 0, 4, 3, -1]","[6, 5, -1, -1, 5, -1]","[4, 2, -1, 5, 6, 0, 4, 3, -1, 6, 5, -1, -1, 5, -1]"
AOS,2024-02-13,"[4, 6, 5, 4]",[4],"[4, 6, 5, 4, 4]"
APA,2022-02-22,"[8, 5, 7, 8, 7, 4, 8, 4, 5, 7, 5, 5]","[8, 7, 5, 6]","[8, 5, 7, 8, 7, 4, 8, 4, 5, 7, 5, 5, 8, 7, 5, 6]"
APA,2023-02-23,"[8, 7, 8, 5, 3, 6, 3]",[7],"[8, 7, 8, 5, 3, 6, 3, 7]"
APA,2024-02-22,"[4, 6, 2, 3]",[],"[4, 6, 2, 3]"
APD,2021-11-18,"[6, 6, 4, 7, 3, 6, 0, 7, 3, 7, 6, 7, 7]",[],"[6, 6, 4, 7, 3, 6, 0, 7, 3, 7, 6, 7, 7]"
APD,2022-11-22,"[8, 7, 6, 6, 4, 5, 5, 3, 2]",[],"[8, 7, 6, 6, 4, 5, 5, 3, 2]"
APD,2023-11-16,"[4, 2]",[],"[4, 2]"
APD,2024-11-21,"[4, 3]",[],"[4, 3]"
APH,2021-02-10,"[5, 6, 7, 6, 3, 5, 5, 6, 4, 2, 3, 3, 4, 2, 3]","[6, 3, 5, 5, 6, 4, 2, 3, 2, -2, 3]","[5, 6, 7, 6, 3, 5, 5, 6, 4, 2, 3, 3, 4, 2, 3, 6, 3, 5, 5, 6, 4, 2, 3, 2, -2, 3]"
APH,2024-02-07,"[2, 4, 6, 6, 2, 3]",[],"[2, 4, 6, 6, 2, 3]"
APO,2023-03-01,"[9, 7, 3, 4, 6, 10, 4, 1]",[],"[9, 7, 3, 4, 6, 10, 4, 1]"
APO,2024-02-27,"[4, 6]",[],"[4, 6]"
APTV,2021-02-08,"[6, 7, 4, 5, 7, 5, 6, 6, 6, 7, 4]","[6, 7, 5, 9, 6, 6, 7, 4]","[6, 7, 4, 5, 7, 5, 6, 6, 6, 7, 4, 6, 7, 5, 9, 6, 6, 7, 4]"
APTV,2022-02-07,"[8, 5, 7, 6, 5, 4, 1, 5, 7, 5, 3, 2]","[8, 5, 7, 6, 5, 1, 5, 7, 5]","[8, 5, 7, 6, 5, 4, 1, 5, 7, 5, 3, 2, 8, 5, 7, 6, 5, 1, 5, 7, 5]"
APTV,2023-02-08,"[6, 2, 4, 5, 6, 9, 4, 2, 0, 6, 0]","[6, 4, 5, 6, 9, 4, 2, 6]","[6, 2, 4, 5, 6, 9, 4, 2, 0, 6, 0, 6, 4, 5, 6, 9, 4, 2, 6]"
APTV,2024-02-06,"[4, 1, 2, 6, -2, 6, 1, 4]","[4, 6]","[4, 1, 2, 6, -2, 6, 1, 4, 4, 6]"
ARE,2021-02-01,"[7, 7, 5, 5, 4, 6]",[],"[7, 7, 5, 5, 4, 6]"
ARE,2022-01-31,"[4, 5, 5, 7, 3, 4, 3]",[],"[4, 5, 5, 7, 3, 4, 3]"
ARE,2023-01-30,"[7, 7, 6, 6, 5, 7]",[],"[7, 7, 6, 6, 5, 7]"
ARE,2024-01-29,"[4, 2, 2, 2, 3]",[],"[4, 2, 2, 2, 3]"
ATO,2021-11-12,"[5, 4, 0, 5]","[3, 2]","[5, 4, 0, 5, 3, 2]"
ATO,2022-11-14,[6],[1],"[6, 1]"
ATO,2023-11-14,"[2, 1, 3]",[],"[2, 1, 3]"
ATO,2024-11-18,"[4, 4, 5, 4, 3]",[4],"[4, 4, 5, 4, 3, 4]"
AVB,2021-02-25,"[7, 7, 6, 6, 5, 7, 6, 5, 3, 5, 4]","[7, 6, 8, 5, 8, 6]","[7, 7, 6, 6, 5, 7, 6, 5, 3, 5, 4, 7, 6, 8, 5, 8, 6]"
AVB,2022-02-25,"[5, 6, 4, 4, 7, 4, 3, 3, 7, 4, 4, 5, 5, 5, 5, 3, 2, 3, 4, 5, 5, 4, 5, 4, 6, 5, 4, 3, 4]","[4, 3, 7, 4]","[5, 6, 4, 4, 7, 4, 3, 3, 7, 4, 4, 5, 5, 5, 5, 3, 2, 3, 4, 5, 5, 4, 5, 4, 6, 5, 4, 3, 4, 4, 3, 7, 4]"
AVB,2023-02-24,"[7, 7, 5, 5, 6, 6, 7, 6, 5]","[5, 7, 6]","[7, 7, 5, 5, 6, 6, 7, 6, 5, 5, 7, 6]"
AVB,2024-02-23,"[5, 6, 4, 4, 4, 4, 6, 5, 6, 5, 5, 4, 2, 4]",[],"[5, 6, 4, 4, 4, 4, 6, 5, 6, 5, 5, 4, 2, 4]"
AVGO,2021-12-17,"[4, 4, 8, 5, 5, 4, 5, 4, 5, 0]",[],"[4, 4, 8, 5, 5, 4, 5, 4, 5, 0]"
AVGO,2022-12-16,"[4, 4, 6, 6, 4, 6, 5, 4, 5, 5, 5, -2, 3, 3, 3, 2]","[4, -2]","[4, 4, 6, 6, 4, 6, 5, 4, 5, 5, 5, -2, 3, 3, 3, 2, 4, -2]"
AVGO,2023-12-14,"[3, 4, 4]",[],"[3, 4, 4]"
AVGO,2024-12-20,"[4, 2]",[],"[4, 2]"
AVY,2021-02-25,"[7, 4, 2, 5, 3, 3, 2, 4, 3, 1, 3, 2, 4, 2, 3, 4, 3, 2, 1, 5, 2, 3, 4, 3, 3, 2, 3, 3, 2]",[],"[7, 4, 2, 5, 3, 3, 2, 4, 3, 1, 3, 2, 4, 2, 3, 4, 3, 2, 1, 5, 2, 3, 4, 3, 3, 2, 3, 3, 2]"
AVY,2022-02-23,"[6, 5, 6, 6, 5, 4, 4, 3, 4, 4, 3, 4]",[],"[6, 5, 6, 6, 5, 4, 4, 3, 4, 4, 3, 4]"
AVY,2023-02-22,"[8, 6, 7, 7, 1, 1, 3, 6, 5]",[],"[8, 6, 7, 7, 1, 1, 3, 6, 5]"
AVY,2024-02-21,"[5, 4, 3, 4, 1]",[2],"[5, 4, 3, 4, 1, 2]"
AWK,2021-02-24,"[5, 6, 7, 2]","[7, 4, -1, 3, 6, 1]","[5, 6, 7, 2, 7, 4, -1, 3, 6, 1]"
AWK,2022-02-16,"[4, 3, 2]","[7, 5, 2]","[4, 3, 2, 7, 5, 2]"
AWK,2023-02-15,"[4, 4, 3]",[],"[4, 4, 3]"
AWK,2024-02-14,"[4, 1]","[2, 2]","[4, 1, 2, 2]"
AXON,2021-02-26,"[2, 4, 6, 4, 2]","[2, 4, 6, 8, 3, -2]","[2, 4, 6, 4, 2, 2, 4, 6, 8, 3, -2]"
AXON,2022-02-25,"[7, 1, 3, 3, 5, 2, 1, 4]","[7, 1]","[7, 1, 3, 3, 5, 2, 1, 4, 7, 1]"
AXON,2023-02-28,"[5, 3, 3, 2]",[],"[5, 3, 3, 2]"
AXON,2024-02-27,"[4, 2, 1]",[],"[4, 2, 1]"
AXP,2022-02-11,"[8, 9, 10, 8, 6, 7, 6, 3, 2, 4, 3, 4, 5]","[9, 10]","[8, 9, 10, 8, 6, 7, 6, 3, 2, 4, 3, 4, 5, 9, 10]"
AXP,2023-02-10,"[5, 7, 4, 4, 2, 2, 2]",[7],"[5, 7, 4, 4, 2, 2, 2, 7]"
AXP,2024-02-09,"[3, 3, 4, 3]",[],"[3, 3, 4, 3]"
AZO,2021-10-25,"[8, 5, 5, 4, 4, 4, 7, 7, 3, 3, 5, 3, 7, 2, 6, 7]","[5, 3, 3, 8, 6, 7]","[8, 5, 5, 4, 4, 4, 7, 7, 3, 3, 5, 3, 7, 2, 6, 7, 5, 3, 3, 8, 6, 7]"
AZO,2022-10-24,"[7, 5, 1]","[9, 2]","[7, 5, 1, 9, 2]"
AZO,2023-10-24,"[6, 2, 1]","[7, 4]","[6, 2, 1, 7, 4]"
AZO,2024-10-28,"[6, 4, 3]","[4, 1]","[6, 4, 3, 4, 1]"
A,2021-12-17,"[7, 7, 5, 5, 5, 4, 2, 3, 4, 4]",[],"[7, 7, 5, 5, 5, 4, 2, 3, 4, 4]"
A,2022-12-21,"[9, 7, 6, 6, 9, 7, 3, 3, 5]",[],"[9, 7, 6, 6, 9, 7, 3, 3, 5]"
A,2024-12-20,"[5, 5, 4, 4, 4]",[],"[5, 5, 4, 4, 4]"
BAC,2021-02-24,"[7, 8, 7, 5, 4, 4, 3, 4, 4, 4]","[7, 5, 4, 3, 4]","[7, 8, 7, 5, 4, 4, 3, 4, 4, 4, 7, 5, 4, 3, 4]"
BAC,2022-02-22,"[6, 7, 8, 4, 5, 5]","[6, 5]","[6, 7, 8, 4, 5, 5, 6, 5]"
BAC,2023-02-22,"[9, 7, 5, 7, 5]",[5],"[9, 7, 5, 7, 5, 5]"
BAC,2024-02-20,"[3, 3, 4, 5, 4]",[4],"[3, 3, 4, 5, 4, 4]"
BALL,2021-02-17,"[5, 3, 0, 0, 7, 2]","[6, 8]","[5, 3, 0, 0, 7, 2, 6, 8]"
BALL,2022-02-16,"[7, 2, -1, -2, 3, 7, 0]","[3, -2, -3, 6, 2]","[7, 2, -1, -2, 3, 7, 0, 3, -2, -3, 6, 2]"
BALL,2023-02-21,"[5, 2, -5, 4, 6, 0]","[4, 4]","[5, 2, -5, 4, 6, 0, 4, 4]"
BALL,2024-02-20,"[4, 3]",[2],"[4, 3, 2]"
BAX,2021-02-11,"[9, 4, 4, 8, 4, 6, 7, 8, 8, 9, 4, 7, 8, 6, 6, 8, 6, 5, 6, 7, 5, 6, 6, 7, 8, 5, 8, 6, 6, 6]","[9, 8, 4, 6, 7]","[9, 4, 4, 8, 4, 6, 7, 8, 8, 9, 4, 7, 8, 6, 6, 8, 6, 5, 6, 7, 5, 6, 6, 7, 8, 5, 8, 6, 6, 6, 9, 8, 4, 6, 7]"
BAX,2022-02-23,"[8, 2, 7, 3, 4, 6, 7, 2, 4, 6, 5, 3, 4, 1, 2, 3, 3, 3, 2, 5, 3, 3]","[8, 7, 3, 2]","[8, 2, 7, 3, 4, 6, 7, 2, 4, 6, 5, 3, 4, 1, 2, 3, 3, 3, 2, 5, 3, 3, 8, 7, 3, 2]"
BAX,2023-02-09,"[8, 9, 7, 8, 7, 7, 4, 6, 3, 4, 5, 1]","[8, 4, 5, 1]","[8, 9, 7, 8, 7, 7, 4, 6, 3, 4, 5, 1, 8, 4, 5, 1]"
BAX,2024-02-08,"[4, 6, 6, 5, 6, 5, 5]",[],"[4, 6, 6, 5, 6, 5, 5]"
BA,2021-02-01,"[8, 7, 7, 7, 4, 7, 5, 7, 9]","[7, 9, 7, 5]","[8, 7, 7, 7, 4, 7, 5, 7, 9, 7, 9, 7, 5]"
BA,2022-01-31,"[8, 6, 7, 4, 5, 8, 8, 7, 6, 4, 6, 6, 7, 6, 7, 8, 6, 5, 6, 5, 9]","[4, 6, 6, 5, 6]","[8, 6, 7, 4, 5, 8, 8, 7, 6, 4, 6, 6, 7, 6, 7, 8, 6, 5, 6, 5, 9, 4, 6, 6, 5, 6]"
BA,2023-01-27,"[1, 9, 6]","[9, 6, 3, 6, 6]","[1, 9, 6, 9, 6, 3, 6, 6]"
BA,2024-01-31,"[2, 2]","[2, 0, 2, 0]","[2, 2, 2, 0, 2, 0]"
BBY,2021-03-19,"[3, 6, 6, 3, 4, 3, 3, 4, 3, 6, 4, 4, 2, 3, 1, 2]",[],"[3, 6, 6, 3, 4, 3, 3, 4, 3, 6, 4, 4, 2, 3, 1, 2]"
BBY,2022-03-18,"[5, 7, 4, 2, 5, 5, 3, 4, 1, 5, 2, 3, 5, 2, 2, 6, 2, 1, 5]",[],"[5, 7, 4, 2, 5, 5, 3, 4, 1, 5, 2, 3, 5, 2, 2, 6, 2, 1, 5]"
BBY,2023-03-17,"[3, 3, 6, 9, 4, 6, 8]",[],"[3, 3, 6, 9, 4, 6, 8]"
BBY,2024-03-15,"[4, 5, 4, 4, 3, 2, 3]",[],"[4, 5, 4, 4, 3, 2, 3]"
BDX,2021-11-24,"[7, 5, 7, 3, 4, 5, 5, 4, 3, 4, 1, 4, 3, 2]","[3, 5, 1]","[7, 5, 7, 3, 4, 5, 5, 4, 3, 4, 1, 4, 3, 2, 3, 5, 1]"
BDX,2022-11-22,"[7, 2, 5, 6, 5, 3, 6, 4, 3, 2, 2, 3]","[4, 2, 2, 4]","[7, 2, 5, 6, 5, 3, 6, 4, 3, 2, 2, 3, 4, 2, 2, 4]"
BDX,2023-11-21,"[5, 4, 5, 5, 2, 2]",[5],"[5, 4, 5, 5, 2, 2, 5]"
BDX,2024-11-27,"[4, 4, 5, 1, 1]",[4],"[4, 4, 5, 1, 1, 4]"
BEN,2021-11-19,"[8, 9, 7, 8, 8, 9, 8, 9, 9, 8, 7, 6, 7, 7, 6, 7, 8, 7]","[9, 9, 8]","[8, 9, 7, 8, 8, 9, 8, 9, 9, 8, 7, 6, 7, 7, 6, 7, 8, 7, 9, 9, 8]"
BEN,2022-11-14,"[4, 7, 2, 5, 2, 4, 7, 3, 2, 4]",[],"[4, 7, 2, 5, 2, 4, 7, 3, 2, 4]"
BEN,2023-11-14,"[6, 7, 3, 6, 4, 4, 3]",[],"[6, 7, 3, 6, 4, 4, 3]"
BEN,2024-11-12,"[5, 6, 4, 5, 4, 4, 4]",[],"[5, 6, 4, 5, 4, 4, 4]"
BFB,2021-06-21,"[6, 8, 9, 9, 8, 7, 5, 8, 8, 6, 5, 5]","[2, 7]","[6, 8, 9, 9, 8, 7, 5, 8, 8, 6, 5, 5, 2, 7]"
BFB,2022-06-17,"[7, 2, 5, 4, 7, 4, 8, 8, 8, 6, 6, 3, 1, 4, 4, 6]",[-1],"[7, 2, 5, 4, 7, 4, 8, 8, 8, 6, 6, 3, 1, 4, 4, 6, -1]"
BFB,2023-06-16,"[8, 7, 3, 3, 5, 6, 4, 1, 3]",[],"[8, 7, 3, 3, 5, 6, 4, 1, 3]"
BFB,2024-06-14,"[3, 5, 6, 4, 2, 6]",[],"[3, 5, 6, 4, 2, 6]"
BG,2024-02-22,"[1, 3, 5, 3, 3, 2]",[],"[1, 3, 5, 3, 3, 2]"
BIIB,2021-02-03,"[6, 5, 5, 4, 2, 4, 3, 3, 6, 3, 2, 2, 3, 3]","[2, 6, 3]","[6, 5, 5, 4, 2, 4, 3, 3, 6, 3, 2, 2, 3, 3, 2, 6, 3]"
BIIB,2022-02-03,"[7, 6, 6, 6, 5, 7, 7, 5, 5, 5, 6, 5, 5]","[7, 5, 6, 7, 3]","[7, 6, 6, 6, 5, 7, 7, 5, 5, 5, 6, 5, 5, 7, 5, 6, 7, 3]"
BIIB,2023-02-15,"[5, 5, 2, 4, 5, 3, 3, 4, 3, 2, 3, 3]","[3, 3, 3]","[5, 5, 2, 4, 5, 3, 3, 4, 3, 2, 3, 3, 3, 3, 3]"
BIIB,2024-02-14,"[7, 6, 4, 4, 2]",[7],"[7, 6, 4, 4, 2, 7]"
BKNG,2021-02-24,"[7, 7, 7, 8, 6, 9, 6, 5, 4, 4, 4, 4]","[7, 7, 8, 6, 5, 4, 4]","[7, 7, 7, 8, 6, 9, 6, 5, 4, 4, 4, 4, 7, 7, 8, 6, 5, 4, 4]"
BKNG,2022-02-23,"[9, 8, 5, 2, 4, 1, 2, 6, 7, 6]",[9],"[9, 8, 5, 2, 4, 1, 2, 6, 7, 6, 9]"
BKNG,2023-02-23,"[4, 8, 4, 7, 3, 3, 5, 1, 7, 4, 3, 5, 5, 4, 4]","[4, 8]","[4, 8, 4, 7, 3, 3, 5, 1, 7, 4, 3, 5, 5, 4, 4, 4, 8]"
BKNG,2024-02-22,"[5, 5, 1, 1]",[-2],"[5, 5, 1, 1, -2]"
BKR,2021-02-25,"[3, 9, 6, 3, 4, 5, 4, 4, 4]","[6, 3, 5, 6, 3, 0, 0]","[3, 9, 6, 3, 4, 5, 4, 4, 4, 6, 3, 5, 6, 3, 0, 0]"
BKR,2022-02-11,"[2, 8, 5, 1, 6, 8, 5, 5, 5]","[1, 2, 6]","[2, 8, 5, 1, 6, 8, 5, 5, 5, 1, 2, 6]"
BKR,2023-02-14,"[7, 3, 4, 3, 4, 5, 3, 1, 3, 2]",[],"[7, 3, 4, 3, 4, 5, 3, 1, 3, 2]"
BKR,2024-02-05,"[5, 3, 4, 3, 3]",[],"[5, 3, 4, 3, 3]"
BK,2022-02-25,[],[],[]
BK,2023-02-27,[],[],[]
BK,2024-02-28,[],[],[]
BLDR,2021-02-26,"[8, 7, 5, 6, 5, 4, 1, 6, 3]",[0],"[8, 7, 5, 6, 5, 4, 1, 6, 3, 0]"
BLDR,2022-03-01,"[5, 8, 6, 4, 5, 5, 5, 3, 2, 3, 3, 1, -1, 3, 4, 6]","[2, -2, 4]","[5, 8, 6, 4, 5, 5, 5, 3, 2, 3, 3, 1, -1, 3, 4, 6, 2, -2, 4]"
BLDR,2023-02-28,"[3, 5, 3, 2]",[2],"[3, 5, 3, 2, 2]"
BLDR,2024-02-22,[4],[],[4]
BMY,2021-02-10,"[8, 8, 3, 7, 5, 7, 5, 7, 3, 4, 2, 3, 6, 3]","[8, 7, 3, 4, 2, 3, 3]","[8, 8, 3, 7, 5, 7, 5, 7, 3, 4, 2, 3, 6, 3, 8, 7, 3, 4, 2, 3, 3]"
BMY,2023-02-14,"[4, 4, 4, 4, 0, 3, 4, 4]",[],"[4, 4, 4, 4, 0, 3, 4, 4]"
BMY,2024-02-13,"[4, 6, 0, 5, 4, 2, 4, 1, 1, 1]",[],"[4, 6, 0, 5, 4, 2, 4, 1, 1, 1]"
BRO,2021-02-23,"[5, 5, 1, 2, 3, 2, 1, 1, 2, 2, 5, 2, 2, 2, 1, 0, 6]",[6],"[5, 5, 1, 2, 3, 2, 1, 1, 2, 2, 5, 2, 2, 2, 1, 0, 6, 6]"
BRO,2022-02-23,"[8, 7, 4, 2, 6, 3, 1, 1, 1]",[],"[8, 7, 4, 2, 6, 3, 1, 1, 1]"
BRO,2023-02-27,"[7, 6, 1, 4, 3, 3, 1, 4, 1, 1, 3]",[],"[7, 6, 1, 4, 3, 3, 1, 4, 1, 1, 3]"
BRO,2024-02-22,"[4, 5, 1, 1, 1, 0, 0, 0, 0]",[],"[4, 5, 1, 1, 1, 0, 0, 0, 0]"
BR,2024-08-06,"[6, 0, 1, -1]",[],"[6, 0, 1, -1]"
BSX,2024-02-20,"[5, 2]",[],"[5, 2]"
BWA,2021-02-22,"[5, 7, 7, 8, 3, 7, 4, 6, 3, 5, 5]","[4, 5, 5, 5, 5, 5, 2, 1, 7, 6, 3, 1]","[5, 7, 7, 8, 3, 7, 4, 6, 3, 5, 5, 4, 5, 5, 5, 5, 5, 2, 1, 7, 6, 3, 1]"
BWA,2022-02-15,"[6, 7, 8, 8, 4, 6, 5, 6, 4, 5, 4, 3, 6, 5]","[6, 4, 5, 5, 5, 2]","[6, 7, 8, 8, 4, 6, 5, 6, 4, 5, 4, 3, 6, 5, 6, 4, 5, 5, 5, 2]"
BWA,2023-02-09,"[6, 5, 6, 7, 5, 3, 4]",[6],"[6, 5, 6, 7, 5, 3, 4, 6]"
BWA,2024-02-08,"[4, 1]",[],"[4, 1]"
BX,2021-02-26,"[9, 8, 3, 5, 5, 5, 4, 4, 6, 4, 3, 2, 1]","[9, 8, 2, 1]","[9, 8, 3, 5, 5, 5, 4, 4, 6, 4, 3, 2, 1, 9, 8, 2, 1]"
BX,2022-02-25,"[6, 7, 8, 7, 5, 5, 5, 5, 3]",[],"[6, 7, 8, 7, 5, 5, 5, 5, 3]"
BX,2023-02-24,"[6, 2, 5, 6, 2, 6, 5, 2, 5, 5, 5, 2, 2, 3, 2, 2]",[2],"[6, 2, 5, 6, 2, 6, 5, 2, 5, 5, 5, 2, 2, 3, 2, 2, 2]"
BX,2024-02-23,"[7, 5, 5, 6, 6, 5, 5, 5, 5, 5, 2, 5, 3, 4, 1]",[],"[7, 5, 5, 6, 6, 5, 5, 5, 5, 5, 2, 5, 3, 4, 1]"
CAG,2021-07-23,"[4, 3, 5, 6, 3, 4]","[4, 7, 6, 5, 3, 1, 4, 1]","[4, 3, 5, 6, 3, 4, 4, 7, 6, 5, 3, 1, 4, 1]"
CAG,2022-07-21,"[4, 3, 3, 3, 4, 2, 2, 3, 7, 3]","[4, 7]","[4, 3, 3, 3, 4, 2, 2, 3, 7, 3, 4, 7]"
CAG,2023-07-13,"[7, 6]",[],"[7, 6]"
CAG,2024-07-11,"[4, 2, 1]",[1],"[4, 2, 1, 1]"
CARR,2021-02-09,"[8, 5, 5, 5, 6, 5]","[8, 6, 6, 4]","[8, 5, 5, 5, 6, 5, 8, 6, 6, 4]"
CAT,2021-02-17,"[4, 6, 3, 7, 3, 5, 2]","[-1, 4]","[4, 6, 3, 7, 3, 5, 2, -1, 4]"
CAT,2022-02-16,"[7, 8, 9, 8, 7, 4]","[1, 5, 2, 5]","[7, 8, 9, 8, 7, 4, 1, 5, 2, 5]"
CAT,2023-02-15,"[7, 7, 6, 6, 3, 7, 7, 4, 6, 2]",[],"[7, 7, 6, 6, 3, 7, 7, 4, 6, 2]"
CAT,2024-02-16,"[4, 4, 4, 4, 6, 4, 4]",[],"[4, 4, 4, 4, 6, 4, 4]"
CBOE,2021-02-19,"[6, 5, 7, 6, 3]","[6, 7, 1, 1, 3]","[6, 5, 7, 6, 3, 6, 7, 1, 1, 3]"
CBOE,2022-02-18,"[4, 6, 4, 5, 4, 8, 2, 4]",[7],"[4, 6, 4, 5, 4, 8, 2, 4, 7]"
CBOE,2023-02-17,"[3, 4, 3, 4, 2, 6]",[],"[3, 4, 3, 4, 2, 6]"
CBOE,2024-02-16,"[4, 5, 4, 5, 4, 6]",[],"[4, 5, 4, 5, 4, 6]"
CBRE,2021-02-24,"[8, 7, 8, 8, 3, 8, 7, 6, 7, 3, 5, 5, 6, 6, 7, 4]","[7, 3]","[8, 7, 8, 8, 3, 8, 7, 6, 7, 3, 5, 5, 6, 6, 7, 4, 7, 3]"
CBRE,2022-03-01,"[6, 7, 6, -1, 2, 5, 7, 5]",[],"[6, 7, 6, -1, 2, 5, 7, 5]"
CBRE,2023-02-27,"[9, 2, 1]","[7, 2, 1]","[9, 2, 1, 7, 2, 1]"
CBRE,2024-02-20,"[4, 3, 6]",[5],"[4, 3, 6, 5]"
CB,2021-02-25,"[3, 5, 5, 3, 2, 1]","[5, 10, 7, 5]","[3, 5, 5, 3, 2, 1, 5, 10, 7, 5]"
CB,2022-02-24,"[7, 6, 8, 6, 4, 4, 2]",[7],"[7, 6, 8, 6, 4, 4, 2, 7]"
CB,2023-02-24,"[8, 4, 5, 7, 6, 1]",[],"[8, 4, 5, 7, 6, 1]"
CB,2024-02-23,"[4, 2]",[5],"[4, 2, 5]"
CCI,2021-02-22,"[5, 3, 2, 3, 2, -3, 2, 5, 5]",[-3],"[5, 3, 2, 3, 2, -3, 2, 5, 5, -3]"
CCI,2022-02-22,"[8, 4, 4, 6, 4, -4, 5, 9, 6]",[-4],"[8, 4, 4, 6, 4, -4, 5, 9, 6, -4]"
CCI,2023-02-24,[9],[4],"[9, 4]"
CCI,2024-02-23,[7],[],[7]
CCL,2024-01-26,"[4, 7, 5, 6, 3, 2, 5, 2, 2, 5, 5]",[5],"[4, 7, 5, 6, 3, 2, 5, 2, 2, 5, 5, 5]"
CDNS,2021-02-22,"[5, 7, 1, 5, 5, 4, 5, 5, 1, 1, 2, 1]","[7, 1, 5, 4, 5, 0]","[5, 7, 1, 5, 5, 4, 5, 5, 1, 1, 2, 1, 7, 1, 5, 4, 5, 0]"
CDNS,2022-02-22,"[3, 3, 7, 2, -1, 6, 4, 5, 5, 5, 6, 2, 2]","[3, 7, 2, -1, 2, 2, -3]","[3, 3, 7, 2, -1, 6, 4, 5, 5, 5, 6, 2, 2, 3, 7, 2, -1, 2, 2, -3]"
CDNS,2023-02-13,"[3, 4, 3, 4, 6, 4, 2, 0]","[4, 3, 0, 0]","[3, 4, 3, 4, 6, 4, 2, 0, 4, 3, 0, 0]"
CDNS,2024-02-14,"[5, 4, 1]",[],"[5, 4, 1]"
CDW,2021-02-26,"[6, 2, 4, 8, 5, 5, 1, 3, 4]","[6, 2, 1, 3, 2]","[6, 2, 4, 8, 5, 5, 1, 3, 4, 6, 2, 1, 3, 2]"
CDW,2022-02-28,"[8, 9, 8, 7, 7, 6, 6, 7, 6, 6]","[6, 6]","[8, 9, 8, 7, 7, 6, 6, 7, 6, 6, 6, 6]"
CDW,2023-02-24,"[7, 4, 8, 7, 3, 5, 3, 3, 3, 1, 6]",[2],"[7, 4, 8, 7, 3, 5, 3, 3, 3, 1, 6, 2]"
CDW,2024-02-26,"[4, 4, 5]",[],"[4, 4, 5]"
CEG,2022-02-25,"[6, 4, 3, 4, 7, 3, 2, 3]","[4, 3, -2, -1, -2, 7, 2]","[6, 4, 3, 4, 7, 3, 2, 3, 4, 3, -2, -1, -2, 7, 2]"
CEG,2023-02-16,"[7, 5, 4, 3, 2, 2, 0, 3]",[],"[7, 5, 4, 3, 2, 2, 0, 3]"
CE,2021-02-11,"[10, 8, 8, 7, 6, 6, 5, 5, 3]","[8, 7, 7, 0, -5, 5]","[10, 8, 8, 7, 6, 6, 5, 5, 3, 8, 7, 7, 0, -5, 5]"
CE,2022-02-10,"[6, 6, 5, 3, 2]","[1, 5]","[6, 6, 5, 3, 2, 1, 5]"
CE,2023-02-24,"[3, 4, 7]","[4, 4]","[3, 4, 7, 4, 4]"
CE,2024-02-23,"[4, 1, 5]",[],"[4, 1, 5]"
CFG,2023-02-17,"[7, 7, 5, 6, 4, 6]",[],"[7, 7, 5, 6, 4, 6]"
CFG,2024-02-16,"[4, 5]",[],"[4, 5]"
CF,2021-02-24,"[5, 5, 6, 5, 7, 5, 6, 5, 2, -1, 2]",[5],"[5, 5, 6, 5, 7, 5, 6, 5, 2, -1, 2, 5]"
CF,2022-02-24,"[4, 5, 3, 4, 4, 4, 2, 1, -2]",[5],"[4, 5, 3, 4, 4, 4, 2, 1, -2, 5]"
CF,2023-02-23,[6],[],[6]
CF,2024-02-22,"[6, 4]",[],"[6, 4]"
CHD,2021-02-18,"[7, 6, 4, 4, 5, 6, 6, 3]","[6, 3, 6, 4, 2]","[7, 6, 4, 4, 5, 6, 6, 3, 6, 3, 6, 4, 2]"
CHD,2022-02-17,"[4, 5, 2, 7, 4, 7, 3, 4, 6]","[3, 4, 5]","[4, 5, 2, 7, 4, 7, 3, 4, 6, 3, 4, 5]"
CHD,2023-02-16,"[6, 4, 5, 5, 7, 5, 6, 7, 5, 5, 8]",[5],"[6, 4, 5, 5, 7, 5, 6, 7, 5, 5, 8, 5]"
CHD,2024-02-15,"[5, 4, 3, 3]",[5],"[5, 4, 3, 3, 5]"
CHRW,2021-02-19,"[8, 5, 4, 5]","[6, 7, 4, 7, 2, 4, 5, 5]","[8, 5, 4, 5, 6, 7, 4, 7, 2, 4, 5, 5]"
CHRW,2022-02-23,"[7, 4, 6, 3]","[5, 3, 6, 7, 4, 3, 2, 1, 2]","[7, 4, 6, 3, 5, 3, 6, 7, 4, 3, 2, 1, 2]"
CHRW,2023-02-17,"[1, 7, 8, 4, 5]",[1],"[1, 7, 8, 4, 5, 1]"
CHRW,2024-02-16,"[2, 1]",[],"[2, 1]"
CHTR,2021-01-29,"[6, 3, 4, 4, 6, 3, 2, 2]","[3, 6, 3, 6, 3, 4, 6, 8, 7, 7, 4, -3, 3, 3, 6, 2]","[6, 3, 4, 4, 6, 3, 2, 2, 3, 6, 3, 6, 3, 4, 6, 8, 7, 7, 4, -3, 3, 3, 6, 2]"
CHTR,2022-01-28,"[6, 4, 5, 2, 3, -1, 6, 2, 1]","[4, 4, 0]","[6, 4, 5, 2, 3, -1, 6, 2, 1, 4, 4, 0]"
CHTR,2023-01-27,[6],[1],"[6, 1]"
CHTR,2024-02-02,[],[],[]
CINF,2021-02-25,"[8, 9, 6, 5, 5, 4, 5, 0]","[9, 8, 5, 5, 5, 0]","[8, 9, 6, 5, 5, 4, 5, 0, 9, 8, 5, 5, 5, 0]"
CINF,2022-02-24,"[5, 7, 6, 6, 7, 5, 6, -1, 4, 3]","[5, 6, 5, 6, 2, 5, 0, -1, 4]","[5, 7, 6, 6, 7, 5, 6, -1, 4, 3, 5, 6, 5, 6, 2, 5, 0, -1, 4]"
CINF,2023-02-23,"[6, 7, 6, 6, 4, 1, 5, -4, 2, 3, 3]","[6, 5, 3, -4, 1, 4]","[6, 7, 6, 6, 4, 1, 5, -4, 2, 3, 3, 6, 5, 3, -4, 1, 4]"
CI,2021-02-25,"[8, 7, 5, 6, 4, 6, 5]","[6, 5, 5]","[8, 7, 5, 6, 4, 6, 5, 6, 5, 5]"
CI,2022-02-24,"[8, 6, 5, 5, 5, 6, 3, 5]","[6, 6]","[8, 6, 5, 5, 5, 6, 3, 5, 6, 6]"
CI,2023-02-23,"[9, 7, 3, 5, 6, 5, 3, 3]",[],"[9, 7, 3, 5, 6, 5, 3, 3]"
CI,2024-02-29,"[3, 1, 3]",[],"[3, 1, 3]"
CLX,2023-08-10,"[6, 7, 4, 4, 3, 2]",[],"[6, 7, 4, 4, 3, 2]"
CLX,2024-08-08,"[6, 5, 5, 4, 6, 4, 3, 2, 3]",[],"[6, 5, 5, 4, 6, 4, 3, 2, 3]"
CL,2021-02-18,"[5, 8, 6, 5, 9, 6, 7, 3, 3, 3, 4, 3]","[3, 3, 8, -2, 3, 2, 4, 4, 2, 6, 3, 7, 4, 3, 7, 1, 4, 7, 5, 4, 3, 4, 7, 2]","[5, 8, 6, 5, 9, 6, 7, 3, 3, 3, 4, 3, 3, 3, 8, -2, 3, 2, 4, 4, 2, 6, 3, 7, 4, 3, 7, 1, 4, 7, 5, 4, 3, 4, 7, 2]"
CL,2022-02-17,"[6, 8, 9, 8, 7, 7, 6, 5, 3, 1]","[9, 2, 8, 7, 3]","[6, 8, 9, 8, 7, 7, 6, 5, 3, 1, 9, 2, 8, 7, 3]"
CL,2023-02-16,"[4, 9, 5, 4, 6, 7, 3, 3, 2, 1]","[4, 6, 7, 3, 2]","[4, 9, 5, 4, 6, 7, 3, 3, 2, 1, 4, 6, 7, 3, 2]"
CL,2024-02-15,"[2, 4, 2, 2, 2, 2, 2, 2, 2, 1, 2, 2, 3, 1]","[4, 2, 2, 1, 2, 3, 1, 1]","[2, 4, 2, 2, 2, 2, 2, 2, 2, 1, 2, 2, 3, 1, 4, 2, 2, 1, 2, 3, 1, 1]"
CMCSA,2021-02-04,"[8, 6, 5, 4, 6, 2]","[8, 6, 4, 6, 6, 5, 4, 6, 5, 5]","[8, 6, 5, 4, 6, 2, 8, 6, 4, 6, 6, 5, 4, 6, 5, 5]"
CMCSA,2022-02-02,"[7, 7, 5, 5, 3]","[7, 3, 3, 3, 3, 4]","[7, 7, 5, 5, 3, 7, 3, 3, 3, 3, 4]"
CMCSA,2023-02-03,"[5, 5, 7, 7]","[5, 5, 6, 0, 5]","[5, 5, 7, 7, 5, 5, 6, 0, 5]"
CMCSA,2024-01-31,"[4, 3, 5]",[3],"[4, 3, 5, 3]"
CME,2021-02-26,"[8, 4, 3, 5, 3, 3, 5, 6, 4, 6, 4, 4, 5, 2, 2, 2, 3, 2]",[2],"[8, 4, 3, 5, 3, 3, 5, 6, 4, 6, 4, 4, 5, 2, 2, 2, 3, 2, 2]"
CME,2022-02-25,"[1, 8, 5, 4, 9, 4, 3, 5, 4, 4, 6, 4, 4, 3, 4, 3, 6, 3, 3, 5, 1, 3, 5, 5]",[3],"[1, 8, 5, 4, 9, 4, 3, 5, 4, 4, 6, 4, 4, 3, 4, 3, 6, 3, 3, 5, 1, 3, 5, 5, 3]"
CME,2023-02-27,"[7, 4, 4, 7, 4, 4, 2, 3, 3, 4, 3, 3, 4, 4, 3, 3, 1, 2]",[2],"[7, 4, 4, 7, 4, 4, 2, 3, 3, 4, 3, 3, 4, 4, 3, 3, 1, 2, 2]"
CME,2024-02-28,[3],[],[3]
CMG,2021-02-10,"[8, 7, 7, 7, 6, 4, 6, 4, 4, 4, 5]",[1],"[8, 7, 7, 7, 6, 4, 6, 4, 4, 4, 5, 1]"
CMG,2022-02-11,"[4, 7, 4, 5, 5, 5, 6, 4, 7]",[2],"[4, 7, 4, 5, 5, 5, 6, 4, 7, 2]"
CMG,2023-02-09,"[4, 6, 9, 2]","[1, 1]","[4, 6, 9, 2, 1, 1]"
CMG,2024-02-08,"[4, 3]",[3],"[4, 3, 3]"
CMI,2021-02-10,"[8, 5, 7, 6, 8, 7, 2, 2, 5, 7, 3, 3, 5]","[6, 7, 2, 2]","[8, 5, 7, 6, 8, 7, 2, 2, 5, 7, 3, 3, 5, 6, 7, 2, 2]"
CMI,2022-02-08,"[4, 2, 4, 5, 3]","[5, 7, 3]","[4, 2, 4, 5, 3, 5, 7, 3]"
CMI,2023-02-14,"[4, 3, 0]","[4, 6, 1, 2]","[4, 3, 0, 4, 6, 1, 2]"
CMI,2024-02-12,"[5, 4]",[3],"[5, 4, 3]"
CMS,2021-02-11,"[7, 4, 6, 3, 3]","[6, 4, 3, 2, 1, -1, -2]","[7, 4, 6, 3, 3, 6, 4, 3, 2, 1, -1, -2]"
CMS,2022-02-10,"[6, 4, 4, 2, 0, 0, 2, 5, 4]","[0, 0, 3]","[6, 4, 4, 2, 0, 0, 2, 5, 4, 0, 0, 3]"
CMS,2023-02-09,"[9, 7, 6, 4, 3, 3]","[1, 3, 3]","[9, 7, 6, 4, 3, 3, 1, 3, 3]"
CMS,2024-02-08,[5],[],[5]
CNC,2021-02-22,"[3, 2, 3, 3, 8, 4, 4, 3, 4, 6, 4, 5]","[3, 6, 5, 6, 4]","[3, 2, 3, 3, 8, 4, 4, 3, 4, 6, 4, 5, 3, 6, 5, 6, 4]"
CNC,2022-02-22,"[7, 9, 5, 6, 5]","[6, 6, 2]","[7, 9, 5, 6, 5, 6, 6, 2]"
CNC,2023-02-21,"[3, 2, 4, 3, 2, 1, 2, 4]",[],"[3, 2, 4, 3, 2, 1, 2, 4]"
CNC,2024-02-20,"[4, 6, 5]","[5, 5, 3, 4]","[4, 6, 5, 5, 5, 3, 4]"
CNP,2021-02-25,"[6, 7, 8, 7, 8, 8, 5, 4, 2, 4, 5, 4, 8, 6]","[8, 7, 8, 8, 5, 4, 5, 8, 6]","[6, 7, 8, 7, 8, 8, 5, 4, 2, 4, 5, 4, 8, 6, 8, 7, 8, 8, 5, 4, 5, 8, 6]"
CNP,2022-02-22,"[4, 7, 5, 4, 4, 3, 3, 5, 4, 5]","[4, 7]","[4, 7, 5, 4, 4, 3, 3, 5, 4, 5, 4, 7]"
CNP,2023-02-17,"[6, 7, 6, 4, 2]","[6, 7, 2]","[6, 7, 6, 4, 2, 6, 7, 2]"
CNP,2024-02-20,"[5, 5, 4, 3]",[],"[5, 5, 4, 3]"
COF,2021-02-25,"[6, 6, 6, 5, 4, 7, 3, 3, 7, 3, 3, 3, 3, 3]","[4, 4, 9, 7, 1, 4]","[6, 6, 6, 5, 4, 7, 3, 3, 7, 3, 3, 3, 3, 3, 4, 4, 9, 7, 1, 4]"
COF,2022-02-25,"[5, 7, 5, 6, 6, 5, 5, 4, 4, 3, 4, 5, 6, 4]",[5],"[5, 7, 5, 6, 6, 5, 5, 4, 4, 3, 4, 5, 6, 4, 5]"
COF,2023-02-24,"[4, 8, 5, 4, 4, 3, 2, 3, 1, 1, 2, 2]",[4],"[4, 8, 5, 4, 4, 3, 2, 3, 1, 1, 2, 2, 4]"
COF,2024-02-23,"[6, 1, 2, 2, 2, 4]",[],"[6, 1, 2, 2, 2, 4]"
COO,2021-12-10,"[7, 5, 5, 6, 7, 3, 2, 2, 1, 2, 3, 4, 3]","[7, 3, 3, 3, 2, 2]","[7, 5, 5, 6, 7, 3, 2, 2, 1, 2, 3, 4, 3, 7, 3, 3, 3, 2, 2]"
COO,2024-12-06,"[5, 4]",[5],"[5, 4, 5]"
COR,2021-11-23,"[6, 6, 7, 6, 6, 8, 6, 7, 5, 6, 9, 3, 5, 6, 4, 6, 4]",[6],"[6, 6, 7, 6, 6, 8, 6, 7, 5, 6, 9, 3, 5, 6, 4, 6, 4, 6]"
COR,2022-11-22,"[4, 2, 1, 5, 4, 4, 6, 4, 4, 2, 3, 2, 2, 2, 2, 3, 1, 1, 1]",[3],"[4, 2, 1, 5, 4, 4, 6, 4, 4, 2, 3, 2, 2, 2, 2, 3, 1, 1, 1, 3]"
COR,2023-11-21,"[5, 5, 6, 4, 3, 4]","[5, 7]","[5, 5, 6, 4, 3, 4, 5, 7]"
COR,2024-11-26,"[5, 2]",[0],"[5, 2, 0]"
COST,2021-10-06,"[6, 5, 5, 5, 4, 8, 9, 6, 6, 5, 8, 5, 7, 5, 6, 7]",[],"[6, 5, 5, 5, 4, 8, 9, 6, 6, 5, 8, 5, 7, 5, 6, 7]"
COST,2022-10-05,"[8, 8, 6, 5, 4, 4, 2, 1, 4]","[6, 6, 4]","[8, 8, 6, 5, 4, 4, 2, 1, 4, 6, 6, 4]"
COST,2023-10-11,"[4, 5, 1, 6]",[],"[4, 5, 1, 6]"
COST,2024-10-09,"[5, 4, 2, 0, 4, 2]",[],"[5, 4, 2, 0, 4, 2]"
CPAY,2021-02-26,"[6, 6, 3, 5, 5, 4]","[6, 7, 5, 1]","[6, 6, 3, 5, 5, 4, 6, 7, 5, 1]"
CPAY,2022-03-01,"[4, 4, 5, 3, 2, 2, 2, 2, 1]","[8, 5, 2]","[4, 4, 5, 3, 2, 2, 2, 2, 1, 8, 5, 2]"
CPAY,2023-02-28,"[6, 2, 5, 4, 1, 4, 3, 2, 3, 1]",[6],"[6, 2, 5, 4, 1, 4, 3, 2, 3, 1, 6]"
CPAY,2024-02-29,"[5, 5, 2, 2]",[],"[5, 5, 2, 2]"
CPB,2021-09-23,"[6, 2, 6, 5, 2, 4, 7, 7, 4, 3, 4, 4]","[4, 1]","[6, 2, 6, 5, 2, 4, 7, 7, 4, 3, 4, 4, 4, 1]"
CPB,2022-09-22,"[7, 8, 4, 9, 3, 7, 4]",[0],"[7, 8, 4, 9, 3, 7, 4, 0]"
CPB,2023-09-21,"[4, 4, 5, 1, 1]",[4],"[4, 4, 5, 1, 1, 4]"
CPRT,2021-09-27,"[5, 7, 3, 2, 5, 6]","[3, 2, 1, 3, -2]","[5, 7, 3, 2, 5, 6, 3, 2, 1, 3, -2]"
CPRT,2022-09-27,[1],"[1, 5, 4, 6, 5, 3]","[1, 1, 5, 4, 6, 5, 3]"
CPRT,2023-09-28,"[4, 2]",[1],"[4, 2, 1]"
CPRT,2024-09-30,"[4, 3]",[],"[4, 3]"
CPT,2021-02-18,"[10, 8, 7, 8, 3, 6, 7, 3, 6, 4, 7, 6, 4, 6]","[10, 9, 7, 2]","[10, 8, 7, 8, 3, 6, 7, 3, 6, 4, 7, 6, 4, 6, 10, 9, 7, 2]"
CPT,2022-02-17,"[5, 7, 4, 4, 3, 2, 4, 2, 2, 2, 4, 1, 2]","[5, 1, 9, 8]","[5, 7, 4, 4, 3, 2, 4, 2, 2, 2, 4, 1, 2, 5, 1, 9, 8]"
CPT,2023-02-23,"[1, 3, 6, 4, 3, 5]","[1, 3]","[1, 3, 6, 4, 3, 5, 1, 3]"
CPT,2024-02-22,[4],[],[4]
CRL,2021-02-17,"[8, 5, 6, 4, 5, 4, 4, 5, 4, 6, 3, 1, 6, 3]","[4, 4, 5]","[8, 5, 6, 4, 5, 4, 4, 5, 4, 6, 3, 1, 6, 3, 4, 4, 5]"
CRL,2022-02-16,"[4, 7, 8, 5, 4, 6, 7, 6, 4, 6]","[8, 4, 1, 4]","[4, 7, 8, 5, 4, 6, 7, 6, 4, 6, 8, 4, 1, 4]"
CRL,2023-02-22,"[6, 4, 3, 4, 3, 3, 3, 5, 4, 3, 5, -2, 3, 3, 2]",[],"[6, 4, 3, 4, 3, 3, 3, 5, 4, 3, 5, -2, 3, 3, 2]"
CRL,2024-02-14,"[5, 2, 8, 4, 5]",[],"[5, 2, 8, 4, 5]"
CRM,2021-03-17,"[7, 3, 5, 4, 4, 4, 3, 3, 2]","[7, 6, 7, 3, 2]","[7, 3, 5, 4, 4, 4, 3, 3, 2, 7, 6, 7, 3, 2]"
CRM,2022-03-11,"[4, 8, 6, 7, 9, 4, 3]",[6],"[4, 8, 6, 7, 9, 4, 3, 6]"
CRM,2023-03-08,"[9, 3, 6, 9, 8, 6]",[],"[9, 3, 6, 9, 8, 6]"
CRM,2024-03-06,"[4, 4]",[],"[4, 4]"
CRWD,2021-03-18,"[6, 4, 2, 6, 8, 8, 9, 5]","[0, 4, 2, 4, 5]","[6, 4, 2, 6, 8, 8, 9, 5, 0, 4, 2, 4, 5]"
CRWD,2022-03-16,"[4, 4, 0, 6, 2, 3, 7, 7, 3, 3]","[-2, 2, 2]","[4, 4, 0, 6, 2, 3, 7, 7, 3, 3, -2, 2, 2]"
CRWD,2023-03-09,"[8, 2, 5, 6, 3, 6, 3, 7, 2, 4, 2]",[],"[8, 2, 5, 6, 3, 6, 3, 7, 2, 4, 2]"
CRWD,2024-03-07,"[6, 1, 5, 6]",[],"[6, 1, 5, 6]"
CSCO,2021-09-09,"[8, 8, 5, 4, 6, 6, 5, 3, 4, 4, 4, 3, 7, 6, 5]","[8, 8, 5, 4, 3]","[8, 8, 5, 4, 6, 6, 5, 3, 4, 4, 4, 3, 7, 6, 5, 8, 8, 5, 4, 3]"
CSCO,2022-09-08,"[6, 7, 4, 6, 6, 2, 7, 8, 5, 2]","[6, 7, 2, 8]","[6, 7, 4, 6, 6, 2, 7, 8, 5, 2, 6, 7, 2, 8]"
CSCO,2023-09-07,"[3, 1]",[],"[3, 1]"
CSCO,2024-09-05,"[4, 1]",[],"[4, 1]"
CSGP,2021-02-24,"[6, 2, 2, 6, 4, 3, 3, 4, 1, 2, 5]","[6, 4, 5, 1, 0, 0]","[6, 2, 2, 6, 4, 3, 3, 4, 1, 2, 5, 6, 4, 5, 1, 0, 0]"
CSGP,2022-02-23,"[8, 3, 5, 7, 5]","[2, -3, -4]","[8, 3, 5, 7, 5, 2, -3, -4]"
CSGP,2023-02-22,"[1, 2, 5, 3, 3, 2, 2, 6, 2, 3, 3]","[3, 2, 2, 2]","[1, 2, 5, 3, 3, 2, 2, 6, 2, 3, 3, 3, 2, 2, 2]"
CSGP,2024-02-22,"[4, 5, 4, 4, 2, 1]","[4, 2]","[4, 5, 4, 4, 2, 1, 4, 2]"
CSX,2021-02-10,"[4, 6, 6, 3, 8]","[7, 6, 5, 1, 8]","[4, 6, 6, 3, 8, 7, 6, 5, 1, 8]"
CSX,2022-02-16,"[6, 1, 6, 5, 4, 2, 2, 5]","[7, 5, 0, 0, 0]","[6, 1, 6, 5, 4, 2, 2, 5, 7, 5, 0, 0, 0]"
CSX,2023-02-15,"[4, 5, 4, 5, 6, 8, 3, 5]",[],"[4, 5, 4, 5, 6, 8, 3, 5]"
CSX,2024-02-14,"[3, 3, 2, 3, 4, 4, 1]",[],"[3, 3, 2, 3, 4, 4, 1]"
CTAS,2021-07-28,"[1, 6, 2, 1, 2, 2, 2, 2]","[5, 4, 0, 4, 3, 4, 3, 2, 2]","[1, 6, 2, 1, 2, 2, 2, 2, 5, 4, 0, 4, 3, 4, 3, 2, 2]"
CTAS,2022-07-27,"[7, 1, 5, 3, 3, 0, 0]","[6, 5, 1, 3, -2]","[7, 1, 5, 3, 3, 0, 0, 6, 5, 1, 3, -2]"
CTAS,2023-07-27,"[4, 5, 5, 3, 3]",[],"[4, 5, 5, 3, 3]"
CTAS,2024-07-25,"[4, 4, 2, 1]",[],"[4, 4, 2, 1]"
CTSH,2021-02-12,"[8, 7, 7, 6, 7, 6, 6, 5, 4, 3, 3, 3]","[8, 6, 7, 3, 4]","[8, 7, 7, 6, 7, 6, 6, 5, 4, 3, 3, 3, 8, 6, 7, 3, 4]"
CTSH,2022-02-16,"[6, 9, 8, 7, 8, 8, 6, 7, 6, 6, 6, 7, 4]",[7],"[6, 9, 8, 7, 8, 8, 6, 7, 6, 6, 6, 7, 4, 7]"
CTSH,2023-02-15,"[6, 6, 7, 8, 8, 5, 4, 2, 2, 3, 1]",[],"[6, 6, 7, 8, 8, 5, 4, 2, 2, 3, 1]"
CTSH,2024-02-14,"[4, 5, 5, 6, 4, 2]",[],"[4, 5, 5, 6, 4, 2]"
CTVA,2021-02-11,"[5, 5, 4, 4, 4, 4, 3, 1, 3]",[-1],"[5, 5, 4, 4, 4, 4, 3, 1, 3, -1]"
CTVA,2022-02-10,"[7, 7, 8, 6, 2, 6, 4]",[],"[7, 7, 8, 6, 2, 6, 4]"
CTVA,2023-02-09,"[6, 6, 8, 4, 6, 5, 5, 4, 5, 4, 3]",[3],"[6, 6, 8, 4, 6, 5, 5, 4, 5, 4, 3, 3]"
CTVA,2024-02-08,"[5, 4, 4, 4, 5, 4, 4]",[],"[5, 4, 4, 4, 5, 4, 4]"
CVS,2021-02-16,"[6, 7, 7, 6, 7, 6, 6]",[6],"[6, 7, 7, 6, 7, 6, 6, 6]"
CVS,2022-02-09,"[9, 6, 4, 7, 4, 5, 4]",[],"[9, 6, 4, 7, 4, 5, 4]"
CVS,2023-02-08,"[6, 6, 7, 5, 6, 4, 2, 5, 6, 6, 5]","[6, 2]","[6, 6, 7, 5, 6, 4, 2, 5, 6, 6, 5, 6, 2]"
CVS,2024-02-07,"[7, 5, 5, 5, 3, 5, 6]",[3],"[7, 5, 5, 5, 3, 5, 6, 3]"
CVX,2021-02-25,"[9, 4, 8, 7, 7, 6, 6, 5, 6, 3, 5, 6, 4, 5]",[],"[9, 4, 8, 7, 7, 6, 6, 5, 6, 3, 5, 6, 4, 5]"
CVX,2022-02-24,"[7, 6, 4, 5, 8, 7, 5, 6, 5, 3, 6, 4, 3]",[],"[7, 6, 4, 5, 8, 7, 5, 6, 5, 3, 6, 4, 3]"
CVX,2023-02-23,"[1, 3, 5, 4, 2, 3, 4, 3, 4, 1, 5]",[],"[1, 3, 5, 4, 2, 3, 4, 3, 4, 1, 5]"
CVX,2024-02-26,[5],[],[5]
CZR,2021-03-01,"[6, 5, 4, 3, 1, 2, 5, 1]","[5, 5]","[6, 5, 4, 3, 1, 2, 5, 1, 5, 5]"
CZR,2022-02-24,"[7, 7, 8, 6, 5, 5, 2]",[7],"[7, 7, 8, 6, 5, 5, 2, 7]"
CZR,2023-02-22,"[4, 6, 6, 8, 5, 7, 1, 2]",[],"[4, 6, 6, 8, 5, 7, 1, 2]"
CZR,2024-02-20,"[5, 6, 5, 6, 5, 4]",[],"[5, 6, 5, 6, 5, 4]"
DAL,2021-02-12,"[8, 5, 9, 7, 6, 1, 6, 7, 6, 7, 5, 5, 4, 5]","[5, 6, 7]","[8, 5, 9, 7, 6, 1, 6, 7, 6, 7, 5, 5, 4, 5, 5, 6, 7]"
DAL,2022-02-11,"[9, 9, 8, 4, 5, 1, 5, 6, 8]",[],"[9, 9, 8, 4, 5, 1, 5, 6, 8]"
DAL,2023-02-10,"[8, 6, 7, 5, 7, 8, 6, 4]",[8],"[8, 6, 7, 5, 7, 8, 6, 4, 8]"
DAL,2024-02-12,"[6, 6, 4, 5, 4, 5, 4]",[],"[6, 6, 4, 5, 4, 5, 4]"
DAY,2021-02-26,"[5, 2, 5, 1, 6, 5, 4, 4, 1]","[2, 7, 0]","[5, 2, 5, 1, 6, 5, 4, 4, 1, 2, 7, 0]"
DAY,2022-02-28,"[8, 5, 6]","[7, 7, 5]","[8, 5, 6, 7, 7, 5]"
DAY,2023-03-01,"[6, 5, 5]","[5, 1, 4, 8, 1]","[6, 5, 5, 5, 1, 4, 8, 1]"
DAY,2024-02-28,"[5, 6, 3]",[],"[5, 6, 3]"
DD,2021-02-12,"[5, 4, 4, 6, 5, 3, 5, 3, 4, 4]","[5, 5, 4, 10]","[5, 4, 4, 6, 5, 3, 5, 3, 4, 4, 5, 5, 4, 10]"
DD,2022-02-11,"[8, 6, 4, 4, 4, 4, 5, 5, 5, 4, 3, -1, 3]","[4, 4]","[8, 6, 4, 4, 4, 4, 5, 5, 5, 4, 3, -1, 3, 4, 4]"
DD,2023-02-15,"[5, 1, 5, 6, 1, 4, 5, 5, 7, 6, 7]",[5],"[5, 1, 5, 6, 1, 4, 5, 5, 7, 6, 7, 5]"
DD,2024-02-15,"[6, 5, 5, 2]","[2, -2]","[6, 5, 5, 2, 2, -2]"
DELL,2021-03-26,"[5, 7, 4, 5, 6, 6, 5, 7, 3, 3, 4, 5, 2, 2, 5, 4]","[5, 6, 3, 2]","[5, 7, 4, 5, 6, 6, 5, 7, 3, 3, 4, 5, 2, 2, 5, 4, 5, 6, 3, 2]"
DELL,2022-03-24,"[8, 7, 6, 5, 7, 6, 7, 8, 6, 7, 7, 6, 6]","[6, 6, 7, 5]","[8, 7, 6, 5, 7, 6, 7, 8, 6, 7, 7, 6, 6, 6, 6, 7, 5]"
DELL,2023-03-30,"[3, 5, 3, 0, 3, 1, 3, 1]",[],"[3, 5, 3, 0, 3, 1, 3, 1]"
DELL,2024-03-25,"[5, 4, 2, 1, 4]",[],"[5, 4, 2, 1, 4]"
DE,2021-12-16,"[8, 7, 8, 6, 8, 6, 9, 7, 7, 4, 6, 6]",[],"[8, 7, 8, 6, 8, 6, 9, 7, 7, 4, 6, 6]"
DE,2022-12-15,"[6, 3, 5, 2, 1]",[],"[6, 3, 5, 2, 1]"
DE,2023-12-15,"[6, 4, 1]",[],"[6, 4, 1]"
DE,2024-12-12,"[5, 3, 2, 3]",[],"[5, 3, 2, 3]"
DFS,2021-02-17,"[7, 6, 2, 6, 8, 2, 1, 2, 2]","[6, 6, 2]","[7, 6, 2, 6, 8, 2, 1, 2, 2, 6, 6, 2]"
DFS,2022-02-24,"[8, 9, 8, 7, 5, 5, 5, 6]",[8],"[8, 9, 8, 7, 5, 5, 5, 6, 8]"
DFS,2023-02-23,"[6, 6, 2, 1]",[],"[6, 6, 2, 1]"
DFS,2024-02-23,"[4, 5]",[],"[4, 5]"
DGX,2021-02-22,"[8, 4, 3, 6, 6, 1, 5, 2, 5, 5, 4, 5, 2]",[],"[8, 4, 3, 6, 6, 1, 5, 2, 5, 5, 4, 5, 2]"
DGX,2022-02-28,"[7, 3, 0, 4, 5, 7, 9, 6, 5, 9, 8, 3, 7, 7, 6, 3, 3, 4, 7, 5, 6, 5, 1]",[],"[7, 3, 0, 4, 5, 7, 9, 6, 5, 9, 8, 3, 7, 7, 6, 3, 3, 4, 7, 5, 6, 5, 1]"
DGX,2023-02-21,"[1, 5, 8, 4, 6, 6, 3, 1, 1, 1, 1, 1]",[],"[1, 5, 8, 4, 6, 6, 3, 1, 1, 1, 1, 1]"
DGX,2024-02-22,"[2, 5, 4, 2, 1, 1, 2, 1, 1]",[],"[2, 5, 4, 2, 1, 1, 2, 1, 1]"
DG,2021-03-19,"[6, 5, 3, 4, 3, -2, 4, 6, 1, 6, 3, 3, 1]","[6, 5, -2, 3, 5, 3]","[6, 5, 3, 4, 3, -2, 4, 6, 1, 6, 3, 3, 1, 6, 5, -2, 3, 5, 3]"
DG,2022-03-18,"[7, 7, 6, 4, 5, 7, 6, 4, 9, 6, 6]","[7, 7, 8, 9, 6, 7]","[7, 7, 6, 4, 5, 7, 6, 4, 9, 6, 6, 7, 7, 8, 9, 6, 7]"
DG,2023-03-24,"[4, 6, 2, 5, 3]",[5],"[4, 6, 2, 5, 3, 5]"
DG,2024-03-25,"[4, 3, 2]","[6, 4, -1]","[4, 3, 2, 6, 4, -1]"
DHI,2021-11-18,"[7, 1, 10, 7, 4, 5, 5, 8]","[1, 10, 5, 8]","[7, 1, 10, 7, 4, 5, 5, 8, 1, 10, 5, 8]"
DHI,2022-11-18,"[1, 1, 6, 8, 5, 4]",[1],"[1, 1, 6, 8, 5, 4, 1]"
DHI,2023-11-17,"[4, 1, 4, 5, 2, 4, 2]",[4],"[4, 1, 4, 5, 2, 4, 2, 4]"
DHI,2024-11-19,"[4, 3, 5, 6, 4, 5, 4, 2]","[4, 0]","[4, 3, 5, 6, 4, 5, 4, 2, 4, 0]"
DHR,2021-02-25,"[6, 2, 5, 4, 2, 7, 4, 4, 3, 4, 3, 2, 2, 3, 3, 3, 3, 3, 3, 2]","[5, 3]","[6, 2, 5, 4, 2, 7, 4, 4, 3, 4, 3, 2, 2, 3, 3, 3, 3, 3, 3, 2, 5, 3]"
DHR,2022-02-23,"[8, 4, 6, 4, 8, 9, 5, 7, 6, 5]","[8, 6, 5]","[8, 4, 6, 4, 8, 9, 5, 7, 6, 5, 8, 6, 5]"
DHR,2023-02-22,"[5, 2, 4, 6, 2, 5, 4, 5]",[5],"[5, 2, 4, 6, 2, 5, 4, 5, 5]"
DHR,2024-02-21,"[4, 2, 5, 3, 3]",[],"[4, 2, 5, 3, 3]"
DIS,2021-11-24,"[6, 8, 5, 5, 5, 3, 5, 6, 5]","[6, 8, 5, 3, 7, 5]","[6, 8, 5, 5, 5, 3, 5, 6, 5, 6, 8, 5, 3, 7, 5]"
DIS,2022-11-29,"[8, 7, 5, 3, 7, 5, 4, 4, 3, 7, 3, 5, 4, 7, 4, 2, 5, 3, 2, 7, 2, 5, 2]","[8, 7, 5, 7]","[8, 7, 5, 3, 7, 5, 4, 4, 3, 7, 3, 5, 4, 7, 4, 2, 5, 3, 2, 7, 2, 5, 2, 8, 7, 5, 7]"
DIS,2023-11-21,"[6, 5, 7, 4, 3, 3, 3, 5, 5, 4]",[],"[6, 5, 7, 4, 3, 3, 3, 5, 5, 4]"
DIS,2024-11-14,"[6, 6, 2, 2]",[],"[6, 6, 2, 2]"
DLR,2021-03-01,"[7, 8, 5, 6, 5, 6, 7, 1]","[6, 7]","[7, 8, 5, 6, 5, 6, 7, 1, 6, 7]"
DLR,2022-02-25,"[3, 6, 5, 4, 5, 4, 2, 6, 5, 4, 4, 3, 4, 7, 3, 2, 3, 3, -2, 2, 3]",[],"[3, 6, 5, 4, 5, 4, 2, 6, 5, 4, 4, 3, 4, 7, 3, 2, 3, 3, -2, 2, 3]"
DLR,2023-02-27,"[4, 4, 3, 6, 6, 6, 5, 4, 4, -1, 0, 4]",[],"[4, 4, 3, 6, 6, 6, 5, 4, 4, -1, 0, 4]"
DLR,2024-02-23,"[4, 5, 4, 4, 5, 6, 6, 5, 3, 3, 1, 3]",[],"[4, 5, 4, 4, 5, 6, 6, 5, 3, 3, 1, 3]"
DLTR,2021-03-16,"[7, 7, 4, 7, 6, 7, 5, 5, 6, 6, 5]","[9, 5, 5, 4, 5]","[7, 7, 4, 7, 6, 7, 5, 5, 6, 6, 5, 9, 5, 5, 4, 5]"
DLTR,2022-03-15,"[8, 9, 6, 4, 3, 3, 7]","[7, 6]","[8, 9, 6, 4, 3, 3, 7, 7, 6]"
DLTR,2023-03-10,"[8, 8, 5, 7, 4]",[],"[8, 8, 5, 7, 4]"
DLTR,2024-03-20,"[6, 2, 2]",[],"[6, 2, 2]"
DOC,2021-02-10,"[7, 9, 8, 7, 7, 7, 7, 8]","[8, 7]","[7, 9, 8, 7, 7, 7, 7, 8, 8, 7]"
DOC,2022-02-09,"[6, 10, 6, 3, 8, 4, 5, 3, 3]","[10, 5, 4, 6]","[6, 10, 6, 3, 8, 4, 5, 3, 3, 10, 5, 4, 6]"
DOC,2023-02-08,"[8, 6, 8, 4, 5]",[4],"[8, 6, 8, 4, 5, 4]"
DOC,2024-02-09,"[4, 5, 4, 3, 1, 2]",[],"[4, 5, 4, 3, 1, 2]"
DOV,2021-02-12,"[7, 8, 7, 6, 5, 7, 6, 4]","[8, 6, 9, 7, 6]","[7, 8, 7, 6, 5, 7, 6, 4, 8, 6, 9, 7, 6]"
DOW,2021-02-05,"[9, 5, 5, 5, 10, 6]","[5, 5, 5, 6, 2, 6, 7, 5, -1, -2]","[9, 5, 5, 5, 10, 6, 5, 5, 5, 6, 2, 6, 7, 5, -1, -2]"
DOW,2022-02-04,"[10, 5, 4, 4, 9, 2, 7, 1]","[5, 2, -2, -3]","[10, 5, 4, 4, 9, 2, 7, 1, 5, 2, -2, -3]"
DOW,2023-02-01,"[6, 4, 5, 5, 8, 3, 2, 4, 2]",[],"[6, 4, 5, 5, 8, 3, 2, 4, 2]"
DOW,2024-01-31,"[5, 4, 5, 4, 6, 3, 3, 3]",[],"[5, 4, 5, 4, 6, 3, 3, 3]"
DPZ,2021-02-25,"[7, 4, 7, 4, 6, 4, 2, 8, 5, 4, 3, 4, 4, 5, 8, 3, 6, 1]","[4, 3, 1, 8, 7, 4, 1]","[7, 4, 7, 4, 6, 4, 2, 8, 5, 4, 3, 4, 4, 5, 8, 3, 6, 1, 4, 3, 1, 8, 7, 4, 1]"
DPZ,2022-03-01,"[9, 5, 6, 4, 6, 5, 6, 4, 3, 3, 3]",[],"[9, 5, 6, 4, 6, 5, 6, 4, 3, 3, 3]"
DPZ,2023-02-23,"[8, 4, 7, 5, 3, 7]",[],"[8, 4, 7, 5, 3, 7]"
DPZ,2024-02-26,"[6, 3, 4, 5, 5]",[],"[6, 3, 4, 5, 5]"
DRI,2021-07-23,"[8, 5, 3, 5, 5, 5, -3, -2, 5, 6, 6, 5, 5, 5, 5]","[5, 5, -3, -2, 8, 5, 1, 5, -3, 3, 9]","[8, 5, 3, 5, 5, 5, -3, -2, 5, 6, 6, 5, 5, 5, 5, 5, 5, -3, -2, 8, 5, 1, 5, -3, 3, 9]"
DRI,2022-07-22,"[5, 2, 5, 2, 3, 2, 3, 1, 2, 3, 2, 0]","[2, 3, 2, 3, 3, 1]","[5, 2, 5, 2, 3, 2, 3, 1, 2, 3, 2, 0, 2, 3, 2, 3, 3, 1]"
DRI,2023-07-21,"[5, 4, 2]","[7, 7, 4]","[5, 4, 2, 7, 7, 4]"
DRI,2024-07-19,"[4, 4, 4, 5, 4, 4, 5]",[],"[4, 4, 4, 5, 4, 4, 5]"
DUK,2021-02-25,"[7, 6, 6, 4, 7, 6, 6, 5, 7, 5, 6, 4, 5, 5]","[6, 4, 8, 7, 5, 4, 4, 6]","[7, 6, 6, 4, 7, 6, 6, 5, 7, 5, 6, 4, 5, 5, 6, 4, 8, 7, 5, 4, 4, 6]"
DUK,2022-02-24,"[2, 3]",[0],"[2, 3, 0]"
DUK,2023-02-27,"[5, 6, 6]",[],"[5, 6, 6]"
DUK,2024-02-23,"[3, 4, 5]","[1, 0]","[3, 4, 5, 1, 0]"
DVA,2021-02-12,"[6, 7, 8, 6, 6, 6, 5]","[6, 7, 8, 6, 6, 6]","[6, 7, 8, 6, 6, 6, 5, 6, 7, 8, 6, 6, 6]"
DVA,2022-02-11,"[7, 6, 6, 4, 5, 5, 4, 3]","[6, 4, 5, 5]","[7, 6, 6, 4, 5, 5, 4, 3, 6, 4, 5, 5]"
DVA,2023-02-22,"[2, 7, 8, 4, 3, 3, 2, 2, 3, 3]","[2, 7, 8, 4, 3, 2, 2]","[2, 7, 8, 4, 3, 3, 2, 2, 3, 3, 2, 7, 8, 4, 3, 2, 2]"
DVA,2024-02-14,"[4, 5, 5, 2, 0]",[4],"[4, 5, 5, 2, 0, 4]"
DXCM,2021-02-11,"[8, 7, 7, 7, 4, 5, 6, 5, 5, 4, 4, 4, 5, 4, 0]","[7, 7, 6, 5, 0]","[8, 7, 7, 7, 4, 5, 6, 5, 5, 4, 4, 4, 5, 4, 0, 7, 7, 6, 5, 0]"
DXCM,2022-02-14,"[7, 2, 5, 7, 6, 4, 5, 5, 4, 5, 5, 6, 6, 2, 4, 3]",[],"[7, 2, 5, 7, 6, 4, 5, 5, 4, 5, 5, 6, 6, 2, 4, 3]"
DXCM,2023-02-09,"[6, 2, 8, 2, 3, 7, 7, 7, 6]",[],"[6, 2, 8, 2, 3, 7, 7, 7, 6]"
DXCM,2024-02-08,"[2, 4, 3]",[],"[2, 4, 3]"
D,2024-02-23,"[2, 3, 3, 2, 3]",[2],"[2, 3, 3, 2, 3, 2]"
EA,2021-05-26,"[7, 8, 5, 7, 4, 6, 5, 5, 4, 5, 6, 6, 0, 4, 5, 2]","[4, 4, 1]","[7, 8, 5, 7, 4, 6, 5, 5, 4, 5, 6, 6, 0, 4, 5, 2, 4, 4, 1]"
EA,2022-05-25,"[5, 7, 8, 7, 5, 4, 4, 2, 4, 2]","[-1, 4]","[5, 7, 8, 7, 5, 4, 4, 2, 4, 2, -1, 4]"
EA,2023-05-24,"[5, 7, 4, 0, 4, 5, 3, 5, 7, 6, 4]",[],"[5, 7, 4, 0, 4, 5, 3, 5, 7, 6, 4]"
EA,2024-05-22,"[5, 1, 1]",[],"[5, 1, 1]"
EBAY,2021-02-04,"[3, 5, 7, 5, 5, 5, 5, -3, 2]","[3, 5, -3, 2]","[3, 5, 7, 5, 5, 5, 5, -3, 2, 3, 5, -3, 2]"
EBAY,2022-02-24,"[2, 5, 6, 6, 3, 4, 5, 0, 3, 3]","[2, 5, 4]","[2, 5, 6, 6, 3, 4, 5, 0, 3, 3, 2, 5, 4]"
EBAY,2023-02-23,"[4, 5, 7, 6, 4, 4, 5]",[],"[4, 5, 7, 6, 4, 4, 5]"
EBAY,2024-02-28,"[5, 4, 3]",[],"[5, 4, 3]"
ECL,2021-02-26,"[9, 7, 8, 5, 5, 4, 6, 3, 3]","[9, 4, 3, 4, 3, 3]","[9, 7, 8, 5, 5, 4, 6, 3, 3, 9, 4, 3, 4, 3, 3]"
ECL,2022-02-25,"[9, 8, 8, 5, 3, 8, 6, 5, 6, 4, 3, 2]",[3],"[9, 8, 8, 5, 3, 8, 6, 5, 6, 4, 3, 2, 3]"
ECL,2023-02-24,"[6, 6, 7, 7, 8, 6, 3, 2]",[],"[6, 6, 7, 7, 8, 6, 3, 2]"
ECL,2024-02-23,"[4, 4, 5, 5, 4, 4]",[],"[4, 4, 5, 5, 4, 4]"
ED,2021-02-18,"[4, 2, 3, 4, 4, 2, 2, 1]","[2, 2, 2, 1, 5, 2, 2, 7, 0]","[4, 2, 3, 4, 4, 2, 2, 1, 2, 2, 2, 1, 5, 2, 2, 7, 0]"
ED,2022-02-17,"[2, 6, 3, 6, 6, 2, 6, 3, 1, 1, 2]","[2, 6, 6, 6, 2, 1, 1, 2, -1, 8]","[2, 6, 3, 6, 6, 2, 6, 3, 1, 1, 2, 2, 6, 6, 6, 2, 1, 1, 2, -1, 8]"
ED,2023-02-16,"[7, 5, 6, 8, 2]","[5, 6, 8, 2]","[7, 5, 6, 8, 2, 5, 6, 8, 2]"
ED,2024-02-15,"[2, 6, 4]","[2, 7, 3, 4]","[2, 6, 4, 2, 7, 3, 4]"
EFX,2021-02-25,"[7, 3, 6, 6, 5, 4, 3, 4, 6, 5, 0]","[7, 6, 5, 4, 4, 4, 4, 3, 1, 0, 0, 0, 3, 3]","[7, 3, 6, 6, 5, 4, 3, 4, 6, 5, 0, 7, 6, 5, 4, 4, 4, 4, 3, 1, 0, 0, 0, 3, 3]"
EFX,2022-02-24,"[6, 2, 4, 5, 4, 4, 3, 3, 3, 4, 0, 0, 2]","[6, 5, 4, 0, 0, 4, 3]","[6, 2, 4, 5, 4, 4, 3, 3, 3, 4, 0, 0, 2, 6, 5, 4, 0, 0, 4, 3]"
EFX,2023-02-23,"[5, 3, 8, 3]",[1],"[5, 3, 8, 3, 1]"
EFX,2024-02-22,"[2, 1, 3, 1, 6, 0]",[1],"[2, 1, 3, 1, 6, 0, 1]"
EG,2021-03-01,"[5, 7, 4, 4, 5, 2, 4, 3, 2, 2, 1]","[7, 1, 2, 2, 8]","[5, 7, 4, 4, 5, 2, 4, 3, 2, 2, 1, 7, 1, 2, 2, 8]"
EG,2022-02-28,"[5, 6, 4, 3, 6, 3, 6, 4, 3, 3, 5]",[6],"[5, 6, 4, 3, 6, 3, 6, 4, 3, 3, 5, 6]"
EG,2024-02-28,[4],[],[4]
ELV,2021-02-18,"[9, 6, 6, 5, 5, 4, 5, 6, 6, 4, 5]","[5, 6]","[9, 6, 6, 5, 5, 4, 5, 6, 6, 4, 5, 5, 6]"
ELV,2022-02-16,"[9, 7, 7, 5, 5, 4, 4, 4, 6]",[],"[9, 7, 7, 5, 5, 4, 4, 4, 6]"
ELV,2023-02-15,"[8, 5, 6, 7, 5, 3, 2, 3, 7, 5]",[],"[8, 5, 6, 7, 5, 3, 2, 3, 7, 5]"
ELV,2024-02-21,"[2, 5, 5, 3, 6, 2, 2, 1, 1, 1]",[],"[2, 5, 5, 3, 6, 2, 2, 1, 1, 1]"
EL,2021-08-27,"[5, 8, 1, 0, 4, 2, 4, 1, 0, 6, 0, 3]","[1, 6, 5, 5, 6, 7, 5, 3, 0, 3, 5, 2, 5]","[5, 8, 1, 0, 4, 2, 4, 1, 0, 6, 0, 3, 1, 6, 5, 5, 6, 7, 5, 3, 0, 3, 5, 2, 5]"
EL,2022-08-24,"[7, 8, 2, 3, 2, 3]","[7, 7, 5, 5, 4, 3, 3, 5, 5, 5, 5, 2, 4, 5]","[7, 8, 2, 3, 2, 3, 7, 7, 5, 5, 4, 3, 3, 5, 5, 5, 5, 2, 4, 5]"
EL,2023-08-18,[4],"[9, 6, 8, 6, 4, 3, 4, 6, -1]","[4, 9, 6, 8, 6, 4, 3, 4, 6, -1]"
EL,2024-08-19,"[4, 3, 2]",[],"[4, 3, 2]"
EMN,2021-02-22,[],"[8, 4, 2, 2, 5, 6, 8, 6, 7, 4, 3, 3, 8, 6]","[8, 4, 2, 2, 5, 6, 8, 6, 7, 4, 3, 3, 8, 6]"
EMN,2022-02-25,[],"[8, 4, 7, 6, 6, 8, 8]","[8, 4, 7, 6, 6, 8, 8]"
EMN,2023-02-15,[],"[7, 6]","[7, 6]"
EMN,2024-02-14,[3],[],[3]
EMR,2021-11-15,"[4, 1, 2, 6, 5, 4, 5, 0, 6, 5, 6, 5, 4, 4]","[8, 6]","[4, 1, 2, 6, 5, 4, 5, 0, 6, 5, 6, 5, 4, 4, 8, 6]"
EMR,2022-11-14,"[3, 4, 7, 5, 7, 0, 7, 6, 8, 4, 4]",[],"[3, 4, 7, 5, 7, 0, 7, 6, 8, 4, 4]"
EMR,2023-11-13,"[6, 0, 6, 7, 2, 1, 2]",[],"[6, 0, 6, 7, 2, 1, 2]"
EMR,2024-11-12,"[5, 4]",[],"[5, 4]"
ENPH,2021-02-16,"[7, 6, 8, 7, 5, 7, 4, 3]","[7, 4]","[7, 6, 8, 7, 5, 7, 4, 3, 7, 4]"
ENPH,2022-02-11,"[7, 8, 6, 7, 6, 6, 6, 5, 5, 4, 5, 5, 1]",[],"[7, 8, 6, 7, 6, 6, 6, 5, 5, 4, 5, 5, 1]"
ENPH,2023-02-13,"[8, 7, 7, 7, 5, 5, 4, 6, 5, 2]","[4, 1, 6, 7]","[8, 7, 7, 7, 5, 5, 4, 6, 5, 2, 4, 1, 6, 7]"
ENPH,2024-02-09,"[5, 2, 1]",[],"[5, 2, 1]"
EOG,2021-02-25,"[5, 7, 8, 7, 3, 2, 3, 3, 5]","[5, 5, 3]","[5, 7, 8, 7, 3, 2, 3, 3, 5, 5, 5, 3]"
EOG,2022-02-24,"[2, 7, 8, 9, 4, 7, 6, 3, 7, 4]","[2, 4, 7]","[2, 7, 8, 9, 4, 7, 6, 3, 7, 4, 2, 4, 7]"
EOG,2023-02-23,"[5, 6, 6, 7, 8, 9, 7, 8, 3]","[5, 6]","[5, 6, 6, 7, 8, 9, 7, 8, 3, 5, 6]"
EOG,2024-02-22,[1],"[1, 5]","[1, 1, 5]"
EPAM,2021-02-25,"[7, 7, 6, 8, 6, 4, 2]","[7, 5, 6, 3, 3, -3]","[7, 7, 6, 8, 6, 4, 2, 7, 5, 6, 3, 3, -3]"
EPAM,2022-02-25,"[7, 7, 8, 5, 5, 5, 3, 3, 5, 3, 5, 6]","[7, 6, 0, 0, 3]","[7, 7, 8, 5, 5, 5, 3, 3, 5, 3, 5, 6, 7, 6, 0, 0, 3]"
EPAM,2023-02-24,"[7, 7, 3, 6, 7, 4, 3, 2]",[-3],"[7, 7, 3, 6, 7, 4, 3, 2, -3]"
EPAM,2024-02-22,"[5, 3, 1]",[],"[5, 3, 1]"
EQIX,2021-02-19,"[5, 3, 4, 3, 5, 5, 5, 4, 4, 5, 3, 5, 3, 3, 4, 3, 2, 5]",[5],"[5, 3, 4, 3, 5, 5, 5, 4, 4, 5, 3, 5, 3, 3, 4, 3, 2, 5, 5]"
EQIX,2022-02-18,"[5, 2, 6, 5, 5, 6, 5, 8, 6, 7, 6, 4, 5, 6, 6, 5, 5, 6, 8, 5, 5, 5]",[5],"[5, 2, 6, 5, 5, 6, 5, 8, 6, 7, 6, 4, 5, 6, 6, 5, 5, 6, 8, 5, 5, 5, 5]"
EQIX,2023-02-17,"[7, 4, 5, 3, 4, 8, 3, 2]",[2],"[7, 4, 5, 3, 4, 8, 3, 2, 2]"
EQIX,2024-02-16,"[4, 5, 4, 3]",[],"[4, 5, 4, 3]"
EQR,2024-02-15,"[3, 3, 3, 6, 6, 6, 4, 3]",[],"[3, 3, 3, 6, 6, 6, 4, 3]"
EQT,2021-02-17,"[3, 6, 5, 7, 4, 5, 6, 3]",[],"[3, 6, 5, 7, 4, 5, 6, 3]"
EQT,2022-02-10,"[7, 5, 5]",[],"[7, 5, 5]"
EQT,2023-02-16,[5],[],[5]
EQT,2024-02-14,"[4, 3, 3]","[6, 3]","[4, 3, 3, 6, 3]"
ERIE,2021-02-25,"[7, 6, 7, 10, 5, 6, 6, 7, 8, 6, 6, 6, 5, 6, 5, 6, 6, 5]","[6, 10, 6]","[7, 6, 7, 10, 5, 6, 6, 7, 8, 6, 6, 6, 5, 6, 5, 6, 6, 5, 6, 10, 6]"
ERIE,2022-02-24,"[6, 4, 6, 3, 2, 0, 4, 2]","[3, 3, 8, 4, 3, 0, 3, 3]","[6, 4, 6, 3, 2, 0, 4, 2, 3, 3, 8, 4, 3, 0, 3, 3]"
ERIE,2023-03-01,"[7, 4, 6, 3, 3, 1, 2, 2, 2]","[3, 5, 6, 1, 0]","[7, 4, 6, 3, 3, 1, 2, 2, 2, 3, 5, 6, 1, 0]"
ERIE,2024-02-26,"[3, 3, 5, -1, 2, 0, 3, 1, 1, 1]",[6],"[3, 3, 5, -1, 2, 0, 3, 1, 1, 1, 6]"
ESS,2021-02-19,"[6, 8, 9, 8, 7, 6, 4, 6, 4, 6, 3, 6]",[6],"[6, 8, 9, 8, 7, 6, 4, 6, 4, 6, 3, 6, 6]"
ESS,2022-02-25,"[7, 6, 8, 6, 4, 4]","[4, 4, 5, -2]","[7, 6, 8, 6, 4, 4, 4, 4, 5, -2]"
ESS,2023-02-23,"[4, 0, 4, 3, 3]","[1, 4, 8, 3, -3, 1]","[4, 0, 4, 3, 3, 1, 4, 8, 3, -3, 1]"
ESS,2024-02-23,"[4, 5, 4, 4, 4, 5, 4, 4, 4, 4]","[4, 6, 4]","[4, 5, 4, 4, 4, 5, 4, 4, 4, 4, 4, 6, 4]"
ES,2021-02-17,"[7, 6, 5, 6, 4, 4, 1, 2, 4]","[6, 5, 4, 6, 5, 5]","[7, 6, 5, 6, 4, 4, 1, 2, 4, 6, 5, 4, 6, 5, 5]"
ES,2022-02-17,"[5, 7, 4, 4, 5, 4]","[5, 7]","[5, 7, 4, 4, 5, 4, 5, 7]"
ES,2023-02-15,[],"[4, 1, 3, -1, -2]","[4, 1, 3, -1, -2]"
ES,2024-02-14,[],[],[]
ETN,2021-02-24,"[8, 6, 4, 3, 2]",[],"[8, 6, 4, 3, 2]"
ETN,2022-02-23,"[3, 5, 6, 1, 5, 5, 3, 1, 5]",[],"[3, 5, 6, 1, 5, 5, 3, 1, 5]"
ETN,2023-02-23,"[4, 1, 5, 0, 5, 5, 3, 4, 0, 3, 1]",[],"[4, 1, 5, 0, 5, 5, 3, 4, 0, 3, 1]"
ETN,2024-02-29,"[5, 3, 6, 1, 6, 4, 4, 4, 3]",[],"[5, 3, 6, 1, 6, 4, 4, 4, 3]"
ETR,2022-02-25,"[6, 5, 7, 1, 1, 1, 9, 5, 4, 6, 4, 4]",[],"[6, 5, 7, 1, 1, 1, 9, 5, 4, 6, 4, 4]"
ETR,2023-02-24,"[4, 6, 4, -1, 1, 8, 4, 4, 6, 4]",[],"[4, 6, 4, -1, 1, 8, 4, 4, 6, 4]"
ETR,2024-02-23,"[4, 5, 4, 5, 3, 4, 5, 4, 4, 3, 2]",[],"[4, 5, 4, 5, 3, 4, 5, 4, 4, 3, 2]"
EVRG,2021-02-26,"[6, 5, 6, 4, 5, 2, 5, 2, 4, 3, 3, 3, 3, 6, 3, 2]","[5, 2, 6, 2]","[6, 5, 6, 4, 5, 2, 5, 2, 4, 3, 3, 3, 3, 6, 3, 2, 5, 2, 6, 2]"
EVRG,2022-02-25,"[7, 5, 5, 4, 3, 2, 4, 5, 3, 3, 2, 3, 4, 2, 4]",[],"[7, 5, 5, 4, 3, 2, 4, 5, 3, 3, 2, 3, 4, 2, 4]"
EVRG,2023-02-24,"[4, 5, 4, 4, 4, 4, 1, 6]",[],"[4, 5, 4, 4, 4, 4, 1, 6]"
EVRG,2024-02-29,"[4, 4, 2, 4, 3, -1, 0]",[],"[4, 4, 2, 4, 3, -1, 0]"
EW,2021-02-12,"[3, 6, 2, 3, 2]","[6, 2, 2, 4, 5, 3, 0, 0]","[3, 6, 2, 3, 2, 6, 2, 2, 4, 5, 3, 0, 0]"
EW,2022-02-14,"[4, 7, 3, 3, 5, 2, 6, 3]","[7, 3, 2, 6, 1, 5, 6, 2, 5, 5, 4, 6, 6, 1, 3, 4]","[4, 7, 3, 3, 5, 2, 6, 3, 7, 3, 2, 6, 1, 5, 6, 2, 5, 5, 4, 6, 6, 1, 3, 4]"
EW,2023-02-13,"[8, 4, 3, 3, 2, 3]","[8, 3, 5, 4, 5, -3]","[8, 4, 3, 3, 2, 3, 8, 3, 5, 4, 5, -3]"
EW,2024-02-12,"[4, 3, 3]","[5, 8]","[4, 3, 3, 5, 8]"
EXC,2021-02-24,"[5, 3, 5, 5, 7, 6]","[5, 7, 6, 6, 9, 4, 4, -4, -2, 5, 3, 3]","[5, 3, 5, 5, 7, 6, 5, 7, 6, 6, 9, 4, 4, -4, -2, 5, 3, 3]"
EXC,2022-02-25,"[6, 5, 5, 5, 5, 5]","[5, 8, 5, -1, -2, -4]","[6, 5, 5, 5, 5, 5, 5, 8, 5, -1, -2, -4]"
EXC,2023-02-14,"[5, 4, -2, 3, 4, -2]","[9, 3, -1, -2, -2, -3, -1, -4]","[5, 4, -2, 3, 4, -2, 9, 3, -1, -2, -2, -3, -1, -4]"
EXC,2024-02-21,"[5, 4, 6]","[-2, 8]","[5, 4, 6, -2, 8]"
EXPD,2021-02-19,"[7, 6, 3, 4, 5, 5, 4, 5, 5, 3, 3, 5, 6, 5, 4, 4, 3, 3, 3, 5, 4, 3]","[7, 4, 4, 3, 5, 6, 4, 4, 3, 3, 5, 3, 3, 4, 4]","[7, 6, 3, 4, 5, 5, 4, 5, 5, 3, 3, 5, 6, 5, 4, 4, 3, 3, 3, 5, 4, 3, 7, 4, 4, 3, 5, 6, 4, 4, 3, 3, 5, 3, 3, 4, 4]"
EXPD,2022-03-15,"[7, 6, 5, 5, 4, 4, 4, 5, 5, 6, 3, 3, 2]","[7, 6]","[7, 6, 5, 5, 4, 4, 4, 5, 5, 6, 3, 3, 2, 7, 6]"
EXPD,2023-03-01,"[9, 7, 6, 6, 6, 3, 1, 5, 7]",[7],"[9, 7, 6, 6, 6, 3, 1, 5, 7, 7]"
EXPD,2024-02-23,"[5, 3, 4, 3, 6, 1, 1, 4, 4, 7, 2, 2, 6, 2, 4, 3, 5]",[],"[5, 3, 4, 3, 6, 1, 1, 4, 4, 7, 2, 2, 6, 2, 4, 3, 5]"
EXPE,2021-02-12,"[8, 7, 5, 6, 8, 4, 4, 2, 5, 5, 5, 3, 6, 3, 2, 1, 5, 4]","[8, 5, 5, 6, 4, 3, 5, 4, 3]","[8, 7, 5, 6, 8, 4, 4, 2, 5, 5, 5, 3, 6, 3, 2, 1, 5, 4, 8, 5, 5, 6, 4, 3, 5, 4, 3]"
EXPE,2022-02-11,"[9, 9, 6, 5, 5, 4, 6, 0, 9, 4, 2, 4, 2, 2, 2, 5, 7, 2, 1, 3, 2, 6]","[9, 2, 3, 5, 6, 2, 2, 6]","[9, 9, 6, 5, 5, 4, 6, 0, 9, 4, 2, 4, 2, 2, 2, 5, 7, 2, 1, 3, 2, 6, 9, 2, 3, 5, 6, 2, 2, 6]"
EXPE,2023-02-10,"[8, 7, 6, 7, 8, 9, 6, 6, 5, 4, 4, 4, 7, 3, 6, 3, 2]","[8, 7]","[8, 7, 6, 7, 8, 9, 6, 6, 5, 4, 4, 4, 7, 3, 6, 3, 2, 8, 7]"
EXPE,2024-02-09,"[5, 3, 4]","[4, 4, -2]","[5, 3, 4, 4, 4, -2]"
EXR,2021-02-26,"[2, 3, 2, 1, 0, 0, 0, 0, 3, 7, 2, 0, 0, 4, 1]",[],"[2, 3, 2, 1, 0, 0, 0, 0, 3, 7, 2, 0, 0, 4, 1]"
EXR,2022-02-28,"[2, 1, 0, 0, 0, 0, 7, 0, 0, 5, 1, 4]",[],"[2, 1, 0, 0, 0, 0, 7, 0, 0, 5, 1, 4]"
EXR,2023-02-28,"[4, 5, 5, 2, 0, 0]",[],"[4, 5, 5, 2, 0, 0]"
EXR,2024-02-29,"[0, 3, 4, 5, 4, 0]",[],"[0, 3, 4, 5, 4, 0]"
FAST,2021-02-08,"[6, 6, 7, 7, 9, 6, 5, 4, 2, 6]","[4, 6, -2]","[6, 6, 7, 7, 9, 6, 5, 4, 2, 6, 4, 6, -2]"
FAST,2022-02-07,"[6, 5, 3, 4, 5, 3, 5, 8]",[2],"[6, 5, 3, 4, 5, 3, 5, 8, 2]"
FAST,2023-02-07,"[4, 2, 5, 6, 3, 0, 5, 3, 6, 4, 7, 5, 4]",[],"[4, 2, 5, 6, 3, 0, 5, 3, 6, 4, 7, 5, 4]"
FAST,2024-02-06,"[5, 4, 3, 5, 3, 2]","[4, 2]","[5, 4, 3, 5, 3, 2, 4, 2]"
FDS,2021-10-22,"[7, 4, 5, 6, 0, 4, 2, 1, 2, -3]","[4, -3]","[7, 4, 5, 6, 0, 4, 2, 1, 2, -3, 4, -3]"
FDS,2022-10-21,"[5, 5, 5, -3, 0, 4]",[-3],"[5, 5, 5, -3, 0, 4, -3]"
FDS,2023-10-27,"[6, 7, 5, 5, 5, 1, 4, 3]",[5],"[6, 7, 5, 5, 5, 1, 4, 3, 5]"
FDS,2024-10-29,"[6, 4, 5, 1, 1, 2, 2]",[1],"[6, 4, 5, 1, 1, 2, 2, 1]"
FDX,2021-07-19,"[8, 8, 7, 6, 4, 7, 5, 5, 7, 6, 4, 3, 6, 6, 3, 6, 6, 4]","[6, 4, 5, 5, 6]","[8, 8, 7, 6, 4, 7, 5, 5, 7, 6, 4, 3, 6, 6, 3, 6, 6, 4, 6, 4, 5, 5, 6]"
FDX,2022-07-18,"[9, 8, 7, 6, 4, 2, 1]","[9, 8]","[9, 8, 7, 6, 4, 2, 1, 9, 8]"
FDX,2023-07-17,"[2, 3, 4, 4, 1, 2, 3, 4]","[1, 7, 8]","[2, 3, 4, 4, 1, 2, 3, 4, 1, 7, 8]"
FDX,2024-07-15,"[5, 4, 4, 4, 4, 4, 1]",[],"[5, 4, 4, 4, 4, 4, 1]"
FFIV,2021-11-16,"[7, 3, 4, 2, 0, 8]","[7, 0]","[7, 3, 4, 2, 0, 8, 7, 0]"
FFIV,2022-11-15,"[6, 4, 2, 1, 6]","[6, 8, 5, 2]","[6, 4, 2, 1, 6, 6, 8, 5, 2]"
FFIV,2023-11-14,[5],"[6, 4]","[5, 6, 4]"
FFIV,2024-11-18,"[5, 2, 2]",[],"[5, 2, 2]"
FICO,2021-11-10,"[7, 4, 5, 6, 3, 6, 3, 3, 7, 5, 5, 4, 4, 4]","[7, 1, 0]","[7, 4, 5, 6, 3, 6, 3, 3, 7, 5, 5, 4, 4, 4, 7, 1, 0]"
FICO,2022-11-09,"[5, 6, 6, 3, 8, 5, 2, 5]",[],"[5, 6, 6, 3, 8, 5, 2, 5]"
FICO,2023-11-08,"[5, 7, 3, 3, 2, 1]",[],"[5, 7, 3, 3, 2, 1]"
FICO,2024-11-06,"[4, 5, 3, 1]",[],"[4, 5, 3, 1]"
FIS,2024-02-26,"[4, 3, 5, 2, 2, 0, 1]",[],"[4, 3, 5, 2, 2, 0, 1]"
FITB,2021-02-26,"[4, 4, 5, 7, 8, 7, 6, 7, 6, 3, 7]","[4, 4, 5, 3, 5, 7, 6]","[4, 4, 5, 7, 8, 7, 6, 7, 6, 3, 7, 4, 4, 5, 3, 5, 7, 6]"
FITB,2022-02-25,"[7, 7, 9]","[9, 8, 7]","[7, 7, 9, 9, 8, 7]"
FITB,2023-02-24,"[7, 6, 5, 5, 4, 6]",[],"[7, 6, 5, 5, 4, 6]"
FITB,2024-02-27,[5],[],[5]
FI,2021-02-26,"[6, 2, 7, 6, 4, 5, 5, 5, 4, 5, 4, 2, 3, 3, 5, 4, 4, 4, 4]","[6, 2, 7, 5, 6, 2]","[6, 2, 7, 6, 4, 5, 5, 5, 4, 5, 4, 2, 3, 3, 5, 4, 4, 4, 4, 6, 2, 7, 5, 6, 2]"
FI,2022-02-24,"[7, 8, 7, 6, 6, 5, 4, 3, 4, 4, 2]","[8, 7, 5, 7, 2]","[7, 8, 7, 6, 6, 5, 4, 3, 4, 4, 2, 8, 7, 5, 7, 2]"
FI,2023-02-23,"[6, 6, 5, 1]",[1],"[6, 6, 5, 1, 1]"
FI,2024-02-22,"[4, 3, 3, 1]",[],"[4, 3, 3, 1]"
FMC,2021-02-25,"[8, 7, 8, 6, 6, 4]","[7, 9]","[8, 7, 8, 6, 6, 4, 7, 9]"
FMC,2022-02-25,"[8, 6, 6, 6, 5, 7, 5, 3, 6, 4, 5, 2]","[6, 3, 5, 7, 6]","[8, 6, 6, 6, 5, 7, 5, 3, 6, 4, 5, 2, 6, 3, 5, 7, 6]"
FMC,2023-02-24,"[7, 6, 4, 4, 1, 4]","[6, 4, 0, 0, 1]","[7, 6, 4, 4, 1, 4, 6, 4, 0, 0, 1]"
FMC,2024-02-27,"[4, 2, 4, 5]",[],"[4, 2, 4, 5]"
FRT,2021-02-11,"[5, 7, 2, 5, 8]","[2, 2, 6, 8, 1, 7, 3]","[5, 7, 2, 5, 8, 2, 2, 6, 8, 1, 7, 3]"
FRT,2022-02-10,"[3, 5, 3, 4, 5, 3, 3, 3, 3]","[3, 8, 5, 2, 1]","[3, 5, 3, 4, 5, 3, 3, 3, 3, 3, 8, 5, 2, 1]"
FRT,2023-02-08,"[7, 6, 5, 4, 6, 4, 6, 4, 6]","[4, 6, 7, 6, 3]","[7, 6, 5, 4, 6, 4, 6, 4, 6, 4, 6, 7, 6, 3]"
FRT,2024-02-12,"[5, 4, 5, 4, 4, 6, 4, 5]","[4, 5]","[5, 4, 5, 4, 4, 6, 4, 5, 4, 5]"
FSLR,2021-02-26,"[4, 1, 5, 5, 7, 7, 5, 5, 3, 5, 4, 5]",[7],"[4, 1, 5, 5, 7, 7, 5, 5, 3, 5, 4, 5, 7]"
FSLR,2022-03-01,"[5, 6, 9, 7, 4]",[5],"[5, 6, 9, 7, 4, 5]"
FSLR,2023-02-28,"[3, 4, 0, 2, 3, 3]","[3, 6]","[3, 4, 0, 2, 3, 3, 3, 6]"
FSLR,2024-02-27,"[5, 4, 5]",[],"[5, 4, 5]"
FTNT,2021-02-19,"[6, 8, 9, 8, 7, 7, 7, 6, 6, 3, 1]","[6, 3, 6, 1]","[6, 8, 9, 8, 7, 7, 7, 6, 6, 3, 1, 6, 3, 6, 1]"
FTNT,2022-02-25,"[7, 8, 6, 9, 8, 6, 8, 7, 5, 8]",[],"[7, 8, 6, 9, 8, 6, 8, 7, 5, 8]"
FTNT,2023-02-24,"[8, 8, 8, 4, 7, 7, 4, 2, 2, 3]",[],"[8, 8, 8, 4, 7, 7, 4, 2, 2, 3]"
FTNT,2024-02-26,"[3, 3, 3, 5, 5]",[],"[3, 3, 3, 5, 5]"
FTV,2021-02-26,"[9, 8, 5, 1, 5]","[6, 1]","[9, 8, 5, 1, 5, 6, 1]"
FTV,2022-03-01,"[7, 7, 6, 4, 4, 3, 2, 3, 1]",[2],"[7, 7, 6, 4, 4, 3, 2, 3, 1, 2]"
FTV,2023-02-28,"[4, 4, 8, 7, 6, 4, 1]",[6],"[4, 4, 8, 7, 6, 4, 1, 6]"
FTV,2024-02-27,"[1, 0, 4, -1]",[],"[1, 0, 4, -1]"
F,2021-02-05,"[6, 6, 5, 5, 5, 6, 7, 6, 2]","[6, 6, 5, 7, 6, 6]","[6, 6, 5, 5, 5, 6, 7, 6, 2, 6, 6, 5, 7, 6, 6]"
F,2022-02-04,"[7, 6, 8, 7, 3, 7, 7, 4, 1]","[7, 6, 1, 4, 4, 1]","[7, 6, 8, 7, 3, 7, 7, 4, 1, 7, 6, 1, 4, 4, 1]"
F,2023-02-03,"[5, 4, 7, 3, 4, 6, 3, 5, 7, 4, 4]","[5, 4, 3, 4, 4, 5]","[5, 4, 7, 3, 4, 6, 3, 5, 7, 4, 4, 5, 4, 3, 4, 4, 5]"
F,2024-02-07,"[6, 6, 5]",[1],"[6, 6, 5, 1]"
GDDY,2021-02-19,"[4, 4, 7, 8, 7, 4, 5, 2, 6, 3, 7]",[],"[4, 4, 7, 8, 7, 4, 5, 2, 6, 3, 7]"
GDDY,2022-02-17,"[6, 6, 4, 8]","[2, 1]","[6, 6, 4, 8, 2, 1]"
GDDY,2023-02-16,"[4, 6, 7, 3, 5]",[5],"[4, 6, 7, 3, 5, 5]"
GDDY,2024-02-29,"[7, 5, 4, 1]",[],"[7, 5, 4, 1]"
GD,2021-02-09,"[5, 7, 8, 6, 7, 6, 2, 7]","[5, 8, 8, 4, 6, 3, 6, 7, 7, 5]","[5, 7, 8, 6, 7, 6, 2, 7, 5, 8, 8, 4, 6, 3, 6, 7, 7, 5]"
GD,2022-02-09,"[4, 5, 7, 3, 5, 5, 5, 2, 2, 1, 4, 3]","[3, 0, 2, 2, 2, 0, 6, 4, 6, 1, 3, 6]","[4, 5, 7, 3, 5, 5, 5, 2, 2, 1, 4, 3, 3, 0, 2, 2, 2, 0, 6, 4, 6, 1, 3, 6]"
GD,2023-02-07,"[4, 6, 6, 4, 5, 3, 5, 5, 3, 3]","[6, 4, 0, 7]","[4, 6, 6, 4, 5, 3, 5, 5, 3, 3, 6, 4, 0, 7]"
GD,2024-02-08,"[3, 6, 5, 3, 3, 2]","[5, 5]","[3, 6, 5, 3, 3, 2, 5, 5]"
GEHC,2023-02-15,"[9, 7, 6, 7, 3, 5, 5, 1]",[9],"[9, 7, 6, 7, 3, 5, 5, 1, 9]"
GEHC,2024-02-06,"[7, 4, 2, 6, 5, 5, 5]",[],"[7, 4, 2, 6, 5, 5, 5]"
GEN,2021-05-21,"[5, 3, 4, 0, 6, 4, 3, 6, 2, 3, 4, 3, 4]","[3, 0, 6, 4, 3, 6, 2]","[5, 3, 4, 0, 6, 4, 3, 6, 2, 3, 4, 3, 4, 3, 0, 6, 4, 3, 6, 2]"
GEN,2022-05-20,"[5, 5, 0, 0, 0, -3, 4, 0, 6, 5, 5, 4, 4, 3, 1, 1, 3, 1]","[5, 0, 0, 0, 4, 0, 6, 5, 5]","[5, 5, 0, 0, 0, -3, 4, 0, 6, 5, 5, 4, 4, 3, 1, 1, 3, 1, 5, 0, 0, 0, 4, 0, 6, 5, 5]"
GEN,2023-05-25,"[6, 4, 5, 5, 4]",[5],"[6, 4, 5, 5, 4, 5]"
GEN,2024-05-16,"[2, 4, 4]",[],"[2, 4, 4]"
GILD,2021-02-25,"[7, 6, 5, 4, 6, 5, 5, 5, 3, 5, 3, 4, 3, 5, 5, 3, 3, 3, 4, 4, 4, 4, 3, 8, 3, 3, 3, 3, 2, 3]",[],"[7, 6, 5, 4, 6, 5, 5, 5, 3, 5, 3, 4, 3, 5, 5, 3, 3, 3, 4, 4, 4, 4, 3, 8, 3, 3, 3, 3, 2, 3]"
GILD,2022-02-23,"[4, 5, 2, 5, 4, 6, 6, 7, 6, 6, 7, 5, 4, 2, 2, 1]",[],"[4, 5, 2, 5, 4, 6, 6, 7, 6, 6, 7, 5, 4, 2, 2, 1]"
GILD,2023-02-22,"[8, 7, 9, 4, 8, 7, 5]",[],"[8, 7, 9, 4, 8, 7, 5]"
GILD,2024-02-23,"[5, 3, 6, 6, 3]",[],"[5, 3, 6, 6, 3]"
GIS,2021-06-30,"[5, 6, 7, 2, 2]",[6],"[5, 6, 7, 2, 2, 6]"
GIS,2022-06-30,"[5, 8, 7, 9, 3, 3, 4, 4]","[7, 1]","[5, 8, 7, 9, 3, 3, 4, 4, 7, 1]"
GIS,2023-06-28,"[4, 5]",[],"[4, 5]"
GIS,2024-06-26,"[3, 5]",[],"[3, 5]"
GLW,2021-02-12,"[9, 6, 4, 6, 3]","[0, 1, 5, 6]","[9, 6, 4, 6, 3, 0, 1, 5, 6]"
GLW,2022-02-14,"[7, 4, 3, 6, 2, 7]",[-1],"[7, 4, 3, 6, 2, 7, -1]"
GLW,2023-02-13,"[8, 4, 2, 6, 2]","[6, 6]","[8, 4, 2, 6, 2, 6, 6]"
GLW,2024-02-12,"[6, 6, 4, 4, 2, 1]",[],"[6, 6, 4, 4, 2, 1]"
GL,2021-02-25,"[6, 5, 5, 5, 5, 5, 5]","[8, 8, 4, 5]","[6, 5, 5, 5, 5, 5, 5, 8, 8, 4, 5]"
GL,2022-02-24,"[5, 4, 4, 5, 3, 3, 4, 3, 3, 7, 4]","[7, 7, 7, 2, 3, 5, 5, 5]","[5, 4, 4, 5, 3, 3, 4, 3, 3, 7, 4, 7, 7, 7, 2, 3, 5, 5, 5]"
GL,2023-02-23,"[6, 4, 5, 4, 4, 4, 4]","[8, 7]","[6, 4, 5, 4, 4, 4, 4, 8, 7]"
GL,2024-02-28,"[4, 5, 4, 5, 4, 5, 3]",[],"[4, 5, 4, 5, 4, 5, 3]"
GM,2024-01-30,"[4, 5, 5, 5]",[],"[4, 5, 5, 5]"
GNRC,2021-02-23,"[9, 7, 8, 8, 7, 10, 9, 8, 9]","[7, 8, 9, 9, 10, 8, 7, 8, 3, 5, 7, -2, 1]","[9, 7, 8, 8, 7, 10, 9, 8, 9, 7, 8, 9, 9, 10, 8, 7, 8, 3, 5, 7, -2, 1]"
GNRC,2022-02-22,"[7, 7, 5, 8]","[5, 5, 5, 3, 3]","[7, 7, 5, 8, 5, 5, 5, 3, 3]"
GNRC,2023-02-22,"[4, 5, 3, 4]","[4, 3]","[4, 5, 3, 4, 4, 3]"
GNRC,2024-02-21,"[3, 2, 4]",[],"[3, 2, 4]"
GOOG,2021-02-03,"[9, 7, 5, 4, 5, 1, 4, 1, 6, 1, 1, 1, 4]","[9, 8]","[9, 7, 5, 4, 5, 1, 4, 1, 6, 1, 1, 1, 4, 9, 8]"
GOOG,2022-02-02,"[7, 8, 7, 4, 6, 4, 7, 4, 2]",[7],"[7, 8, 7, 4, 6, 4, 7, 4, 2, 7]"
GOOG,2023-02-03,"[4, 3, 3, 7, 5, 1, 1, 1]",[],"[4, 3, 3, 7, 5, 1, 1, 1]"
GOOG,2024-01-31,"[4, 2, 1, 1, 1]",[2],"[4, 2, 1, 1, 1, 2]"
GPC,2021-02-19,"[8, 4, 3, 3, 5, 5, 3, 3, 3, 2, 4, 2, 3, 2, 2, 4, 3, 3, 1, 2, 3, 1]",[3],"[8, 4, 3, 3, 5, 5, 3, 3, 3, 2, 4, 2, 3, 2, 2, 4, 3, 3, 1, 2, 3, 1, 3]"
GPC,2022-02-17,"[7, 4, 4, 0, 2, 2, 5, 6, 5, 2, 3, 0]","[4, 3, 2, 0]","[7, 4, 4, 0, 2, 2, 5, 6, 5, 2, 3, 0, 4, 3, 2, 0]"
GPC,2023-02-23,"[8, 1, 6, 1]",[],"[8, 1, 6, 1]"
GPC,2024-02-22,"[1, 6, 1, 3]",[],"[1, 6, 1, 3]"
GPN,2022-02-18,"[8, 5, 3, 4, 5, 3, 4, 5, 2, 2, 4, 3, 3, 2, 1]",[],"[8, 5, 3, 4, 5, 3, 4, 5, 2, 2, 4, 3, 3, 2, 1]"
GPN,2023-02-17,"[1, 3, 3, 7, 6, 5, 6, 4, 7, 6, 6]",[6],"[1, 3, 3, 7, 6, 5, 6, 4, 7, 6, 6, 6]"
GPN,2024-02-14,"[4, 3]","[5, 4, 3]","[4, 3, 5, 4, 3]"
GRMN,2021-02-17,"[7, 7, 6, 5, 4, 5, 2, 5, 4, 2]","[7, 0, 0]","[7, 7, 6, 5, 4, 5, 2, 5, 4, 2, 7, 0, 0]"
GRMN,2022-02-16,"[6, 6, 6, 6, 4, 6, 6, 5, 4, 4, 0, 5, 4, 7, 6, 6, 6, 6, 3, 3, 4, 3, 3, 3, 2, 3, 4, 5, 2]","[4, 4, 4, 5, -2, -3, 3, 2, 6, 2, 2]","[6, 6, 6, 6, 4, 6, 6, 5, 4, 4, 0, 5, 4, 7, 6, 6, 6, 6, 3, 3, 4, 3, 3, 3, 2, 3, 4, 5, 2, 4, 4, 4, 5, -2, -3, 3, 2, 6, 2, 2]"
GRMN,2023-02-22,"[5, 6, 6, 5, 5, 5, 6, 5, 5, 5, 1, 4, 4, 3]",[4],"[5, 6, 6, 5, 5, 5, 6, 5, 5, 5, 1, 4, 4, 3, 4]"
GRMN,2024-02-21,"[2, 6, 2, 2]",[],"[2, 6, 2, 2]"
GS,2021-02-22,"[7, 6, 3, 8, 6, 1, 4]","[7, 6]","[7, 6, 3, 8, 6, 1, 4, 7, 6]"
GS,2022-02-25,"[6, 9, 4, 4, 9, 6, 2, 1]","[4, 6]","[6, 9, 4, 4, 9, 6, 2, 1, 4, 6]"
GS,2023-02-24,"[8, 8, 5, 0]",[8],"[8, 8, 5, 0, 8]"
GS,2024-02-23,"[5, 2, 1]",[],"[5, 2, 1]"
GWW,2021-02-24,"[6, 6, 6, 7, 8, 5, 8, 6, 6]","[5, 5, 1]","[6, 6, 6, 7, 8, 5, 8, 6, 6, 5, 5, 1]"
GWW,2022-02-23,"[7, 7, 8, 6, 4, 8, 7, 5, 6, 7, 6, 5, 5, 7, 6, 5, 5, 6, 8, 5, 6, 7, 6, 4, 4, 5, 6, 5, 5, 7, 6, 6, 5]",[5],"[7, 7, 8, 6, 4, 8, 7, 5, 6, 7, 6, 5, 5, 7, 6, 5, 5, 6, 8, 5, 6, 7, 6, 4, 4, 5, 6, 5, 5, 7, 6, 6, 5, 5]"
GWW,2023-02-21,"[8, 5, 6, 4, 3, 4, 2, 3, 7, 3, 2]",[5],"[8, 5, 6, 4, 3, 4, 2, 3, 7, 3, 2, 5]"
GWW,2024-02-22,"[5, 4, 5, 4, 3, 4]",[],"[5, 4, 5, 4, 3, 4]"
HAL,2021-02-05,"[9, 5, 6, 8, 6, 5, 7, 5, 4, 5, 5, 3, 5, 4]",[5],"[9, 5, 6, 8, 6, 5, 7, 5, 4, 5, 5, 3, 5, 4, 5]"
HAL,2022-02-04,"[7, 7, 6, 6, 2, 4, 2, 7, 4]","[2, 8, 4, 2, 2, -2]","[7, 7, 6, 6, 2, 4, 2, 7, 4, 2, 8, 4, 2, 2, -2]"
HAL,2023-02-07,[2],"[7, 6, 2]","[2, 7, 6, 2]"
HAL,2024-02-06,[1],[4],"[1, 4]"
HAS,2021-02-24,"[8, 7, 6, 6, 3, 5, 6, 3, 3, 2, 3, 4, 5, 2]",[8],"[8, 7, 6, 6, 3, 5, 6, 3, 3, 2, 3, 4, 5, 2, 8]"
HAS,2022-02-23,"[7, 7, 7, 6, 6, 7, 8]",[],"[7, 7, 7, 6, 6, 7, 8]"
HAS,2023-02-22,"[4, 5, 5, 5, 4, 3, 5, 6]",[],"[4, 5, 5, 5, 4, 3, 5, 6]"
HAS,2024-02-28,"[6, 5, 4, 4, 6, 6, 5, 4, 4, 3]",[],"[6, 5, 4, 4, 6, 6, 5, 4, 4, 3]"
HBAN,2024-02-16,[4],[4],"[4, 4]"
HCA,2021-02-19,"[9, 6, 7, 6, 6, 7, 8, 4, 5, 5, 5]","[9, 3]","[9, 6, 7, 6, 6, 7, 8, 4, 5, 5, 5, 9, 3]"
HCA,2022-02-18,"[5, 3, 7, 6, 6, 6, 0, 6, 3, 4]",[5],"[5, 3, 7, 6, 6, 6, 0, 6, 3, 4, 5]"
HCA,2023-02-17,"[8, 4, 6, 5, 6, 5, 4, 4, 4, 3]",[],"[8, 4, 6, 5, 6, 5, 4, 4, 4, 3]"
HCA,2024-02-16,"[4, 4, 4, 5, 5, 4, 4]",[4],"[4, 4, 4, 5, 5, 4, 4, 4]"
HD,2021-03-24,"[9, 6, 8, 6, 8, 7, 7, 6, 5, 3, 4, 4]","[9, 4]","[9, 6, 8, 6, 8, 7, 7, 6, 5, 3, 4, 4, 9, 4]"
HD,2022-03-23,"[6, 7, 3, 3, 6, 4, 6, 4, 1, 3]",[9],"[6, 7, 3, 3, 6, 4, 6, 4, 1, 3, 9]"
HD,2023-03-15,"[8, 7, 6, 1, 3, 5, 3, 4, 3, 2, 4, 5, 6, 5]",[],"[8, 7, 6, 1, 3, 5, 3, 4, 3, 2, 4, 5, 6, 5]"
HD,2024-03-13,"[3, 4, 6, 4, 4, 1]",[],"[3, 4, 6, 4, 4, 1]"
HES,2022-03-01,"[8, 6, 9, -2, 5, 2, 4, 4, 3, 3, 3, 4, 2, 2, 2, 2, 4, 3, 1, 1, 2, 2, 3, 1]",[],"[8, 6, 9, -2, 5, 2, 4, 4, 3, 3, 3, 4, 2, 2, 2, 2, 4, 3, 1, 1, 2, 2, 3, 1]"
HES,2023-02-24,"[2, 5, 5, 6, 8, 6, 4, 4, 7, 5, 6, 3, 1, 2, 4]",[],"[2, 5, 5, 6, 8, 6, 4, 4, 7, 5, 6, 3, 1, 2, 4]"
HES,2024-02-26,"[2, 3, 4, 2]",[6],"[2, 3, 4, 2, 6]"
HII,2021-02-11,"[3, 6, 7, 7, 3, 4, 6, 5, 5, 2]","[4, 6, 5, 2, 5, 5, 5, 5, 5, 4, 9, 3]","[3, 6, 7, 7, 3, 4, 6, 5, 5, 2, 4, 6, 5, 2, 5, 5, 5, 5, 5, 4, 9, 3]"
HII,2022-02-10,"[2, 5, 7, 6, 5, 6, 4]","[3, 4]","[2, 5, 7, 6, 5, 6, 4, 3, 4]"
HII,2023-02-09,"[3, 5, 4, 3, 2, 2]","[2, 3, 4, 4]","[3, 5, 4, 3, 2, 2, 2, 3, 4, 4]"
HII,2024-02-01,"[3, 4, 5, 4, 5, 3, 2]","[3, 2, 1, 3, 3]","[3, 4, 5, 4, 5, 3, 2, 3, 2, 1, 3, 3]"
HLT,2021-02-17,"[8, 9, 9, 7, 7, 7, 3, 7, 6, 6, 5, 9, 8]","[8, 9, 9, 9, 8, 7]","[8, 9, 9, 7, 7, 7, 3, 7, 6, 6, 5, 9, 8, 8, 9, 9, 9, 8, 7]"
HLT,2022-02-16,"[8, 7, 8, 7, 7, 6, 5, 5, 7, 4]","[8, 8]","[8, 7, 8, 7, 7, 6, 5, 5, 7, 4, 8, 8]"
HLT,2023-02-09,"[7, 8, 6, 5, 4, 4, 3, 5]",[5],"[7, 8, 6, 5, 4, 4, 3, 5, 5]"
HLT,2024-02-07,"[5, 4, 4, 4, 4, 4, 3, 2, 3]",[3],"[5, 4, 4, 4, 4, 4, 3, 2, 3, 3]"
HOLX,2021-11-16,"[4, 6, 6, 7, 2, 6, 2, 2, 2]","[6, 6, 2, 3]","[4, 6, 6, 7, 2, 6, 2, 2, 2, 6, 6, 2, 3]"
HOLX,2022-11-15,"[8, 6, 6, 4, 3, 3]",[],"[8, 6, 6, 4, 3, 3]"
HOLX,2023-11-21,"[7, 6, 6, 8, 5, 6, 5, 4, 4, 6, 5]",[],"[7, 6, 6, 8, 5, 6, 5, 4, 4, 6, 5]"
HOLX,2024-11-27,"[4, 2, 4]",[],"[4, 2, 4]"
HPE,2021-12-10,"[5, 6, 6, 6, 4, 0, 3, 3, 5, 7, 6, 7, 5, 4, 5, 2, 5, 3, 2]",[5],"[5, 6, 6, 6, 4, 0, 3, 3, 5, 7, 6, 7, 5, 4, 5, 2, 5, 3, 2, 5]"
HPE,2022-12-08,"[5, 7, 7, 9, 6, 7, 8, 2]","[1, 1]","[5, 7, 7, 9, 6, 7, 8, 2, 1, 1]"
HPE,2023-12-22,"[1, 4, 3, 0]",[3],"[1, 4, 3, 0, 3]"
HPE,2024-12-19,"[5, 4]",[],"[5, 4]"
HPQ,2021-12-09,"[6, 8, 7, 6, 7, 7, 9, 6, 5, 9]",[6],"[6, 8, 7, 6, 7, 7, 9, 6, 5, 9, 6]"
HPQ,2022-12-06,"[8, 2, 4, 6, 7, 7, 3, 2, 3]","[8, 2, 4]","[8, 2, 4, 6, 7, 7, 3, 2, 3, 8, 2, 4]"
HPQ,2023-12-18,"[5, 6, 5, 1]",[],"[5, 6, 5, 1]"
HPQ,2024-12-13,"[2, 5, 4, 1]",[],"[2, 5, 4, 1]"
HRL,2021-12-10,"[4, 5, 6, 4, 3, 3, 2, 4, 2, 2]","[7, 7]","[4, 5, 6, 4, 3, 3, 2, 4, 2, 2, 7, 7]"
HRL,2022-12-06,"[7, 7, 4, 7, 3, 3, 6, 4, 4, 3, 6, 3, 2, 3, 3, 4, 2, 2, 1, 1, 2, 1]",[],"[7, 7, 4, 7, 3, 3, 6, 4, 4, 3, 6, 3, 2, 3, 3, 4, 2, 2, 1, 1, 2, 1]"
HRL,2023-12-06,"[3, -2, 2, 1]",[],"[3, -2, 2, 1]"
HRL,2024-12-05,"[5, 0, 5]",[],"[5, 0, 5]"
HSIC,2021-02-17,"[9, 7, 8, 4, 7, 6, 6, 6, 6, 5]",[],"[9, 7, 8, 4, 7, 6, 6, 6, 6, 5]"
HSIC,2022-02-15,"[8, 7, 6, 5, 6, 7, 6, 5, 4, 5, 4, 5, 5, 5]","[8, 5, 5, 5]","[8, 7, 6, 5, 6, 7, 6, 5, 4, 5, 4, 5, 5, 5, 8, 5, 5, 5]"
HSIC,2023-02-21,"[8, 6, 7, 7, 4, 9, 6, 6, 5, 5, 6, 6, 3]",[],"[8, 6, 7, 7, 4, 9, 6, 6, 5, 5, 6, 6, 3]"
HSIC,2024-02-28,"[2, 6, 3, 2, 2, 3, 1, 1, 1, 2]","[1, 1, 4, 7, 7]","[2, 6, 3, 2, 2, 3, 1, 1, 1, 2, 1, 1, 4, 7, 7]"
HST,2021-02-25,"[8, 5, 4, 7, 5, 3, 3]","[8, 7, 3]","[8, 5, 4, 7, 5, 3, 3, 8, 7, 3]"
HST,2022-02-24,"[9, 7, 5, 5, 5, 2, 2, 3, 4, 2]","[9, 7, 5, 5]","[9, 7, 5, 5, 5, 2, 2, 3, 4, 2, 9, 7, 5, 5]"
HST,2023-02-22,"[9, 6, 6, 4, 6, 5]",[],"[9, 6, 6, 4, 6, 5]"
HST,2024-02-28,"[6, 5, 2]",[],"[6, 5, 2]"
HSY,2021-02-17,"[7, 5, 8, 6, 8, 6, 7, 7]","[3, 9, 7]","[7, 5, 8, 6, 8, 6, 7, 7, 3, 9, 7]"
HSY,2022-02-18,"[4, 2, 4, 3, 3, 4]","[7, 4, 3, 5, -2]","[4, 2, 4, 3, 3, 4, 7, 4, 3, 5, -2]"
HSY,2023-02-17,"[6, 6]","[7, 4]","[6, 6, 7, 4]"
HSY,2024-02-20,"[4, 1, 4, 4]",[],"[4, 1, 4, 4]"
HUBB,2021-02-11,"[5, 4, 6, 5, 5, 6, 3, 1, -2, 2]","[5, 5, 3, 5, 7, 4, 4, 9, 1, 0, 3, 3, 0]","[5, 4, 6, 5, 5, 6, 3, 1, -2, 2, 5, 5, 3, 5, 7, 4, 4, 9, 1, 0, 3, 3, 0]"
HUBB,2022-02-11,"[7, 6, 5, 4, 5, 4, 6, 4, 6, 5, 4, 3, 6]","[3, 4, 6]","[7, 6, 5, 4, 5, 4, 6, 4, 6, 5, 4, 3, 6, 3, 4, 6]"
HUBB,2023-02-09,"[8, 8, 8, 6, 5, 5, 6, 2, 6, 2, 7, 5]","[5, 6, 7, 6]","[8, 8, 8, 6, 5, 5, 6, 2, 6, 2, 7, 5, 5, 6, 7, 6]"
HUBB,2024-02-08,[6],[],[6]
HUM,2021-02-18,"[4, 7, 4, 4, 6, 5, 4, 5, 4, 4]",[],"[4, 7, 4, 4, 6, 5, 4, 5, 4, 4]"
HUM,2022-02-17,"[9, 8, 7, 9, 7, 8, 8, 6]","[7, 6, 7]","[9, 8, 7, 9, 7, 8, 8, 6, 7, 6, 7]"
HUM,2023-02-16,"[8, 6, 6, 5, 3]","[8, 7]","[8, 6, 6, 5, 3, 8, 7]"
HUM,2024-02-15,"[4, 5]","[7, 6, 6, 5, 7, 6, 0]","[4, 5, 7, 6, 6, 5, 7, 6, 0]"
HWM,2021-02-16,"[8, 7, 8, 3, 2, 5, 4, 2, 5, 6, 5, 2, 3, 2, 0]",[],"[8, 7, 8, 3, 2, 5, 4, 2, 5, 6, 5, 2, 3, 2, 0]"
HWM,2022-02-14,"[8, 8, 5, 4, 3, 4, 4, 5, 2, 5, 4, 5, 4, 3, 4]",[7],"[8, 8, 5, 4, 3, 4, 4, 5, 2, 5, 4, 5, 4, 3, 4, 7]"
HWM,2023-02-14,"[9, 7, 4, 3, 6, 1, 2, -2, 3, 6, 5]","[1, 2, -2, 3, 6]","[9, 7, 4, 3, 6, 1, 2, -2, 3, 6, 5, 1, 2, -2, 3, 6]"
HWM,2024-02-13,"[5, 5, 4]",[7],"[5, 5, 4, 7]"
IBM,2021-02-23,"[3, 3, 3, 0, 4, 3, 4, 3, 3, 3]",[],"[3, 3, 3, 0, 4, 3, 4, 3, 3, 3]"
IBM,2022-02-22,"[4, 3, 5, 6, 4, 3, 3, 3]",[],"[4, 3, 5, 6, 4, 3, 3, 3]"
IBM,2023-02-28,"[4, 3]",[],"[4, 3]"
IBM,2024-02-26,"[5, 1]",[],"[5, 1]"
ICE,2024-02-08,"[4, 4, 5, 5, 4, 6, 5, 4, 4]",[],"[4, 4, 5, 5, 4, 6, 5, 4, 4]"
IDXX,2021-02-12,"[7, 5, 6, 7, 8, 4, 5, 5, 3]",[],"[7, 5, 6, 7, 8, 4, 5, 5, 3]"
IDXX,2022-02-16,"[8, 7, 7, 9, 6, 5, 6, 6, 5, 5, 7]",[],"[8, 7, 7, 9, 6, 5, 6, 6, 5, 5, 7]"
IDXX,2023-02-16,"[4, 3, 7, 7, 4, 8, 5]",[],"[4, 3, 7, 7, 4, 8, 5]"
IDXX,2024-02-22,"[3, 3, 5, 4, 5]",[],"[3, 3, 5, 4, 5]"
IEX,2021-02-25,"[8, 4, 5, 7, 3, 3, 2, 3, 4]","[5, 2, 3, 6, 7, 4, 5, 5, 4, 5]","[8, 4, 5, 7, 3, 3, 2, 3, 4, 5, 2, 3, 6, 7, 4, 5, 5, 4, 5]"
IEX,2022-02-24,"[9, 2, 4, 6, -1, 3, 3, 5]","[6, 2, 1]","[9, 2, 4, 6, -1, 3, 3, 5, 6, 2, 1]"
IEX,2023-02-23,"[6, 3, 4, 3, 3, 6, 2, 2, 5, 2, 3, 1, 3]",[2],"[6, 3, 4, 3, 3, 6, 2, 2, 5, 2, 3, 1, 3, 2]"
IEX,2024-02-22,"[3, 3, 6, 1]",[],"[3, 3, 6, 1]"
IFF,2021-02-22,"[3, 6, 7, 5, 2, 5, 7, 6, 4, 4, 7, 4]","[3, 5]","[3, 6, 7, 5, 2, 5, 7, 6, 4, 4, 7, 4, 3, 5]"
IFF,2022-02-28,"[7, 4, 5, 5, 7, 5, 4, 3, 2, 4, 3, 3, 1, 6]","[7, 7, 1, 2, 6]","[7, 4, 5, 5, 7, 5, 4, 3, 2, 4, 3, 3, 1, 6, 7, 7, 1, 2, 6]"
IFF,2023-02-27,"[7, 5, 6, 5, 9, 7, 6, 4]","[7, 4, 1]","[7, 5, 6, 5, 9, 7, 6, 4, 7, 4, 1]"
IFF,2024-02-28,"[3, 5, 6, 1]",[3],"[3, 5, 6, 1, 3]"
INCY,2021-02-09,"[3, 2, 5, 3, 4, 3, 5, 0]","[1, 0, 7, 4, 4, 3]","[3, 2, 5, 3, 4, 3, 5, 0, 1, 0, 7, 4, 4, 3]"
INCY,2022-02-08,"[7, 7, 7, 6, 5, -3]","[1, 5, -3, 7, 4, 5, 5, 6, 1]","[7, 7, 7, 6, 5, -3, 1, 5, -3, 7, 4, 5, 5, 6, 1]"
INCY,2023-02-07,"[7, 5, 2, 4, 4, 5, 5, 5, 4, 1]","[1, 5]","[7, 5, 2, 4, 4, 5, 5, 5, 4, 1, 1, 5]"
INCY,2024-02-13,"[5, 5, 3, 3, 2]",[],"[5, 5, 3, 3, 2]"
INTU,2021-09-08,"[4, 5, 4, 5, 5, 4, 4, 4, 3, 5, 2]",[],"[4, 5, 4, 5, 5, 4, 4, 4, 3, 5, 2]"
INTU,2022-09-02,"[4, 7, 5, 4, 5, 5, 6, 6, 5, 4, 3, 3, 5]","[3, 2, 1]","[4, 7, 5, 4, 5, 5, 6, 6, 5, 4, 3, 3, 5, 3, 2, 1]"
INTU,2023-09-01,"[6, 6, 6, 5, 5, 3, 0]",[],"[6, 6, 6, 5, 5, 3, 0]"
INTU,2024-09-04,"[5, 4, 3, 3, 3]",[],"[5, 4, 3, 3, 3]"
INVH,2021-02-19,"[5, 8, 7, 8, 6, 5, 4]","[8, 7, 8, 6, 9, 4]","[5, 8, 7, 8, 6, 5, 4, 8, 7, 8, 6, 9, 4]"
INVH,2022-02-22,"[4, 6, 5, 6, 6, 5, 7, 5, 3, 5, 4, 3, 4, 5, 6]","[6, 2, 6, 0]","[4, 6, 5, 6, 6, 5, 7, 5, 3, 5, 4, 3, 4, 5, 6, 6, 2, 6, 0]"
INVH,2023-02-22,"[7, 7, 6, 5, 3, 2]",[4],"[7, 7, 6, 5, 3, 2, 4]"
INVH,2024-02-21,"[7, 7, 7, 6, 6, 7, 4]",[7],"[7, 7, 7, 6, 6, 7, 4, 7]"
IPG,2021-02-22,"[7, 5, 5, 4, 4, 4]","[6, 5, 5, 4]","[7, 5, 5, 4, 4, 4, 6, 5, 5, 4]"
IPG,2022-02-22,"[5, 5, 8, 4, 4, 5, 4, 3, 4, 3, 3, 3]",[],"[5, 5, 8, 4, 4, 5, 4, 3, 4, 3, 3, 3]"
IPG,2023-02-21,"[7, 7, 5, 5, 7, 7, 4, 5, 4, 3]",[5],"[7, 7, 5, 5, 7, 7, 4, 5, 4, 3, 5]"
IPG,2024-02-20,"[4, 4, 5, 4, 5, 5, 2, 4]",[3],"[4, 4, 5, 4, 5, 5, 2, 4, 3]"
IQV,2021-02-12,"[5, 5, 5, 7, 3, 2, 2]","[8, 3]","[5, 5, 5, 7, 3, 2, 2, 8, 3]"
IQV,2024-02-15,"[6, 1]","[1, 0]","[6, 1, 1, 0]"
IRM,2021-02-24,"[6, 8, 5, 7, 7, 8, 4, 5, 7, 6, 4, 1, 8, 4, 7]",[],"[6, 8, 5, 7, 7, 8, 4, 5, 7, 6, 4, 1, 8, 4, 7]"
IRM,2022-02-24,"[4, 7, 3, 6, 3, 0]",[3],"[4, 7, 3, 6, 3, 0, 3]"
IRM,2023-02-23,"[7, 3]",[],"[7, 3]"
IRM,2024-02-22,[4],[],[4]
IR,2021-02-26,"[8, 1, 2, 6, 4, 4, 2, 6, 2, 2, 3, 3, 2, 5]","[8, 5, 0]","[8, 1, 2, 6, 4, 4, 2, 6, 2, 2, 3, 3, 2, 5, 8, 5, 0]"
IR,2022-02-25,"[4, 3, 5, 4, 6, 4, 6, 5, 4, 3, 2, 2, 7, 3, 1, 2, 2, 5, 7, 4]",[4],"[4, 3, 5, 4, 6, 4, 6, 5, 4, 3, 2, 2, 7, 3, 1, 2, 2, 5, 7, 4, 4]"
IR,2023-02-21,"[4, 5, 4, 5, 5, 7, 4, 7, 5, 4, 4, 6, 8, 5, 7]","[5, 8, 6]","[4, 5, 4, 5, 5, 7, 4, 7, 5, 4, 4, 6, 8, 5, 7, 5, 8, 6]"
IR,2024-02-23,"[1, 4, 5, 6]",[],"[1, 4, 5, 6]"
ISRG,2021-02-10,"[4, 5, 4, 6, 5, 5, 6, 6]","[9, 7]","[4, 5, 4, 6, 5, 5, 6, 6, 9, 7]"
ITW,2021-02-12,"[7, 3, 10, 9, 6, 7, 1, 8, 6, 5]","[6, 8, 1, 5]","[7, 3, 10, 9, 6, 7, 1, 8, 6, 5, 6, 8, 1, 5]"
ITW,2022-02-11,"[8, 7, 6, 7, 4, 6, 4, 5, 5, 3]","[1, 3, 2]","[8, 7, 6, 7, 4, 6, 4, 5, 5, 3, 1, 3, 2]"
ITW,2023-02-10,"[7, 1, 8, 5, 2, 3, 1, 7, 3]","[3, 3, 2]","[7, 1, 8, 5, 2, 3, 1, 7, 3, 3, 3, 2]"
ITW,2024-02-09,"[4, 2, 5]","[8, 4, 3]","[4, 2, 5, 8, 4, 3]"
IT,2021-02-24,"[7, 6, 6, 5, 4, 5, 4, 4, 4, 3, 7, 3, 3]","[4, 3]","[7, 6, 6, 5, 4, 5, 4, 4, 4, 3, 7, 3, 3, 4, 3]"
IT,2022-02-23,"[8, 6, 6, 5, 3, 5, 2, 5, 6, 2, 3, 3, 4, 2, 2]","[5, 2, 2, 4]","[8, 6, 6, 5, 3, 5, 2, 5, 6, 2, 3, 3, 4, 2, 2, 5, 2, 2, 4]"
IT,2023-02-16,"[8, 1, 6, 7, 2, 8, 4, 7, 7, 8, 1, 1, 6, 9, 6, 5, 4, 2]",[2],"[8, 1, 6, 7, 2, 8, 4, 7, 7, 8, 1, 1, 6, 9, 6, 5, 4, 2, 2]"
IT,2024-02-15,"[5, 4, 2, 6, 6, 4, 3, 3]",[],"[5, 4, 2, 6, 6, 4, 3, 3]"
IVZ,2021-02-19,"[8, 8, 6, 5, 6, 5, 2, 2, 3, 6, 1, 6, 7, 5, 6, 4]","[6, 5]","[8, 8, 6, 5, 6, 5, 2, 2, 3, 6, 1, 6, 7, 5, 6, 4, 6, 5]"
IVZ,2022-02-18,"[7, 9, 6, 6, 6, 4, 3, 2, 2, 6, 1, 5, 5, 7, 5, 2]",[6],"[7, 9, 6, 6, 6, 4, 3, 2, 2, 6, 1, 5, 5, 7, 5, 2, 6]"
IVZ,2023-02-23,"[6, 7, 4, 3, 3, 2, 2, -2, 3, 4, 2]",[],"[6, 7, 4, 3, 3, 2, 2, -2, 3, 4, 2]"
IVZ,2024-02-21,"[4, 3, 3, 1]",[],"[4, 3, 3, 1]"
JBHT,2021-02-23,"[4, 6, 1, 6, 2, 7, 1]","[4, 1, 7, 1, 0, 2, 1]","[4, 6, 1, 6, 2, 7, 1, 4, 1, 7, 1, 0, 2, 1]"
JBHT,2022-02-25,"[5, 6, 7, 6, 9, 7]","[4, 4, 6, 2, 4]","[5, 6, 7, 6, 9, 7, 4, 4, 6, 2, 4]"
JBHT,2023-02-24,"[5, 8, 3, 6, 2, 7, 4]",[5],"[5, 8, 3, 6, 2, 7, 4, 5]"
JBHT,2024-02-23,"[4, 3, 4, 3, 5, 3]",[],"[4, 3, 4, 3, 5, 3]"
JBL,2021-10-22,"[8, 7, 7, 8, 5, 6]","[10, 1]","[8, 7, 7, 8, 5, 6, 10, 1]"
JBL,2022-10-25,"[7, 5, 1, 6, 5, 3, 3, 5, 3, 3, 4, 5]","[3, 5, 5]","[7, 5, 1, 6, 5, 3, 3, 5, 3, 3, 4, 5, 3, 5, 5]"
JBL,2023-10-20,"[9, 6, 6, 3, 4, 3, 4, 7, 1]",[],"[9, 6, 6, 3, 4, 3, 4, 7, 1]"
JBL,2024-10-28,"[5, 4, 4, 1, 5]",[],"[5, 4, 4, 1, 5]"
JCI,2021-11-15,"[7, 3, 4, 6, 5, 4, 4, 5]","[5, 3, 4]","[7, 3, 4, 6, 5, 4, 4, 5, 5, 3, 4]"
JCI,2022-11-15,"[3, 5, 6, 4, 3, 0]","[3, 3, 3, 2, 3]","[3, 5, 6, 4, 3, 0, 3, 3, 3, 2, 3]"
JCI,2023-12-14,"[5, 4, 4]",[],"[5, 4, 4]"
JCI,2024-11-19,"[6, 3, 4]",[],"[6, 3, 4]"
JKHY,2021-08-25,"[3, 6, 5, 3, 2, 2]","[1, 5]","[3, 6, 5, 3, 2, 2, 1, 5]"
JKHY,2022-08-25,"[3, 6, 6, 5, 2, 5]","[2, 2, -1, -2, -4, 7]","[3, 6, 6, 5, 2, 5, 2, 2, -1, -2, -4, 7]"
JKHY,2023-08-24,"[3, 5, 6, 3, 1]",[],"[3, 5, 6, 3, 1]"
JKHY,2024-08-26,"[3, 4, 4, 3, 1]",[],"[3, 4, 4, 3, 1]"
JNJ,2021-02-22,"[6, 6, 2, 1, 2, 1]","[4, 1, 5]","[6, 6, 2, 1, 2, 1, 4, 1, 5]"
JNJ,2022-02-17,"[5, 2, 5, 2, 4, 1, 2, 7, 2, 5, 1, 1]",[2],"[5, 2, 5, 2, 4, 1, 2, 7, 2, 5, 1, 1, 2]"
JNJ,2023-02-16,"[5, 4, 8, 3, 1, 3, 3, 5, 2, 4]",[2],"[5, 4, 8, 3, 1, 3, 3, 5, 2, 4, 2]"
JNJ,2024-02-16,"[2, 1, 5, 1, 1, 2, 1]",[1],"[2, 1, 5, 1, 1, 2, 1, 1]"
JNPR,2022-02-11,"[5, 6, 2, 5, 4, 5, 3, 4]","[6, 3, 2, -3]","[5, 6, 2, 5, 4, 5, 3, 4, 6, 3, 2, -3]"
JNPR,2023-02-10,"[5, 5, 8, 4, 3, 2, 4, 4, 7]","[5, 7]","[5, 5, 8, 4, 3, 2, 4, 4, 7, 5, 7]"
JNPR,2024-02-07,"[3, 4, 6, 4, 3, 2]",[],"[3, 4, 6, 4, 3, 2]"
JPM,2021-02-23,"[8, 8, 8, 4, 5, 2, 3, 3, 3]",[],"[8, 8, 8, 4, 5, 2, 3, 3, 3]"
JPM,2022-02-22,"[5, 9, 9, 8, 5, 4]",[],"[5, 9, 9, 8, 5, 4]"
JPM,2023-02-21,"[3, 4, 5, 2, 9]",[],"[3, 4, 5, 2, 9]"
JPM,2024-02-16,"[4, 4, 5, 4, 5]",[],"[4, 4, 5, 4, 5]"
J,2021-11-23,"[9, 5, 5, 6, 6, 4, 1, 2, 2, 6, 5, 5, 3, 3, 4]",[],"[9, 5, 5, 6, 6, 4, 1, 2, 2, 6, 5, 5, 3, 3, 4]"
J,2022-11-21,"[6, 4, 4, 4, 5, 5, 2, 5, 4, 6]",[],"[6, 4, 4, 4, 5, 5, 2, 5, 4, 6]"
J,2023-11-21,"[6, 4, 6]",[],"[6, 4, 6]"
J,2024-11-25,"[5, 5, 5, 4, 4]",[],"[5, 5, 5, 4, 4]"
KDP,2021-02-25,"[5, 5, 5, 3, 3, -1]","[0, 5, 2, 2, 3]","[5, 5, 5, 3, 3, -1, 0, 5, 2, 2, 3]"
KDP,2022-02-24,"[7, 8, 8, 7, 5, 7, 6, 1, 4, 2, 8, 7, 7, 8, 4]","[7, 5]","[7, 8, 8, 7, 5, 7, 6, 1, 4, 2, 8, 7, 7, 8, 4, 7, 5]"
KDP,2023-02-23,"[9, 9, 2, 9, 7]",[],"[9, 9, 2, 9, 7]"
KDP,2024-02-22,"[3, 4, 2, 2]",[],"[3, 4, 2, 2]"
KEYS,2021-12-17,"[7, 3, 1, 3, 2, 4, 4, 3, 4, 4, 2, 2, 1, 2, 5, 4, 2, 1]","[2, 4, 4, 1]","[7, 3, 1, 3, 2, 4, 4, 3, 4, 4, 2, 2, 1, 2, 5, 4, 2, 1, 2, 4, 4, 1]"
KEYS,2022-12-15,"[2, 6, 4, 7, 3, 2]","[7, 1, 4, 0]","[2, 6, 4, 7, 3, 2, 7, 1, 4, 0]"
KEYS,2023-12-15,"[6, 5, 2, 2]",[],"[6, 5, 2, 2]"
KEYS,2024-12-17,[],[],[]
KEY,2024-02-22,"[1, 2]",[],"[1, 2]"
KHC,2021-02-17,"[4, 7, 4, 5, 4, 6, 6, 3, 3, 5, 3, 4, 5, 3, 3, 2, 1, 2, 1, 4, 3, 1, 0, 2]","[6, 2, 4]","[4, 7, 4, 5, 4, 6, 6, 3, 3, 5, 3, 4, 5, 3, 3, 2, 1, 2, 1, 4, 3, 1, 0, 2, 6, 2, 4]"
KHC,2022-02-17,"[7, 7, 7, 6, 7, 5, 4, 5, 6, 3, 5, 6, 3, 3, 4, 3, 5, 6, 7]","[7, 4, 5, 3, 7]","[7, 7, 7, 6, 7, 5, 4, 5, 6, 3, 5, 6, 3, 3, 4, 3, 5, 6, 7, 7, 4, 5, 3, 7]"
KHC,2023-02-16,"[6, 3, 4, 5, 7]",[3],"[6, 3, 4, 5, 7, 3]"
KHC,2024-02-15,"[4, 2, 4, 0]",[0],"[4, 2, 4, 0, 0]"
KIM,2021-02-23,"[3, 4, 5, 3, 4, 5, 8, 1, 4, 4, 6, 7, 8, 5, 4, 5, 4, 4, 4, 4, 4, 5, 5, 6, 4, 4, 4, 4, 5]","[8, 4, 8, 5]","[3, 4, 5, 3, 4, 5, 8, 1, 4, 4, 6, 7, 8, 5, 4, 5, 4, 4, 4, 4, 4, 5, 5, 6, 4, 4, 4, 4, 5, 8, 4, 8, 5]"
KIM,2024-02-26,"[4, 3, 3, 4, 3, 2]",[],"[4, 3, 3, 4, 3, 2]"
KKR,2021-02-19,"[6, 8, 8, 4, 5]",[6],"[6, 8, 8, 4, 5, 6]"
KKR,2022-02-28,"[9, 8, 7, 4, 4, 2, 0]",[9],"[9, 8, 7, 4, 4, 2, 0, 9]"
KKR,2023-02-27,"[7, 6, 5, 4, 7, 8]",[],"[7, 6, 5, 4, 7, 8]"
KKR,2024-02-29,"[6, 4, 3, 2]",[],"[6, 4, 3, 2]"
KLAC,2021-08-06,"[7, 7, 7, 3, 4, 4, 7, 5, 1, 2, 4]","[3, 4, 4, 6]","[7, 7, 7, 3, 4, 4, 7, 5, 1, 2, 4, 3, 4, 4, 6]"
KLAC,2022-08-05,"[9, 3, 7, 3, 1, 6, 5, 1]","[3, 1]","[9, 3, 7, 3, 1, 6, 5, 1, 3, 1]"
KLAC,2023-08-04,"[5, 5, 6, 5]",[],"[5, 5, 6, 5]"
KLAC,2024-08-05,"[5, 6, 1]",[],"[5, 6, 1]"
KMB,2021-02-11,"[4, 7, 2, 6, 4]","[2, 2, 5, 5, 3, 5, 6, 1, 6, 7, 7, 8, 9, 8]","[4, 7, 2, 6, 4, 2, 2, 5, 5, 3, 5, 6, 1, 6, 7, 7, 8, 9, 8]"
KMB,2022-02-10,"[6, 4, 9, 4, 5, 5]","[4, 7, 6, 5, 4, 7, 7, 8, 8, 6, 6]","[6, 4, 9, 4, 5, 5, 4, 7, 6, 5, 4, 7, 7, 8, 8, 6, 6]"
KMB,2023-02-09,"[3, 8, 1, 3]","[5, 6, 3, 4, 5, 5]","[3, 8, 1, 3, 5, 6, 3, 4, 5, 5]"
KMB,2024-02-08,"[3, 1, 6, 1, 3, 1]","[2, 0, 2, 1, 3, 1]","[3, 1, 6, 1, 3, 1, 2, 0, 2, 1, 3, 1]"
KMI,2021-02-05,"[7, 8, 9, 7, 8, 3, 6, 7, 4, 3]",[3],"[7, 8, 9, 7, 8, 3, 6, 7, 4, 3, 3]"
KMI,2022-02-07,"[6, 6, 6, 6, 5, 3, 2, 4, 1, 4]",[],"[6, 6, 6, 6, 5, 3, 2, 4, 1, 4]"
KMI,2024-02-20,"[4, 1, 4, 6, 3, 6]",[],"[4, 1, 4, 6, 3, 6]"
KMX,2021-04-20,"[6, 4, 5, 3, 5, 6, 5, 1, 4]","[6, 6, 5, 5, 6, -2, 5, 3]","[6, 4, 5, 3, 5, 6, 5, 1, 4, 6, 6, 5, 5, 6, -2, 5, 3]"
KMX,2022-04-14,"[6, 4, 5, 4, 7, 9, 8, 4, 5]","[7, 8, 3]","[6, 4, 5, 4, 7, 9, 8, 4, 5, 7, 8, 3]"
KMX,2023-04-13,"[8, 4, 4, 5, 4]",[],"[8, 4, 4, 5, 4]"
KMX,2024-04-15,[4],[],[4]
KO,2021-02-25,"[8, 7, 6, 3, 5, 5, 5, 5, 1, 5]","[8, 7]","[8, 7, 6, 3, 5, 5, 5, 5, 1, 5, 8, 7]"
KO,2022-02-22,"[8, 7, 5, 3, 7, 4, 4, 8, 8, 5, 4, 5, 2, 7, 3]","[7, 7, 7, 8, 7, -1, 1, -2, 1, -2, -2]","[8, 7, 5, 3, 7, 4, 4, 8, 8, 5, 4, 5, 2, 7, 3, 7, 7, 7, 8, 7, -1, 1, -2, 1, -2, -2]"
KO,2023-02-21,"[6, 7, 6, 3, 4, 6, 6, 5, 4, 5, 3]",[6],"[6, 7, 6, 3, 4, 6, 6, 5, 4, 5, 3, 6]"
KO,2024-02-20,"[4, 4]",[],"[4, 4]"
KR,2021-03-30,"[5, 2, 4, 2, 6, 5, 6, 3, 2]","[7, 3, 4, 5]","[5, 2, 4, 2, 6, 5, 6, 3, 2, 7, 3, 4, 5]"
KR,2022-03-29,"[4, 4, 5, 1, 7, 8, 2, 8, 8]","[1, 7, 5]","[4, 4, 5, 1, 7, 8, 2, 8, 8, 1, 7, 5]"
KR,2023-03-28,"[5, 2, 8, 6, 6, 5, 6, 5]",[],"[5, 2, 8, 6, 6, 5, 6, 5]"
KR,2024-04-02,"[2, 4, 4, 3, 4, 4]",[],"[2, 4, 4, 3, 4, 4]"
KVUE,2024-03-01,"[3, 3, 5, 4]",[],"[3, 3, 5, 4]"
K,2021-02-22,"[8, 8, 7, 5, 6, 2, 6, 6, 5, 5, 2, 5, 6, 6]",[],"[8, 8, 7, 5, 6, 2, 6, 6, 5, 5, 2, 5, 6, 6]"
K,2022-02-22,"[8, 6, 8, 7, 6, 6, 4, 5, 5, 1, 4, 4, 4, 3]",[6],"[8, 6, 8, 7, 6, 6, 4, 5, 5, 1, 4, 4, 4, 3, 6]"
K,2023-02-21,"[8, 5, 7, 4, 3, 6, 5, 5, 3, 3, 4, 6, 1]",[2],"[8, 5, 7, 4, 3, 6, 5, 5, 3, 3, 4, 6, 1, 2]"
K,2024-02-20,"[5, 4, 5, 4, 4, 5, 4]",[],"[5, 4, 5, 4, 4, 5, 4]"
LDOS,2021-02-23,"[4, 5, 4, 4, 3, 4, 7, 5, 5, 4, 3]",[],"[4, 5, 4, 4, 3, 4, 7, 5, 5, 4, 3]"
LDOS,2022-02-15,"[5, 7, 7, 7, 6, 7, 4, 4, 1, 5]","[4, 5, 4]","[5, 7, 7, 7, 6, 7, 4, 4, 1, 5, 4, 5, 4]"
LDOS,2023-02-14,"[4, 5, 7, 6, 7, 7]","[1, 6, 4]","[4, 5, 7, 6, 7, 7, 1, 6, 4]"
LDOS,2024-02-13,"[4, 4, 5, 3, 4]",[3],"[4, 4, 5, 3, 4, 3]"
LEN,2021-01-22,"[5, 4, 6, 1, 4, 5, 2, 4, 3, 5, 2, 2]","[5, 4]","[5, 4, 6, 1, 4, 5, 2, 4, 3, 5, 2, 2, 5, 4]"
LEN,2022-01-28,"[7, 4, 5, 4, 3, 2, 1, 5, 4, 3, 3]",[],"[7, 4, 5, 4, 3, 2, 1, 5, 4, 3, 3]"
LEN,2023-01-26,"[4, 1, 6, 1, 5, 4, 3, 5]",[],"[4, 1, 6, 1, 5, 4, 3, 5]"
LEN,2024-01-26,"[5, 0, 6, 4]",[],"[5, 0, 6, 4]"
LHX,2023-02-24,"[3, 2, 4]","[9, 5]","[3, 2, 4, 9, 5]"
LHX,2024-02-20,"[4, 4, 4]",[],"[4, 4, 4]"
LH,2021-02-25,"[7, 6, 4, 6, 5, 4, 6, 4, 5, 4, 2, 2, 2]",[],"[7, 6, 4, 6, 5, 4, 6, 4, 5, 4, 2, 2, 2]"
LH,2022-02-25,"[7, 7, 7, 4, 4, 4, 5, 5, 3, 3, 3, 4, 4, 4, 1, 3]",[],"[7, 7, 7, 4, 4, 4, 5, 5, 3, 3, 3, 4, 4, 4, 1, 3]"
LH,2023-02-28,"[3, 4, 8, 7, 5, 7, 6, 6, 7, 5, 4, 5, 6, 4, 6]",[6],"[3, 4, 8, 7, 5, 7, 6, 6, 7, 5, 4, 5, 6, 4, 6, 6]"
LH,2024-02-26,"[4, 4, 4]",[],"[4, 4, 4]"
LII,2021-02-16,"[5, 6, 7, 7, 5, 4, 7, 2, 4, 5, 3, 4]","[5, 6, 7, 7, 5, 4, 7, 5, 3, 4]","[5, 6, 7, 7, 5, 4, 7, 2, 4, 5, 3, 4, 5, 6, 7, 7, 5, 4, 7, 5, 3, 4]"
LII,2022-02-15,"[4, 5, 4, 7, 5, 5, 1, 3, 5, 5, 1]","[5, 4, 2, 5, 1]","[4, 5, 4, 7, 5, 5, 1, 3, 5, 5, 1, 5, 4, 2, 5, 1]"
LII,2023-02-21,"[7, 3, 8, 5, 6, 1, 5, 6]","[6, 1, 6, 2, 1, 1]","[7, 3, 8, 5, 6, 1, 5, 6, 6, 1, 6, 2, 1, 1]"
LII,2024-02-13,"[8, 6, 2, 2]",[4],"[8, 6, 2, 2, 4]"
LIN,2021-03-01,"[7, 6, 7, 7, 3, 5]",[8],"[7, 6, 7, 7, 3, 5, 8]"
LIN,2022-02-28,"[6, 7, 5, 6, 9, 4, 5, 2]",[],"[6, 7, 5, 6, 9, 4, 5, 2]"
LIN,2023-02-28,"[6, 3, 3]",[],"[6, 3, 3]"
LIN,2024-02-28,"[4, 5, 4, -4, 5]",[],"[4, 5, 4, -4, 5]"
LKQ,2021-02-26,"[7, 4, 8, 1, 4, 3, 4, 5, 5, 3]",[4],"[7, 4, 8, 1, 4, 3, 4, 5, 5, 3, 4]"
LKQ,2022-02-25,"[8, 5, 6, 6, 5, 9, 2, 2]",[5],"[8, 5, 6, 6, 5, 9, 2, 2, 5]"
LKQ,2023-02-23,"[5, 4, 4, 4, 4, 3, 8, -2, 0]",[],"[5, 4, 4, 4, 4, 3, 8, -2, 0]"
LKQ,2024-02-22,"[4, 3, 0, 4, 4, 1, 2]",[],"[4, 3, 0, 4, 4, 1, 2]"
LLY,2021-02-17,"[4, 5, 4, 4, 4, 5, 1, 3, 4, 3]","[4, 4, 4, 5, 1, 5, 4, 3]","[4, 5, 4, 4, 4, 5, 1, 3, 4, 3, 4, 4, 4, 5, 1, 5, 4, 3]"
LLY,2022-02-23,"[5, 6, 6, 1, 5, 4, 4, 2, 3, 3, 4]","[5, 6, 6, 5, 4, 4, 2, 4, 8]","[5, 6, 6, 1, 5, 4, 4, 2, 3, 3, 4, 5, 6, 6, 5, 4, 4, 2, 4, 8]"
LLY,2023-02-22,"[6, 7, 5, 8, 9, 6, 6, 7, 5, 4, 5]","[8, 6, 6, 5, 8]","[6, 7, 5, 8, 9, 6, 6, 7, 5, 4, 5, 8, 6, 6, 5, 8]"
LLY,2024-02-21,"[6, 4, 4]",[],"[6, 4, 4]"
LMT,2021-01-28,"[3, 8, 8, 6, 4, 9, 5, 7, 7, 2, 3, 3, 2, 5, 2, 7, 5, 4, 5, 2]","[8, 8, 6, 4, 9, 5, 7, 7, 2, 2, 7, 5, 4, 5, 2]","[3, 8, 8, 6, 4, 9, 5, 7, 7, 2, 3, 3, 2, 5, 2, 7, 5, 4, 5, 2, 8, 8, 6, 4, 9, 5, 7, 7, 2, 2, 7, 5, 4, 5, 2]"
LMT,2022-01-25,"[6, 6, 8, 5, 4, 5, 6]","[6, 4, 6, 0]","[6, 6, 8, 5, 4, 5, 6, 6, 4, 6, 0]"
LMT,2023-01-26,"[5, 6, 2, 6, 5, 3, 4, 3, 2]","[6, 6, 3, 2, 5, 3]","[5, 6, 2, 6, 5, 3, 4, 3, 2, 6, 6, 3, 2, 5, 3]"
LMT,2024-01-23,"[1, 4, 0, 3, 2]",[0],"[1, 4, 0, 3, 2, 0]"
LNT,2021-02-19,"[9, 6, 6, 7, 6, 5, 6, 6, 8, 7, 6, 5, 7, 4]","[6, 4, 4, 6, 7, 8, 7, 5, 5]","[9, 6, 6, 7, 6, 5, 6, 6, 8, 7, 6, 5, 7, 4, 6, 4, 4, 6, 7, 8, 7, 5, 5]"
LNT,2022-02-18,"[7, 7, 5, 5, 5, 6, 6, 5, 4, 1]",[4],"[7, 7, 5, 5, 5, 6, 6, 5, 4, 1, 4]"
LNT,2023-02-24,"[7, 3, 1, 3]",[],"[7, 3, 1, 3]"
LNT,2024-02-16,"[6, 3, 4]",[],"[6, 3, 4]"
LOW,2021-03-22,"[5, 6, 4, 4, 4, 3, 5, 2, 3, 5, 5]","[3, 3]","[5, 6, 4, 4, 4, 3, 5, 2, 3, 5, 5, 3, 3]"
LOW,2022-03-21,"[8, 5, 6, 5, 6, 4, 5, 8, 4, -3, 4, 7, 3, 2]","[5, -2]","[8, 5, 6, 5, 6, 4, 5, 8, 4, -3, 4, 7, 3, 2, 5, -2]"
LOW,2023-03-27,"[7, 6, 6, 7, 6, 2, 6, 7, 8, 2, 2, 2]",[],"[7, 6, 6, 7, 6, 2, 6, 7, 8, 2, 2, 2]"
LOW,2024-03-25,"[6, 5, 4, 3, 3]",[],"[6, 5, 4, 3, 3]"
LRCX,2021-08-17,"[2, 6, 2, 6, 6, 4, 4]",[],"[2, 6, 2, 6, 6, 4, 4]"
LRCX,2022-08-24,"[4, 7, 5, 8, 9, 7, 6, 7]",[5],"[4, 7, 5, 8, 9, 7, 6, 7, 5]"
LRCX,2023-08-15,"[8, 4, 8, 8, 6]",[],"[8, 4, 8, 8, 6]"
LRCX,2024-08-29,"[5, 4, 4, 5, 4, 2]",[],"[5, 4, 4, 5, 4, 2]"
LULU,2021-03-30,"[9, 7, 4, 7, 5, 5, 2, 6, 7, 5, 6]","[7, 7, 6, -3]","[9, 7, 4, 7, 5, 5, 2, 6, 7, 5, 6, 7, 7, 6, -3]"
LULU,2022-03-29,"[7, 4, 5, 1, 4, 5, 5, 6, 6, 3, 3, 2, 6]",[5],"[7, 4, 5, 1, 4, 5, 5, 6, 6, 3, 3, 2, 6, 5]"
LULU,2023-03-28,"[3, 7, 1, 1, 1, 1, 2]",[1],"[3, 7, 1, 1, 1, 1, 2, 1]"
LULU,2024-03-21,"[4, 5, 4, 4, 5, 5, 6, 5, 4, 4, 4, 5, 4]","[4, 3, 5]","[4, 5, 4, 4, 5, 5, 6, 5, 4, 4, 4, 5, 4, 4, 3, 5]"
LUV,2021-02-08,"[8, 7, 6, 6, 8, 5, 4, 4, 5, 4, 4, 4, 4, 2, 2]","[5, 7]","[8, 7, 6, 6, 8, 5, 4, 4, 5, 4, 4, 4, 4, 2, 2, 5, 7]"
LUV,2022-02-07,"[9, 8, 7, 7, 6, 5, 7, 6, 4, 3, 4, 4, 3, 1]",[],"[9, 8, 7, 7, 6, 5, 7, 6, 4, 3, 4, 4, 3, 1]"
LUV,2023-02-07,"[9, 7, 8, 7, 7, 8, 8, 7, 6, 7]",[],"[9, 7, 8, 7, 7, 8, 8, 7, 6, 7]"
LUV,2024-02-06,"[5, 5, 4, 6, 4, 4, 4, 2, 5, 2]",[4],"[5, 5, 4, 6, 4, 4, 4, 2, 5, 2, 4]"
LVS,2021-02-05,"[9, 8, 7, 3, 8, 3, 4]","[6, 5, 6, -3]","[9, 8, 7, 3, 8, 3, 4, 6, 5, 6, -3]"
LVS,2022-02-04,"[8, 5, 2, 5, 4, 2, 6, 6, 7, 5, 8, 4, 5]","[2, 8]","[8, 5, 2, 5, 4, 2, 6, 6, 7, 5, 8, 4, 5, 2, 8]"
LVS,2023-02-03,"[7, 5, 2, 3, 5, 5]","[3, 4, 3, 5, 5, 3]","[7, 5, 2, 3, 5, 5, 3, 4, 3, 5, 5, 3]"
LVS,2024-02-07,"[5, 1]","[4, 4]","[5, 1, 4, 4]"
LW,2021-07-27,"[6, 8, 5, 6, 6, 6, 6, 4, 4]","[7, 7, 6]","[6, 8, 5, 6, 6, 6, 6, 4, 4, 7, 7, 6]"
LW,2022-07-27,"[6, 8, 6, 7, 5, 4, 1, 1, 3, 7, 3, 2, 5, 3, 2]",[],"[6, 8, 6, 7, 5, 4, 1, 1, 3, 7, 3, 2, 5, 3, 2]"
LW,2023-07-25,"[7, 6, 5, 4, 5, 3, 0]",[],"[7, 6, 5, 4, 5, 3, 0]"
LW,2024-07-24,"[6, 6, 5, 5, 4, 4]",[],"[6, 6, 5, 5, 4, 4]"
LYB,2021-02-25,"[7, 3, 3, 2, 5, 3, 2, 4, 2, 9, 9]",[],"[7, 3, 3, 2, 5, 3, 2, 4, 2, 9, 9]"
LYB,2022-02-24,"[6, 5, 5, 6, 2, 7, 8]",[],"[6, 5, 5, 6, 2, 7, 8]"
LYB,2023-02-23,"[6, 3, 4, 2, 5]",[0],"[6, 3, 4, 2, 5, 0]"
LYB,2024-02-22,[4],[],[4]
LYV,2021-03-01,"[8, 8, 6, 3, 5, 6, 3, 6, 4, 5, 3, 3, 3, 1]","[8, 7, 7, 4, 6, 5, 0]","[8, 8, 6, 3, 5, 6, 3, 6, 4, 5, 3, 3, 3, 1, 8, 7, 7, 4, 6, 5, 0]"
LYV,2022-02-23,"[9, 8, 7, 6, 6, 4, 5, 1, 4, 3, 3, 3]",[9],"[9, 8, 7, 6, 6, 4, 5, 1, 4, 3, 3, 3, 9]"
LYV,2023-02-23,"[8, 3, 7, 3, 1, 3, 5, 3, 2, 2, 2, 2, 2, 2, 2, 4, 2]",[2],"[8, 3, 7, 3, 1, 3, 5, 3, 2, 2, 2, 2, 2, 2, 2, 4, 2, 2]"
LYV,2024-02-22,"[4, 6, 5, 5, 4]",[],"[4, 6, 5, 5, 4]"
L,2021-02-09,"[8, 5, 6, 6, 3, 6, 7, 6, 5, 1, 7, 6, 3, 4, 7, 2, 2, 3, 4, 3]","[3, 7, 6, 3]","[8, 5, 6, 6, 3, 6, 7, 6, 5, 1, 7, 6, 3, 4, 7, 2, 2, 3, 4, 3, 3, 7, 6, 3]"
L,2022-02-08,"[7, 8, 7, 4, 3, 7, 3, 6, 5, 3, 3]",[],"[7, 8, 7, 4, 3, 7, 3, 6, 5, 3, 3]"
L,2023-02-07,"[7, 5, 5, 4, 4, 4, 4, 4, 3, 3, 5, 6, 7, 5, 3, 4]",[],"[7, 5, 5, 4, 4, 4, 4, 4, 3, 3, 5, 6, 7, 5, 3, 4]"
L,2024-02-06,"[6, 6, 6, 5, 5, 4, 6, 5, 5, 3, 4]",[],"[6, 6, 6, 5, 5, 4, 6, 5, 5, 3, 4]"
MAA,2021-02-18,"[8, 4, 5, 5, 3, 3, 3, 4, 2]","[3, 4, 5, 3, 1, 1]","[8, 4, 5, 5, 3, 3, 3, 4, 2, 3, 4, 5, 3, 1, 1]"
MAA,2022-02-17,"[8, 8, 2, 4, 5, 7, 6, 3, 4]",[],"[8, 8, 2, 4, 5, 7, 6, 3, 4]"
MAA,2023-02-14,"[7, 5, 1, 3, 4, 2, 2, 2, 2, 2, 3, 3, 3, 2, 2, 2, 1, 2, 2]",[],"[7, 5, 1, 3, 4, 2, 2, 2, 2, 2, 3, 3, 3, 2, 2, 2, 1, 2, 2]"
MAA,2024-02-09,"[4, 5, 3, 4, 3, 3, 2, 2, 3, 1]",[],"[4, 5, 3, 4, 3, 3, 2, 2, 3, 1]"
MAS,2021-02-09,"[7, 8, 5, 4, 3, 1, 4]","[3, 3, 7, 4, 4, 0, 6]","[7, 8, 5, 4, 3, 1, 4, 3, 3, 7, 4, 4, 0, 6]"
MAS,2022-02-08,"[7, 7, 8, 4, 3, 5, 4]","[7, 4, 6, 5, 5, 3, -2]","[7, 7, 8, 4, 3, 5, 4, 7, 4, 6, 5, 5, 3, -2]"
MAS,2023-02-09,"[1, 2, 1, 6, 9, 4, 1]",[],"[1, 2, 1, 6, 9, 4, 1]"
MAS,2024-02-08,"[2, 3, 2]",[],"[2, 3, 2]"
MA,2021-02-12,"[9, 7, 8, 7, 8, 8, 6, 7, 7, 6, 6, 3, 3]","[7, 8, 6, 6, 3, 6, 4, 8, 5]","[9, 7, 8, 7, 8, 8, 6, 7, 7, 6, 6, 3, 3, 7, 8, 6, 6, 3, 6, 4, 8, 5]"
MA,2022-02-11,"[7, 2, 5, 1, 1, 3, 1, 5]","[2, 5]","[7, 2, 5, 1, 1, 3, 1, 5, 2, 5]"
MA,2023-02-14,"[7, 6, 2, 3, 3, 4, 3, 4, 4, 5]",[],"[7, 6, 2, 3, 3, 4, 3, 4, 4, 5]"
MA,2024-02-13,"[4, 2, 2]",[],"[4, 2, 2]"
MCHP,2021-05-18,"[5, 7, 6, 6, 2, 2, 2, 2]","[2, 5, 4, 2]","[5, 7, 6, 6, 2, 2, 2, 2, 2, 5, 4, 2]"
MCHP,2022-05-20,"[3, 2, 2, 2, 3, 2, 2, 3, 1, 5, 9, 3, 1, 2, 6]","[3, 2]","[3, 2, 2, 2, 3, 2, 2, 3, 1, 5, 9, 3, 1, 2, 6, 3, 2]"
MCHP,2023-05-25,"[6, 5, 4, 7, 9, 6, 6, 4, 4, 5, 7, 5, 3, 2]",[],"[6, 5, 4, 7, 9, 6, 6, 4, 4, 5, 7, 5, 3, 2]"
MCHP,2024-05-23,"[3, 6, 6, 7, 4, 5, 2]",[],"[3, 6, 6, 7, 4, 5, 2]"
MCK,2021-05-12,"[6, 5, 6, 2, 5, 5, 2, 2, 3, 1, 3, 4, 4, 4, 3]","[2, 2]","[6, 5, 6, 2, 5, 5, 2, 2, 3, 1, 3, 4, 4, 4, 3, 2, 2]"
MCK,2022-05-09,"[6, 3, 7, 6]","[7, 5, 4]","[6, 3, 7, 6, 7, 5, 4]"
MCK,2023-05-09,"[7, 5, 6, 5, 3, 4, 1, 3, 2, 6, 2, 4]","[4, 4]","[7, 5, 6, 5, 3, 4, 1, 3, 2, 6, 2, 4, 4, 4]"
MCK,2024-05-08,"[4, 5]","[1, 1]","[4, 5, 1, 1]"
MCO,2021-02-22,"[6, 5, 4, 4, 4, 4, 4, 5, 2, 4]","[4, -2]","[6, 5, 4, 4, 4, 4, 4, 5, 2, 4, 4, -2]"
MCO,2022-02-22,"[5, 8, 6, 5, 5, 6, 3, 3, 5, 5, 2, 4, 4, 2]","[2, 0]","[5, 8, 6, 5, 5, 6, 3, 3, 5, 5, 2, 4, 4, 2, 2, 0]"
MCO,2023-02-15,"[7, 4, 6, 3, 2, 2, 2]","[7, -5]","[7, 4, 6, 3, 2, 2, 2, 7, -5]"
MCO,2024-02-14,"[5, 6]",[],"[5, 6]"
MDLZ,2021-02-05,"[6, 7, 6, 5, 6, 4, 6, -1]","[6, 6, -1, 6, 6]","[6, 7, 6, 5, 6, 4, 6, -1, 6, 6, -1, 6, 6]"
MDLZ,2022-02-04,"[2, 1, 6, 3, 5, 5, 6, 3, 4, 0, 4, 3]","[3, 5, 6, 3]","[2, 1, 6, 3, 5, 5, 6, 3, 4, 0, 4, 3, 3, 5, 6, 3]"
MDLZ,2023-02-03,"[5, 4, 6, 8, 8, 6, 4, 6, 3]","[5, 1, 2]","[5, 4, 6, 8, 8, 6, 4, 6, 3, 5, 1, 2]"
MDLZ,2024-02-02,"[4, 5, 4, 6, 5, 5, 5, 4]",[],"[4, 5, 4, 6, 5, 5, 5, 4]"
MDT,2021-06-25,"[7, 4, 6, 4, 8, 5, -1, 6, 4, 4, 5, 3, 3, 4]","[7, 1, 3, 2]","[7, 4, 6, 4, 8, 5, -1, 6, 4, 4, 5, 3, 3, 4, 7, 1, 3, 2]"
MDT,2022-06-23,"[8, 7, 6, 8, 5, 4, 5, 5, 3, 4, 4, 3]",[],"[8, 7, 6, 8, 5, 4, 5, 5, 3, 4, 4, 3]"
MDT,2023-06-22,"[4, 6, 4, 4, 5, 4, 5, 4, 5, 5]",[],"[4, 6, 4, 4, 5, 4, 5, 4, 5, 5]"
MDT,2024-06-20,"[5, 6, 4, 4, 4]",[],"[5, 6, 4, 4, 4]"
META,2021-01-28,"[8, 7, 8, 6, 7, 5, 4]",[7],"[8, 7, 8, 6, 7, 5, 4, 7]"
META,2022-02-03,"[8, 7, 7, 6, 4, 5, 4, 1]","[6, 4, 1]","[8, 7, 7, 6, 4, 5, 4, 1, 6, 4, 1]"
META,2023-02-02,"[9, 4, 6, 4, 5]",[4],"[9, 4, 6, 4, 5, 4]"
META,2024-02-02,"[5, 6, 5, 4, 1]",[],"[5, 6, 5, 4, 1]"
MET,2021-02-19,"[8, 8, 8, 9, 7, 6]",[8],"[8, 8, 8, 9, 7, 6, 8]"
MET,2024-02-16,"[4, 5, 3, 2, 2]",[3],"[4, 5, 3, 2, 2, 3]"
MGM,2021-02-26,"[9, 7, 7, 5, 5, 6, 4, 4, 3]","[4, 4]","[9, 7, 7, 5, 5, 6, 4, 4, 3, 4, 4]"
MGM,2022-02-25,"[8, 7, 6, 3, 4, 4, 4, 6, 5]","[4, 5]","[8, 7, 6, 3, 4, 4, 4, 6, 5, 4, 5]"
MGM,2023-02-24,"[8, 4, 5, 6, 3, 3]","[7, 4]","[8, 4, 5, 6, 3, 3, 7, 4]"
MGM,2024-02-23,"[1, 1, 3, 3]","[5, 3, 2, 3, -1, -2]","[1, 1, 3, 3, 5, 3, 2, 3, -1, -2]"
MHK,2021-02-24,"[3, 7, 4, 7, 2, 5, 2, 0, 2, 2]","[7, 1, -2, 5, 3, 6, 6, 7]","[3, 7, 4, 7, 2, 5, 2, 0, 2, 2, 7, 1, -2, 5, 3, 6, 6, 7]"
MHK,2022-02-23,"[7, 7, 7, 5, 4, 2]","[7, 4, 2, 5, 1]","[7, 7, 7, 5, 4, 2, 7, 4, 2, 5, 1]"
MHK,2023-02-22,"[8, 4, 3, 4, 4, 2, 6, 0, 3, 2, 2, 2, 1, 1, 1]","[8, 3, 4, 1, 3]","[8, 4, 3, 4, 4, 2, 6, 0, 3, 2, 2, 2, 1, 1, 1, 8, 3, 4, 1, 3]"
MHK,2024-02-23,"[4, 3, 3]",[],"[4, 3, 3]"
MKC,2021-01-28,"[3, 7, 5, 3, 7, 6, 5]","[7, 5, 5, 5, 3, 6]","[3, 7, 5, 3, 7, 6, 5, 7, 5, 5, 5, 3, 6]"
MKC,2022-01-27,"[6, 6, 1, 6, 6, 6, 5, 5, 2, 3, 6, 6, 6]","[6, 6, 2, 5]","[6, 6, 1, 6, 6, 6, 5, 5, 2, 3, 6, 6, 6, 6, 6, 2, 5]"
MKC,2023-01-26,"[4, 8, 7, 4, 4, 6, 4, 4]","[4, 6]","[4, 8, 7, 4, 4, 6, 4, 4, 4, 6]"
MKC,2024-01-25,"[5, 4, 6, 5, 4, 3]",[],"[5, 4, 6, 5, 4, 3]"
MKTX,2021-02-19,"[7, 5, 7, 1, 4, 5, 2]","[7, -3]","[7, 5, 7, 1, 4, 5, 2, 7, -3]"
MKTX,2022-02-23,"[8, 5, 1, 2, 2, 3, 3, 3, 5, 2, 3, 1]","[5, 3]","[8, 5, 1, 2, 2, 3, 3, 3, 5, 2, 3, 1, 5, 3]"
MKTX,2023-02-22,"[6, 7, 7, 3, 1, 0]",[0],"[6, 7, 7, 3, 1, 0, 0]"
MKTX,2024-02-22,"[5, 2, 1, 6]",[],"[5, 2, 1, 6]"
MLM,2021-02-19,"[3, 2, 7, 5, 2, 2, 5, 4, 0, 4]",[3],"[3, 2, 7, 5, 2, 2, 5, 4, 0, 4, 3]"
MLM,2022-02-22,"[8, 6, 6, 0, 5, 4]",[],"[8, 6, 6, 0, 5, 4]"
MLM,2023-02-24,"[6, 4, 4, 7, 0, 1, 2]",[],"[6, 4, 4, 7, 0, 1, 2]"
MLM,2024-02-23,"[3, 3, 4, 6, 0, 1, 2]",[],"[3, 3, 4, 6, 0, 1, 2]"
MMC,2021-02-17,"[7, 8, 6, 7, 6, 5, 6, 5, 8, 4, 6]","[7, 8]","[7, 8, 6, 7, 6, 5, 6, 5, 8, 4, 6, 7, 8]"
MMC,2022-02-16,"[6, 6, 4, 0, 4, 5, 6, 5, 3, 4, 3, 8, 0, 3, 4]",[],"[6, 6, 4, 0, 4, 5, 6, 5, 3, 4, 3, 8, 0, 3, 4]"
MMC,2023-02-13,"[8, 5, 7, 5, 4, 6, 8, 3]",[],"[8, 5, 7, 5, 4, 6, 8, 3]"
MMC,2024-02-12,"[4, 3, 2, 0, 0, 2]",[],"[4, 3, 2, 0, 0, 2]"
MMM,2021-02-04,"[4, 4, 6, 7, 7, 8, 6, 7, 6, 5, 3, 5, 6, 3, 4, 4]","[6, 7, 7, 6, 5, 7, 2, 1]","[4, 4, 6, 7, 7, 8, 6, 7, 6, 5, 3, 5, 6, 3, 4, 4, 6, 7, 7, 6, 5, 7, 2, 1]"
MMM,2022-02-09,"[3, 5, 4, 7, 5, 4, 2, 4, 4, 5, 3, 3, 3, 4]","[2, 4, 3]","[3, 5, 4, 7, 5, 4, 2, 4, 4, 5, 3, 3, 3, 4, 2, 4, 3]"
MMM,2023-02-08,"[4, 5, 7, 9, 8, 7, 6, 5, 5, 4, 6]","[5, 5, 7, 4]","[4, 5, 7, 9, 8, 7, 6, 5, 5, 4, 6, 5, 5, 7, 4]"
MMM,2024-02-07,[6],"[5, 4]","[6, 5, 4]"
MNST,2021-03-01,"[8, 6, 6, 5, 4, 2]","[8, 6, 6, 5, 3, 1, -1, 5]","[8, 6, 6, 5, 4, 2, 8, 6, 6, 5, 3, 1, -1, 5]"
MNST,2022-02-28,"[7, 6, 8, 4, 5]","[7, 8, 5, 5, -3]","[7, 6, 8, 4, 5, 7, 8, 5, 5, -3]"
MNST,2023-03-01,"[6, 8, 7, 8, 5, 4]","[6, 5]","[6, 8, 7, 8, 5, 4, 6, 5]"
MNST,2024-02-29,"[4, 5, 6, 6, 6, 4]","[5, 2]","[4, 5, 6, 6, 6, 4, 5, 2]"
MOS,2021-02-22,"[5, 6, 5, 4, 3, 4, 5, -4, -2, 2]",[],"[5, 6, 5, 4, 3, 4, 5, -4, -2, 2]"
MOS,2022-02-23,"[5, 7, 1, 4, 6, 0, 4, 2, 5, 1, 3]",[],"[5, 7, 1, 4, 6, 0, 4, 2, 5, 1, 3]"
MOS,2023-02-23,"[8, 9, 3, 7, -2, 9, 2, 3]",[],"[8, 9, 3, 7, -2, 9, 2, 3]"
MOS,2024-02-22,"[2, 4, 2, 6, 2, 1]",[],"[2, 4, 2, 6, 2, 1]"
MO,2021-02-26,"[7, 8, 6, 6, 6, 5]","[5, 6, 10, 8, -2]","[7, 8, 6, 6, 6, 5, 5, 6, 10, 8, -2]"
MO,2022-02-25,"[7, 5, 5, 5, 3, 4, 5, -3]","[4, 1, 0, -2, -1, 0, -3, 0]","[7, 5, 5, 5, 3, 4, 5, -3, 4, 1, 0, -2, -1, 0, -3, 0]"
MO,2023-02-27,"[7, 5, 3, 2, 3, 9, 3]","[3, 10, 5, 9]","[7, 5, 3, 2, 3, 9, 3, 3, 10, 5, 9]"
MO,2024-02-27,"[3, 2, 2, 2, 6, 2]",[2],"[3, 2, 2, 2, 6, 2, 2]"
MPC,2021-02-26,"[8, 7, 6, 3, 1, 2]",[8],"[8, 7, 6, 3, 1, 2, 8]"
MPC,2022-02-24,"[9, 8, 7, 4, 6, 2]","[9, 5, 2, 3, -1]","[9, 8, 7, 4, 6, 2, 9, 5, 2, 3, -1]"
MPC,2023-02-23,"[8, 7, 5, 5, 4, 4]","[8, 3]","[8, 7, 5, 5, 4, 4, 8, 3]"
MPC,2024-02-28,[4],[],[4]
MPWR,2021-03-01,"[4, 3, 5, 6, 7, 3, 5, 3, 3, 5, 8, 4, 5, 4]","[0, 3, 5]","[4, 3, 5, 6, 7, 3, 5, 3, 3, 5, 8, 4, 5, 4, 0, 3, 5]"
MPWR,2022-02-25,"[4, 6, 7, 4, 3, -2, 1, 3, 2, 3]",[-2],"[4, 6, 7, 4, 3, -2, 1, 3, 2, 3, -2]"
MPWR,2023-02-24,"[5, 4, 5, 7, 6, 5, 2, 2, 1]","[4, 5]","[5, 4, 5, 7, 6, 5, 2, 2, 1, 4, 5]"
MPWR,2024-02-29,"[4, 2]",[],"[4, 2]"
MRK,2021-02-25,"[7, 10, 8, 8, 7, 7, 4]","[7, 10, 8, 8, 4]","[7, 10, 8, 8, 7, 7, 4, 7, 10, 8, 8, 4]"
MRK,2022-02-25,"[8, 5, 6, 6, 7, 10, 2, 5, 3, 2]","[8, 6, 10]","[8, 5, 6, 6, 7, 10, 2, 5, 3, 2, 8, 6, 10]"
MRK,2023-02-24,"[8, 6, 7, 4, 5]","[8, 4]","[8, 6, 7, 4, 5, 8, 4]"
MRK,2024-02-26,"[3, 1]","[3, 4]","[3, 1, 3, 4]"
MRNA,2021-02-26,"[8, 7, 5, 6, 7, 6, 7, 1, 5, 7, 5]",[1],"[8, 7, 5, 6, 7, 6, 7, 1, 5, 7, 5, 1]"
MRNA,2022-02-25,"[8, 7, 7, 7, 7, 8, 8, 6, 5]",[],"[8, 7, 7, 7, 7, 8, 8, 6, 5]"
MRNA,2023-02-24,"[8, 6, 6, 5, 5]",[],"[8, 6, 6, 5, 5]"
MRNA,2024-02-23,"[5, 5, 5, 3, 1]",[],"[5, 5, 5, 3, 1]"
MSCI,2021-02-12,"[2, 4, 7, 2, 2, 2, 2, 0, 1, 1, 0, 2, 2, 1, 2]",[],"[2, 4, 7, 2, 2, 2, 2, 0, 1, 1, 0, 2, 2, 1, 2]"
MSCI,2022-02-11,"[3, 2, 6, 4, 2, 1, 2, 4, 4, 1, 1]",[],"[3, 2, 6, 4, 2, 1, 2, 4, 4, 1, 1]"
MSCI,2023-02-10,"[6, 6, 4, 4, 4, 1, 0, 3, 2, 5, 1]",[],"[6, 6, 4, 4, 4, 1, 0, 3, 2, 5, 1]"
MSCI,2024-02-09,"[5, 4, 5, 2]",[],"[5, 4, 5, 2]"
MSFT,2021-07-29,"[4, 5, 2, 2, 7, 5, 5, 4, 5, 5, 2]","[6, 0, 0, 1, 5]","[4, 5, 2, 2, 7, 5, 5, 4, 5, 5, 2, 6, 0, 0, 1, 5]"
MSFT,2022-07-28,"[5, 5, 3, 2, 2, 2, 1]",[],"[5, 5, 3, 2, 2, 2, 1]"
MSFT,2023-07-27,"[5, 4, 3, 3, 2]",[],"[5, 4, 3, 3, 2]"
MSFT,2024-07-30,"[5, 3, 1, 1]",[],"[5, 3, 1, 1]"
MSI,2021-02-12,[],"[5, 5, 1, 0, 0, 0, 0, 3, 6, 4, 0, 0, 2, 5, 3, 4]","[5, 5, 1, 0, 0, 0, 0, 3, 6, 4, 0, 0, 2, 5, 3, 4]"
MSI,2022-02-16,[],"[8, 6, 7, 5, 4, -1, 3, -2, -2, 4, -2]","[8, 6, 7, 5, 4, -1, 3, -2, -2, 4, -2]"
MSI,2023-02-16,"[3, 5]",[5],"[3, 5, 5]"
MSI,2024-02-15,"[3, 7, 6, 4, 3]",[],"[3, 7, 6, 4, 3]"
MTB,2021-02-22,"[7, 6, 7, 5, 5, 6, 4, 4, 3, 3]",[7],"[7, 6, 7, 5, 5, 6, 4, 4, 3, 3, 7]"
MTB,2022-02-16,"[8, 7, 6, 6, 5, 4, 1, 6, 0, 3, 4, 5]","[8, 7, 5]","[8, 7, 6, 6, 5, 4, 1, 6, 0, 3, 4, 5, 8, 7, 5]"
MTB,2023-02-22,"[7, 7, 6, 8, 7, 6]",[],"[7, 7, 6, 8, 7, 6]"
MTB,2024-02-21,"[4, 4, 5, 4, 5]",[],"[4, 4, 5, 4, 5]"
MTCH,2021-02-25,"[6, 5, 7, 7, 6, 8, 6, 3, 2, 4]","[8, 1, 4]","[6, 5, 7, 7, 6, 8, 6, 3, 2, 4, 8, 1, 4]"
MTCH,2022-02-24,"[4, 5, 6, 5, 5, 6, 2, 0, 1, 4]","[7, 1, 0, 0, 2, 0]","[4, 5, 6, 5, 5, 6, 2, 0, 1, 4, 7, 1, 0, 0, 2, 0]"
MTCH,2023-02-24,"[5, 6, 5, 4, 5, 3, 2]","[4, 1]","[5, 6, 5, 4, 5, 3, 2, 4, 1]"
MTCH,2024-02-23,"[3, 4, 5, 5, 0, 1, 3]",[],"[3, 4, 5, 5, 0, 1, 3]"
MTD,2021-02-08,"[9, 8, 7, 8, 4, 4, 7]","[7, 8, 4, 7, 4, 0]","[9, 8, 7, 8, 4, 4, 7, 7, 8, 4, 7, 4, 0]"
MTD,2022-02-11,"[8, 5, 5, 5, 7, 3, 5, 3]","[5, 7, 3, 5, 5]","[8, 5, 5, 5, 7, 3, 5, 3, 5, 7, 3, 5, 5]"
MTD,2023-02-10,"[8, 4, 4, 6, 5, 5, 6, 6, 6, 6, 6, 3, 4, 4, 6, 5, 2, 2, 5, 1, 3]","[6, 6, 3, 4, 6, 1, 1, 1, 5, 3, 1]","[8, 4, 4, 6, 5, 5, 6, 6, 6, 6, 6, 3, 4, 4, 6, 5, 2, 2, 5, 1, 3, 6, 6, 3, 4, 6, 1, 1, 1, 5, 3, 1]"
MTD,2024-02-09,"[6, 1, 3, 3, 2, 2, 5, 2, 2, 2]",[2],"[6, 1, 3, 3, 2, 2, 5, 2, 2, 2, 2]"
MU,2021-10-08,"[3, 6, 7, 6, 6, 6, 5, 8, 5, 7, 3, 4, 3, 2, 4, 7, 6, 7]",[3],"[3, 6, 7, 6, 6, 6, 5, 8, 5, 7, 3, 4, 3, 2, 4, 7, 6, 7, 3]"
MU,2022-10-07,"[3, 4, 4, 5, 4, 5, 4, 6, 4, 3]",[],"[3, 4, 4, 5, 4, 5, 4, 6, 4, 3]"
MU,2023-10-06,"[4, 5, 2, 3]",[],"[4, 5, 2, 3]"
MU,2024-10-04,"[6, 3, 1, 3]",[],"[6, 3, 1, 3]"
NCLH,2021-02-26,"[9, 9, 10, 8, 6, 7, 10, 7, 6, 8, 8, 7, 8]","[9, 10, 6]","[9, 9, 10, 8, 6, 7, 10, 7, 6, 8, 8, 7, 8, 9, 10, 6]"
NCLH,2022-03-01,"[7, 7, 7, 7, 8, 5, 5, 6, 5, 5, 4, 5]","[7, 7]","[7, 7, 7, 7, 8, 5, 5, 6, 5, 5, 4, 5, 7, 7]"
NCLH,2023-02-28,"[6, 7, 8, 4, 4, 4, 4, 5, 4, 4]","[8, 4, 4, -2]","[6, 7, 8, 4, 4, 4, 4, 5, 4, 4, 8, 4, 4, -2]"
NCLH,2024-02-28,"[3, 3, 3, 4, 2, 3, 5, 3, 4, 2, 1, 2]","[3, 2]","[3, 3, 3, 4, 2, 3, 5, 3, 4, 2, 1, 2, 3, 2]"
NDAQ,2021-02-23,"[4, 5, 6, 4, 1, 6, 4, 2, 3, 3, 5, 5, 3]","[4, 5]","[4, 5, 6, 4, 1, 6, 4, 2, 3, 3, 5, 5, 3, 4, 5]"
NDAQ,2022-02-23,"[3, 2, 2, 3, 3, 4, 3, 3, 1, 2, 5, 2]","[3, 2]","[3, 2, 2, 3, 3, 4, 3, 3, 1, 2, 5, 2, 3, 2]"
NDAQ,2023-02-23,"[4, 5, 3, 3]",[],"[4, 5, 3, 3]"
NDAQ,2024-02-21,"[4, 4, 4, 3]",[],"[4, 4, 4, 3]"
NDSN,2021-12-17,"[9, 8, 4, 3, 4, 5, 4, 3, 6, 3, 1]",[],"[9, 8, 4, 3, 4, 5, 4, 3, 6, 3, 1]"
NDSN,2022-12-19,"[7, 5, 7, 4, 6, 5, 7, 6, 2, 1]",[],"[7, 5, 7, 4, 6, 5, 7, 6, 2, 1]"
NDSN,2023-12-20,"[6, 3, 1]",[1],"[6, 3, 1, 1]"
NDSN,2024-12-18,"[6, 3]",[],"[6, 3]"
NEE,2021-02-12,"[6, 5, 5, 3, 1, 2, 0, 3, 0]","[0, 0]","[6, 5, 5, 3, 1, 2, 0, 3, 0, 0, 0]"
NEE,2022-02-18,"[7, 7, 5, 2, 2, 5]",[],"[7, 7, 5, 2, 2, 5]"
NEE,2023-02-17,"[4, 4, 2, 1, 2, 4]",[],"[4, 4, 2, 1, 2, 4]"
NEE,2024-02-16,"[5, 4, 3, 1, 1, 3]",[],"[5, 4, 3, 1, 1, 3]"
NFLX,2021-01-28,"[7, 7, 5, 2, 6, 5, 2, 6, 6, 5, 7, 5, 3, 1, 3, 1, 2, 3, 5]","[5, 2, 6, 5, 2, 3]","[7, 7, 5, 2, 6, 5, 2, 6, 6, 5, 7, 5, 3, 1, 3, 1, 2, 3, 5, 5, 2, 6, 5, 2, 3]"
NFLX,2022-01-27,"[9, 4, 6, 4, 1, 3, 3, 3, 2, 3, 4, 4, 2]","[1, 3, 3, 2, 2, 2, 3, 3]","[9, 4, 6, 4, 1, 3, 3, 3, 2, 3, 4, 4, 2, 1, 3, 3, 2, 2, 2, 3, 3]"
NFLX,2023-01-26,"[5, 7, 4, -1, 3, 2]","[2, 4]","[5, 7, 4, -1, 3, 2, 2, 4]"
NFLX,2024-01-26,[5],[],[5]
NI,2021-02-17,"[7, 6, 7, 3, 3, 3, 3, 3, 3, 2, 2, 4, 2, 2, 3, 4, 4]","[7, 3]","[7, 6, 7, 3, 3, 3, 3, 3, 3, 2, 2, 4, 2, 2, 3, 4, 4, 7, 3]"
NI,2022-02-23,"[8, 7, 5, 4, 1, 2]",[],"[8, 7, 5, 4, 1, 2]"
NI,2023-02-22,"[7, 1, 2, 3, 1, 0, 2]",[],"[7, 1, 2, 3, 1, 0, 2]"
NI,2024-02-21,"[6, 2]",[],"[6, 2]"
NKE,2021-07-20,"[5, 5, 5, 0, 4, 7, 5, 6, 6, 5, 4]","[6, 7, 6]","[5, 5, 5, 0, 4, 7, 5, 6, 6, 5, 4, 6, 7, 6]"
NKE,2022-07-21,"[8, 7, 9, 8, 6, 4]","[8, 6, 6, 5, 6, 8, 5, 7]","[8, 7, 9, 8, 6, 4, 8, 6, 6, 5, 6, 8, 5, 7]"
NKE,2023-07-20,"[7, 4, 4, 8, 7]",[],"[7, 4, 4, 8, 7]"
NKE,2024-07-25,"[4, 4, 6, 2, 5, 3, 4, 4, 5, 3, 4, 3, 4]",[],"[4, 4, 6, 2, 5, 3, 4, 4, 5, 3, 4, 3, 4]"
NOC,2021-01-28,"[6, 7, 5, 6, 6, 5, 3, 4, 6, 5, 6, 3, 4, 5, -4]","[4, -2, 4, 4, -2, -4, 3]","[6, 7, 5, 6, 6, 5, 3, 4, 6, 5, 6, 3, 4, 5, -4, 4, -2, 4, 4, -2, -4, 3]"
NOC,2022-01-27,"[3, 7, 5, 5, 3, 5, 3, 3, 3, 3, 2, 2, 3]",[5],"[3, 7, 5, 5, 3, 5, 3, 3, 3, 3, 2, 2, 3, 5]"
NOC,2023-01-26,"[4, 3, 8, 5, -1, 5, 3, 3, 2]",[],"[4, 3, 8, 5, -1, 5, 3, 3, 2]"
NOC,2024-01-25,"[6, 5, 4]","[1, 0]","[6, 5, 4, 1, 0]"
NOW,2021-02-12,"[4, 8, 7, 6, 2, 5, 7, 3, 6, 7, 2]","[4, 6, 6, 7, -3, 1]","[4, 8, 7, 6, 2, 5, 7, 3, 6, 7, 2, 4, 6, 6, 7, -3, 1]"
NOW,2022-02-03,"[4, 4, 7, 8, 4, 2, 1, 4, 6, 2]",[1],"[4, 4, 7, 8, 4, 2, 1, 4, 6, 2, 1]"
NOW,2023-01-31,"[4, 5, 4]",[],"[4, 5, 4]"
NOW,2024-01-25,"[4, 2]",[],"[4, 2]"
NRG,2021-03-01,"[8, 2, 2, 6, 2, 1, 2, 1]","[2, 4]","[8, 2, 2, 6, 2, 1, 2, 1, 2, 4]"
NRG,2022-02-24,"[7, 3, 3, 3, 3, 2, 1, 2, 1, 4]","[3, 3, 2, -3]","[7, 3, 3, 3, 3, 2, 1, 2, 1, 4, 3, 3, 2, -3]"
NRG,2023-02-23,"[4, 8, 5, 4, 4, 3, 5]","[4, 5, -2]","[4, 8, 5, 4, 4, 3, 5, 4, 5, -2]"
NRG,2024-02-28,[],[],[]
NTAP,2021-06-21,"[4, 6, 1, 2, 3, 2, 6, 2, 2, 2, 7, 6, 5, 5, 5, 3, 2, 4]","[6, 3, 3, 3, 2]","[4, 6, 1, 2, 3, 2, 6, 2, 2, 2, 7, 6, 5, 5, 5, 3, 2, 4, 6, 3, 3, 3, 2]"
NTAP,2022-06-16,"[9, 7, 10, 8, 4, 2]","[8, 4]","[9, 7, 10, 8, 4, 2, 8, 4]"
NTAP,2023-06-14,"[4, 5, 5]",[],"[4, 5, 5]"
NTAP,2024-06-10,"[4, 3, 2]",[],"[4, 3, 2]"
NTRS,2021-02-23,"[8, 7, 7, 4, 5, 5, 3, 3, 4, 2]","[8, 4, 2]","[8, 7, 7, 4, 5, 5, 3, 3, 4, 2, 8, 4, 2]"
NTRS,2022-02-28,"[7, 6, 7, 4, 4, 4, 4, 1]","[7, 4]","[7, 6, 7, 4, 4, 4, 4, 1, 7, 4]"
NTRS,2023-02-28,"[6, 5, 4, 1]",[],"[6, 5, 4, 1]"
NTRS,2024-02-27,"[4, 4, 3, 5]",[],"[4, 4, 3, 5]"
NUE,2021-02-26,"[6, 9, 7, 5, 8]","[6, 9, 8]","[6, 9, 7, 5, 8, 6, 9, 8]"
NUE,2022-02-28,"[5, 3, 5, 4, 8, 6, 5, 4, 6, 4, 3, 2]",[1],"[5, 3, 5, 4, 8, 6, 5, 4, 6, 4, 3, 2, 1]"
NUE,2023-03-01,"[2, 5, 3, 5, 2, 7, 4, 4, 3, 7, 2, 1]",[],"[2, 5, 3, 5, 2, 7, 4, 4, 3, 7, 2, 1]"
NUE,2024-02-27,"[4, 3, 1, 6, 2, 2, 6]",[],"[4, 3, 1, 6, 2, 2, 6]"
NVDA,2021-02-26,"[5, 2, 7, 2, 7, 7, 3, 7, 7, 5, 5, 2, 6, 8, 7, 5]","[5, 7]","[5, 2, 7, 2, 7, 7, 3, 7, 7, 5, 5, 2, 6, 8, 7, 5, 5, 7]"
NVDA,2022-03-18,"[1, 7, 5, 8, 1, 6, 3, 5, 0, 6, 2, 4, 7]","[2, 4, 1, 0, 6]","[1, 7, 5, 8, 1, 6, 3, 5, 0, 6, 2, 4, 7, 2, 4, 1, 0, 6]"
NVDA,2023-02-24,"[8, 7, 8, 5, 8, 7, 6, 1, 6, 5, 4, 4, 5]","[5, 8]","[8, 7, 8, 5, 8, 7, 6, 1, 6, 5, 4, 4, 5, 5, 8]"
NVDA,2024-02-21,"[4, 4, 3, 4]",[],"[4, 4, 3, 4]"
NVR,2021-02-12,"[6, 4, 5, 3, 5, 4]","[5, 3, 4, 3]","[6, 4, 5, 3, 5, 4, 5, 3, 4, 3]"
NVR,2022-02-16,"[6, 4, 3, 4, 7, 1, 2, 4, 6, 4]","[6, 2, 4, 1]","[6, 4, 3, 4, 7, 1, 2, 4, 6, 4, 6, 2, 4, 1]"
NVR,2023-02-15,"[8, 5, 9, 5, 2, 1, 2, 6, 5]",[],"[8, 5, 9, 5, 2, 1, 2, 6, 5]"
NVR,2024-02-14,"[5, 1, 5, 1, 3, 2]",[3],"[5, 1, 5, 1, 3, 2, 3]"
NWS,2021-08-10,"[4, 9, 4, 5, 4, 6, 2, 7, 2, 0, 1, 2, 4, 1]",[],"[4, 9, 4, 5, 4, 6, 2, 7, 2, 0, 1, 2, 4, 1]"
NWS,2022-08-12,"[8, 8, 6, 3, 5, 3]",[],"[8, 8, 6, 3, 5, 3]"
NWS,2023-08-15,"[6, 1, 2, 3, 0]",[],"[6, 1, 2, 3, 0]"
NWS,2024-08-13,"[4, 5, 6, 4]",[],"[4, 5, 6, 4]"
NXPI,2021-02-25,"[4, 5, 4, 3, 7, 2, 5, 3, 2, 4, 3, 5]","[5, 7, 1]","[4, 5, 4, 3, 7, 2, 5, 3, 2, 4, 3, 5, 5, 7, 1]"
NXPI,2022-02-24,"[6, 6, 3, 7, 2, 3, 5, 4, 3]",[3],"[6, 6, 3, 7, 2, 3, 5, 4, 3, 3]"
NXPI,2023-03-01,"[8, 7, 3, 8, 3, 1]",[],"[8, 7, 3, 8, 3, 1]"
NXPI,2024-02-22,"[7, 3, 2]",[],"[7, 3, 2]"
ODFL,2021-02-24,"[7, 7, 6, 4, 7, 7, 3, 4, 4, 3, 3]","[5, 0]","[7, 7, 6, 4, 7, 7, 3, 4, 4, 3, 3, 5, 0]"
ODFL,2022-02-23,"[4, 7, 4, 2, 5, 5, 2, 2, 1, 1, 3, 1]",[],"[4, 7, 4, 2, 5, 5, 2, 2, 1, 1, 3, 1]"
ODFL,2023-02-22,"[5, 1, 8, 3, 2, 1]",[],"[5, 1, 8, 3, 2, 1]"
ODFL,2024-02-26,[5],[],[5]
OKE,2021-02-23,"[8, 7, 7, 7, 4, 8, 5, 5, 6, 3, 2]","[8, 2, 4]","[8, 7, 7, 7, 4, 8, 5, 5, 6, 3, 2, 8, 2, 4]"
OKE,2022-03-01,"[5, 7, 7, 1, 5, 1, 1, 1, 4]",[5],"[5, 7, 7, 1, 5, 1, 1, 1, 4, 5]"
OKE,2023-02-28,"[6, 2, 2, 4, 6, 6, 2, 6, 2]","[2, 4]","[6, 2, 2, 4, 6, 6, 2, 6, 2, 2, 4]"
OKE,2024-02-27,"[3, 1, 2]",[],"[3, 1, 2]"
ON,2021-02-16,"[4, 7, 4, 5, 2]","[6, 6, 9, 2, -2]","[4, 7, 4, 5, 2, 6, 6, 9, 2, -2]"
ON,2022-02-14,"[8, 7, 8, 10, 8, 6, 5, 6, 8]","[8, 7, 1, 1, 7, 6]","[8, 7, 8, 10, 8, 6, 5, 6, 8, 8, 7, 1, 1, 7, 6]"
ON,2023-02-06,"[4, 3, 7, 8, 6, 3, 1, 0, 0]",[5],"[4, 3, 7, 8, 6, 3, 1, 0, 0, 5]"
ON,2024-02-05,"[4, 5, 2, 3, 1]",[],"[4, 5, 2, 3, 1]"
ORCL,2021-06-21,"[8, 6, 5, 2, 4, 5, 7, 3, 1, 1, 5]",[],"[8, 6, 5, 2, 4, 5, 7, 3, 1, 1, 5]"
ORCL,2022-06-21,"[8, 7, 8, 4, 5, 5, 6, 3, 3, 5, 4, 5, 3, 2]",[],"[8, 7, 8, 4, 5, 5, 6, 3, 3, 5, 4, 5, 3, 2]"
ORCL,2023-06-20,"[6, 7, 5, 1, 1, 2]",[],"[6, 7, 5, 1, 1, 2]"
ORCL,2024-06-20,"[4, 2, 4, 1]",[],"[4, 2, 4, 1]"
ORLY,2021-02-26,"[5, 4, 5, 5, 4, 5, 6, 4]","[5, 6, 5, 0, 1, 2]","[5, 4, 5, 5, 4, 5, 6, 4, 5, 6, 5, 0, 1, 2]"
ORLY,2022-02-28,"[6, 4, 5, 2, 5, 2, 4, 4]","[5, 4, 5, 1, 0, 3, 0, 1, 5]","[6, 4, 5, 2, 5, 2, 4, 4, 5, 4, 5, 1, 0, 3, 0, 1, 5]"
ORLY,2023-02-28,"[4, 5, 4, 5]",[8],"[4, 5, 4, 5, 8]"
ORLY,2024-02-28,"[4, 5, 5, 5]",[6],"[4, 5, 5, 5, 6]"
OTIS,2021-02-05,"[2, 1, 8, 5, 7, 6, 1, 3]",[],"[2, 1, 8, 5, 7, 6, 1, 3]"
OTIS,2022-02-04,"[4, 8, 6, 8, 7, 5, 6, 4, 6, 7, 5]","[4, 7, 8, 0]","[4, 8, 6, 8, 7, 5, 6, 4, 6, 7, 5, 4, 7, 8, 0]"
OTIS,2023-02-03,"[4, 9, 7, 9, 8]","[5, 5, 3, 1]","[4, 9, 7, 9, 8, 5, 5, 3, 1]"
OTIS,2024-02-02,"[3, 4]",[],"[3, 4]"
O,2021-02-23,"[6, 3, 3, 4, 6, 4, 6, 6, 4, 5, 5, 3, 4, 2, 6, 1, 3]",[3],"[6, 3, 3, 4, 6, 4, 6, 6, 4, 5, 5, 3, 4, 2, 6, 1, 3, 3]"
O,2022-02-23,"[7, 4, 5, 6, 5, 6, 7, 7, 5, 7, 6, 5, 7]",[],"[7, 4, 5, 6, 5, 6, 7, 7, 5, 7, 6, 5, 7]"
O,2023-02-22,"[9, 7, 8, 5, 6, 4]",[],"[9, 7, 8, 5, 6, 4]"
O,2024-02-21,"[4, 6, 4]",[],"[4, 6, 4]"
PANW,2021-09-03,"[7, 9, 2, 8, 7, 8, 5, 6, 4, 5, 3, 7, 5, 3, 3]",[],"[7, 9, 2, 8, 7, 8, 5, 6, 4, 5, 3, 7, 5, 3, 3]"
PANW,2022-09-06,"[4, 5, 5, 0, 1, 4, 6, 7, 6, 4, 2, 5, 3, 5]",[],"[4, 5, 5, 0, 1, 4, 6, 7, 6, 4, 2, 5, 3, 5]"
PANW,2023-09-01,"[6, 6, 6]",[],"[6, 6, 6]"
PANW,2024-09-06,"[4, 4, 1]",[],"[4, 4, 1]"
PARA,2021-02-24,"[9, 4, 9, 2, 1, 5, 5, 1, 2, 4, 6, -2, 3, 7, 3, 4, 1, 1]",[4],"[9, 4, 9, 2, 1, 5, 5, 1, 2, 4, 6, -2, 3, 7, 3, 4, 1, 1, 4]"
PARA,2022-02-15,"[4, 5, 2, 6, 1, 9, 3, 5, 2, 1, 5, 3, 4, 2, 3, 2]",[],"[4, 5, 2, 6, 1, 9, 3, 5, 2, 1, 5, 3, 4, 2, 3, 2]"
PARA,2023-02-16,"[2, 1, 2, 1, 6, 5, 4, 2, 1, 1, 0]",[],"[2, 1, 2, 1, 6, 5, 4, 2, 1, 1, 0]"
PARA,2024-02-28,"[4, 4]","[4, 3]","[4, 4, 4, 3]"
PAYC,2021-02-18,"[6, 6, 7, 3, 2, 6, 8, 3, 3, 3]","[6, 7, 3, 2, 8, 3, 3, 7, 2]","[6, 6, 7, 3, 2, 6, 8, 3, 3, 3, 6, 7, 3, 2, 8, 3, 3, 7, 2]"
PAYC,2022-02-17,"[3, 3, 6, 5, 4, 2, 4, 4, 4, 3]","[3, 6, 5, 4, 2, 4, 3, 2, -2, -2]","[3, 3, 6, 5, 4, 2, 4, 4, 4, 3, 3, 6, 5, 4, 2, 4, 3, 2, -2, -2]"
PAYC,2023-02-16,"[4, 3, 1, 1]",[],"[4, 3, 1, 1]"
PAYC,2024-02-15,"[4, 0, 0]",[],"[4, 0, 0]"
PAYX,2021-07-16,"[6, 2, 7, 8, 4, 4]","[6, 5]","[6, 2, 7, 8, 4, 4, 6, 5]"
PAYX,2022-07-15,"[7, 9, 5, 5, 4, 5, 2]","[7, 4, 5]","[7, 9, 5, 5, 4, 5, 2, 7, 4, 5]"
PAYX,2023-07-14,[5],[],[5]
PAYX,2024-07-11,[4],[],[4]
PCAR,2021-02-17,"[4, 3, 3, 0, 6, 8, 3, 5, 1]","[6, 7, 0, 0, 9, 4, 0, 5]","[4, 3, 3, 0, 6, 8, 3, 5, 1, 6, 7, 0, 0, 9, 4, 0, 5]"
PCAR,2022-02-23,"[2, 4, 5, 2, 2, 1, 5, 1]","[2, 4]","[2, 4, 5, 2, 2, 1, 5, 1, 2, 4]"
PCAR,2023-02-22,"[3, 3, 7, 6, 2]",[3],"[3, 3, 7, 6, 2, 3]"
PCAR,2024-02-21,"[4, 3]",[],"[4, 3]"
PCG,2021-02-25,"[5, 3, 7, 8, 4, 1, 1, 1]","[5, 7, 1, 1]","[5, 3, 7, 8, 4, 1, 1, 1, 5, 7, 1, 1]"
PCG,2022-02-10,"[5, 3, 8, 3, 2, 4, 1, 2]","[8, 2, 2]","[5, 3, 8, 3, 2, 4, 1, 2, 8, 2, 2]"
PCG,2023-02-23,"[8, 7, 9, 6, 6, 5]",[9],"[8, 7, 9, 6, 6, 5, 9]"
PCG,2024-02-22,"[4, 2, 4]",[4],"[4, 2, 4, 4]"
PEG,2024-02-26,"[4, 4, 6, 4, 2, 1]",[],"[4, 4, 6, 4, 2, 1]"
PEP,2022-02-10,"[7, 9, 7, 6, 6, 6, 6]","[6, 6, 6, 5, 6, 3]","[7, 9, 7, 6, 6, 6, 6, 6, 6, 6, 5, 6, 3]"
PEP,2023-02-09,"[6, 5, 5]",[7],"[6, 5, 5, 7]"
PEP,2024-02-09,"[6, 4, 6]",[],"[6, 4, 6]"
PFE,2024-02-22,"[4, 5, 5, 3, 3, 3, 1]",[],"[4, 5, 5, 3, 3, 3, 1]"
PFG,2021-02-12,"[4, 7, 9, 7, 6, 4]","[7, 7, 6]","[4, 7, 9, 7, 6, 4, 7, 7, 6]"
PFG,2022-02-11,"[2, 6, 3, 6, 6, 4, 3, 2]",[6],"[2, 6, 3, 6, 6, 4, 3, 2, 6]"
PFG,2023-02-16,"[3, 1, 1, 1]",[],"[3, 1, 1, 1]"
PFG,2024-02-20,"[4, 3, 1, 1]",[],"[4, 3, 1, 1]"
PGR,2021-03-01,"[8, 6, 7, 6, 7, 6, 7, 7, 5, 6, 6, 5, 6, 7]",[],"[8, 6, 7, 6, 7, 6, 7, 7, 5, 6, 6, 5, 6, 7]"
PGR,2022-02-28,"[7, 4, 5, 3, 6, 4, 5, 6, 1, 5, 5, 2, 4, 6, 5, 1, 4, 2]",[],"[7, 4, 5, 3, 6, 4, 5, 6, 1, 5, 5, 2, 4, 6, 5, 1, 4, 2]"
PGR,2023-02-27,"[4, 4, 5, 3, 5, 5, 4, 6, 5, 6, 4, 6, 6, 4, 5, 4, 4, 3, 5]",[],"[4, 4, 5, 3, 5, 5, 4, 6, 5, 6, 4, 6, 6, 4, 5, 4, 4, 3, 5]"
PGR,2024-02-26,"[5, 4, 4, 3, 3, 4, 0, -3, 4, 3]",[],"[5, 4, 4, 3, 3, 4, 0, -3, 4, 3]"
PG,2021-08-06,"[3, 5, 8, 7, 3, 7, 1, 4]","[5, 5, 5, 3]","[3, 5, 8, 7, 3, 7, 1, 4, 5, 5, 5, 3]"
PG,2022-08-05,"[8, 8, 3, 7, 5, 3, 8, 3, 7, 7]","[8, 7, 3, 4, 6, 2, 6, -6]","[8, 8, 3, 7, 5, 3, 8, 3, 7, 7, 8, 7, 3, 4, 6, 2, 6, -6]"
PG,2023-08-04,"[5, 4, 5, 3]","[4, 0, 1]","[5, 4, 5, 3, 4, 0, 1]"
PG,2024-08-05,"[6, 3, 4, 2, 2, 0]",[2],"[6, 3, 4, 2, 2, 0, 2]"
PHM,2021-02-02,"[9, 8, 7, 7, 2, 5, 6, 5, 1, 5, 4, 5, 3, 8, 4, 5, 5, 5, 3, 1]","[1, 4, 5, 0]","[9, 8, 7, 7, 2, 5, 6, 5, 1, 5, 4, 5, 3, 8, 4, 5, 5, 5, 3, 1, 1, 4, 5, 0]"
PHM,2022-02-07,"[8, 7, 5, 7, 9, 8, 7, 7, 4, 4, 8, 6, 6, 8, 4]","[6, 4]","[8, 7, 5, 7, 9, 8, 7, 7, 4, 4, 8, 6, 6, 8, 4, 6, 4]"
PHM,2023-02-06,"[7, 6, 7, 8, 5, 5, 3, 3, -3, 7, 3, 4, 5, 5]",[6],"[7, 6, 7, 8, 5, 5, 3, 3, -3, 7, 3, 4, 5, 5, 6]"
PHM,2024-02-05,"[6, 4, 4, 3, 2, 2, 2]","[1, 2]","[6, 4, 4, 3, 2, 2, 2, 1, 2]"
PKG,2021-02-24,"[7, 8, 4, 1, 4, 5, 2, -4]","[7, -4]","[7, 8, 4, 1, 4, 5, 2, -4, 7, -4]"
PKG,2022-02-24,"[2, 3, 4, 1, 8, 7, 6, 5, 4, 3, 4, 9, 1, 3, 2, 4]","[2, 1, 3, 5, 8, 7, 8, 7, 1]","[2, 3, 4, 1, 8, 7, 6, 5, 4, 3, 4, 9, 1, 3, 2, 4, 2, 1, 3, 5, 8, 7, 8, 7, 1]"
PKG,2023-02-23,"[5, 7, 6, 5, 3]",[],"[5, 7, 6, 5, 3]"
PKG,2024-02-29,[3],[],[3]
PLD,2021-02-11,"[7, 1, 4, 2, 4, 3, 6, 4]","[0, 3, 0, 2, 0, 0, 0]","[7, 1, 4, 2, 4, 3, 6, 4, 0, 3, 0, 2, 0, 0, 0]"
PLD,2022-02-09,"[7, 2, 7, 6, 3, 5, 8, 9]",[],"[7, 2, 7, 6, 3, 5, 8, 9]"
PLD,2023-02-14,"[5, 6]",[],"[5, 6]"
PLD,2024-02-13,"[4, 5, 6, 6, 5]",[],"[4, 5, 6, 6, 5]"
PLTR,2021-02-26,"[4, 8, 6, 9, 3, 4, 3]",[4],"[4, 8, 6, 9, 3, 4, 3, 4]"
PLTR,2022-02-24,"[8, 10, 6, 5, 7, 6]",[8],"[8, 10, 6, 5, 7, 6, 8]"
PLTR,2023-02-21,"[6, 5, 6, 7, 4, 5]",[],"[6, 5, 6, 7, 4, 5]"
PLTR,2024-02-20,"[4, 4]",[],"[4, 4]"
PM,2021-02-09,"[8, 9, 8, 4, 5, 3, 1, 4, 3, 0]",[1],"[8, 9, 8, 4, 5, 3, 1, 4, 3, 0, 1]"
PM,2022-02-11,"[5, 7, 3, 5, 1, 3, 3, 6, 2, 3, 3, 5, 4]","[5, 1, 3, 3]","[5, 7, 3, 5, 1, 3, 3, 6, 2, 3, 3, 5, 4, 5, 1, 3, 3]"
PM,2023-02-10,"[7, 9, 8, 7, 6, 8, 4, 4]",[],"[7, 9, 8, 7, 6, 8, 4, 4]"
PM,2024-02-08,"[5, 4, 3, 5]",[],"[5, 4, 3, 5]"
PNC,2021-02-26,"[6, 6, 8, 6, 5, 2]",[],"[6, 6, 8, 6, 5, 2]"
PNC,2022-02-25,"[8, 6, 3, 6, 6, 4, 5, 5, 1, 2]","[8, 6, 5]","[8, 6, 3, 6, 6, 4, 5, 5, 1, 2, 8, 6, 5]"
PNC,2023-02-22,"[7, 6, 6, 5, 7, 4, 2]",[],"[7, 6, 6, 5, 7, 4, 2]"
PNC,2024-02-21,"[4, 4, 3]",[],"[4, 4, 3]"
PNR,2021-02-16,"[8, 7, 8, 7, 5, 6, 8, 6]","[8, 7, 8, 5, 5, 5]","[8, 7, 8, 7, 5, 6, 8, 6, 8, 7, 8, 5, 5, 5]"
PNR,2022-02-22,"[7, 5, 7, 5, 6, 5, 5, 6, 4, 5, 3, 6, 5, 5, 6, 3, 4, 3, 6, 5]","[5, 5, 6, 3]","[7, 5, 7, 5, 6, 5, 5, 6, 4, 5, 3, 6, 5, 5, 6, 3, 4, 3, 6, 5, 5, 5, 6, 3]"
PNR,2023-02-21,"[5, 6, 5, 6, 6, 6, 6, 5, 5, 4, 4, 5, 4, 5, 4, 5, 5]","[5, 3, 4, 4]","[5, 6, 5, 6, 6, 6, 6, 5, 5, 4, 4, 5, 4, 5, 4, 5, 5, 5, 3, 4, 4]"
PNR,2024-02-20,"[4, 4]",[],"[4, 4]"
PNW,2022-02-25,"[3, 4, 5, 4, 4, 1, 3, 2, 2, 3]",[],"[3, 4, 5, 4, 4, 1, 3, 2, 2, 3]"
PNW,2023-02-27,"[2, 4, 8]",[2],"[2, 4, 8, 2]"
PNW,2024-02-27,"[4, 4]",[],"[4, 4]"
PODD,2021-02-24,"[4, 4, 4, 2, 3, 4, 3, 2, 3, 2, 4, 3]",[],"[4, 4, 4, 2, 3, 4, 3, 2, 3, 2, 4, 3]"
PODD,2022-02-24,"[6, 3, 3, 3, 3, 3, 2, 1, 1, 6, 3, 2]","[1, 0, 1, -2, 0]","[6, 3, 3, 3, 3, 3, 2, 1, 1, 6, 3, 2, 1, 0, 1, -2, 0]"
PODD,2023-02-24,"[7, 8, 5, 4, 1, 3, 2, 2, 5, 3]",[1],"[7, 8, 5, 4, 1, 3, 2, 2, 5, 3, 1]"
PODD,2024-02-23,"[4, 4, 6, 3, 5, 4, 3]",[],"[4, 4, 6, 3, 5, 4, 3]"
POOL,2021-02-25,"[3, 9, 4, 1, -2, 3, 2]","[9, 4, 0, 3, 1, 4, 0, -2, 3, 2, 1]","[3, 9, 4, 1, -2, 3, 2, 9, 4, 0, 3, 1, 4, 0, -2, 3, 2, 1]"
POOL,2022-02-25,"[6, 4, 3, 5, 1, 3, 5, 5, 3, 5, -2, 2, 5, 4]","[1, 5, 5, 4, 4]","[6, 4, 3, 5, 1, 3, 5, 5, 3, 5, -2, 2, 5, 4, 1, 5, 5, 4, 4]"
POOL,2023-02-24,"[3, 1, 1, 0, 1, 7, 4, 2, 0, 5, 3]","[0, 1, 2]","[3, 1, 1, 0, 1, 7, 4, 2, 0, 5, 3, 0, 1, 2]"
POOL,2024-02-27,"[4, 5, 1, 4, 5, 6, 2, 6]",[1],"[4, 5, 1, 4, 5, 6, 2, 6, 1]"
PPG,2021-02-18,"[5, 5, 2, 5, 3, 3, 1]","[4, 4, 2, 3, 7, -1, 1, 1]","[5, 5, 2, 5, 3, 3, 1, 4, 4, 2, 3, 7, -1, 1, 1]"
PPG,2022-02-17,"[8, 8, 5, 9, 7, 6, 5]","[4, 8, 6]","[8, 8, 5, 9, 7, 6, 5, 4, 8, 6]"
PPG,2023-02-16,"[7, 5, 2, 8, 5, 5, 2]","[1, 0, 3, 2, 0, 3, 1, 2, 3, 1, 0]","[7, 5, 2, 8, 5, 5, 2, 1, 0, 3, 2, 0, 3, 1, 2, 3, 1, 0]"
PPG,2024-02-15,"[4, 6, 5, 4, 3]","[3, 3]","[4, 6, 5, 4, 3, 3, 3]"
PRU,2021-02-19,"[9, 8, 9, 10, 7, 7, 7, 7, 7, 4, 7, 8, 6]","[9, 8, 9, 10, 7, 7, 7, 7, 7]","[9, 8, 9, 10, 7, 7, 7, 7, 7, 4, 7, 8, 6, 9, 8, 9, 10, 7, 7, 7, 7, 7]"
PRU,2022-02-17,"[7, 8, 5, 4, 4, 4]","[7, 8, 5, 4, 4]","[7, 8, 5, 4, 4, 4, 7, 8, 5, 4, 4]"
PRU,2023-02-16,"[3, 2, 5, 1, 4]","[5, 5, 7, 0, 2]","[3, 2, 5, 1, 4, 5, 5, 7, 0, 2]"
PRU,2024-02-21,"[8, 4]",[],"[8, 4]"
PSA,2022-02-22,"[5, 4, 6, 7, 8, 6, 7, 6, 7, 3]",[6],"[5, 4, 6, 7, 8, 6, 7, 6, 7, 3, 6]"
PSA,2024-02-20,"[3, 1, 2, 2, 2, 6, 3, 1, 4, 5, 1]",[2],"[3, 1, 2, 2, 2, 6, 3, 1, 4, 5, 1, 2]"
PSX,2021-02-24,"[9, 6, 7, 6, 4, 6, 5, 4, 3, 6]","[6, 6, 5, 5, 6, 5]","[9, 6, 7, 6, 4, 6, 5, 4, 3, 6, 6, 6, 5, 5, 6, 5]"
PSX,2022-02-18,"[8, 8, 7, 7, 6, 6, 3, 6]","[8, 7]","[8, 8, 7, 7, 6, 6, 3, 6, 8, 7]"
PSX,2023-02-22,"[8, 3, 3, 9, 5, 5, 3, 4, 0]",[],"[8, 3, 3, 9, 5, 5, 3, 4, 0]"
PSX,2024-02-21,"[5, 6, 4, 4, 4, 4]",[],"[5, 6, 4, 4, 4, 4]"
PTC,2021-11-22,"[3, 7, 6, 6, 3, 3, 8, 8, 5, 4, 3]",[],"[3, 7, 6, 6, 3, 3, 8, 8, 5, 4, 3]"
PTC,2022-11-15,"[7, 2, 2, 2]",[5],"[7, 2, 2, 2, 5]"
PTC,2023-11-20,[2],[],[2]
PTC,2024-11-14,"[4, 2]",[],"[4, 2]"
PWR,2021-03-01,"[9, 8, 7, 8, 8, 5, 7, 5, 3, 5]","[8, 8, 5]","[9, 8, 7, 8, 8, 5, 7, 5, 3, 5, 8, 8, 5]"
PWR,2022-02-25,"[6, 6, 4, 6, 6, 6, 5, 5, 3, 5]","[6, 5, 3]","[6, 6, 4, 6, 6, 6, 5, 5, 3, 5, 6, 5, 3]"
PWR,2023-02-23,"[7, 6, 1, 1, 0]",[],"[7, 6, 1, 1, 0]"
PWR,2024-02-22,"[3, 3, 2, 2]",[4],"[3, 3, 2, 2, 4]"
PYPL,2021-02-05,"[7, 8, 6, 6, 8, 8, 7, 6, 4, 6, 5]","[7, 8, 5]","[7, 8, 6, 6, 8, 8, 7, 6, 4, 6, 5, 7, 8, 5]"
PYPL,2022-02-03,"[4, 2, 5, 4, 9, 1, 4, 1, 4, 4]",[4],"[4, 2, 5, 4, 9, 1, 4, 1, 4, 4, 4]"
PYPL,2023-02-10,[5],[3],"[5, 3]"
PYPL,2024-02-08,[4],[],[4]
QCOM,2021-11-03,"[8, 7, 8, 6, 3, 2, 5, 3, 2, 4, 2, 2, 3, 4, 3, 2, 3]","[8, 2]","[8, 7, 8, 6, 3, 2, 5, 3, 2, 4, 2, 2, 3, 4, 3, 2, 3, 8, 2]"
QCOM,2022-11-02,"[4, 5, 6, 5, 5, 2, 4, 3]",[],"[4, 5, 6, 5, 5, 2, 4, 3]"
QCOM,2023-11-01,"[6, 6, 6, 6]",[],"[6, 6, 6, 6]"
QCOM,2024-11-06,"[4, 4, 2, 4, 3]",[],"[4, 4, 2, 4, 3]"
RCL,2024-02-21,"[4, 6, 4, 4, 3, 2, 4]",[2],"[4, 6, 4, 4, 3, 2, 4, 2]"
REGN,2021-02-08,"[8, 6, 7, 9, 8, 4, 3, 5, 7]",[],"[8, 6, 7, 9, 8, 4, 3, 5, 7]"
REGN,2022-02-07,"[7, 6, 3, 4, 9, 7, 5, 4, 5, 5]",[],"[7, 6, 3, 4, 9, 7, 5, 4, 5, 5]"
REGN,2023-02-06,"[7, 7, 5, 6, 5, 4, 8, 5, 6, 5, 3, 4, 5, 3]",[],"[7, 7, 5, 6, 5, 4, 8, 5, 6, 5, 3, 4, 5, 3]"
REGN,2024-02-05,"[4, 5, 6]",[],"[4, 5, 6]"
REG,2021-02-17,"[6, 6, 6, 4, 4, 5, 5, 5, 4, 7, 4, 5, 5, 2, 4, 3, 3, 5, 3, 4]","[5, 2, 4, 3, 4, 3, 10]","[6, 6, 6, 4, 4, 5, 5, 5, 4, 7, 4, 5, 5, 2, 4, 3, 3, 5, 3, 4, 5, 2, 4, 3, 4, 3, 10]"
REG,2022-02-17,"[6, 6, 5, 5, 6, 1, 6, 4, 6, 4, 3, 6]","[9, 3, 6, 3, 5]","[6, 6, 5, 5, 6, 1, 6, 4, 6, 4, 3, 6, 9, 3, 6, 3, 5]"
REG,2023-02-17,"[7, 5, 5, 5, 5, 3, 3, 3, 2, 3, 2, 2, 2, 2]",[],"[7, 5, 5, 5, 5, 3, 3, 3, 2, 3, 2, 2, 2, 2]"
REG,2024-02-16,"[5, 4, 3, 3, 3, 0, -1, 0, -1, -1]",[],"[5, 4, 3, 3, 3, 0, -1, 0, -1, -1]"
RF,2022-02-24,"[8, 8, 5, 4, 7, 5]","[8, 7]","[8, 8, 5, 4, 7, 5, 8, 7]"
RF,2023-02-24,"[7, 5, 6, 3, 1, 2]",[7],"[7, 5, 6, 3, 1, 2, 7]"
RF,2024-02-23,"[4, 2, 2, 2]",[],"[4, 2, 2, 2]"
RJF,2021-11-23,"[7, 9, 7, 5, 5, 4, 3, 5, 1, 3]",[],"[7, 9, 7, 5, 5, 4, 3, 5, 1, 3]"
RJF,2022-11-22,"[8, 3, 2]",[],"[8, 3, 2]"
RL,2021-05-20,"[7, 8, 6, 7, 6, 6, 5, 7, 6, 4, 6]","[7, 8, 6, 7, 6, 6, 7]","[7, 8, 6, 7, 6, 6, 5, 7, 6, 4, 6, 7, 8, 6, 7, 6, 6, 7]"
RL,2022-05-24,"[7, 8, 8, 4, 6, 4, 6, 5, 2, 6, 4]","[7, 8, 8]","[7, 8, 8, 4, 6, 4, 6, 5, 2, 6, 4, 7, 8, 8]"
RL,2023-05-25,"[8, 8, 9, 9, 4, 7, 5, 4, 4, 5]","[8, 8, 9, 9]","[8, 8, 9, 9, 4, 7, 5, 4, 4, 5, 8, 8, 9, 9]"
RL,2024-05-23,"[4, 5, 4, 4, 4, 4, 3, 3, 3]",[],"[4, 5, 4, 4, 4, 4, 3, 3, 3]"
RMD,2021-08-17,"[3, 7, 6, 3, 1, 2, 2, 3, 2, 3, 2, 2, 3, 5, 2, 2, 4, 2]","[3, 3, 2, 2, 2]","[3, 7, 6, 3, 1, 2, 2, 3, 2, 3, 2, 2, 3, 5, 2, 2, 4, 2, 3, 3, 2, 2, 2]"
RMD,2022-08-12,"[6, 6, 6, 7, 6, 6, 8]","[6, 6, 6, 6]","[6, 6, 6, 7, 6, 6, 8, 6, 6, 6, 6]"
RMD,2023-08-11,"[5, 6, 2, 1, 4]",[],"[5, 6, 2, 1, 4]"
RMD,2024-08-09,"[4, 5, 2, 2, 1, 4]",[],"[4, 5, 2, 2, 1, 4]"
ROK,2021-11-09,"[8, 6, 2, 7, 6, 6, 7, 4, 6, 6, 3, 2]","[6, 4, 6, 3, -2]","[8, 6, 2, 7, 6, 6, 7, 4, 6, 6, 3, 2, 6, 4, 6, 3, -2]"
ROK,2022-11-08,"[5, 8, 2, 7, 8, 4, 6, 6]","[5, 2, 4, 1]","[5, 8, 2, 7, 8, 4, 6, 6, 5, 2, 4, 1]"
ROK,2023-11-08,"[4, 3]","[5, 4]","[4, 3, 5, 4]"
ROK,2024-11-12,"[4, 5]",[],"[4, 5]"
ROL,2021-02-26,"[6, 1, 3, 1, 5, 5]","[2, 0, 4, 1, 0, 5, 2, 3, 3, 2, 0]","[6, 1, 3, 1, 5, 5, 2, 0, 4, 1, 0, 5, 2, 3, 3, 2, 0]"
ROL,2022-02-25,"[8, 2, 6, 7, 4, 5]","[3, 4, 3, 5]","[8, 2, 6, 7, 4, 5, 3, 4, 3, 5]"
ROL,2023-02-16,"[6, 6, 6, 5, 4, 6, 6, 3]","[6, 2, 4, 4, 4, 4, 6]","[6, 6, 6, 5, 4, 6, 6, 3, 6, 2, 4, 4, 4, 4, 6]"
ROL,2024-02-15,"[2, 3, 4, 4, 0, 0, 4, 4]",[],"[2, 3, 4, 4, 0, 0, 4, 4]"
ROP,2021-02-22,"[4, 2, 5, 4, 3, 6, 7, 6, 3, 4, 6, 3, 4, 2, 5, 5, 3, 4]",[],"[4, 2, 5, 4, 3, 6, 7, 6, 3, 4, 6, 3, 4, 2, 5, 5, 3, 4]"
ROP,2022-02-22,"[4, 2, 7, 8, 4, 5, 6, 6, 2, 2, 5, 3, 1, 1, 1, 1, 4, 3, 4]",[],"[4, 2, 7, 8, 4, 5, 6, 6, 2, 2, 5, 3, 1, 1, 1, 1, 4, 3, 4]"
ROP,2023-02-27,"[3, 2, 6, 6, 4, 4, 5, 6, 3, 2, 3]",[],"[3, 2, 6, 6, 4, 4, 5, 6, 3, 2, 3]"
ROP,2024-02-22,"[4, 5]",[],"[4, 5]"
ROST,2021-03-30,"[9, 9, 6, 7, 5, 5, 5, 6, 4, 2, 5, 5]","[6, 4, 5, 3, 6, 4]","[9, 9, 6, 7, 5, 5, 5, 6, 4, 2, 5, 5, 6, 4, 5, 3, 6, 4]"
ROST,2022-03-29,"[9, 8, 4, 7, 7, 5, 6, 7, 7, 5]","[4, 5, 5, 7]","[9, 8, 4, 7, 7, 5, 6, 7, 7, 5, 4, 5, 5, 7]"
ROST,2023-03-28,"[6, 3, 4, 4, 5, 5, 5, 6, 4, 3, 3, 4, 3, 5]","[5, 8, 5, 6, -1]","[6, 3, 4, 4, 5, 5, 5, 6, 4, 3, 3, 4, 3, 5, 5, 8, 5, 6, -1]"
ROST,2024-04-02,"[4, 6, 4, 4, 5, 3, 3, 6, 5, 3, 4, 2]",[],"[4, 6, 4, 4, 5, 3, 3, 6, 5, 3, 4, 2]"
RSG,2021-02-23,"[7, 2, 4, 1, 5, 2, 3, 3]","[7, 3, 4, 3, 8, 2, 3]","[7, 2, 4, 1, 5, 2, 3, 3, 7, 3, 4, 3, 8, 2, 3]"
RSG,2022-02-11,"[6, 8, 4, 4, 6, 4, 5, 4, 6, 0, 2]","[8, 4, 6, 4, 6, 6, 0, 5, 0]","[6, 8, 4, 4, 6, 4, 5, 4, 6, 0, 2, 8, 4, 6, 4, 6, 6, 0, 5, 0]"
RSG,2023-02-23,"[6, 0, 5, 6]","[6, 6, 0, 0]","[6, 0, 5, 6, 6, 6, 0, 0]"
RSG,2024-02-29,"[4, 3]",[],"[4, 3]"
RTX,2021-02-08,"[8, 7, 9, 8, 8, 7, 7, 8, 7, 8, 7, 9, 8, 7]","[8, 7, 9, 8, 7, 9]","[8, 7, 9, 8, 8, 7, 7, 8, 7, 8, 7, 9, 8, 7, 8, 7, 9, 8, 7, 9]"
RTX,2022-02-11,"[6, 7, 6, 6, 4, 6, 6, 6, 6, 6, 4, 5, 6, 3, 4, 4, 4, 4, 6, 3, 6, 5, 3, 4]","[6, 4, 5, 6, 5, 4, 4, 1]","[6, 7, 6, 6, 4, 6, 6, 6, 6, 6, 4, 5, 6, 3, 4, 4, 4, 4, 6, 3, 6, 5, 3, 4, 6, 4, 5, 6, 5, 4, 4, 1]"
RTX,2023-02-07,"[5, 8, 7, 8, 5, 5, 8, 7, 2, 3, 3]","[7, 7, 3, 4, 3]","[5, 8, 7, 8, 5, 5, 8, 7, 2, 3, 3, 7, 7, 3, 4, 3]"
RTX,2024-02-05,"[5, 4, 4]",[],"[5, 4, 4]"
RVTY,2021-03-02,"[8, 5, 7, 4, 4, 9, 3, 7, 2, 5, 4, 4, 4]",[],"[8, 5, 7, 4, 4, 9, 3, 7, 2, 5, 4, 4, 4]"
RVTY,2022-03-03,"[9, 2, 7, 4, 4, 10, 2, 7, 0, 7, 2, 4, 3, 1, 3]",[],"[9, 2, 7, 4, 4, 10, 2, 7, 0, 7, 2, 4, 3, 1, 3]"
RVTY,2023-03-01,"[9, 2, 6, 3, 4, 8, 7, 6, 2]",[],"[9, 2, 6, 3, 4, 8, 7, 6, 2]"
RVTY,2024-02-27,"[4, 2, 3, 1]","[4, 4]","[4, 2, 3, 1, 4, 4]"
SBAC,2022-03-01,"[7, 5, 5, 5, 5, 4, 4]",[-2],"[7, 5, 5, 5, 5, 4, 4, -2]"
SBAC,2024-02-28,[],[],[]
SBUX,2021-11-19,"[7, 7, 7, 7, 4, 3, 7, 6, 7, 6]","[7, 6]","[7, 7, 7, 7, 4, 3, 7, 6, 7, 6, 7, 6]"
SBUX,2022-11-18,"[7, 6, 4, 3, 6, 6, 5, 5, 3, 5]",[7],"[7, 6, 4, 3, 6, 6, 5, 5, 3, 5, 7]"
SBUX,2023-11-17,"[5, 8, 1, 4, 3, 5, 2, 2]",[1],"[5, 8, 1, 4, 3, 5, 2, 2, 1]"
SBUX,2024-11-20,"[5, 5, 5, 4, 4]",[],"[5, 5, 5, 4, 4]"
SCHW,2021-02-24,"[7, 7, 7, 8, 5, 7, 6, 5, 4, 5, 4, 3, 3, 5, 3, 3, 6]","[7, 8, 5]","[7, 7, 7, 8, 5, 7, 6, 5, 4, 5, 4, 3, 3, 5, 3, 3, 6, 7, 8, 5]"
SCHW,2022-02-24,"[7, 7, 6, 8, 4, 5, 6, 6, 5, 7, 6, 5, 3]",[4],"[7, 7, 6, 8, 4, 5, 6, 6, 5, 7, 6, 5, 3, 4]"
SCHW,2023-02-24,"[4, 5]",[],"[4, 5]"
SCHW,2024-02-23,"[6, 5, 2]",[],"[6, 5, 2]"
SHW,2021-02-19,"[7, 3, 5, 3, 7, 3, 1, 3, 5, 3]",[],"[7, 3, 5, 3, 7, 3, 1, 3, 5, 3]"
SHW,2022-02-17,"[8, 6, 0, 2, -1, 5, 3, 3, 6, 3, 2, 1, 5, 2, 1, 3, 3, 2, 3, 2, 3]",[],"[8, 6, 0, 2, -1, 5, 3, 3, 6, 3, 2, 1, 5, 2, 1, 3, 3, 2, 3, 2, 3]"
SHW,2023-02-22,"[3, 5, 1, 3, 8, 3, 4, 6, 3, 4]",[],"[3, 5, 1, 3, 8, 3, 4, 6, 3, 4]"
SHW,2024-02-20,"[5, 5, 4]",[],"[5, 5, 4]"
SJM,2021-06-17,"[4, 6, 1, 2, 5, 4, 2, 4, 3, 2, 4, 3, 2, 1, 2, 1, 1, 2, 2, 2, 4, 6, 3, 3, 1]","[4, 2, 6, 3, 6, 0, 4, 1]","[4, 6, 1, 2, 5, 4, 2, 4, 3, 2, 4, 3, 2, 1, 2, 1, 1, 2, 2, 2, 4, 6, 3, 3, 1, 4, 2, 6, 3, 6, 0, 4, 1]"
SJM,2022-06-16,"[8, 0, 7, 6, 6, 2, 7, 7, 5, 2, 3, 3, -1]","[7, 2, 3, -1]","[8, 0, 7, 6, 6, 2, 7, 7, 5, 2, 3, 3, -1, 7, 2, 3, -1]"
SJM,2023-06-20,"[3, 5, 3, 4, 2, 8]",[3],"[3, 5, 3, 4, 2, 8, 3]"
SJM,2024-06-18,"[5, 5, 4, 4, 4]",[],"[5, 5, 4, 4, 4]"
SLB,2021-01-27,"[8, 6, 6, 5, 9, 8, 6, 5]","[8, 8, 6, 7, 6, 6, 8, 8, 4]","[8, 6, 6, 5, 9, 8, 6, 5, 8, 8, 6, 7, 6, 6, 8, 8, 4]"
SLB,2022-01-26,"[8, 7, 6, 3, 3]","[3, 0]","[8, 7, 6, 3, 3, 3, 0]"
SLB,2023-01-25,"[7, 7, 8, 2, 3]",[-3],"[7, 7, 8, 2, 3, -3]"
SLB,2024-01-24,"[6, 5, 4, 2, 1, 1]",[],"[6, 5, 4, 2, 1, 1]"
SMCI,2021-08-27,"[8, 5, 6, 4, 2, 1, 5, 2, 4, 3, -2, 0, 4, 2]","[6, 2, -1, 3, 4, 2, 1]","[8, 5, 6, 4, 2, 1, 5, 2, 4, 3, -2, 0, 4, 2, 6, 2, -1, 3, 4, 2, 1]"
SMCI,2022-08-29,"[7, 4, 3, 5, 5, 4, 2, 4, 4, 2, 4, 2]","[4, 5, 4, 2, 4, 4]","[7, 4, 3, 5, 5, 4, 2, 4, 4, 2, 4, 2, 4, 5, 4, 2, 4, 4]"
SMCI,2023-08-28,"[4, 4, 6, 1]","[4, 3]","[4, 4, 6, 1, 4, 3]"
SNA,2021-02-11,"[8, 6, 7, 5, 6, 4, 4, 3, 5, 4, 5, 3, 5, 3, 6, 3, 1]","[6, 5, 6, 6, 1, 0, 0, 1]","[8, 6, 7, 5, 6, 4, 4, 3, 5, 4, 5, 3, 5, 3, 6, 3, 1, 6, 5, 6, 6, 1, 0, 0, 1]"
SNA,2022-02-11,"[7, 3, 3, 2, 7, 3, 2, 6, 3, 2]",[1],"[7, 3, 3, 2, 7, 3, 2, 6, 3, 2, 1]"
SNA,2023-02-09,"[8, 4, 7, 2, 4, 2, 6, 2]","[-2, -4, 2]","[8, 4, 7, 2, 4, 2, 6, 2, -2, -4, 2]"
SNA,2024-02-16,"[5, 3, 1]",[],"[5, 3, 1]"
SNPS,2022-12-12,"[7, 4, 4, 4, 4, 5]",[7],"[7, 4, 4, 4, 4, 5, 7]"
SNPS,2023-12-12,"[1, 2, 5]",[],"[1, 2, 5]"
SNPS,2024-12-19,"[2, 4, 3, 5]",[],"[2, 4, 3, 5]"
SPGI,2021-02-09,"[8, 7, 8, 7, 7, 8, 5, 5, 7, 5, 5, 4, 4, 4, 3, 5, 4, 3, 4, 4, 6, 5, 4, -2, 2, -3, 3, 5]",[4],"[8, 7, 8, 7, 7, 8, 5, 5, 7, 5, 5, 4, 4, 4, 3, 5, 4, 3, 4, 4, 6, 5, 4, -2, 2, -3, 3, 5, 4]"
SPGI,2022-02-08,"[8, 7, 3, 7, 6, 8, 4, 4]",[],"[8, 7, 3, 7, 6, 8, 4, 4]"
SPGI,2023-02-10,"[7, 6, 7, 5, 6, 7, 5, 4, 1, 0]",[],"[7, 6, 7, 5, 6, 7, 5, 4, 1, 0]"
SPGI,2024-02-09,"[4, 4, 5, 4, 4, 4, 5, 0]",[],"[4, 4, 5, 4, 4, 4, 5, 0]"
SPG,2021-02-25,"[8, 8, 8, 8, 9, 5, 5, 4, 4, 7]","[8, 7, 5]","[8, 8, 8, 8, 9, 5, 5, 4, 4, 7, 8, 7, 5]"
SPG,2022-02-24,"[6, 6, 4, 2, 5]","[6, 7, 4, 8, 5, 0]","[6, 6, 4, 2, 5, 6, 7, 4, 8, 5, 0]"
SPG,2023-02-23,"[9, 8, 7, 0, 8, 7, 9, 1, 7, 8]","[9, 10, -4]","[9, 8, 7, 0, 8, 7, 9, 1, 7, 8, 9, 10, -4]"
SPG,2024-02-22,"[5, 5, 4, 1, 1, 4, 3, 3, 4]",[],"[5, 5, 4, 1, 1, 4, 3, 3, 4]"
SRE,2021-02-25,"[9, -1, 5, 8, 7, 8, 7, 5, 6, 5, 2]","[-1, 8, 7, 2]","[9, -1, 5, 8, 7, 8, 7, 5, 6, 5, 2, -1, 8, 7, 2]"
SRE,2022-02-25,"[3, -2, 6, 5, 5, 2]","[-2, 2]","[3, -2, 6, 5, 5, 2, -2, 2]"
SRE,2023-02-28,"[3, 4, 0, 6, 7, 5, 4]","[0, 4]","[3, 4, 0, 6, 7, 5, 4, 0, 4]"
SRE,2024-02-27,[],[],[]
STE,2022-05-31,"[5, 6, 7, 4, 5, 6, 4, 5, 4, 3, 2, 3, 3, 4, 4, 4, 3, 3, -3, -2]",[-3],"[5, 6, 7, 4, 5, 6, 4, 5, 4, 3, 2, 3, 3, 4, 4, 4, 3, 3, -3, -2, -3]"
STE,2023-05-26,"[5, 7, 6, 7, 7, 7, 5, 2, -2, 6, 5, 2, 6]",[],"[5, 7, 6, 7, 7, 7, 5, 2, -2, 6, 5, 2, 6]"
STE,2024-05-29,"[5, 5, 4, 4, 2, 1, -1]",[],"[5, 5, 4, 4, 2, 1, -1]"
STLD,2021-03-01,"[5, 7, 6, 8, 4, 7, 5, 4, 0, 1, 8, 5, 5, 4, 4, 3, 3, 4]","[2, 3, 5, 5, 5]","[5, 7, 6, 8, 4, 7, 5, 4, 0, 1, 8, 5, 5, 4, 4, 3, 3, 4, 2, 3, 5, 5, 5]"
STLD,2022-02-28,"[5, 5, 6, 4, 2, 3, 3, 3, 4, 2, 3, 3, 2]",[5],"[5, 5, 6, 4, 2, 3, 3, 3, 4, 2, 3, 3, 2, 5]"
STLD,2023-02-28,"[6, 5, 5, 8, 9, 5]",[],"[6, 5, 5, 8, 9, 5]"
STLD,2024-02-29,"[3, 5, 5, 0]",[0],"[3, 5, 5, 0, 0]"
STT,2021-02-19,"[7, 8, 6, 6, 7, 4, 6, 6, 6, 5, 6, 0, 3]","[7, 7]","[7, 8, 6, 6, 7, 4, 6, 6, 6, 5, 6, 0, 3, 7, 7]"
STT,2022-02-17,"[7, 8, 7, 7, 7, 3, 4]","[7, 3]","[7, 8, 7, 7, 7, 3, 4, 7, 3]"
STT,2023-02-16,[],[],[]
STT,2024-02-15,"[4, 3]",[3],"[4, 3, 3]"
STX,2021-08-06,"[7, 3, 5, 5, 5, 3, 3, 4, 4, 3]","[6, 5]","[7, 3, 5, 5, 5, 3, 3, 4, 4, 3, 6, 5]"
STX,2022-08-05,"[9, 4, 7, 7, 4, 3, 3, 5, 2, 2, 3]","[6, 5, 4, 2, 1, 6]","[9, 4, 7, 7, 4, 3, 3, 5, 2, 2, 3, 6, 5, 4, 2, 1, 6]"
STX,2023-08-04,"[6, 2, 6, 3, 2, 3, 5, 2, 2, 1, 3, 2]","[1, 3]","[6, 2, 6, 3, 2, 3, 5, 2, 2, 1, 3, 2, 1, 3]"
STX,2024-08-02,"[4, 5, 4]",[4],"[4, 5, 4, 4]"
STZ,2024-04-23,"[6, 3, 4, 1, 2, 2, 2, 1, 1]",[],"[6, 3, 4, 1, 2, 2, 2, 1, 1]"
SWKS,2021-11-24,"[3, 5, 5, 5, 6, 2, 1, 4, 5, 1, 1, 1, 1, 2]","[1, 1, 2]","[3, 5, 5, 5, 6, 2, 1, 4, 5, 1, 1, 1, 1, 2, 1, 1, 2]"
SWKS,2022-11-23,"[7, 8, 9, 6, 5, 4, 7, 7, 4, 7, 6, 5, 4, 8, 4, 2, 4, 2, 4, 4, 5]","[4, 5]","[7, 8, 9, 6, 5, 4, 7, 7, 4, 7, 6, 5, 4, 8, 4, 2, 4, 2, 4, 4, 5, 4, 5]"
SWKS,2023-11-17,"[3, 6, 6, 3, 2, 4, 6, 4, 2]","[2, 4]","[3, 6, 6, 3, 2, 4, 6, 4, 2, 2, 4]"
SWKS,2024-11-15,"[6, 5, 3, 3]",[],"[6, 5, 3, 3]"
SWK,2021-02-18,"[8, 5, 6, 2, 7, 5, 0, 3, 4, 3, 2]","[8, 5, 4, 3, -2, 2]","[8, 5, 6, 2, 7, 5, 0, 3, 4, 3, 2, 8, 5, 4, 3, -2, 2]"
SWK,2022-02-22,"[7, 7, 7, 4, 6, 4, 4, 4, 7, 3, 4, 3, 1, 3]","[7, 7, 4, 3]","[7, 7, 7, 4, 6, 4, 4, 4, 7, 3, 4, 3, 1, 3, 7, 7, 4, 3]"
SWK,2023-02-23,"[3, 8, 7, 5, 5, 7, 4, 6, 4, 7]",[],"[3, 8, 7, 5, 5, 7, 4, 6, 4, 7]"
SWK,2024-02-27,"[4, 6]",[],"[4, 6]"
SYK,2021-02-11,"[9, 7, 7, 5, 8, 5, 5, 6, 4, 7, 5, 5, 4, 6, 5]",[7],"[9, 7, 7, 5, 8, 5, 5, 6, 4, 7, 5, 5, 4, 6, 5, 7]"
SYK,2022-02-11,"[9, 7, 6, 7, 3, 6, 7, 5, 5, 4, 5, 5, 6, 4, 6]","[7, 7, 6]","[9, 7, 6, 7, 3, 6, 7, 5, 5, 4, 5, 5, 6, 4, 6, 7, 7, 6]"
SYK,2023-02-10,"[7, 7, 6, 5, 7, 4, 4, 6, 3, 7, 7, 5, 3]",[],"[7, 7, 6, 5, 7, 4, 4, 6, 3, 7, 7, 5, 3]"
SYK,2024-02-14,"[6, 8, 5, 4, 0, 5, 3, 4, 5, 3, 8, 2]",[],"[6, 8, 5, 4, 0, 5, 3, 4, 5, 3, 8, 2]"
SYY,2021-08-30,"[6, 7, 6, 5, 5, 7, 4, 3, 5, 4, 3, 4]","[6, 5, 7, 4, 3]","[6, 7, 6, 5, 5, 7, 4, 3, 5, 4, 3, 4, 6, 5, 7, 4, 3]"
SYY,2022-08-26,"[9, 7, 7, 8, 5, 5, 6, 4, 4, 5, 3]",[],"[9, 7, 7, 8, 5, 5, 6, 4, 4, 5, 3]"
SYY,2023-08-25,"[4, 5, 2, 3, 4, 2, 3]",[],"[4, 5, 2, 3, 4, 2, 3]"
SYY,2024-08-28,"[6, 4, 5, 4, 4, 3]",[],"[6, 4, 5, 4, 4, 3]"
TAP,2021-02-11,"[9, 8, 9, 8, 7, 7, 8, 7, 7, 8]","[7, 8, 9, 8]","[9, 8, 9, 8, 7, 7, 8, 7, 7, 8, 7, 8, 9, 8]"
TAP,2022-02-23,"[7, 7, 5, 7, 5, 5, 6, 7, 5, 4]","[5, 6, 6, 5]","[7, 7, 5, 7, 5, 5, 6, 7, 5, 4, 5, 6, 6, 5]"
TAP,2023-02-21,"[8, 6, 5, 6, 6, 3, 5, 5, 4]",[5],"[8, 6, 5, 6, 6, 3, 5, 5, 4, 5]"
TAP,2024-02-20,"[4, 5, 3, 1]",[],"[4, 5, 3, 1]"
TDG,2021-11-16,"[8, 4, 7, 6, 7, 9, 4, 7, 5, 6, 8, 8, 7]","[8, 4, 7, 6, 7, 9, 4]","[8, 4, 7, 6, 7, 9, 4, 7, 5, 6, 8, 8, 7, 8, 4, 7, 6, 7, 9, 4]"
TDG,2022-11-10,"[9, 6, 5, 4, 4, 6, 5, 4, 5, 5, 1]","[5, 4, 4, 7, 1, 5, 2]","[9, 6, 5, 4, 4, 6, 5, 4, 5, 5, 1, 5, 4, 4, 7, 1, 5, 2]"
TDG,2023-11-09,"[3, 1, 1, 1, 6, 5, 3, 4, 4, 5]","[0, 1]","[3, 1, 1, 1, 6, 5, 3, 4, 4, 5, 0, 1]"
TDG,2024-11-07,"[5, 4, 4, 6, 5, 5, 4, 5]",[1],"[5, 4, 4, 6, 5, 5, 4, 5, 1]"
TDY,2021-02-26,"[4, 6, 6, 5, 3]","[6, 5, -5, 4, 2]","[4, 6, 6, 5, 3, 6, 5, -5, 4, 2]"
TDY,2022-02-25,"[7, 3, 3, 7, 7, 4, 5, 4, 3, 1, -1]","[1, -1, -1]","[7, 3, 3, 7, 7, 4, 5, 4, 3, 1, -1, 1, -1, -1]"
TDY,2023-02-24,"[7, 4, 1, 8, 6, 3, 6, 2]","[1, 4, 1, 3]","[7, 4, 1, 8, 6, 3, 6, 2, 1, 4, 1, 3]"
TDY,2024-02-23,"[4, 5, 1]",[],"[4, 5, 1]"
TECH,2021-08-25,"[9, 3, 4, -1, 9, 4, 2]","[5, 1, 1, 6, -2, 0]","[9, 3, 4, -1, 9, 4, 2, 5, 1, 1, 6, -2, 0]"
TECH,2022-08-24,"[5, 7, 7, 2, 1]",[],"[5, 7, 7, 2, 1]"
TECH,2023-08-23,"[6, 6, 4, 4, 4, 4, 3, 2, 3, 2, 3]",[],"[6, 6, 4, 4, 4, 4, 3, 2, 3, 2, 3]"
TECH,2024-08-22,"[5, 4, 6, 4, 6]",[],"[5, 4, 6, 4, 6]"
TEL,2021-11-09,"[8, 2, 7, 4, 5, 1, 2]","[8, 2, -3, 9]","[8, 2, 7, 4, 5, 1, 2, 8, 2, -3, 9]"
TEL,2022-11-15,"[6, 8, 5, 8, 1, 3, 2]","[8, 3, 7]","[6, 8, 5, 8, 1, 3, 2, 8, 3, 7]"
TEL,2023-11-13,"[3, 3, 6, 3, 1, 2, 1]","[6, 3, 1, 2]","[3, 3, 6, 3, 1, 2, 1, 6, 3, 1, 2]"
TEL,2024-11-12,"[6, 6, 4]",[],"[6, 6, 4]"
TER,2021-02-22,"[7, 7, 8, 5, 1, 5]","[7, 7, 5, 5, 4, 6, 2, 5]","[7, 7, 8, 5, 1, 5, 7, 7, 5, 5, 4, 6, 2, 5]"
TER,2022-02-23,"[7, 5, 3, 6, 3, 5, 2, 3, 4]","[7, 5, 3, 5, 6, 4, 3, 3, 5, 4, 1]","[7, 5, 3, 6, 3, 5, 2, 3, 4, 7, 5, 3, 5, 6, 4, 3, 3, 5, 4, 1]"
TER,2023-02-22,"[7, 4, 6, 4, 6]","[7, 4, 6, 4, 5, 4, 5]","[7, 4, 6, 4, 6, 7, 4, 6, 4, 5, 4, 5]"
TER,2024-02-22,"[4, 6, 4, 6]",[],"[4, 6, 4, 6]"
TFX,2021-02-25,"[8, 8, 1, 6, 5, 3, 4, 5, 3, 3]","[8, 8, 5, 5, 1, 3]","[8, 8, 1, 6, 5, 3, 4, 5, 3, 3, 8, 8, 5, 5, 1, 3]"
TFX,2022-03-01,"[3, 5, 6, 1, 5, 6, 3, 1, 6, 2, 3, 4, 4]","[6, 2, 3, 7, 4, 5, 1]","[3, 5, 6, 1, 5, 6, 3, 1, 6, 2, 3, 4, 4, 6, 2, 3, 7, 4, 5, 1]"
TFX,2023-02-23,"[5, 3, 8, 4, 6, 5, 7, 5, 6, 5, 5, 2, 3, 6]","[7, 7, 8, 6]","[5, 3, 8, 4, 6, 5, 7, 5, 6, 5, 5, 2, 3, 6, 7, 7, 8, 6]"
TFX,2024-02-23,"[4, 3, 3, 4, 0, 2, 2]",[],"[4, 3, 3, 4, 0, 2, 2]"
TGT,2021-03-10,"[8, 6, 5, 7, 6, 4, 7, 0, 7, 6, 7, 8, 6, 5, 6, 7]",[6],"[8, 6, 5, 7, 6, 4, 7, 0, 7, 6, 7, 8, 6, 5, 6, 7, 6]"
TGT,2022-03-09,"[6, 5, 6, 7, 6, 5, 4, 6, 6, 7, 6, 7, 5, 5, 5]","[4, 4]","[6, 5, 6, 7, 6, 5, 4, 6, 6, 7, 6, 7, 5, 5, 5, 4, 4]"
TGT,2023-03-08,"[5, 3, 3, 3, 4, 7]","[5, 3, -1]","[5, 3, 3, 3, 4, 7, 5, 3, -1]"
TGT,2024-03-13,"[6, 5, 4, 5, 3]",[],"[6, 5, 4, 5, 3]"
TJX,2021-03-31,"[7, 8, 7, 4, 5, 6, 5, 3, 2, 4, 2]","[7, 7, 4, 3, 2]","[7, 8, 7, 4, 5, 6, 5, 3, 2, 4, 2, 7, 7, 4, 3, 2]"
TJX,2022-03-30,"[5, 5, 8, 5, 7, 3, 3, 3, 4, 5, 2, 4, 2, 2, 2, 2, 3, 1]","[6, 6]","[5, 5, 8, 5, 7, 3, 3, 3, 4, 5, 2, 4, 2, 2, 2, 2, 3, 1, 6, 6]"
TJX,2023-03-29,"[7, 9, 7, 7, 6, 7, 6, 4]",[],"[7, 9, 7, 7, 6, 7, 6, 4]"
TJX,2024-04-03,"[6, 4, 2, 5, 1]",[],"[6, 4, 2, 5, 1]"
TMO,2021-02-25,"[6, 6, 4, 5, 6, 5, 3, 3, 4, 2, 1, 2, 4, 1]","[6, 2, 0, 1, 3]","[6, 6, 4, 5, 6, 5, 3, 3, 4, 2, 1, 2, 4, 1, 6, 2, 0, 1, 3]"
TMO,2022-02-24,"[6, 3, 7, 8, 5, 6, 2, 5, 4]","[5, 8, 4, 5, 2]","[6, 3, 7, 8, 5, 6, 2, 5, 4, 5, 8, 4, 5, 2]"
TMO,2023-02-23,"[5, 7, 4, 4, 3, 4, 5, 2, 5, 4]","[4, 7, 5, 3]","[5, 7, 4, 4, 3, 4, 5, 2, 5, 4, 4, 7, 5, 3]"
TMO,2024-02-22,"[5, 4, 0, 1]","[6, 4, 3, 1]","[5, 4, 0, 1, 6, 4, 3, 1]"
TMUS,2021-02-23,"[8, 6, 4, 3, 4]","[8, 4, 4, 4, 7, 1, 7, 3, 3]","[8, 6, 4, 3, 4, 8, 4, 4, 4, 7, 1, 7, 3, 3]"
TMUS,2022-02-11,"[6, 7, 8, 4, 6, 2, 4, 4, 1, 3, 4]","[6, 7, 3, 4, 3]","[6, 7, 8, 4, 6, 2, 4, 4, 1, 3, 4, 6, 7, 3, 4, 3]"
TMUS,2023-02-14,"[6, 4, 5, 1]",[],"[6, 4, 5, 1]"
TMUS,2024-02-02,"[4, 1]",[],"[4, 1]"
TPL,2021-02-25,"[3, 3, 4, 5, 7, 2, 3, 4, 6]","[4, 4, 2, 7, 1, 0, 0, 3, 6, 3, 0, 0]","[3, 3, 4, 5, 7, 2, 3, 4, 6, 4, 4, 2, 7, 1, 0, 0, 3, 6, 3, 0, 0]"
TPL,2022-02-23,"[6, 6, 1, 4, 1, 1, 2, 2]","[8, 7, 6, 3, 3, 2, -3]","[6, 6, 1, 4, 1, 1, 2, 2, 8, 7, 6, 3, 3, 2, -3]"
TPL,2023-02-22,"[5, 5, 7, 10, 2, 5, 2, 5, 4, 0]","[1, 3]","[5, 5, 7, 10, 2, 5, 2, 5, 4, 0, 1, 3]"
TPL,2024-02-21,"[2, 4, 4, 4, 2]",[],"[2, 4, 4, 4, 2]"
TPR,2021-08-19,"[9, 8, 8, 7, 3, 4, 5, 4, 1, 7, 8, 6, 4, 2, 5]","[9, 8, 7, 5, 4, 1, 7]","[9, 8, 8, 7, 3, 4, 5, 4, 1, 7, 8, 6, 4, 2, 5, 9, 8, 7, 5, 4, 1, 7]"
TPR,2022-08-18,"[4, 3, 5, 1, 5, 7, 3, 2]","[10, 4, 3, 5]","[4, 3, 5, 1, 5, 7, 3, 2, 10, 4, 3, 5]"
TPR,2023-08-17,"[4, 5, 7, 3, 4, 2, 4, 3, 2, 1]","[4, 5, 4, 2]","[4, 5, 7, 3, 4, 2, 4, 3, 2, 1, 4, 5, 4, 2]"
TPR,2024-08-15,"[6, 6, 5, 2, 0]","[4, 0]","[6, 6, 5, 2, 0, 4, 0]"
TRGP,2021-02-18,"[6, 4, 5, 4, 4, 4, 4, 4, 1, 2, 4, 4, 4, 3]","[6, 4, 4]","[6, 4, 5, 4, 4, 4, 4, 4, 1, 2, 4, 4, 4, 3, 6, 4, 4]"
TRGP,2022-02-24,"[8, 7, 8, 9, 6, 7, 7, 7]",[],"[8, 7, 8, 9, 6, 7, 7, 7]"
TRGP,2023-02-22,"[4, 4, 7, 7, 3, 2]",[],"[4, 4, 7, 7, 3, 2]"
TRGP,2024-02-15,"[2, 2, 5]",[],"[2, 2, 5]"
TRMB,2021-02-26,"[6, 9, 6, 4, 5, 5]","[6, 2, 3]","[6, 9, 6, 4, 5, 5, 6, 2, 3]"
TRMB,2022-02-23,"[6, 4, 5, 4, 7, 9, 7, 4, 4, 1, 2, 2, 1, 1, 1, 2, 3]","[6, 7, 4, 6, 5, -1, 1]","[6, 4, 5, 4, 7, 9, 7, 4, 4, 1, 2, 2, 1, 1, 1, 2, 3, 6, 7, 4, 6, 5, -1, 1]"
TRMB,2023-02-17,"[8, 7, 4, 1, 0, 0]",[],"[8, 7, 4, 1, 0, 0]"
TRMB,2024-02-26,"[4, 3]",[],"[4, 3]"
TROW,2021-02-11,"[2, 5, 5, 4, 4, 1, 4, 4, 3]",[4],"[2, 5, 5, 4, 4, 1, 4, 4, 3, 4]"
TROW,2022-02-24,"[3, 4, 2, 5, 3, 6, 5, 1, 3, 4]",[1],"[3, 4, 2, 5, 3, 6, 5, 1, 3, 4, 1]"
TROW,2023-02-15,"[3, 4, 5, 6, 4, 1, 2, 4]",[],"[3, 4, 5, 6, 4, 1, 2, 4]"
TROW,2024-02-16,"[4, 4, 5, 6, 5, 4, 1, 3, 4]",[],"[4, 4, 5, 6, 5, 4, 1, 3, 4]"
TRV,2021-02-11,"[6, 4, 6, 6, 7, 5, 5, 6]","[6, 6, 7]","[6, 4, 6, 6, 7, 5, 5, 6, 6, 6, 7]"
TRV,2022-02-17,"[7, 6, 6, 7, 3, 2, 2, 4, 3]","[6, 3, 4]","[7, 6, 6, 7, 3, 2, 2, 4, 3, 6, 3, 4]"
TRV,2023-02-16,"[6, 3, 8, 5]",[4],"[6, 3, 8, 5, 4]"
TRV,2024-02-15,"[6, 5, 3, 4, 2, 2]",[5],"[6, 5, 3, 4, 2, 2, 5]"
TSCO,2021-02-18,"[7, 4, 7, 5, 4, 6, 4, 5, 6, 6, 5]",[],"[7, 4, 7, 5, 4, 6, 4, 5, 6, 6, 5]"
TSCO,2022-02-17,"[5, 4, 4, 4, 8, 7, 5, 6, 5, 6, 6, 6, 6, 6, 5, 5, 3]",[],"[5, 4, 4, 4, 8, 7, 5, 6, 5, 6, 6, 6, 6, 6, 5, 5, 3]"
TSCO,2023-02-23,"[2, 5, 7, 7, 4, 4]",[],"[2, 5, 7, 7, 4, 4]"
TSCO,2024-02-23,"[4, 4, 4, 3]",[],"[4, 4, 4, 3]"
TSLA,2021-02-08,"[4, 9, 6, 5, 7, 7, 4, 1]","[4, 9, 5, 7, 1, 5]","[4, 9, 6, 5, 7, 7, 4, 1, 4, 9, 5, 7, 1, 5]"
TSLA,2022-02-07,"[4, 9, 6, 4, 4, 8, 4, 4, 2, 1]","[4, 2, 7, 1]","[4, 9, 6, 4, 4, 8, 4, 4, 2, 1, 4, 2, 7, 1]"
TSLA,2023-01-31,"[4, 4, 7, 4, 7, 4, 9, 2, 8, 4]","[4, 2, 1]","[4, 4, 7, 4, 7, 4, 9, 2, 8, 4, 4, 2, 1]"
TSLA,2024-01-29,"[4, 5]",[],"[4, 5]"
TSN,2021-11-15,"[5, 7, 6, 7, 4, 2, 6, 5, 4, 4, 1, 2, 5]","[7, 4, 2, 6]","[5, 7, 6, 7, 4, 2, 6, 5, 4, 4, 1, 2, 5, 7, 4, 2, 6]"
TSN,2022-11-14,"[5, 7, 6, 5, 5, 3, 3, 2, 4]",[5],"[5, 7, 6, 5, 5, 3, 3, 2, 4, 5]"
TSN,2023-11-13,"[5, 7, 6, 3, 8, 6, 6, 4, 2, 3, 7, 3, 2, 2, 3]",[],"[5, 7, 6, 3, 8, 6, 6, 4, 2, 3, 7, 3, 2, 2, 3]"
TSN,2024-11-12,"[6, 4, 4, 4, 2, 1, 2]",[],"[6, 4, 4, 4, 2, 1, 2]"
TTWO,2021-05-19,"[6, 5, 7, 4, 5, 4, 4, 3, 1]","[1, 5]","[6, 5, 7, 4, 5, 4, 4, 3, 1, 1, 5]"
TTWO,2022-05-17,"[8, 7, 6, 4, 3, 4, 2, 5, 3, 4, 4]",[2],"[8, 7, 6, 4, 3, 4, 2, 5, 3, 4, 4, 2]"
TTWO,2023-05-26,"[8, 8, 5, 8, 5, 3, 3, 1, 4, 5, 4, 0, 0, 5, 5, 3, 4, 3]",[8],"[8, 8, 5, 8, 5, 3, 3, 1, 4, 5, 4, 0, 0, 5, 5, 3, 4, 3, 8]"
TTWO,2024-05-22,"[4, 2]",[],"[4, 2]"
TT,2021-02-09,"[9, 3, 8, 6, 7, 6, 5, 5, 9, 7, 6, 4, 6, 4, 3, 6]","[8, 7, 6, 6, 7, 7, -1, 4, -2]","[9, 3, 8, 6, 7, 6, 5, 5, 9, 7, 6, 4, 6, 4, 3, 6, 8, 7, 6, 6, 7, 7, -1, 4, -2]"
TT,2022-02-07,"[8, 6, 7, 7, 8, 4, 4, 3, 4, 2, 4]",[6],"[8, 6, 7, 7, 8, 4, 4, 3, 4, 2, 4, 6]"
TT,2023-02-10,"[7, 3, 2, 6, 1, -1, 1, 0, 1]","[6, 0, 0]","[7, 3, 2, 6, 1, -1, 1, 0, 1, 6, 0, 0]"
TT,2024-02-08,"[5, 4, 5, 4, 2, 2, 2, 1]",[],"[5, 4, 5, 4, 2, 2, 2, 1]"
TXN,2021-02-05,"[6, 7, 5, 7, 7, 2]","[8, 2, 1, 6, 4, 1, 1, 1, -1, 1]","[6, 7, 5, 7, 7, 2, 8, 2, 1, 6, 4, 1, 1, 1, -1, 1]"
TXN,2022-02-04,"[7, 4, 4, 4, 6]",[8],"[7, 4, 4, 4, 6, 8]"
TXN,2023-02-03,"[4, 8, 6, 5, 1, 1, 2]","[7, 1]","[4, 8, 6, 5, 1, 1, 2, 7, 1]"
TXN,2024-02-02,"[4, 4, 4, 4, 3]",[],"[4, 4, 4, 4, 3]"
TXT,2021-02-19,"[6, 5, 6, 4, 3, 5, 5, 5, 7]","[6, 5, 3, 7, 9, 6]","[6, 5, 6, 4, 3, 5, 5, 5, 7, 6, 5, 3, 7, 9, 6]"
TXT,2022-02-17,"[7, 4, 6, 5, 6, 3, 2, 1, 5, 5, 3, 3, 1]","[1, 2, 8, 6, 1]","[7, 4, 6, 5, 6, 3, 2, 1, 5, 5, 3, 3, 1, 1, 2, 8, 6, 1]"
TXT,2023-02-16,"[6, 5, 8, 7, 5, 6, 4, 3, 4, 3]",[],"[6, 5, 8, 7, 5, 6, 4, 3, 4, 3]"
TXT,2024-02-12,"[4, 0, 0]",[1],"[4, 0, 0, 1]"
TYL,2021-02-19,"[7, 6, 4, 4, 4, 3, 0, 6]","[6, 4, 6, 4, 0]","[7, 6, 4, 4, 4, 3, 0, 6, 6, 4, 6, 4, 0]"
TYL,2022-02-23,"[4, 6, 5, 3, 3, 1, 2, 5, 1, 2]","[2, 5, 3, -3, 3, -3]","[4, 6, 5, 3, 3, 1, 2, 5, 1, 2, 2, 5, 3, -3, 3, -3]"
TYL,2023-02-22,"[6, 6, 6, 5, 0, 5, 3, 0, 4, 5, 3, 6, 4]","[4, 3, 3]","[6, 6, 6, 5, 0, 5, 3, 0, 4, 5, 3, 6, 4, 4, 3, 3]"
TYL,2024-02-21,"[3, 3, 3, 1, 1, 2, 1, 2, 2]",[],"[3, 3, 3, 1, 1, 2, 1, 2, 2]"
T,2021-02-25,"[3, 6, 7, 7, 6, 4, 4, 2, 5, 5, 1, 4, 4, 3, 4, 3, 5, 5, 4]","[5, 7, 9, 4, 4]","[3, 6, 7, 7, 6, 4, 4, 2, 5, 5, 1, 4, 4, 3, 4, 3, 5, 5, 4, 5, 7, 9, 4, 4]"
T,2022-02-16,"[3, 5, 8, 5, 5, 3, 3, 2, 5, 6, 5, 4, 3, 4, 4, 6]",[6],"[3, 5, 8, 5, 5, 3, 3, 2, 5, 6, 5, 4, 3, 4, 4, 6, 6]"
T,2023-02-13,"[5, 7, 8, 8, 6, 5, 5]",[],"[5, 7, 8, 8, 6, 5, 5]"
T,2024-02-23,"[6, 1, 2, 5, 3]",[4],"[6, 1, 2, 5, 3, 4]"
UAL,2022-02-18,"[9, 6, 7, 7, 6, 5, 5, 6, 6]","[9, 5, 7]","[9, 6, 7, 7, 6, 5, 5, 6, 6, 9, 5, 7]"
UAL,2023-02-16,"[8, 8, 6, 3, 4, 5, 3, 3, 2]",[5],"[8, 8, 6, 3, 4, 5, 3, 3, 2, 5]"
UAL,2024-02-29,"[5, 5, 3, 5, 1]",[],"[5, 5, 3, 5, 1]"
UBER,2021-03-01,"[8, 7, 6, 5, 6, 5, 7, 2]",[],"[8, 7, 6, 5, 6, 5, 7, 2]"
UBER,2022-02-24,"[9, 9, 7, 8, 8, 5, 6, 5, -1, 7, 5, 5]",[-1],"[9, 9, 7, 8, 8, 5, 6, 5, -1, 7, 5, 5, -1]"
UBER,2023-02-21,"[7, 5, 6, 8, 4, 3, 4]",[],"[7, 5, 6, 8, 4, 3, 4]"
UBER,2024-02-15,"[5, 5, 4, 4, 3, 4]",[],"[5, 5, 4, 4, 3, 4]"
UDR,2021-02-18,"[6, 8, 7, 8, 4, 4, 7, 5, 3, 4, 7, 3]",[],"[6, 8, 7, 8, 4, 4, 7, 5, 3, 4, 7, 3]"
UDR,2022-02-15,"[9, 8, 7, 5, 7, 7, 7, 4, 4]",[],"[9, 8, 7, 5, 7, 7, 7, 4, 4]"
UDR,2023-02-13,"[4, 8, 6, 9, 4, 2, 6]","[1, 0]","[4, 8, 6, 9, 4, 2, 6, 1, 0]"
UDR,2024-02-20,"[6, 3, 6, -1, 3, 2, 3, 2, 1, 4, 2, 2]",[],"[6, 3, 6, -1, 3, 2, 3, 2, 1, 4, 2, 2]"
UHS,2021-02-25,"[8, 7, 8, 2, 5]",[],"[8, 7, 8, 2, 5]"
UHS,2022-02-24,"[4, 8, 6, 7, 4, 5, 5, 5]","[5, 5]","[4, 8, 6, 7, 4, 5, 5, 5, 5, 5]"
UHS,2023-02-27,"[8, 8, 9, 5, 4, 5, 5, 1]","[8, 9, 4, 5]","[8, 8, 9, 5, 4, 5, 5, 1, 8, 9, 4, 5]"
UHS,2024-02-27,"[6, 6, 6, 6, 6, 6, 6, 5]",[5],"[6, 6, 6, 6, 6, 6, 6, 5, 5]"
ULTA,2021-03-26,"[6, 8, 5, 4, 6, 3, 3, 2, 2, 2, 5]","[7, 6, 5, 6, 5]","[6, 8, 5, 4, 6, 3, 3, 2, 2, 2, 5, 7, 6, 5, 6, 5]"
ULTA,2022-03-25,"[6, 6, 1, 9, 6, 7, 5, 5, 5, 6, 6, 1, 3, 1]","[5, 2, 4, 5]","[6, 6, 1, 9, 6, 7, 5, 5, 5, 6, 6, 1, 3, 1, 5, 2, 4, 5]"
ULTA,2023-03-24,"[7, 7, 6, 4, 5, 6, 5, 4]",[6],"[7, 7, 6, 4, 5, 6, 5, 4, 6]"
ULTA,2024-03-26,"[5, 0, 1, 0, 0]",[1],"[5, 0, 1, 0, 0, 1]"
UNH,2021-03-01,"[7, 4, 2, 6, 5, 6, 5, 5, 6, 5, 4, 8]","[3, 6, 3, 3]","[7, 4, 2, 6, 5, 6, 5, 5, 6, 5, 4, 8, 3, 6, 3, 3]"
UNH,2022-02-15,"[7, 3, 3, 3, 3, 4, 4, 5, 6, 3, 5, 5, 4, 4, 4, 3, 4, 2]","[5, 3, 4, 2, 1, 1, 2, 4, 3, 3, 2, 3, 2]","[7, 3, 3, 3, 3, 4, 4, 5, 6, 3, 5, 5, 4, 4, 4, 3, 4, 2, 5, 3, 4, 2, 1, 1, 2, 4, 3, 3, 2, 3, 2]"
UNH,2023-02-24,"[6, 8, 5, 7, 8, 5, 4, 4]",[8],"[6, 8, 5, 7, 8, 5, 4, 4, 8]"
UNH,2024-02-28,"[5, 4, 5, 2, 1]",[],"[5, 4, 5, 2, 1]"
UNP,2021-02-05,"[7, 6, 3, 6, 5, 3]","[5, 4, 4, 5, 3, 3]","[7, 6, 3, 6, 5, 3, 5, 4, 4, 5, 3, 3]"
UNP,2022-02-04,"[7, 7, 2, 2, 6, 5, 2, 4, 3]","[1, 1, 1]","[7, 7, 2, 2, 6, 5, 2, 4, 3, 1, 1, 1]"
UNP,2023-02-10,"[7, 6, 5, 4, 1, 2, 1]",[],"[7, 6, 5, 4, 1, 2, 1]"
UNP,2024-02-09,"[3, 6, 5, 4, 1, 4, 2]",[],"[3, 6, 5, 4, 1, 4, 2]"
UPS,2021-02-22,"[6, 6, 5, 4, 3]","[5, 4, 3, 0]","[6, 6, 5, 4, 3, 5, 4, 3, 0]"
UPS,2022-02-22,"[8, 3, 5, 5, 3, 3, 9, 3, 2, 2, 1, 4]","[5, 4, 4, 6]","[8, 3, 5, 5, 3, 3, 9, 3, 2, 2, 1, 4, 5, 4, 4, 6]"
UPS,2023-02-21,"[7, 8, 6, 2, 3, 6]","[6, 1]","[7, 8, 6, 2, 3, 6, 6, 1]"
UPS,2024-02-20,[4],[],[4]
URI,2021-01-27,"[6, 6, 4, 6, 3, 4, 4]",[4],"[6, 6, 4, 6, 3, 4, 4, 4]"
URI,2022-01-26,"[1, 6, 2, 7, 4, 4, 5, 2, 5, 1, 3, 1, 1, 2, 1]","[2, 4, -2]","[1, 6, 2, 7, 4, 4, 5, 2, 5, 1, 3, 1, 1, 2, 1, 2, 4, -2]"
URI,2023-01-25,"[7, 4, 7, 1]","[5, 6, 5, 1, 0]","[7, 4, 7, 1, 5, 6, 5, 1, 0]"
URI,2024-01-24,"[3, 2, 3]","[1, 0, 0, 0]","[3, 2, 3, 1, 0, 0, 0]"
USB,2021-02-23,[],[],[]
USB,2022-02-22,[],[],[]
USB,2023-02-27,[],[],[]
USB,2024-02-20,[],[],[]
VICI,2021-02-18,"[9, 7, 7, 8, 3, 7, 6, 6, 6, 6]",[9],"[9, 7, 7, 8, 3, 7, 6, 6, 6, 6, 9]"
VICI,2022-02-23,"[9, 8, 4, 6, 7, 2, 5, 5, 5, 6, 5, 5, 3, 3, 4, 4, 4, 4, 3, 3, 3]","[9, 2, 5, 5]","[9, 8, 4, 6, 7, 2, 5, 5, 5, 6, 5, 5, 3, 3, 4, 4, 4, 4, 3, 3, 3, 9, 2, 5, 5]"
VICI,2023-02-23,"[7, 6, 5, 5]",[],"[7, 6, 5, 5]"
VICI,2024-02-22,[5],[],[5]
VLTO,2024-02-28,"[4, 1, 3, 3, 2, 1]",[4],"[4, 1, 3, 3, 2, 1, 4]"
VMC,2021-02-25,"[5, 9, 8, 4, 4, 5, 5, 5, -1, 1]","[8, 0]","[5, 9, 8, 4, 4, 5, 5, 5, -1, 1, 8, 0]"
VMC,2022-02-25,"[6, 4, 6, 4, 3, 3, 3]",[6],"[6, 4, 6, 4, 3, 3, 3, 6]"
VMC,2023-02-24,"[4, 0, 4, 4]",[9],"[4, 0, 4, 4, 9]"
VMC,2024-02-22,[2],[],[2]
VRSK,2021-02-23,[1],"[1, 0, 0, -3, 3, 8, 5, -1, 4, 3]","[1, 1, 0, 0, -3, 3, 8, 5, -1, 4, 3]"
VRSK,2022-02-22,[4],"[2, 5, 6, 5, 6, 4, 2, 1]","[4, 2, 5, 6, 5, 6, 4, 2, 1]"
VRSK,2023-02-28,[4],"[6, 2, 1]","[4, 6, 2, 1]"
VRSK,2024-02-21,[],"[3, 1]","[3, 1]"
VRSN,2021-02-19,"[4, 5, 3, 3, 4]","[5, 4, 2]","[4, 5, 3, 3, 4, 5, 4, 2]"
VRSN,2022-02-18,"[2, 3, 5, 1, 3, 0, 2, 0, 5]","[5, 1, 0, 0, 0, 3, 5, 1]","[2, 3, 5, 1, 3, 0, 2, 0, 5, 5, 1, 0, 0, 0, 3, 5, 1]"
VRSN,2023-02-17,"[6, 1]",[3],"[6, 1, 3]"
VRSN,2024-02-15,[],[],[]
VRTX,2021-02-11,"[2, 5, 5, 3, 2, 5, 2, 6, 2, 4, 4]",[2],"[2, 5, 5, 3, 2, 5, 2, 6, 2, 4, 4, 2]"
VRTX,2022-02-09,"[6, 7, 8, 6, 6, 7, 6, 5, 7, 6]",[],"[6, 7, 8, 6, 6, 7, 6, 5, 7, 6]"
VRTX,2023-02-10,"[6, 5, 7, 4, 6, 7, 8, 6, 5, 4]",[],"[6, 5, 7, 4, 6, 7, 8, 6, 5, 4]"
VRTX,2024-02-15,"[4, 0]",[],"[4, 0]"
VST,2021-02-26,"[5, 7, 4, 4]","[5, 4]","[5, 7, 4, 4, 5, 4]"
VST,2022-02-25,"[6, 4, 5, 6]",[6],"[6, 4, 5, 6, 6]"
VST,2023-03-01,"[7, 7, 9, 1]",[],"[7, 7, 9, 1]"
VST,2024-02-29,"[4, 5, 5, 1]",[],"[4, 5, 5, 1]"
VTRS,2021-03-01,"[6, 8, 4, 6, 7, 6, 5, 7, 2, 5]","[6, 2]","[6, 8, 4, 6, 7, 6, 5, 7, 2, 5, 6, 2]"
VTRS,2022-02-28,"[9, 8, 6, 8, 7, 8, 6, 7, 6, 9]","[9, 6]","[9, 8, 6, 8, 7, 8, 6, 7, 6, 9, 9, 6]"
VTRS,2023-02-27,"[8, 6, 5, 3, 3, 3, 2, 2]",[8],"[8, 6, 5, 3, 3, 3, 2, 2, 8]"
VTRS,2024-02-28,[5],[1],"[5, 1]"
VTR,2021-02-23,"[8, 7, 7, 6, 4, 3, 4, 5, 5, 3, 3, 3, 5, 6, 3, 3, 3, 4]","[8, 7, 6, 5, 3, 5, 5, 4]","[8, 7, 7, 6, 4, 3, 4, 5, 5, 3, 3, 3, 5, 6, 3, 3, 3, 4, 8, 7, 6, 5, 3, 5, 5, 4]"
VTR,2022-02-18,"[7, 7, 6, 3, 5, 4, 3, 6, 6, 6, 4, 4, 5, 3]","[7, 3, 6, 4]","[7, 7, 6, 3, 5, 4, 3, 6, 6, 6, 4, 4, 5, 3, 7, 3, 6, 4]"
VTR,2023-02-10,"[8, 8, 7, 4, 1, 5, 6, 7, 5, 5, 5]",[8],"[8, 8, 7, 4, 1, 5, 6, 7, 5, 5, 5, 8]"
VTR,2024-02-15,"[5, 5, 6, 6, 3, 3, 0, 3, 3, 3]",[],"[5, 5, 6, 6, 3, 3, 0, 3, 3, 3]"
VZ,2021-02-25,"[5, 6, 7, 7, 1, 6]","[7, 2, 3, 4]","[5, 6, 7, 7, 1, 6, 7, 2, 3, 4]"
VZ,2022-02-11,"[6, 5, 6, 8, 4, 1, 0, 4]","[5, 3, 0]","[6, 5, 6, 8, 4, 1, 0, 4, 5, 3, 0]"
VZ,2023-02-10,"[2, 6, 1, 2, 5, 2, 2]",[1],"[2, 6, 1, 2, 5, 2, 2, 1]"
VZ,2024-02-09,"[3, 6, 4, 6, 2]",[],"[3, 6, 4, 6, 2]"
V,2021-11-18,"[4, 6, 7, 5, 4, 4, 5, 5, 3, 7, 4, 5]",[5],"[4, 6, 7, 5, 4, 4, 5, 5, 3, 7, 4, 5, 5]"
V,2022-11-16,"[4, 8, 5, 1, 6, 5]",[],"[4, 8, 5, 1, 6, 5]"
V,2023-11-15,"[7, 5, 3, 3, 7]",[],"[7, 5, 3, 3, 7]"
V,2024-11-13,[5],[],[5]
WAB,2024-02-14,"[7, 5, 1, 6, 1, 5, 2]",[],"[7, 5, 1, 6, 1, 5, 2]"
WAT,2022-02-24,"[8, 7, 8, 9, 6, 5, 1, 5, 5, 6]","[9, 6, 5, -4, -1]","[8, 7, 8, 9, 6, 5, 1, 5, 5, 6, 9, 6, 5, -4, -1]"
WAT,2024-02-27,"[5, 4, 3, 1, 1]",[4],"[5, 4, 3, 1, 1, 4]"
WBA,2021-10-14,"[4, 7, 7, 9, 6, 4, 6, 6, 4, 7, 7]",[7],"[4, 7, 7, 9, 6, 4, 6, 6, 4, 7, 7, 7]"
WBA,2022-10-13,"[7, 4, 5, 7, 4, 5, 3, 4, 3, 5, 3, 5]",[4],"[7, 4, 5, 7, 4, 5, 3, 4, 3, 5, 3, 5, 4]"
WBA,2023-10-12,"[4, 6, 6, 4, 5, 4]","[6, 6, 4]","[4, 6, 6, 4, 5, 4, 6, 6, 4]"
WBA,2024-10-15,"[1, 2, 2, 2, 4]","[1, 4, 1, 2]","[1, 2, 2, 2, 4, 1, 4, 1, 2]"
WBD,2021-02-22,"[6, 9, 7, 7, 8, 6]","[7, 4, -1, 1, 0, 3]","[6, 9, 7, 7, 8, 6, 7, 4, -1, 1, 0, 3]"
WBD,2022-02-24,"[6, 7, 5, 3, 4, 3]","[5, -2, 4, 5]","[6, 7, 5, 3, 4, 3, 5, -2, 4, 5]"
WBD,2023-02-24,"[2, 3, 6, 6, 3, 6, 4]","[3, 8]","[2, 3, 6, 6, 3, 6, 4, 3, 8]"
WBD,2024-02-23,"[1, 3, 5]",[],"[1, 3, 5]"
WDAY,2021-03-02,"[5, 5, 6, 6, 7, 5, 7, 6, 6, 4, 1, 7]",[],"[5, 5, 6, 6, 7, 5, 7, 6, 6, 4, 1, 7]"
WDAY,2022-02-28,"[4, 5, 5, 5, 3, 3, 3, 3, 4, 5, 6, 6, 4, 3, 4, 5, 4, 3, 4, 3, 4, 3, 2, 3]",[],"[4, 5, 5, 5, 3, 3, 3, 3, 4, 5, 6, 6, 4, 3, 4, 5, 4, 3, 4, 3, 4, 3, 2, 3]"
WDAY,2023-02-27,"[7, 3, 4, 4, 3, 3]","[7, 5]","[7, 3, 4, 4, 3, 3, 7, 5]"
WDAY,2024-03-08,"[4, 6, 4]",[],"[4, 6, 4]"
WDC,2021-08-27,"[7, 9, 3, 8, 7, 6, 6, 4, 7]","[7, 10, -4, 5]","[7, 9, 3, 8, 7, 6, 6, 4, 7, 7, 10, -4, 5]"
WDC,2022-08-25,"[4, 5, 3, 3, 2, 0, 5, 3, 2, 3, 2, 0, 3, 4]","[0, 4, 7, 4, 3]","[4, 5, 3, 3, 2, 0, 5, 3, 2, 3, 2, 0, 3, 4, 0, 4, 7, 4, 3]"
WDC,2023-08-22,"[3, 4, 5, 2, 3, 1, 1, 1, 1]",[],"[3, 4, 5, 2, 3, 1, 1, 1, 1]"
WDC,2024-08-20,"[6, 4, 4, 2]",[],"[6, 4, 4, 2]"
WEC,2021-02-25,"[4, 4, 4, 6, 7, 4, 2, 2, 1, -2, 4]","[4, 4, 4, 2, -2, 4, 4]","[4, 4, 4, 6, 7, 4, 2, 2, 1, -2, 4, 4, 4, 4, 2, -2, 4, 4]"
WEC,2022-02-24,"[8, 6, 1, 2, 5, 4, 5, 2, 3, 1, 0, 5]","[8, 6, 1, 2, 5, 0, 3]","[8, 6, 1, 2, 5, 4, 5, 2, 3, 1, 0, 5, 8, 6, 1, 2, 5, 0, 3]"
WEC,2023-02-23,"[4, 3, 2, 4, 2, 1]",[],"[4, 3, 2, 4, 2, 1]"
WEC,2024-02-22,"[4, 6, 5, 5, 5, 0]",[4],"[4, 6, 5, 5, 5, 0, 4]"
WELL,2021-02-10,"[4, 2, 9, 6, 5, 3, 4, 4, 2]","[4, 2, 6, 4]","[4, 2, 9, 6, 5, 3, 4, 4, 2, 4, 2, 6, 4]"
WELL,2022-02-16,"[3, 3, 9, 6, 5, 6, 3, 4, 6]",[6],"[3, 3, 9, 6, 5, 6, 3, 4, 6, 6]"
WELL,2023-02-21,"[6, 10, 7, 6, 7, 2, 3, 5]",[],"[6, 10, 7, 6, 7, 2, 3, 5]"
WELL,2024-02-15,"[5, 4, 4, 8, 9]",[],"[5, 4, 4, 8, 9]"
WFC,2021-02-23,[],[],[]
WFC,2022-02-22,[],[],[]
WFC,2023-02-21,[],[],[]
WFC,2024-02-20,[],[],[]
WMB,2021-02-24,"[7, 5, 6, 4, 5, 4, 4]","[8, 0]","[7, 5, 6, 4, 5, 4, 4, 8, 0]"
WMB,2022-02-28,"[6, 7, 5, 4, 5, 7]",[],"[6, 7, 5, 4, 5, 7]"
WMB,2023-02-27,"[3, 5]",[],"[3, 5]"
WMB,2024-02-21,[2],[],[2]
WMT,2021-03-19,"[5, 6, 5, 5, 4, 5, 6, 3]","[5, 4]","[5, 6, 5, 5, 4, 5, 6, 3, 5, 4]"
WMT,2022-03-18,"[7, 5, 8, 3, 7, 5, 8, 4, 0, 2, 5, 7, 3, 6, 4, 4]","[7, 6]","[7, 5, 8, 3, 7, 5, 8, 4, 0, 2, 5, 7, 3, 6, 4, 4, 7, 6]"
WMT,2023-03-17,"[3, 5, 4, 4, 4, 4, 2, 4, 2, 3]","[3, 1]","[3, 5, 4, 4, 4, 4, 2, 4, 2, 3, 3, 1]"
WMT,2024-03-15,"[4, 6, 4, 5, 5]",[4],"[4, 6, 4, 5, 5, 4]"
WM,2021-02-22,"[7, 7, 4, 3, 5, 7, 4, 4, 5]","[4, 10, 4]","[7, 7, 4, 3, 5, 7, 4, 4, 5, 4, 10, 4]"
WM,2022-02-15,"[7, 5, 4, 4, 5, 4, 5, 4, 5, 4]","[4, 4, 4, 5, 4]","[7, 5, 4, 4, 5, 4, 5, 4, 5, 4, 4, 4, 4, 5, 4]"
WM,2023-02-07,"[8, 4, 9, 7, 6, 6, 4, 5, 3]","[7, 6, 1]","[8, 4, 9, 7, 6, 6, 4, 5, 3, 7, 6, 1]"
WM,2024-02-13,"[6, 1, 2]",[],"[6, 1, 2]"
WRB,2021-02-18,"[9, 5, 4, 7, 4, 10, 4, 2, 6, 4, 4, 6]","[9, 4, 4, 4, 4, 6]","[9, 5, 4, 7, 4, 10, 4, 2, 6, 4, 4, 6, 9, 4, 4, 4, 4, 6]"
WRB,2022-02-24,"[7, 4, 4, 5, 5, 7, 3, 3, 4, 3, 3, 5, 3, 2]","[7, 4, 7, 5, 2]","[7, 4, 4, 5, 5, 7, 3, 3, 4, 3, 3, 5, 3, 2, 7, 4, 7, 5, 2]"
WRB,2023-02-24,"[7, 5, 2, 9, 4, 3, 3, 4, 4, 4]","[9, 4]","[7, 5, 2, 9, 4, 3, 3, 4, 4, 4, 9, 4]"
WRB,2024-02-23,"[4, 5, 4, 4, 4, 4, 6, 4, 3, 4, 4, 4, 4, 3, 4, 3, 5, 3]","[6, 5, 3]","[4, 5, 4, 4, 4, 4, 6, 4, 3, 4, 4, 4, 4, 3, 4, 3, 5, 3, 6, 5, 3]"
WST,2021-02-23,"[4, 4, 2, 6, 1, 6, 3, 4, 0, 3, 1]",[2],"[4, 4, 2, 6, 1, 6, 3, 4, 0, 3, 1, 2]"
WST,2022-02-22,"[2, 1, 4, 3, 2, 3, 4, 1, 0]","[-3, 1, 2, 1]","[2, 1, 4, 3, 2, 3, 4, 1, 0, -3, 1, 2, 1]"
WST,2023-02-21,"[5, 1, 9, 1, 1, 2, 8, 5]","[0, 0]","[5, 1, 9, 1, 1, 2, 8, 5, 0, 0]"
WST,2024-02-20,[4],"[6, 5]","[4, 6, 5]"
WTW,2021-02-23,"[7, 5, 5, 2, 6, 5, 5, 3, 3]","[7, 5, 2, 3]","[7, 5, 5, 2, 6, 5, 5, 3, 3, 7, 5, 2, 3]"
WTW,2022-02-24,"[7, 8, 7, 6, 6, 5, 6, 5, 3, 6, 6, 5]","[7, 6, 5, 3]","[7, 8, 7, 6, 6, 5, 6, 5, 3, 6, 6, 5, 7, 6, 5, 3]"
WTW,2023-02-24,"[7, 7, 5, 5, 3, 3, 4, 5]",[],"[7, 7, 5, 5, 3, 3, 4, 5]"
WTW,2024-02-22,"[4, 4, 6, 4, 3]",[4],"[4, 4, 6, 4, 3, 4]"
WYNN,2021-02-26,"[7, 6, 7, 7, 4, 6, 3]","[7, 8, 4, 6, 6, 5, 7]","[7, 6, 7, 7, 4, 6, 3, 7, 8, 4, 6, 6, 5, 7]"
WYNN,2022-02-28,"[7, 6, 4, 5, 4, 3]",[7],"[7, 6, 4, 5, 4, 3, 7]"
WYNN,2023-02-27,"[4, 4, 3, 3, 4, 1, 2]","[4, 4, 4]","[4, 4, 3, 3, 4, 1, 2, 4, 4, 4]"
WYNN,2024-02-23,"[6, 4, 3, 1, 3]",[],"[6, 4, 3, 1, 3]"
XEL,2021-02-17,"[4, 4, 2, 1, 2, 3, 3, 1, 2]","[4, 5, 2, -2]","[4, 4, 2, 1, 2, 3, 3, 1, 2, 4, 5, 2, -2]"
XEL,2022-02-23,"[3, 7, 7, 6, -3, 3, -1, -3, 1, 5, 4, 1]","[3, -1, -3]","[3, 7, 7, 6, -3, 3, -1, -3, 1, 5, 4, 1, 3, -1, -3]"
XEL,2023-02-23,"[4, 4, 3, 0, 0, 1]",[],"[4, 4, 3, 0, 0, 1]"
XEL,2024-02-21,"[5, 4, 4, 1, 1, 1]",[],"[5, 4, 4, 1, 1, 1]"
XOM,2021-02-24,"[8, 4, 1]",[],"[8, 4, 1]"
XOM,2022-02-23,"[9, 5, 2]",[],"[9, 5, 2]"
XOM,2023-02-22,"[8, 1, 2]",[],"[8, 1, 2]"
XOM,2024-02-28,"[7, 2, 2]",[],"[7, 2, 2]"
XYL,2021-02-26,"[9, 7, 7, 8, 4, 7, 2, 5, 1, 5, 5, 2]","[1, 5, 5, 1, 2, 0]","[9, 7, 7, 8, 4, 7, 2, 5, 1, 5, 5, 2, 1, 5, 5, 1, 2, 0]"
XYL,2022-02-25,"[9, 8, 7, 9, 6, 8, 6, 6, 7, 5, 2, 7, 8, 6]","[7, 6, 2, 7, 6, 2]","[9, 8, 7, 9, 6, 8, 6, 6, 7, 5, 2, 7, 8, 6, 7, 6, 2, 7, 6, 2]"
XYL,2023-02-24,"[6, 4, 4, 1, 1, 2]",[],"[6, 4, 4, 1, 1, 2]"
XYL,2024-02-28,"[2, 4, 3, 3]",[],"[2, 4, 3, 3]"
YUM,2021-02-22,"[8, 7, 9, 7, 7, 6, 5, 5, 7, -1, 4, 5, 3, 5]","[8, -1, 4, 5]","[8, 7, 9, 7, 7, 6, 5, 5, 7, -1, 4, 5, 3, 5, 8, -1, 4, 5]"
YUM,2022-02-23,"[8, 7, 3, -2, 3, 5, 6, 5, 6, 5, 6, 4]",[8],"[8, 7, 3, -2, 3, 5, 6, 5, 6, 5, 6, 4, 8]"
YUM,2023-02-27,"[6, 5, 5, 4, 7, 5, 7, 6, 4, 3, 8, 3]","[4, 5, 7, 7]","[6, 5, 5, 4, 7, 5, 7, 6, 4, 3, 8, 3, 4, 5, 7, 7]"
YUM,2024-02-20,"[4, 4, 3, 4, 3, 3, 3, 1]",[],"[4, 4, 3, 4, 3, 3, 3, 1]"
ZBH,2022-02-25,"[8, 7, 8, 7, 8, 6, 7, 6, 10]","[7, 7, 9]","[8, 7, 8, 7, 8, 6, 7, 6, 10, 7, 7, 9]"
ZBH,2024-02-23,"[5, 6]","[4, 2, 1]","[5, 6, 4, 2, 1]"
ZBRA,2021-02-11,"[6, 6, 5, 4, 0, 4, 5, -1, 4, -2, 4, 6, 6, 5, 1, 4, 3, 3]","[4, 0, -1, -2, 4, 3, 7, 1, 1]","[6, 6, 5, 4, 0, 4, 5, -1, 4, -2, 4, 6, 6, 5, 1, 4, 3, 3, 4, 0, -1, -2, 4, 3, 7, 1, 1]"
ZBRA,2022-02-10,"[6, 7, 4, -1, 5, 4, 5, 6, 4, 4, 5]","[-1, 4, 2, 4]","[6, 7, 4, -1, 5, 4, 5, 6, 4, 4, 5, -1, 4, 2, 4]"
ZBRA,2023-02-16,"[7, 8, 5, 6, 1, 1, 6, 5, 6, 5, 5, 4, 3, 3, 5, 3, 4, 2, 2]","[4, 7, 8, 1]","[7, 8, 5, 6, 1, 1, 6, 5, 6, 5, 5, 4, 3, 3, 5, 3, 4, 2, 2, 4, 7, 8, 1]"
ZBRA,2024-02-15,"[2, 2, 1, 6, 2, 5, 5, 5, 1]",[1],"[2, 2, 1, 6, 2, 5, 5, 5, 1, 1]"
ZTS,2021-02-16,"[10, 6, 9, 7, 9, 8, 6, 4, 6, 4, 5, 4, 6]","[7, 4, 5, 7, 4, 6]","[10, 6, 9, 7, 9, 8, 6, 4, 6, 4, 5, 4, 6, 7, 4, 5, 7, 4, 6]"
ZTS,2022-02-15,"[8, 7, 7, 7, 6, 6, 7, 3, 4, 4, 4]","[6, 4]","[8, 7, 7, 7, 6, 6, 7, 3, 4, 4, 4, 6, 4]"
ZTS,2023-02-14,"[9, 8, 5, 5, 6, 7, 1, 4, 3, 1, 1, 2, 3, 1, 2, 1, 1, 1, 1, 1]","[8, 5, 9, 3, 1]","[9, 8, 5, 5, 6, 7, 1, 4, 3, 1, 1, 2, 3, 1, 2, 1, 1, 1, 1, 1, 8, 5, 9, 3, 1]"
ZTS,2024-02-13,"[3, 2, 3, 4, 6]",[4],"[3, 2, 3, 4, 6, 4]"
