company_name,date,item_label,item_snippets_score,snippets_count,max_snippet_score,min_snippet_score,mean_snippet_score,std_snippet_score
A,2021-12-17,item_1a,46,10,7,2,4.6,1.577621275493231
A,2022-12-21,item_1a,55,9,9,3,6.111111111111111,2.204792759220492
A,2024-12-20,item_1a,22,5,5,4,4.4,0.5477225575051663
AAPL,2021-10-29,item_1a,58,17,7,1,3.411764705882353,1.5834623270468011
AAPL,2021-10-29,item_7,36,9,7,2,4.0,1.8708286933869707
AAPL,2022-10-28,item_1a,85,19,9,0,4.473684210526316,2.294157338705618
AAPL,2022-10-28,item_7,29,8,6,2,3.625,1.5979898086569353
AAPL,2023-11-03,item_1a,10,2,6,4,5.0,1.4142135623730951
AAPL,2024-11-01,item_1a,7,2,6,1,3.5,3.5355339059327378
ABBV,2021-02-19,item_1a,25,8,7,1,3.125,1.807721533549109
ABBV,2021-02-19,item_7,3,1,3,3,3.0,
ABBV,2022-02-18,item_1a,25,8,6,1,3.125,1.8850918886280925
ABBV,2022-02-18,item_7,7,3,3,2,2.3333333333333335,0.5773502691896258
ABBV,2023-02-17,item_1a,33,10,7,2,3.3,1.4944341180973264
ABBV,2023-02-17,item_7,11,4,5,0,2.75,2.217355782608345
ABBV,2024-02-20,item_1a,14,5,5,1,2.8,2.04939015319192
ABNB,2021-02-26,item_1a,54,9,9,4,6.0,1.6583123951777
ABNB,2021-02-26,item_7,7,1,7,7,7.0,
ABNB,2022-02-25,item_1a,54,10,7,3,5.4,1.1737877907772674
ABNB,2022-02-25,item_7,7,1,7,7,7.0,
ABNB,2023-02-17,item_1a,42,9,9,3,4.666666666666667,2.1213203435596424
ABNB,2023-02-17,item_7,9,1,9,9,9.0,
ABNB,2024-02-16,item_1a,14,3,5,4,4.666666666666667,0.5773502691896258
ABT,2021-02-19,item_1a,21,5,6,3,4.2,1.0954451150103324
ABT,2021-02-19,item_7,32,9,6,1,3.5555555555555554,2.0069324297987157
ABT,2022-02-18,item_1a,39,12,6,0,3.25,2.0943647333651403
ABT,2022-02-18,item_7,9,3,6,0,3.0,3.0
ABT,2023-02-17,item_1a,67,12,9,1,5.583333333333333,2.7455197664338145
ABT,2023-02-17,item_7,53,12,7,1,4.416666666666667,2.2343733444579583
ABT,2024-02-16,item_1a,26,6,6,2,4.333333333333333,1.8618986725025255
ABT,2024-02-16,item_7,8,3,5,1,2.6666666666666665,2.0816659994661326
ACGL,2021-02-26,item_1a,67,11,8,5,6.090909090909091,1.0444659357341872
ACGL,2021-02-26,item_7,22,3,9,6,7.333333333333333,1.5275252316519468
ACGL,2022-02-25,item_1a,61,12,7,1,5.083333333333333,1.8809249819912512
ACGL,2023-02-24,item_1a,47,10,8,0,4.7,2.8303906287138374
ACGL,2024-02-23,item_1a,12,7,4,-2,1.7142857142857142,2.214669705568283
ACN,2021-10-15,item_1a,58,11,8,4,5.2727272727272725,1.2720777563426764
ACN,2021-10-15,item_7,4,1,4,4,4.0,
ACN,2022-10-12,item_1a,15,5,6,1,3.0,2.345207879911715
ACN,2023-10-12,item_1a,22,5,6,3,4.4,1.140175425099138
ACN,2024-10-10,item_1a,9,3,5,1,3.0,2.0
ADBE,2021-01-15,item_1a,71,13,9,3,5.461538461538462,1.8081014266989472
ADBE,2021-01-15,item_7,16,2,9,7,8.0,1.4142135623730951
ADBE,2022-01-21,item_1a,59,13,7,2,4.538461538461538,1.6132464481796025
ADBE,2022-01-21,item_7,7,1,7,7,7.0,
ADBE,2023-01-17,item_1a,20,4,7,3,5.0,1.632993161855452
ADBE,2024-01-17,item_1a,9,6,5,0,1.5,1.7606816861659011
ADI,2021-12-03,item_1a,75,15,8,2,5.0,2.0
ADI,2021-12-03,item_7,19,5,8,2,3.8,2.4899799195977463
ADI,2022-11-22,item_1a,32,9,7,1,3.5555555555555554,2.068278940998476
ADI,2022-11-22,item_7,3,2,2,1,1.5,0.7071067811865476
ADI,2023-11-21,item_1a,30,9,8,1,3.3333333333333335,2.23606797749979
ADI,2024-11-26,item_1a,11,3,5,2,3.6666666666666665,1.5275252316519468
ADM,2021-02-18,item_1a,39,11,7,1,3.5454545454545454,2.2074254852038093
ADM,2021-02-18,item_7,23,5,6,2,4.6,1.6733200530681511
ADM,2022-02-17,item_1a,23,6,5,2,3.8333333333333335,1.1690451944500122
ADM,2022-02-17,item_7,8,4,3,1,2.0,0.816496580927726
ADM,2023-02-14,item_1a,33,7,7,2,4.714285714285714,1.7994708216848745
ADM,2024-03-12,item_1a,27,5,8,3,5.4,2.3021728866442674
ADP,2021-08-04,item_1a,30,5,9,3,6.0,2.23606797749979
ADP,2021-08-04,item_7,2,1,2,2,2.0,
ADP,2022-08-03,item_1a,23,6,6,2,3.8333333333333335,1.4719601443879746
ADP,2022-08-03,item_7,3,1,3,3,3.0,
ADP,2023-08-03,item_1a,14,4,7,2,3.5,2.3804761428476167
ADP,2023-08-03,item_7,1,1,1,1,1.0,
ADP,2024-08-07,item_1a,18,6,5,1,3.0,1.6733200530681511
ADSK,2021-03-19,item_1a,51,8,9,3,6.375,1.9955307206712847
ADSK,2021-03-19,item_7,7,1,7,7,7.0,
ADSK,2022-03-14,item_1a,29,6,7,2,4.833333333333333,2.041241452319315
ADSK,2022-03-14,item_7,10,2,7,3,5.0,2.8284271247461903
ADSK,2023-03-14,item_1a,43,11,7,2,3.909090909090909,1.6403990645294486
ADSK,2023-03-14,item_7,6,2,4,2,3.0,1.4142135623730951
ADSK,2024-06-10,item_1a,17,4,5,4,4.25,0.5
AEE,2021-02-22,item_1a,60,19,8,1,3.1578947368421053,1.8933555718980595
AEE,2021-02-22,item_7,33,11,7,1,3.0,1.8973665961010275
AEE,2022-02-23,item_1a,49,9,9,4,5.444444444444445,1.5092308563562362
AEE,2022-02-23,item_7,15,3,6,4,5.0,1.0
AEE,2023-02-22,item_1a,18,5,6,1,3.6,2.5099800796022267
AEE,2023-02-22,item_7,9,2,6,3,4.5,2.1213203435596424
AEE,2024-02-29,item_1a,9,2,5,4,4.5,0.7071067811865476
AEE,2024-02-29,item_7,6,1,6,6,6.0,
AEP,2024-02-26,item_1a,9,2,6,3,4.5,2.1213203435596424
AES,2021-02-25,item_1a,68,10,8,6,6.8,0.7888106377466154
AES,2021-02-25,item_7,12,2,6,6,6.0,0.0
AES,2022-02-28,item_1a,115,26,7,2,4.423076923076923,1.4470128381759968
AES,2022-02-28,item_7,10,3,4,3,3.3333333333333335,0.5773502691896258
AES,2023-03-01,item_1a,41,10,7,1,4.1,1.66332999331662
AES,2024-02-26,item_1a,32,12,5,1,2.6666666666666665,0.9847319278346618
AES,2024-02-26,item_7,3,1,3,3,3.0,
AFL,2022-02-23,item_1a,35,6,8,4,5.833333333333333,1.4719601443879746
AFL,2022-02-23,item_7,7,1,7,7,7.0,
AFL,2023-02-24,item_1a,33,9,7,2,3.6666666666666665,1.7320508075688774
AFL,2023-02-24,item_7,7,1,7,7,7.0,
AFL,2024-02-22,item_1a,8,4,3,1,2.0,1.1547005383792515
AIG,2021-02-19,item_1a,68,12,8,3,5.666666666666667,1.2309149097933274
AIG,2021-02-19,item_7,14,2,8,6,7.0,1.4142135623730951
AIG,2022-02-17,item_1a,35,6,8,3,5.833333333333333,1.834847859269718
AIG,2022-02-17,item_7,8,1,8,8,8.0,
AIG,2023-02-17,item_1a,35,6,8,3,5.833333333333333,2.136976056643281
AIG,2023-02-17,item_7,7,1,7,7,7.0,
AIG,2024-02-14,item_1a,46,9,8,2,5.111111111111111,2.260776661041756
AIG,2024-02-14,item_7,6,1,6,6,6.0,
AIZ,2021-02-19,item_1a,116,23,8,-2,5.043478260869565,2.305689817299118
AIZ,2021-02-19,item_7,6,1,6,6,6.0,
AIZ,2022-02-22,item_1a,73,16,7,3,4.5625,1.2093386622447826
AIZ,2023-02-17,item_1a,29,6,8,2,4.833333333333333,1.9407902170679516
AIZ,2024-02-15,item_1a,20,4,6,4,5.0,0.816496580927726
AJG,2021-02-08,item_1a,37,8,8,2,4.625,2.2638462845343543
AJG,2021-02-08,item_7,8,2,6,2,4.0,2.8284271247461903
AJG,2022-02-18,item_1a,25,6,7,1,4.166666666666667,2.228601953392904
AJG,2022-02-18,item_7,2,1,2,2,2.0,
AJG,2023-02-10,item_1a,33,6,8,2,5.5,2.4289915602982237
AJG,2024-02-09,item_1a,20,4,6,4,5.0,1.1547005383792515
AKAM,2021-02-26,item_1a,51,11,6,1,4.636363636363637,1.689540012709215
AKAM,2021-02-26,item_7,2,2,2,0,1.0,1.4142135623730951
AKAM,2022-02-28,item_1a,49,11,7,2,4.454545454545454,1.6348477827391983
AKAM,2022-02-28,item_7,4,2,2,2,2.0,0.0
AKAM,2023-02-28,item_1a,46,9,8,1,5.111111111111111,2.0275875100994063
AKAM,2023-02-28,item_7,7,2,6,1,3.5,3.5355339059327378
AKAM,2024-02-28,item_1a,14,4,4,3,3.5,0.5773502691896257
AKAM,2024-02-28,item_7,10,3,4,3,3.3333333333333335,0.5773502691896258
ALB,2021-02-19,item_1a,22,6,7,-2,3.6666666666666665,3.3862466931200785
ALB,2021-02-19,item_7,24,6,7,1,4.0,2.5298221281347035
ALB,2022-02-22,item_1a,13,3,5,4,4.333333333333333,0.5773502691896257
ALB,2022-02-22,item_7,6,3,5,0,2.0,2.6457513110645907
ALB,2023-02-15,item_1a,17,4,7,1,4.25,2.5
ALB,2024-02-15,item_1a,10,4,4,0,2.5,1.7320508075688772
ALB,2024-02-15,item_7,0,1,0,0,0.0,
ALGN,2021-02-26,item_1a,76,12,9,4,6.333333333333333,1.5569978883230462
ALGN,2021-02-26,item_7,8,1,8,8,8.0,
ALGN,2022-02-25,item_1a,68,14,9,1,4.857142857142857,2.14322341192107
ALGN,2022-02-25,item_7,13,3,6,2,4.333333333333333,2.0816659994661326
ALGN,2023-02-27,item_1a,40,7,8,2,5.714285714285714,1.9760470401187076
ALGN,2023-02-27,item_7,5,1,5,5,5.0,
ALGN,2024-02-28,item_1a,22,7,6,2,3.142857142857143,1.4638501094227998
ALL,2021-02-22,item_1a,18,3,8,5,6.0,1.7320508075688772
ALL,2021-02-22,item_7,13,4,7,-1,3.25,3.5
ALL,2022-02-18,item_1a,61,9,8,4,6.777777777777778,1.3017082793177757
ALL,2022-02-18,item_7,45,8,8,1,5.625,2.38671920665766
ALL,2023-02-16,item_1a,46,7,9,4,6.571428571428571,1.618347187425374
ALL,2023-02-16,item_7,44,7,9,4,6.285714285714286,1.6035674514745462
ALL,2024-02-21,item_1a,20,5,5,3,4.0,0.7071067811865476
ALL,2024-02-21,item_7,7,2,4,3,3.5,0.7071067811865476
ALLE,2021-02-16,item_1a,53,8,10,3,6.625,2.3867192066576606
ALLE,2021-02-16,item_7,7,1,7,7,7.0,
ALLE,2022-02-15,item_1a,39,10,6,1,3.9,2.0789954839350235
ALLE,2022-02-15,item_7,11,2,6,5,5.5,0.7071067811865476
ALLE,2023-02-22,item_1a,39,8,9,1,4.875,2.900123150094541
ALLE,2024-02-20,item_1a,32,6,6,4,5.333333333333333,0.816496580927726
AMAT,2021-12-17,item_1a,49,10,8,2,4.9,2.2335820757001272
AMAT,2021-12-17,item_7,8,1,8,8,8.0,
AMAT,2022-12-16,item_1a,36,6,7,4,6.0,1.2649110640673518
AMAT,2022-12-16,item_7,7,1,7,7,7.0,
AMAT,2023-12-15,item_1a,14,3,5,4,4.666666666666667,0.5773502691896257
AMAT,2024-12-13,item_1a,6,2,3,3,3.0,0.0
AMCR,2022-08-18,item_1a,49,17,5,-5,2.8823529411764706,2.3420704766609948
AMCR,2022-08-18,item_7,20,10,5,-5,2.0,2.748737083745107
AMCR,2023-08-17,item_1a,18,4,8,2,4.5,2.516611478423583
AMCR,2023-08-17,item_7,5,2,7,-2,2.5,6.363961030678928
AMCR,2024-08-16,item_1a,26,6,6,3,4.333333333333333,1.0327955589886444
AMD,2021-01-29,item_1a,61,18,6,-1,3.388888888888889,1.9140007034508784
AMD,2021-01-29,item_7,0,2,1,-1,0.0,1.4142135623730951
AMD,2022-02-03,item_1a,55,16,6,-1,3.4375,1.8962682651284688
AMD,2022-02-03,item_7,1,3,6,-4,0.3333333333333333,5.131601439446884
AMD,2023-02-27,item_1a,63,22,6,-3,2.8636363636363638,2.144660136144443
AMD,2024-01-31,item_1a,16,5,5,1,3.2,2.04939015319192
AME,2021-02-18,item_1a,35,11,5,0,3.1818181818181817,1.4709304414677002
AME,2021-02-18,item_7,40,8,7,0,5.0,2.6726124191242437
AME,2022-02-22,item_1a,33,13,6,1,2.5384615384615383,1.8081014266989475
AME,2022-02-22,item_7,13,4,7,1,3.25,2.8722813232690143
AME,2023-02-21,item_1a,56,14,6,0,4.0,1.7974340685458343
AME,2023-02-21,item_7,11,4,8,0,2.75,3.593976442141304
AME,2024-02-22,item_1a,6,2,5,1,3.0,2.8284271247461903
AMGN,2021-02-09,item_1a,71,11,9,5,6.454545454545454,1.213559752433836
AMGN,2022-02-16,item_1a,70,13,10,3,5.384615384615385,2.364263857893951
AMGN,2023-02-09,item_1a,36,6,8,5,6.0,1.2649110640673518
AMGN,2024-02-14,item_1a,24,5,5,4,4.8,0.44721359549995787
AMGN,2024-02-14,item_7,10,2,6,4,5.0,1.4142135623730951
AMP,2021-02-24,item_1a,44,8,8,3,5.5,1.6035674514745464
AMP,2021-02-24,item_7,6,3,5,-3,2.0,4.358898943540674
AMP,2022-02-25,item_1a,64,10,9,4,6.4,1.5055453054181622
AMP,2022-02-25,item_7,9,1,9,9,9.0,
AMP,2023-02-23,item_1a,25,5,7,0,5.0,2.9154759474226504
AMP,2024-02-22,item_1a,12,4,6,1,3.0,2.449489742783178
AMT,2021-02-25,item_1a,66,10,8,5,6.6,0.9660917830792959
AMT,2021-02-25,item_7,18,3,7,5,6.0,1.0
AMT,2022-02-25,item_1a,36,9,7,2,4.0,1.6583123951776997
AMT,2022-02-25,item_7,3,1,3,3,3.0,
AMT,2023-02-23,item_1a,7,3,5,1,2.3333333333333335,2.3094010767585034
AMT,2023-02-23,item_7,0,1,0,0,0.0,
AMT,2024-02-27,item_1a,12,3,4,4,4.0,0.0
AMZN,2021-02-03,item_1a,6,2,5,1,3.0,2.8284271247461903
AMZN,2021-02-03,item_7,37,10,10,0,3.7,2.9832867780352594
AMZN,2022-02-04,item_1a,11,4,5,1,2.75,2.06155281280883
AMZN,2022-02-04,item_7,16,3,7,3,5.333333333333333,2.0816659994661326
AMZN,2023-02-03,item_1a,12,4,4,1,3.0,1.4142135623730951
AMZN,2023-02-03,item_7,7,1,7,7,7.0,
AMZN,2024-02-02,item_1a,15,5,4,2,3.0,1.0
ANET,2021-02-19,item_1a,42,9,8,1,4.666666666666667,2.39791576165636
ANET,2021-02-19,item_7,8,1,8,8,8.0,
ANET,2022-02-15,item_1a,105,21,9,1,5.0,2.5099800796022267
ANET,2022-02-15,item_7,18,3,9,4,6.0,2.6457513110645907
ANET,2023-02-14,item_1a,20,6,6,1,3.3333333333333335,2.250925735484551
ANET,2023-02-14,item_7,2,1,2,2,2.0,
ANET,2024-02-13,item_1a,7,3,4,0,2.3333333333333335,2.0816659994661326
ANSS,2021-02-24,item_1a,76,20,7,1,3.8,1.5423836644690752
ANSS,2021-02-24,item_7,49,14,7,1,3.5,1.8708286933869707
ANSS,2022-02-23,item_1a,61,15,9,1,4.066666666666666,2.4630604269214884
ANSS,2022-02-23,item_7,13,5,9,0,2.6,3.9749213828703582
ANSS,2023-02-22,item_1a,28,8,7,0,3.5,2.0
ANSS,2024-02-21,item_1a,9,3,4,2,3.0,1.0
AON,2021-02-19,item_1a,40,6,8,5,6.666666666666667,1.2110601416389966
AON,2021-02-19,item_7,20,3,7,6,6.666666666666667,0.5773502691896258
AON,2022-02-18,item_1a,44,9,8,2,4.888888888888889,2.147349787787521
AON,2022-02-18,item_7,21,9,8,-1,2.3333333333333335,3.0413812651491097
AON,2023-02-17,item_1a,48,8,9,3,6.0,2.0
AON,2024-02-16,item_1a,10,4,5,1,2.5,1.9148542155126762
AON,2024-02-16,item_7,1,1,1,1,1.0,
AOS,2021-02-12,item_1a,74,16,7,3,4.625,1.4083086782851733
AOS,2021-02-12,item_7,13,5,5,0,2.6,2.073644135332772
AOS,2022-02-11,item_1a,38,8,6,4,4.75,0.7071067811865476
AOS,2022-02-11,item_7,32,5,9,4,6.4,2.073644135332772
AOS,2023-02-14,item_1a,22,9,6,-1,2.4444444444444446,2.6034165586355518
AOS,2023-02-14,item_7,13,6,6,-1,2.1666666666666665,3.488074922742725
AOS,2024-02-13,item_1a,19,4,6,4,4.75,0.9574271077563381
AOS,2024-02-13,item_7,4,1,4,4,4.0,
APA,2022-02-22,item_1a,73,12,8,4,6.083333333333333,1.5642792899510296
APA,2022-02-22,item_7,26,4,8,5,6.5,1.2909944487358058
APA,2023-02-23,item_1a,40,7,8,3,5.714285714285714,2.138089935299395
APA,2023-02-23,item_7,7,1,7,7,7.0,
APA,2024-02-22,item_1a,15,4,6,2,3.75,1.707825127659933
APD,2021-11-18,item_1a,69,13,7,0,5.3076923076923075,2.1750331562459526
APD,2022-11-22,item_1a,46,9,8,2,5.111111111111111,1.9002923751652299
APD,2023-11-16,item_1a,6,2,4,2,3.0,1.4142135623730951
APD,2024-11-21,item_1a,7,2,4,3,3.5,0.7071067811865476
APH,2021-02-10,item_1a,64,15,7,2,4.266666666666667,1.5796322658258464
APH,2021-02-10,item_7,37,11,6,-2,3.3636363636363638,2.292279532375023
APH,2024-02-07,item_1a,23,6,6,2,3.8333333333333335,1.834847859269718
APO,2023-03-01,item_1a,44,8,10,1,5.5,3.070597894314954
APO,2024-02-27,item_1a,10,2,6,4,5.0,1.4142135623730951
APTV,2021-02-08,item_1a,63,11,7,4,5.7272727272727275,1.1037127426019047
APTV,2021-02-08,item_7,50,8,9,4,6.25,1.4880476182856899
APTV,2022-02-07,item_1a,58,12,8,1,4.833333333333333,2.081665999466133
APTV,2022-02-07,item_7,49,9,8,1,5.444444444444445,2.0069324297987157
APTV,2023-02-08,item_1a,44,11,9,0,4.0,2.792848008753788
APTV,2023-02-08,item_7,42,8,9,2,5.25,2.052872551885702
APTV,2024-02-06,item_1a,22,8,6,-2,2.75,2.7645717829090897
APTV,2024-02-06,item_7,10,2,6,4,5.0,1.4142135623730951
ARE,2021-02-01,item_1a,34,6,7,4,5.666666666666667,1.2110601416389966
ARE,2022-01-31,item_1a,31,7,7,3,4.428571428571429,1.3972762620115435
ARE,2023-01-30,item_1a,38,6,7,5,6.333333333333333,0.816496580927726
ARE,2024-01-29,item_1a,13,5,4,2,2.6,0.8944271909999159
ATO,2021-11-12,item_1a,14,4,5,0,3.5,2.3804761428476167
ATO,2021-11-12,item_7,5,2,3,2,2.5,0.7071067811865476
ATO,2022-11-14,item_1a,6,1,6,6,6.0,
ATO,2022-11-14,item_7,1,1,1,1,1.0,
ATO,2023-11-14,item_1a,6,3,3,1,2.0,1.0
ATO,2024-11-18,item_1a,20,5,5,3,4.0,0.7071067811865476
ATO,2024-11-18,item_7,4,1,4,4,4.0,
AVB,2021-02-25,item_1a,61,11,7,3,5.545454545454546,1.2933395813657271
AVB,2021-02-25,item_7,40,6,8,5,6.666666666666667,1.2110601416389966
AVB,2022-02-25,item_1a,128,29,7,2,4.413793103448276,1.1807153212992276
AVB,2022-02-25,item_7,18,4,7,3,4.5,1.7320508075688772
AVB,2023-02-24,item_1a,54,9,7,5,6.0,0.8660254037844386
AVB,2023-02-24,item_7,18,3,7,5,6.0,1.0
AVB,2024-02-23,item_1a,64,14,6,2,4.571428571428571,1.0894095588038442
AVGO,2021-12-17,item_1a,44,10,8,0,4.4,1.9550504398153574
AVGO,2022-12-16,item_1a,63,16,6,-2,3.9375,1.9822125684867067
AVGO,2022-12-16,item_7,2,2,4,-2,1.0,4.242640687119285
AVGO,2023-12-14,item_1a,11,3,4,3,3.6666666666666665,0.5773502691896258
AVGO,2024-12-20,item_1a,6,2,4,2,3.0,1.4142135623730951
AVY,2021-02-25,item_1a,88,29,7,1,3.0344827586206895,1.267245568171087
AVY,2022-02-23,item_1a,54,12,6,3,4.5,1.087114613009218
AVY,2023-02-22,item_1a,44,9,8,1,4.888888888888889,2.619372274250285
AVY,2024-02-21,item_1a,17,5,5,1,3.4,1.51657508881031
AVY,2024-02-21,item_7,2,1,2,2,2.0,
AWK,2021-02-24,item_1a,20,4,7,2,5.0,2.160246899469287
AWK,2021-02-24,item_7,20,6,7,-1,3.3333333333333335,3.011090610836324
AWK,2022-02-16,item_1a,9,3,4,2,3.0,1.0
AWK,2022-02-16,item_7,14,3,7,2,4.666666666666667,2.5166114784235836
AWK,2023-02-15,item_1a,11,3,4,3,3.6666666666666665,0.5773502691896257
AWK,2024-02-14,item_1a,5,2,4,1,2.5,2.1213203435596424
AWK,2024-02-14,item_7,4,2,2,2,2.0,0.0
AXON,2021-02-26,item_1a,18,5,6,2,3.6,1.6733200530681511
AXON,2021-02-26,item_7,21,6,8,-2,3.5,3.449637662132068
AXON,2022-02-25,item_1a,26,8,7,1,3.25,2.052872551885702
AXON,2022-02-25,item_7,8,2,7,1,4.0,4.242640687119285
AXON,2023-02-28,item_1a,13,4,5,2,3.25,1.2583057392117916
AXON,2024-02-27,item_1a,7,3,4,1,2.3333333333333335,1.5275252316519468
AXP,2022-02-11,item_1a,75,13,10,2,5.769230769230769,2.52170068782446
AXP,2022-02-11,item_7,19,2,10,9,9.5,0.7071067811865476
AXP,2023-02-10,item_1a,26,7,7,2,3.7142857142857144,1.889822365046136
AXP,2023-02-10,item_7,7,1,7,7,7.0,
AXP,2024-02-09,item_1a,13,4,4,3,3.25,0.49999999999999994
AZO,2021-10-25,item_1a,80,16,8,2,5.0,1.8257418583505538
AZO,2021-10-25,item_7,32,6,8,3,5.333333333333333,2.0655911179772892
AZO,2022-10-24,item_1a,13,3,7,1,4.333333333333333,3.055050463303893
AZO,2022-10-24,item_7,11,2,9,2,5.5,4.949747468305833
AZO,2023-10-24,item_1a,9,3,6,1,3.0,2.6457513110645907
AZO,2023-10-24,item_7,11,2,7,4,5.5,2.1213203435596424
AZO,2024-10-28,item_1a,13,3,6,3,4.333333333333333,1.5275252316519465
AZO,2024-10-28,item_7,5,2,4,1,2.5,2.1213203435596424
BA,2021-02-01,item_1a,61,9,9,4,6.777777777777778,1.481365736219265
BA,2021-02-01,item_7,28,4,9,5,7.0,1.632993161855452
BA,2022-01-31,item_1a,134,21,9,4,6.380952380952381,1.3592715135759477
BA,2022-01-31,item_7,27,5,6,4,5.4,0.8944271909999159
BA,2023-01-27,item_1a,16,3,9,1,5.333333333333333,4.041451884327381
BA,2023-01-27,item_7,30,5,9,3,6.0,2.1213203435596424
BA,2024-01-31,item_1a,4,2,2,2,2.0,0.0
BA,2024-01-31,item_7,4,4,2,0,1.0,1.1547005383792515
BAC,2021-02-24,item_1a,50,10,8,3,5.0,1.699673171197595
BAC,2021-02-24,item_7,23,5,7,3,4.6,1.51657508881031
BAC,2022-02-22,item_1a,35,6,8,4,5.833333333333333,1.4719601443879744
BAC,2022-02-22,item_7,11,2,6,5,5.5,0.7071067811865476
BAC,2023-02-22,item_1a,33,5,9,5,6.6,1.6733200530681511
BAC,2023-02-22,item_7,5,1,5,5,5.0,
BAC,2024-02-20,item_1a,19,5,5,3,3.8,0.8366600265340756
BAC,2024-02-20,item_7,4,1,4,4,4.0,
BALL,2021-02-17,item_1a,17,6,7,0,2.8333333333333335,2.786873995477131
BALL,2021-02-17,item_7,14,2,8,6,7.0,1.4142135623730951
BALL,2022-02-16,item_1a,16,7,7,-2,2.2857142857142856,3.6384193323605842
BALL,2022-02-16,item_7,6,5,6,-3,1.2,3.7013511046643495
BALL,2023-02-21,item_1a,12,6,6,-5,2.0,4.049691346263317
BALL,2023-02-21,item_7,8,2,4,4,4.0,0.0
BALL,2024-02-20,item_1a,7,2,4,3,3.5,0.7071067811865476
BALL,2024-02-20,item_7,2,1,2,2,2.0,
BAX,2021-02-11,item_1a,193,30,9,4,6.433333333333334,1.4781939897267775
BAX,2021-02-11,item_7,34,5,9,4,6.8,1.9235384061671346
BAX,2022-02-23,item_1a,86,22,8,1,3.909090909090909,1.9001025262836766
BAX,2022-02-23,item_7,20,4,8,2,5.0,2.943920288775949
BAX,2023-02-09,item_1a,69,12,9,1,5.75,2.378884383296277
BAX,2023-02-09,item_7,18,4,8,1,4.5,2.886751345948129
BAX,2024-02-08,item_1a,37,7,6,4,5.285714285714286,0.7559289460184545
BBY,2021-03-19,item_1a,57,16,6,1,3.5625,1.459166428707386
BBY,2022-03-18,item_1a,69,19,7,1,3.6315789473684212,1.7704527454797
BBY,2023-03-17,item_1a,39,7,9,3,5.571428571428571,2.370453040886408
BBY,2024-03-15,item_1a,25,7,5,2,3.5714285714285716,0.9759000729485331
BDX,2021-11-24,item_1a,57,14,7,1,4.071428571428571,1.6854255666327544
BDX,2021-11-24,item_7,9,3,5,1,3.0,2.0
BDX,2022-11-22,item_1a,48,12,7,2,4.0,1.7580981459830651
BDX,2022-11-22,item_7,12,4,4,2,3.0,1.1547005383792515
BDX,2023-11-21,item_1a,23,6,5,2,3.8333333333333335,1.4719601443879746
BDX,2023-11-21,item_7,5,1,5,5,5.0,
BDX,2024-11-27,item_1a,15,5,5,1,3.0,1.8708286933869707
BDX,2024-11-27,item_7,4,1,4,4,4.0,
BEN,2021-11-19,item_1a,138,18,9,6,7.666666666666667,0.970142500145332
BEN,2021-11-19,item_7,26,3,9,8,8.666666666666666,0.5773502691896255
BEN,2022-11-14,item_1a,40,10,7,2,4.0,1.8856180831641267
BEN,2023-11-14,item_1a,33,7,7,3,4.714285714285714,1.6035674514745464
BEN,2024-11-12,item_1a,32,7,6,4,4.571428571428571,0.786795792469443
BFB,2021-06-21,item_1a,84,12,9,5,7.0,1.5374122295716144
BFB,2021-06-21,item_7,9,2,7,2,4.5,3.5355339059327378
BFB,2022-06-17,item_1a,83,16,8,1,5.1875,2.166987155784116
BFB,2022-06-17,item_7,-1,1,-1,-1,-1.0,
BFB,2023-06-16,item_1a,40,9,8,1,4.444444444444445,2.242270674512285
BFB,2024-06-14,item_1a,26,6,6,2,4.333333333333333,1.632993161855452
BG,2024-02-22,item_1a,17,6,5,1,2.8333333333333335,1.3291601358251257
BIIB,2021-02-03,item_1a,51,14,6,2,3.642857142857143,1.3926810257774174
BIIB,2021-02-03,item_7,11,3,6,2,3.6666666666666665,2.0816659994661326
BIIB,2022-02-03,item_1a,75,13,7,5,5.769230769230769,0.8320502943378437
BIIB,2022-02-03,item_7,28,5,7,3,5.6,1.6733200530681511
BIIB,2023-02-15,item_1a,42,12,5,2,3.5,1.087114613009218
BIIB,2023-02-15,item_7,9,3,3,3,3.0,0.0
BIIB,2024-02-14,item_1a,23,5,7,2,4.6,1.949358868961793
BIIB,2024-02-14,item_7,7,1,7,7,7.0,
BKNG,2021-02-24,item_1a,71,12,9,4,5.916666666666667,1.729862492345632
BKNG,2021-02-24,item_7,41,7,8,4,5.857142857142857,1.573591584938886
BKNG,2022-02-23,item_1a,50,10,9,1,5.0,2.70801280154532
BKNG,2022-02-23,item_7,9,1,9,9,9.0,
BKNG,2023-02-23,item_1a,67,15,8,1,4.466666666666667,1.8073922282301278
BKNG,2023-02-23,item_7,12,2,8,4,6.0,2.8284271247461903
BKNG,2024-02-22,item_1a,12,4,5,1,3.0,2.309401076758503
BKNG,2024-02-22,item_7,-2,1,-2,-2,-2.0,
BKR,2021-02-25,item_1a,42,9,9,3,4.666666666666667,1.8708286933869707
BKR,2021-02-25,item_7,23,7,6,0,3.2857142857142856,2.5634797778466227
BKR,2022-02-11,item_1a,45,9,8,1,5.0,2.345207879911715
BKR,2022-02-11,item_7,9,3,6,1,3.0,2.6457513110645907
BKR,2023-02-14,item_1a,35,10,7,1,3.5,1.6499158227686113
BKR,2024-02-05,item_1a,18,5,5,3,3.6,0.8944271909999159
BLDR,2021-02-26,item_1a,45,9,8,1,5.0,2.121320343559643
BLDR,2021-02-26,item_7,0,1,0,0,0.0,
BLDR,2022-03-01,item_1a,62,16,8,-1,3.875,2.1563858652847823
BLDR,2022-03-01,item_7,4,3,4,-2,1.3333333333333333,3.0550504633038935
BLDR,2023-02-28,item_1a,13,4,5,2,3.25,1.2583057392117916
BLDR,2023-02-28,item_7,2,1,2,2,2.0,
BLDR,2024-02-22,item_1a,4,1,4,4,4.0,
BMY,2021-02-10,item_1a,71,14,8,2,5.071428571428571,2.0926349130034314
BMY,2021-02-10,item_7,30,7,8,2,4.285714285714286,2.2886885410853175
BMY,2023-02-14,item_1a,27,8,4,0,3.375,1.407885953173359
BMY,2024-02-13,item_1a,28,10,6,0,2.8,2.043961295567452
BR,2024-08-06,item_1a,6,4,6,-1,1.5,3.1091263510296048
BRO,2021-02-23,item_1a,42,17,6,0,2.4705882352941178,1.736290840370052
BRO,2021-02-23,item_7,6,1,6,6,6.0,
BRO,2022-02-23,item_1a,33,9,8,1,3.6666666666666665,2.7386127875258306
BRO,2023-02-27,item_1a,34,11,7,1,3.090909090909091,2.0714509627092528
BRO,2024-02-22,item_1a,12,9,5,0,1.3333333333333333,1.8708286933869707
BSX,2024-02-20,item_1a,7,2,5,2,3.5,2.1213203435596424
BWA,2021-02-22,item_1a,60,11,8,3,5.454545454545454,1.694912172570388
BWA,2021-02-22,item_7,49,12,7,1,4.083333333333333,1.9286515936521476
BWA,2022-02-15,item_1a,77,14,8,3,5.5,1.5063966175050876
BWA,2022-02-15,item_7,27,6,6,2,4.5,1.378404875209022
BWA,2023-02-09,item_1a,36,7,7,3,5.142857142857143,1.3451854182690983
BWA,2023-02-09,item_7,6,1,6,6,6.0,
BWA,2024-02-08,item_1a,5,2,4,1,2.5,2.1213203435596424
BX,2021-02-26,item_1a,59,13,9,1,4.538461538461538,2.2216879699673027
BX,2021-02-26,item_7,20,4,9,1,5.0,4.08248290463863
BX,2022-02-25,item_1a,51,9,8,3,5.666666666666667,1.4999999999999998
BX,2023-02-24,item_1a,60,16,6,2,3.75,1.7320508075688772
BX,2023-02-24,item_7,2,1,2,2,2.0,
BX,2024-02-23,item_1a,69,15,7,1,4.6,1.5491933384829668
CAG,2021-07-23,item_1a,25,6,6,3,4.166666666666667,1.1690451944500122
CAG,2021-07-23,item_7,31,8,7,1,3.875,2.1671244937540095
CAG,2022-07-21,item_1a,34,10,7,2,3.4,1.429840705968481
CAG,2022-07-21,item_7,11,2,7,4,5.5,2.1213203435596424
CAG,2023-07-13,item_1a,13,2,7,6,6.5,0.7071067811865476
CAG,2024-07-11,item_1a,7,3,4,1,2.3333333333333335,1.5275252316519468
CAG,2024-07-11,item_7,1,1,1,1,1.0,
CARR,2021-02-09,item_1a,34,6,8,5,5.666666666666667,1.2110601416389966
CARR,2021-02-09,item_7,24,4,8,4,6.0,1.632993161855452
CAT,2021-02-17,item_1a,30,7,7,2,4.285714285714286,1.7994708216848745
CAT,2021-02-17,item_7,3,2,4,-1,1.5,3.5355339059327378
CAT,2022-02-16,item_1a,43,6,9,4,7.166666666666667,1.7224014243685082
CAT,2022-02-16,item_7,13,4,5,1,3.25,2.0615528128088303
CAT,2023-02-15,item_1a,55,10,7,2,5.5,1.8408935028645435
CAT,2024-02-16,item_1a,30,7,6,4,4.285714285714286,0.7559289460184545
CB,2021-02-25,item_1a,19,6,5,1,3.1666666666666665,1.6020819787597222
CB,2021-02-25,item_7,27,4,10,5,6.75,2.362907813126304
CB,2022-02-24,item_1a,37,7,8,2,5.285714285714286,2.0586634591635513
CB,2022-02-24,item_7,7,1,7,7,7.0,
CB,2023-02-24,item_1a,31,6,8,1,5.166666666666667,2.48327740429189
CB,2024-02-23,item_1a,6,2,4,2,3.0,1.4142135623730951
CB,2024-02-23,item_7,5,1,5,5,5.0,
CBOE,2021-02-19,item_1a,27,5,7,3,5.4,1.5165750888103102
CBOE,2021-02-19,item_7,18,5,7,1,3.6,2.7928480087537886
CBOE,2022-02-18,item_1a,37,8,8,2,4.625,1.7677669529663687
CBOE,2022-02-18,item_7,7,1,7,7,7.0,
CBOE,2023-02-17,item_1a,22,6,6,2,3.6666666666666665,1.3662601021279464
CBOE,2024-02-16,item_1a,28,6,6,4,4.666666666666667,0.8164965809277259
CBRE,2021-02-24,item_1a,98,16,8,3,6.125,1.707825127659933
CBRE,2021-02-24,item_7,10,2,7,3,5.0,2.8284271247461903
CBRE,2022-03-01,item_1a,37,8,7,-1,4.625,2.774243783705493
CBRE,2023-02-27,item_1a,12,3,9,1,4.0,4.358898943540674
CBRE,2023-02-27,item_7,10,3,7,1,3.3333333333333335,3.214550253664318
CBRE,2024-02-20,item_1a,13,3,6,3,4.333333333333333,1.5275252316519468
CBRE,2024-02-20,item_7,5,1,5,5,5.0,
CCI,2021-02-22,item_1a,24,9,5,-3,2.6666666666666665,2.5
CCI,2021-02-22,item_7,-3,1,-3,-3,-3.0,
CCI,2022-02-22,item_1a,42,9,9,-4,4.666666666666667,3.708099243547831
CCI,2022-02-22,item_7,-4,1,-4,-4,-4.0,
CCI,2023-02-24,item_1a,9,1,9,9,9.0,
CCI,2023-02-24,item_7,4,1,4,4,4.0,
CCI,2024-02-23,item_1a,7,1,7,7,7.0,
CCL,2024-01-26,item_1a,46,11,7,2,4.181818181818182,1.7215215257545762
CCL,2024-01-26,item_7,5,1,5,5,5.0,
CDNS,2021-02-22,item_1a,42,12,7,1,3.5,2.15322168769582
CDNS,2021-02-22,item_7,22,6,7,0,3.6666666666666665,2.6583202716502514
CDNS,2022-02-22,item_1a,49,13,7,-1,3.769230769230769,2.2043081361221617
CDNS,2022-02-22,item_7,12,7,7,-3,1.7142857142857142,3.147183169877773
CDNS,2023-02-13,item_1a,26,8,6,0,3.25,1.7525491637693282
CDNS,2023-02-13,item_7,7,4,4,0,1.75,2.06155281280883
CDNS,2024-02-14,item_1a,10,3,5,1,3.3333333333333335,2.0816659994661326
CDW,2021-02-26,item_1a,38,9,8,1,4.222222222222222,2.1081851067789197
CDW,2021-02-26,item_7,14,5,6,1,2.8,1.9235384061671346
CDW,2022-02-28,item_1a,70,10,9,6,7.0,1.0540925533894598
CDW,2022-02-28,item_7,12,2,6,6,6.0,0.0
CDW,2023-02-24,item_1a,50,11,8,1,4.545454545454546,2.2074254852038093
CDW,2023-02-24,item_7,2,1,2,2,2.0,
CDW,2024-02-26,item_1a,13,3,5,4,4.333333333333333,0.5773502691896258
CE,2021-02-11,item_1a,58,9,10,3,6.444444444444445,2.068278940998476
CE,2021-02-11,item_7,22,6,8,-5,3.6666666666666665,5.125101625008686
CE,2022-02-10,item_1a,22,5,6,2,4.4,1.8165902124584952
CE,2022-02-10,item_7,6,2,5,1,3.0,2.8284271247461903
CE,2023-02-24,item_1a,14,3,7,3,4.666666666666667,2.0816659994661326
CE,2023-02-24,item_7,8,2,4,4,4.0,0.0
CE,2024-02-23,item_1a,10,3,5,1,3.3333333333333335,2.0816659994661326
CEG,2022-02-25,item_1a,32,8,7,2,4.0,1.6903085094570331
CEG,2022-02-25,item_7,11,7,7,-2,1.5714285714285714,3.4086724129853865
CEG,2023-02-16,item_1a,26,8,7,0,3.25,2.1213203435596424
CF,2021-02-24,item_1a,47,11,7,-1,4.2727272727272725,2.3276988246295565
CF,2021-02-24,item_7,5,1,5,5,5.0,
CF,2022-02-24,item_1a,25,9,5,-2,2.7777777777777777,2.1666666666666665
CF,2022-02-24,item_7,5,1,5,5,5.0,
CF,2023-02-23,item_1a,6,1,6,6,6.0,
CF,2024-02-22,item_1a,10,2,6,4,5.0,1.4142135623730951
CFG,2023-02-17,item_1a,35,6,7,4,5.833333333333333,1.169045194450012
CFG,2024-02-16,item_1a,9,2,5,4,4.5,0.7071067811865476
CHD,2021-02-18,item_1a,41,8,7,3,5.125,1.3562026818605375
CHD,2021-02-18,item_7,21,5,6,2,4.2,1.7888543819998317
CHD,2022-02-17,item_1a,42,9,7,2,4.666666666666667,1.7320508075688772
CHD,2022-02-17,item_7,12,3,5,3,4.0,1.0
CHD,2023-02-16,item_1a,63,11,8,4,5.7272727272727275,1.1908743922772957
CHD,2023-02-16,item_7,5,1,5,5,5.0,
CHD,2024-02-15,item_1a,15,4,5,3,3.75,0.9574271077563381
CHD,2024-02-15,item_7,5,1,5,5,5.0,
CHRW,2021-02-19,item_1a,22,4,8,4,5.5,1.7320508075688774
CHRW,2021-02-19,item_7,40,8,7,2,5.0,1.6903085094570331
CHRW,2022-02-23,item_1a,20,4,7,3,5.0,1.8257418583505538
CHRW,2022-02-23,item_7,33,9,7,1,3.6666666666666665,1.9999999999999998
CHRW,2023-02-17,item_1a,25,5,8,1,5.0,2.7386127875258306
CHRW,2023-02-17,item_7,1,1,1,1,1.0,
CHRW,2024-02-16,item_1a,3,2,2,1,1.5,0.7071067811865476
CHTR,2021-01-29,item_1a,30,8,6,2,3.75,1.5811388300841895
CHTR,2021-01-29,item_7,68,16,8,-3,4.25,2.6708300832013507
CHTR,2022-01-28,item_1a,28,9,6,-1,3.111111111111111,2.3687784005919825
CHTR,2022-01-28,item_7,8,3,4,0,2.6666666666666665,2.3094010767585034
CHTR,2023-01-27,item_1a,6,1,6,6,6.0,
CHTR,2023-01-27,item_7,1,1,1,1,1.0,
CI,2021-02-25,item_1a,41,7,8,4,5.857142857142857,1.3451854182690985
CI,2021-02-25,item_7,16,3,6,5,5.333333333333333,0.5773502691896257
CI,2022-02-24,item_1a,43,8,8,3,5.375,1.4078859531733585
CI,2022-02-24,item_7,12,2,6,6,6.0,0.0
CI,2023-02-23,item_1a,41,8,9,3,5.125,2.167124493754009
CI,2024-02-29,item_1a,7,3,3,1,2.3333333333333335,1.1547005383792515
CINF,2021-02-25,item_1a,42,8,9,0,5.25,2.7124053637210745
CINF,2021-02-25,item_7,32,6,9,0,5.333333333333333,3.141125063837266
CINF,2022-02-24,item_1a,48,10,7,-1,4.8,2.3944379994757297
CINF,2022-02-24,item_7,32,9,6,-1,3.5555555555555554,2.6034165586355513
CINF,2023-02-23,item_1a,39,11,7,-4,3.5454545454545454,3.142089634737888
CINF,2023-02-23,item_7,15,6,6,-4,2.5,3.6193922141707713
CL,2021-02-18,item_1a,62,12,9,3,5.166666666666667,2.0816659994661326
CL,2021-02-18,item_7,94,24,8,-2,3.9166666666666665,2.282574188835104
CL,2022-02-17,item_1a,60,10,9,1,6.0,2.449489742783178
CL,2022-02-17,item_7,29,5,9,2,5.8,3.1144823004794873
CL,2023-02-16,item_1a,44,10,9,1,4.4,2.412928142780514
CL,2023-02-16,item_7,22,5,7,2,4.4,2.0736441353327724
CL,2024-02-15,item_1a,29,14,4,1,2.0714285714285716,0.7300459115473718
CL,2024-02-15,item_7,16,8,4,1,2.0,1.0690449676496976
CLX,2023-08-10,item_1a,26,6,7,2,4.333333333333333,1.8618986725025255
CLX,2024-08-08,item_1a,38,9,6,2,4.222222222222222,1.3944333775567925
CMCSA,2021-02-04,item_1a,31,6,8,2,5.166666666666667,2.0412414523193148
CMCSA,2021-02-04,item_7,55,10,8,4,5.5,1.178511301977579
CMCSA,2022-02-02,item_1a,27,5,7,3,5.4,1.6733200530681511
CMCSA,2022-02-02,item_7,23,6,7,3,3.8333333333333335,1.6020819787597222
CMCSA,2023-02-03,item_1a,24,4,7,5,6.0,1.1547005383792515
CMCSA,2023-02-03,item_7,21,5,6,0,4.2,2.3874672772626644
CMCSA,2024-01-31,item_1a,12,3,5,3,4.0,1.0
CMCSA,2024-01-31,item_7,3,1,3,3,3.0,
CME,2021-02-26,item_1a,71,18,8,2,3.9444444444444446,1.661757475835969
CME,2021-02-26,item_7,2,1,2,2,2.0,
CME,2022-02-25,item_1a,102,24,9,1,4.25,1.8237562766229862
CME,2022-02-25,item_7,3,1,3,3,3.0,
CME,2023-02-27,item_1a,65,18,7,1,3.611111111111111,1.500544563459581
CME,2023-02-27,item_7,2,1,2,2,2.0,
CME,2024-02-28,item_1a,3,1,3,3,3.0,
CMG,2021-02-10,item_1a,62,11,8,4,5.636363636363637,1.5015143870590968
CMG,2021-02-10,item_7,1,1,1,1,1.0,
CMG,2022-02-11,item_1a,47,9,7,4,5.222222222222222,1.2018504251546631
CMG,2022-02-11,item_7,2,1,2,2,2.0,
CMG,2023-02-09,item_1a,21,4,9,2,5.25,2.9860788111948193
CMG,2023-02-09,item_7,2,2,1,1,1.0,0.0
CMG,2024-02-08,item_1a,7,2,4,3,3.5,0.7071067811865476
CMG,2024-02-08,item_7,3,1,3,3,3.0,
CMI,2021-02-10,item_1a,68,13,8,2,5.230769230769231,2.1661735138967266
CMI,2021-02-10,item_7,17,4,7,2,4.25,2.6299556396765835
CMI,2022-02-08,item_1a,18,5,5,2,3.6,1.140175425099138
CMI,2022-02-08,item_7,15,3,7,3,5.0,2.0
CMI,2023-02-14,item_1a,7,3,4,0,2.3333333333333335,2.0816659994661326
CMI,2023-02-14,item_7,13,4,6,1,3.25,2.217355782608345
CMI,2024-02-12,item_1a,9,2,5,4,4.5,0.7071067811865476
CMI,2024-02-12,item_7,3,1,3,3,3.0,
CMS,2021-02-11,item_1a,23,5,7,3,4.6,1.816590212458495
CMS,2021-02-11,item_7,13,7,6,-2,1.8571428571428572,2.7945525240230875
CMS,2022-02-10,item_1a,27,9,6,0,3.0,2.1213203435596424
CMS,2022-02-10,item_7,3,3,3,0,1.0,1.7320508075688772
CMS,2023-02-09,item_1a,32,6,9,3,5.333333333333333,2.422120283277993
CMS,2023-02-09,item_7,7,3,3,1,2.3333333333333335,1.1547005383792515
CMS,2024-02-08,item_1a,5,1,5,5,5.0,
CNC,2021-02-22,item_1a,49,12,8,2,4.083333333333333,1.621353717973928
CNC,2021-02-22,item_7,24,5,6,3,4.8,1.3038404810405297
CNC,2022-02-22,item_1a,32,5,9,5,6.4,1.6733200530681511
CNC,2022-02-22,item_7,14,3,6,2,4.666666666666667,2.3094010767585034
CNC,2023-02-21,item_1a,21,8,4,1,2.625,1.0606601717798212
CNC,2024-02-20,item_1a,15,3,6,4,5.0,1.0
CNC,2024-02-20,item_7,17,4,5,3,4.25,0.957427107756338
CNP,2021-02-25,item_1a,82,14,8,2,5.857142857142857,1.9158104473902609
CNP,2021-02-25,item_7,59,9,8,4,6.555555555555555,1.5898986690282428
CNP,2022-02-22,item_1a,44,10,7,3,4.4,1.1737877907772671
CNP,2022-02-22,item_7,11,2,7,4,5.5,2.1213203435596424
CNP,2023-02-17,item_1a,25,5,7,2,5.0,2.0
CNP,2023-02-17,item_7,15,3,7,2,5.0,2.6457513110645907
CNP,2024-02-20,item_1a,17,4,5,3,4.25,0.9574271077563382
COF,2021-02-25,item_1a,62,14,7,3,4.428571428571429,1.650840611711114
COF,2021-02-25,item_7,29,6,9,1,4.833333333333333,2.786873995477131
COF,2022-02-25,item_1a,69,14,7,3,4.928571428571429,1.071611705960535
COF,2022-02-25,item_7,5,1,5,5,5.0,
COF,2023-02-24,item_1a,39,12,8,1,3.25,1.9598237397554634
COF,2023-02-24,item_7,4,1,4,4,4.0,
COF,2024-02-23,item_1a,17,6,6,1,2.8333333333333335,1.834847859269718
COO,2021-12-10,item_1a,50,13,7,1,3.8461538461538463,1.9935794376846323
COO,2021-12-10,item_7,20,6,7,2,3.3333333333333335,1.8618986725025255
COO,2024-12-06,item_1a,9,2,5,4,4.5,0.7071067811865476
COO,2024-12-06,item_7,5,1,5,5,5.0,
COR,2021-11-23,item_1a,100,17,9,3,5.882352941176471,1.45268514057488
COR,2021-11-23,item_7,6,1,6,6,6.0,
COR,2022-11-22,item_1a,53,19,6,1,2.789473684210526,1.4749368110164
COR,2022-11-22,item_7,3,1,3,3,3.0,
COR,2023-11-21,item_1a,27,6,6,3,4.5,1.0488088481701514
COR,2023-11-21,item_7,12,2,7,5,6.0,1.4142135623730951
COR,2024-11-26,item_1a,7,2,5,2,3.5,2.1213203435596424
COR,2024-11-26,item_7,0,1,0,0,0.0,
COST,2021-10-06,item_1a,97,16,9,4,6.0625,1.3889444433333777
COST,2022-10-05,item_1a,42,9,8,1,4.666666666666667,2.39791576165636
COST,2022-10-05,item_7,16,3,6,4,5.333333333333333,1.1547005383792515
COST,2023-10-11,item_1a,16,4,6,1,4.0,2.160246899469287
COST,2024-10-09,item_1a,17,6,5,0,2.8333333333333335,1.834847859269718
CPAY,2021-02-26,item_1a,29,6,6,3,4.833333333333333,1.1690451944500122
CPAY,2021-02-26,item_7,19,4,7,1,4.75,2.6299556396765835
CPAY,2022-03-01,item_1a,25,9,5,1,2.7777777777777777,1.3017082793177757
CPAY,2022-03-01,item_7,15,3,8,2,5.0,3.0
CPAY,2023-02-28,item_1a,31,10,6,1,3.1,1.66332999331662
CPAY,2023-02-28,item_7,6,1,6,6,6.0,
CPAY,2024-02-29,item_1a,14,4,5,2,3.5,1.7320508075688772
CPB,2021-09-23,item_1a,54,12,7,2,4.5,1.7320508075688772
CPB,2021-09-23,item_7,5,2,4,1,2.5,2.1213203435596424
CPB,2022-09-22,item_1a,42,7,9,3,6.0,2.309401076758503
CPB,2022-09-22,item_7,0,1,0,0,0.0,
CPB,2023-09-21,item_1a,15,5,5,1,3.0,1.8708286933869707
CPB,2023-09-21,item_7,4,1,4,4,4.0,
CPRT,2021-09-27,item_1a,28,6,7,2,4.666666666666667,1.8618986725025255
CPRT,2021-09-27,item_7,7,5,3,-2,1.4,2.073644135332772
CPRT,2022-09-27,item_1a,1,1,1,1,1.0,
CPRT,2022-09-27,item_7,24,6,6,1,4.0,1.7888543819998317
CPRT,2023-09-28,item_1a,6,2,4,2,3.0,1.4142135623730951
CPRT,2023-09-28,item_7,1,1,1,1,1.0,
CPRT,2024-09-30,item_1a,7,2,4,3,3.5,0.7071067811865476
CPT,2021-02-18,item_1a,85,14,10,3,6.071428571428571,2.017778127403648
CPT,2021-02-18,item_7,28,4,10,2,7.0,3.5590260840104366
CPT,2022-02-17,item_1a,42,13,7,1,3.230769230769231,1.6408253082847337
CPT,2022-02-17,item_7,23,4,9,1,5.75,3.593976442141304
CPT,2023-02-23,item_1a,22,6,6,1,3.6666666666666665,1.7511900715418263
CPT,2023-02-23,item_7,4,2,3,1,2.0,1.4142135623730951
CPT,2024-02-22,item_1a,4,1,4,4,4.0,
CRL,2021-02-17,item_1a,64,14,8,1,4.571428571428571,1.6967972416057489
CRL,2021-02-17,item_7,13,3,5,4,4.333333333333333,0.5773502691896258
CRL,2022-02-16,item_1a,57,10,8,4,5.7,1.4181364924121764
CRL,2022-02-16,item_7,17,4,8,1,4.25,2.872281323269014
CRL,2023-02-22,item_1a,49,15,6,-2,3.2666666666666666,1.7915143899851345
CRL,2024-02-14,item_1a,24,5,8,2,4.8,2.16794833886788
CRM,2021-03-17,item_1a,35,9,7,2,3.888888888888889,1.4529663145135578
CRM,2021-03-17,item_7,25,5,7,2,5.0,2.345207879911715
CRM,2022-03-11,item_1a,41,7,9,3,5.857142857142857,2.2677868380553634
CRM,2022-03-11,item_7,6,1,6,6,6.0,
CRM,2023-03-08,item_1a,41,6,9,3,6.833333333333333,2.3166067138525404
CRM,2024-03-06,item_1a,8,2,4,4,4.0,0.0
CRWD,2021-03-18,item_1a,48,8,9,2,6.0,2.32992949004287
CRWD,2021-03-18,item_7,15,5,5,0,3.0,2.0
CRWD,2022-03-16,item_1a,39,10,7,0,3.9,2.2335820757001272
CRWD,2022-03-16,item_7,2,3,2,-2,0.6666666666666666,2.3094010767585034
CRWD,2023-03-09,item_1a,48,11,8,2,4.363636363636363,2.157439559882375
CRWD,2024-03-07,item_1a,18,4,6,1,4.5,2.3804761428476167
CSCO,2021-09-09,item_1a,78,15,8,3,5.2,1.61245154965971
CSCO,2021-09-09,item_7,28,5,8,3,5.6,2.3021728866442674
CSCO,2022-09-08,item_1a,53,10,8,2,5.3,2.057506581601462
CSCO,2022-09-08,item_7,23,4,8,2,5.75,2.6299556396765835
CSCO,2023-09-07,item_1a,4,2,3,1,2.0,1.4142135623730951
CSCO,2024-09-05,item_1a,5,2,4,1,2.5,2.1213203435596424
CSGP,2021-02-24,item_1a,38,11,6,1,3.4545454545454546,1.694912172570388
CSGP,2021-02-24,item_7,16,6,6,0,2.6666666666666665,2.6583202716502514
CSGP,2022-02-23,item_1a,28,5,8,3,5.6,1.9493588689617927
CSGP,2022-02-23,item_7,-5,3,2,-4,-1.6666666666666667,3.214550253664318
CSGP,2023-02-22,item_1a,32,11,6,1,2.909090909090909,1.4459976109624424
CSGP,2023-02-22,item_7,9,4,3,2,2.25,0.5
CSGP,2024-02-22,item_1a,20,6,5,1,3.3333333333333335,1.5055453054181618
CSGP,2024-02-22,item_7,6,2,4,2,3.0,1.4142135623730951
CSX,2021-02-10,item_1a,27,5,8,3,5.4,1.9493588689617927
CSX,2021-02-10,item_7,27,5,8,1,5.4,2.701851217221259
CSX,2022-02-16,item_1a,31,8,6,1,3.875,1.9594095320493148
CSX,2022-02-16,item_7,12,5,7,0,2.4,3.361547262794322
CSX,2023-02-15,item_1a,40,8,8,3,5.0,1.5118578920369088
CSX,2024-02-14,item_1a,20,7,4,1,2.857142857142857,1.0690449676496976
CTAS,2021-07-28,item_1a,18,8,6,1,2.25,1.5811388300841898
CTAS,2021-07-28,item_7,27,9,5,0,3.0,1.5
CTAS,2022-07-27,item_1a,19,7,7,0,2.7142857142857144,2.627691364061218
CTAS,2022-07-27,item_7,13,5,6,-2,2.6,3.209361307176242
CTAS,2023-07-27,item_1a,20,5,5,3,4.0,1.0
CTAS,2024-07-25,item_1a,11,4,4,1,2.75,1.5000000000000002
CTSH,2021-02-12,item_1a,65,12,8,3,5.416666666666667,1.781640374554423
CTSH,2021-02-12,item_7,28,5,8,3,5.6,2.073644135332772
CTSH,2022-02-16,item_1a,88,13,9,4,6.769230769230769,1.3008872711759816
CTSH,2022-02-16,item_7,7,1,7,7,7.0,
CTSH,2023-02-15,item_1a,52,11,8,1,4.7272727272727275,2.4936282437809005
CTSH,2024-02-14,item_1a,26,6,6,2,4.333333333333333,1.3662601021279464
CTVA,2021-02-11,item_1a,33,9,5,1,3.6666666666666665,1.2247448713915894
CTVA,2021-02-11,item_7,-1,1,-1,-1,-1.0,
CTVA,2022-02-10,item_1a,40,7,8,2,5.714285714285714,2.0586634591635513
CTVA,2023-02-09,item_1a,56,11,8,3,5.090909090909091,1.3751033019046572
CTVA,2023-02-09,item_7,3,1,3,3,3.0,
CTVA,2024-02-08,item_1a,30,7,5,4,4.285714285714286,0.48795003647426666
CVS,2021-02-16,item_1a,45,7,7,6,6.428571428571429,0.5345224838248488
CVS,2021-02-16,item_7,6,1,6,6,6.0,
CVS,2022-02-09,item_1a,39,7,9,4,5.571428571428571,1.9023794624226835
CVS,2023-02-08,item_1a,58,11,7,2,5.2727272727272725,1.3483997249264843
CVS,2023-02-08,item_7,8,2,6,2,4.0,2.8284271247461903
CVS,2024-02-07,item_1a,36,7,7,3,5.142857142857143,1.2149857925879117
CVS,2024-02-07,item_7,3,1,3,3,3.0,
CVX,2021-02-25,item_1a,81,14,9,3,5.785714285714286,1.6256866681058635
CVX,2022-02-24,item_1a,69,13,8,3,5.3076923076923075,1.5483655567842816
CVX,2023-02-23,item_1a,35,11,5,1,3.1818181818181817,1.4012980994907414
CVX,2024-02-26,item_1a,5,1,5,5,5.0,
CZR,2021-03-01,item_1a,27,8,6,1,3.375,1.9226098333849673
CZR,2021-03-01,item_7,10,2,5,5,5.0,0.0
CZR,2022-02-24,item_1a,40,7,8,2,5.714285714285714,1.9760470401187074
CZR,2022-02-24,item_7,7,1,7,7,7.0,
CZR,2023-02-22,item_1a,39,8,8,1,4.875,2.416461403433896
CZR,2024-02-20,item_1a,31,6,6,4,5.166666666666667,0.7527726527090811
D,2024-02-23,item_1a,13,5,3,2,2.6,0.5477225575051661
D,2024-02-23,item_7,2,1,2,2,2.0,
DAL,2021-02-12,item_1a,81,14,9,1,5.785714285714286,1.928673175989187
DAL,2021-02-12,item_7,18,3,7,5,6.0,1.0
DAL,2022-02-11,item_1a,55,9,9,1,6.111111111111111,2.666666666666667
DAL,2023-02-10,item_1a,51,8,8,4,6.375,1.407885953173359
DAL,2023-02-10,item_7,8,1,8,8,8.0,
DAL,2024-02-12,item_1a,34,7,6,4,4.857142857142857,0.8997354108424372
DAY,2021-02-26,item_1a,33,9,6,1,3.6666666666666665,1.8708286933869707
DAY,2021-02-26,item_7,9,3,7,0,3.0,3.605551275463989
DAY,2022-02-28,item_1a,19,3,8,5,6.333333333333333,1.5275252316519465
DAY,2022-02-28,item_7,19,3,7,5,6.333333333333333,1.1547005383792515
DAY,2023-03-01,item_1a,16,3,6,5,5.333333333333333,0.5773502691896257
DAY,2023-03-01,item_7,19,5,8,1,3.8,2.949576240750525
DAY,2024-02-28,item_1a,14,3,6,3,4.666666666666667,1.5275252316519468
DD,2021-02-12,item_1a,43,10,6,3,4.3,0.9486832980505138
DD,2021-02-12,item_7,24,4,10,4,6.0,2.70801280154532
DD,2022-02-11,item_1a,54,13,8,-1,4.153846153846154,2.034951016861497
DD,2022-02-11,item_7,8,2,4,4,4.0,0.0
DD,2023-02-15,item_1a,52,11,7,1,4.7272727272727275,2.053821272209882
DD,2023-02-15,item_7,5,1,5,5,5.0,
DD,2024-02-15,item_1a,18,4,6,2,4.5,1.7320508075688772
DD,2024-02-15,item_7,0,2,2,-2,0.0,2.8284271247461903
DE,2021-12-16,item_1a,82,12,9,4,6.833333333333333,1.337115846843043
DE,2022-12-15,item_1a,17,5,6,1,3.4,2.073644135332772
DE,2023-12-15,item_1a,11,3,6,1,3.6666666666666665,2.5166114784235836
DE,2024-12-12,item_1a,13,4,5,2,3.25,1.2583057392117916
DELL,2021-03-26,item_1a,73,16,7,2,4.5625,1.5478479684172255
DELL,2021-03-26,item_7,16,4,6,2,4.0,1.8257418583505538
DELL,2022-03-24,item_1a,86,13,8,5,6.615384615384615,0.869718492622904
DELL,2022-03-24,item_7,24,4,7,5,6.0,0.816496580927726
DELL,2023-03-30,item_1a,19,8,5,0,2.375,1.5979898086569353
DELL,2024-03-25,item_1a,16,5,5,1,3.2,1.6431676725154984
DFS,2021-02-17,item_1a,36,9,8,1,4.0,2.692582403567252
DFS,2021-02-17,item_7,14,3,6,2,4.666666666666667,2.3094010767585034
DFS,2022-02-24,item_1a,53,8,9,5,6.625,1.5979898086569355
DFS,2022-02-24,item_7,8,1,8,8,8.0,
DFS,2023-02-23,item_1a,15,4,6,1,3.75,2.6299556396765835
DFS,2024-02-23,item_1a,9,2,5,4,4.5,0.7071067811865476
DG,2021-03-19,item_1a,43,13,6,-2,3.3076923076923075,2.323238235187235
DG,2021-03-19,item_7,20,6,6,-2,3.3333333333333335,2.8751811537130436
DG,2022-03-18,item_1a,67,11,9,4,6.090909090909091,1.4459976109624424
DG,2022-03-18,item_7,44,6,9,6,7.333333333333333,1.0327955589886446
DG,2023-03-24,item_1a,20,5,6,2,4.0,1.5811388300841898
DG,2023-03-24,item_7,5,1,5,5,5.0,
DG,2024-03-25,item_1a,9,3,4,2,3.0,1.0
DG,2024-03-25,item_7,9,3,6,-1,3.0,3.605551275463989
DGX,2021-02-22,item_1a,56,13,8,1,4.3076923076923075,1.9315199276138029
DGX,2022-02-28,item_1a,120,23,9,0,5.217391304347826,2.354039501853056
DGX,2023-02-21,item_1a,38,12,8,1,3.1666666666666665,2.5524794837866014
DGX,2024-02-22,item_1a,19,9,5,1,2.111111111111111,1.4529663145135576
DHI,2021-11-18,item_1a,47,8,10,1,5.875,2.748376143938713
DHI,2021-11-18,item_7,24,4,10,1,6.0,3.9157800414902435
DHI,2022-11-18,item_1a,25,6,8,1,4.166666666666667,2.7868739954771304
DHI,2022-11-18,item_7,1,1,1,1,1.0,
DHI,2023-11-17,item_1a,22,7,5,1,3.142857142857143,1.4638501094227998
DHI,2023-11-17,item_7,4,1,4,4,4.0,
DHI,2024-11-19,item_1a,33,8,6,2,4.125,1.246423454758225
DHI,2024-11-19,item_7,4,2,4,0,2.0,2.8284271247461903
DHR,2021-02-25,item_1a,68,20,7,2,3.4,1.353358395757909
DHR,2021-02-25,item_7,8,2,5,3,4.0,1.4142135623730951
DHR,2022-02-23,item_1a,62,10,9,4,6.2,1.7511900715418263
DHR,2022-02-23,item_7,19,3,8,5,6.333333333333333,1.5275252316519465
DHR,2023-02-22,item_1a,33,8,6,2,4.125,1.4577379737113252
DHR,2023-02-22,item_7,5,1,5,5,5.0,
DHR,2024-02-21,item_1a,17,5,5,2,3.4,1.140175425099138
DIS,2021-11-24,item_1a,48,9,8,3,5.333333333333333,1.3228756555322951
DIS,2021-11-24,item_7,34,6,8,3,5.666666666666667,1.7511900715418263
DIS,2022-11-29,item_1a,104,23,8,2,4.521739130434782,1.9038135226050255
DIS,2022-11-29,item_7,27,4,8,5,6.75,1.2583057392117918
DIS,2023-11-21,item_1a,45,10,7,3,4.5,1.35400640077266
DIS,2024-11-14,item_1a,16,4,6,2,4.0,2.309401076758503
DLR,2021-03-01,item_1a,45,8,8,1,5.625,2.1339098923270936
DLR,2021-03-01,item_7,13,2,7,6,6.5,0.7071067811865476
DLR,2022-02-25,item_1a,76,21,7,-2,3.619047619047619,1.8835124230062965
DLR,2023-02-27,item_1a,45,12,6,-1,3.75,2.2207697273283835
DLR,2024-02-23,item_1a,49,12,6,1,4.083333333333333,1.4433756729740643
DLTR,2021-03-16,item_1a,65,11,7,4,5.909090909090909,1.044465935734187
DLTR,2021-03-16,item_7,28,5,9,4,5.6,1.9493588689617927
DLTR,2022-03-15,item_1a,40,7,9,3,5.714285714285714,2.4299715851758235
DLTR,2022-03-15,item_7,13,2,7,6,6.5,0.7071067811865476
DLTR,2023-03-10,item_1a,32,5,8,4,6.4,1.8165902124584952
DLTR,2024-03-20,item_1a,10,3,6,2,3.3333333333333335,2.3094010767585034
DOC,2021-02-10,item_1a,60,8,9,7,7.5,0.7559289460184544
DOC,2021-02-10,item_7,15,2,8,7,7.5,0.7071067811865476
DOC,2022-02-09,item_1a,48,9,10,3,5.333333333333333,2.4494897427831774
DOC,2022-02-09,item_7,25,4,10,4,6.25,2.629955639676583
DOC,2023-02-08,item_1a,31,5,8,4,6.2,1.7888543819998317
DOC,2023-02-08,item_7,4,1,4,4,4.0,
DOC,2024-02-09,item_1a,19,6,5,1,3.1666666666666665,1.4719601443879744
DOV,2021-02-12,item_1a,50,8,8,4,6.25,1.2817398889233114
DOV,2021-02-12,item_7,36,5,9,6,7.2,1.3038404810405297
DOW,2021-02-05,item_1a,40,6,10,5,6.666666666666667,2.250925735484551
DOW,2021-02-05,item_7,38,10,7,-2,3.8,3.084008934992101
DOW,2022-02-04,item_1a,42,8,10,1,5.25,3.1959796173138706
DOW,2022-02-04,item_7,2,4,5,-3,0.5,3.696845502136472
DOW,2023-02-01,item_1a,39,9,8,2,4.333333333333333,1.936491673103708
DOW,2024-01-31,item_1a,33,8,6,3,4.125,1.1259916264596033
DPZ,2021-02-25,item_1a,85,18,8,1,4.722222222222222,1.9645551975404016
DPZ,2021-02-25,item_7,28,7,8,1,4.0,2.70801280154532
DPZ,2022-03-01,item_1a,54,11,9,3,4.909090909090909,1.8140862964338522
DPZ,2023-02-23,item_1a,34,6,8,3,5.666666666666667,1.9663841605003503
DPZ,2024-02-26,item_1a,23,5,6,3,4.6,1.140175425099138
DRI,2021-07-23,item_1a,63,15,8,-3,4.2,2.90811671999988
DRI,2021-07-23,item_7,33,11,9,-3,3.0,4.219004621945797
DRI,2022-07-22,item_1a,30,12,5,0,2.5,1.4459976109624422
DRI,2022-07-22,item_7,14,6,3,1,2.3333333333333335,0.816496580927726
DRI,2023-07-21,item_1a,11,3,5,2,3.6666666666666665,1.5275252316519465
DRI,2023-07-21,item_7,18,3,7,4,6.0,1.7320508075688772
DRI,2024-07-19,item_1a,30,7,5,4,4.285714285714286,0.4879500364742666
DUK,2021-02-25,item_1a,79,14,7,4,5.642857142857143,1.0082080720186268
DUK,2021-02-25,item_7,44,8,8,4,5.5,1.5118578920369088
DUK,2022-02-24,item_1a,5,2,3,2,2.5,0.7071067811865476
DUK,2022-02-24,item_7,0,1,0,0,0.0,
DUK,2023-02-27,item_1a,17,3,6,5,5.666666666666667,0.5773502691896257
DUK,2024-02-23,item_1a,12,3,5,3,4.0,1.0
DUK,2024-02-23,item_7,1,2,1,0,0.5,0.7071067811865476
DVA,2021-02-12,item_1a,44,7,8,5,6.285714285714286,0.9511897312113418
DVA,2021-02-12,item_7,39,6,8,6,6.5,0.8366600265340756
DVA,2022-02-11,item_1a,40,8,7,3,5.0,1.3093073414159542
DVA,2022-02-11,item_7,20,4,6,4,5.0,0.816496580927726
DVA,2023-02-22,item_1a,37,10,8,2,3.7,2.110818693198342
DVA,2023-02-22,item_7,28,7,8,2,4.0,2.516611478423583
DVA,2024-02-14,item_1a,16,5,5,0,3.2,2.16794833886788
DVA,2024-02-14,item_7,4,1,4,4,4.0,
DXCM,2021-02-11,item_1a,75,15,8,0,5.0,1.927248223318863
DXCM,2021-02-11,item_7,25,5,7,0,5.0,2.9154759474226504
DXCM,2022-02-14,item_1a,76,16,7,2,4.75,1.5275252316519468
DXCM,2023-02-09,item_1a,48,9,8,2,5.333333333333333,2.345207879911715
DXCM,2024-02-08,item_1a,9,3,4,2,3.0,1.0
EA,2021-05-26,item_1a,79,16,8,0,4.9375,1.9482898483884101
EA,2021-05-26,item_7,9,3,4,1,3.0,1.7320508075688772
EA,2022-05-25,item_1a,48,10,8,2,4.8,2.043961295567452
EA,2022-05-25,item_7,3,2,4,-1,1.5,3.5355339059327378
EA,2023-05-24,item_1a,50,11,7,0,4.545454545454546,1.9679246105293955
EA,2024-05-22,item_1a,7,3,5,1,2.3333333333333335,2.3094010767585034
EBAY,2021-02-04,item_1a,34,9,7,-3,3.7777777777777777,2.9059326290271157
EBAY,2021-02-04,item_7,7,4,5,-3,1.75,3.4034296427770228
EBAY,2022-02-24,item_1a,37,10,6,0,3.7,1.888562063228706
EBAY,2022-02-24,item_7,11,3,5,2,3.6666666666666665,1.5275252316519468
EBAY,2023-02-23,item_1a,35,7,7,4,5.0,1.1547005383792517
EBAY,2024-02-28,item_1a,12,3,5,3,4.0,1.0
ECL,2021-02-26,item_1a,50,9,9,3,5.555555555555555,2.1278575558006176
ECL,2021-02-26,item_7,26,6,9,3,4.333333333333333,2.338090388900024
ECL,2022-02-25,item_1a,67,12,9,2,5.583333333333333,2.314316444667973
ECL,2022-02-25,item_7,3,1,3,3,3.0,
ECL,2023-02-24,item_1a,45,8,8,2,5.625,2.0658792662827956
ECL,2024-02-23,item_1a,26,6,5,4,4.333333333333333,0.5163977794943224
ED,2021-02-18,item_1a,22,8,4,1,2.75,1.164964745021435
ED,2021-02-18,item_7,23,9,7,0,2.5555555555555554,2.1278575558006176
ED,2022-02-17,item_1a,38,11,6,1,3.4545454545454546,2.1148823307047775
ED,2022-02-17,item_7,33,10,8,-1,3.3,2.9458068127047605
ED,2023-02-16,item_1a,28,5,8,2,5.6,2.3021728866442674
ED,2023-02-16,item_7,21,4,8,2,5.25,2.5
ED,2024-02-15,item_1a,12,3,6,2,4.0,2.0
ED,2024-02-15,item_7,16,4,7,2,4.0,2.160246899469287
EFX,2021-02-25,item_1a,49,11,7,0,4.454545454545454,1.9679246105293957
EFX,2021-02-25,item_7,44,14,7,0,3.142857142857143,2.2138425646596693
EFX,2022-02-24,item_1a,40,13,6,0,3.076923076923077,1.7541160386140582
EFX,2022-02-24,item_7,22,7,6,0,3.142857142857143,2.3401261667248794
EFX,2023-02-23,item_1a,19,4,8,3,4.75,2.362907813126304
EFX,2023-02-23,item_7,1,1,1,1,1.0,
EFX,2024-02-22,item_1a,13,6,6,0,2.1666666666666665,2.136976056643281
EFX,2024-02-22,item_7,1,1,1,1,1.0,
EG,2021-03-01,item_1a,39,11,7,1,3.5454545454545454,1.7529196424044293
EG,2021-03-01,item_7,20,5,8,1,4.0,3.24037034920393
EG,2022-02-28,item_1a,48,11,6,3,4.363636363636363,1.2862913567871996
EG,2022-02-28,item_7,6,1,6,6,6.0,
EG,2024-02-28,item_1a,4,1,4,4,4.0,
EL,2021-08-27,item_1a,34,12,8,0,2.8333333333333335,2.6227443411030134
EL,2021-08-27,item_7,53,13,7,0,4.076923076923077,2.1000610491736684
EL,2022-08-24,item_1a,25,6,8,2,4.166666666666667,2.6394443859772205
EL,2022-08-24,item_7,65,14,7,2,4.642857142857143,1.3926810257774171
EL,2023-08-18,item_1a,4,1,4,4,4.0,
EL,2023-08-18,item_7,45,9,9,-1,5.0,2.958039891549808
EL,2024-08-19,item_1a,9,3,4,2,3.0,1.0
ELV,2021-02-18,item_1a,61,11,9,4,5.545454545454546,1.3684762594679065
ELV,2021-02-18,item_7,11,2,6,5,5.5,0.7071067811865476
ELV,2022-02-16,item_1a,51,9,9,4,5.666666666666667,1.732050807568877
ELV,2023-02-15,item_1a,51,10,8,2,5.1,1.9692073983655907
ELV,2024-02-21,item_1a,28,10,6,1,2.8,1.8737959096740262
EMN,2021-02-22,item_7,72,14,8,2,5.142857142857143,2.1788191176076888
EMN,2022-02-25,item_7,47,7,8,4,6.714285714285714,1.4960264830861913
EMN,2023-02-15,item_7,13,2,7,6,6.5,0.7071067811865476
EMN,2024-02-14,item_1a,3,1,3,3,3.0,
EMR,2021-11-15,item_1a,57,14,6,0,4.071428571428571,1.8590438284354556
EMR,2021-11-15,item_7,14,2,8,6,7.0,1.4142135623730951
EMR,2022-11-14,item_1a,55,11,8,0,5.0,2.32379000772445
EMR,2023-11-13,item_1a,24,7,7,0,3.4285714285714284,2.819996622760558
EMR,2024-11-12,item_1a,9,2,5,4,4.5,0.7071067811865476
ENPH,2021-02-16,item_1a,47,8,8,3,5.875,1.7268882005337973
ENPH,2021-02-16,item_7,11,2,7,4,5.5,2.1213203435596424
ENPH,2022-02-11,item_1a,71,13,8,1,5.461538461538462,1.713446070320696
ENPH,2023-02-13,item_1a,56,10,8,2,5.6,1.776388345929897
ENPH,2023-02-13,item_7,18,4,7,1,4.5,2.6457513110645907
ENPH,2024-02-09,item_1a,8,3,5,1,2.6666666666666665,2.0816659994661326
EOG,2021-02-25,item_1a,43,9,8,2,4.777777777777778,2.1666666666666665
EOG,2021-02-25,item_7,13,3,5,3,4.333333333333333,1.1547005383792515
EOG,2022-02-24,item_1a,57,10,9,2,5.7,2.3118054512532935
EOG,2022-02-24,item_7,13,3,7,2,4.333333333333333,2.5166114784235836
EOG,2023-02-23,item_1a,59,9,9,3,6.555555555555555,1.8104634152000358
EOG,2023-02-23,item_7,11,2,6,5,5.5,0.7071067811865476
EOG,2024-02-22,item_1a,1,1,1,1,1.0,
EOG,2024-02-22,item_7,6,2,5,1,3.0,2.8284271247461903
EPAM,2021-02-25,item_1a,40,7,8,2,5.714285714285714,2.0586634591635513
EPAM,2021-02-25,item_7,21,6,7,-3,3.5,3.5637059362410923
EPAM,2022-02-25,item_1a,62,12,8,3,5.166666666666667,1.6422453217986943
EPAM,2022-02-25,item_7,16,5,7,0,3.2,3.2710854467592254
EPAM,2023-02-24,item_1a,39,8,7,2,4.875,2.100170061141308
EPAM,2023-02-24,item_7,-3,1,-3,-3,-3.0,
EPAM,2024-02-22,item_1a,9,3,5,1,3.0,2.0
EQIX,2021-02-19,item_1a,71,18,5,2,3.9444444444444446,0.9983646759294876
EQIX,2021-02-19,item_7,5,1,5,5,5.0,
EQIX,2022-02-18,item_1a,121,22,8,2,5.5,1.2630273533214138
EQIX,2022-02-18,item_7,5,1,5,5,5.0,
EQIX,2023-02-17,item_1a,36,8,8,2,4.5,2.0701966780270626
EQIX,2023-02-17,item_7,2,1,2,2,2.0,
EQIX,2024-02-16,item_1a,16,4,5,3,4.0,0.8164965809277259
EQR,2024-02-15,item_1a,34,8,6,3,4.25,1.4880476182856899
EQT,2021-02-17,item_1a,39,8,7,3,4.875,1.457737973711325
EQT,2022-02-10,item_1a,17,3,7,5,5.666666666666667,1.1547005383792517
EQT,2023-02-16,item_1a,5,1,5,5,5.0,
EQT,2024-02-14,item_1a,10,3,4,3,3.3333333333333335,0.5773502691896258
EQT,2024-02-14,item_7,9,2,6,3,4.5,2.1213203435596424
ERIE,2021-02-25,item_1a,113,18,10,5,6.277777777777778,1.227410260553666
ERIE,2021-02-25,item_7,22,3,10,6,7.333333333333333,2.309401076758503
ERIE,2022-02-24,item_1a,27,8,6,0,3.375,2.065879266282796
ERIE,2022-02-24,item_7,27,8,8,0,3.375,2.1998376563477846
ERIE,2023-03-01,item_1a,30,9,7,1,3.3333333333333335,1.9999999999999998
ERIE,2023-03-01,item_7,15,5,6,0,3.0,2.5495097567963922
ERIE,2024-02-26,item_1a,18,10,5,-1,1.8,1.7511900715418263
ERIE,2024-02-26,item_7,6,1,6,6,6.0,
ES,2021-02-17,item_1a,39,9,7,1,4.333333333333333,1.9364916731037085
ES,2021-02-17,item_7,31,6,6,4,5.166666666666667,0.752772652709081
ES,2022-02-17,item_1a,29,6,7,4,4.833333333333333,1.169045194450012
ES,2022-02-17,item_7,12,2,7,5,6.0,1.4142135623730951
ES,2023-02-15,item_7,5,5,4,-2,1.0,2.5495097567963922
ESS,2021-02-19,item_1a,73,12,9,3,6.083333333333333,1.7816403745544227
ESS,2021-02-19,item_7,6,1,6,6,6.0,
ESS,2022-02-25,item_1a,35,6,8,4,5.833333333333333,1.6020819787597222
ESS,2022-02-25,item_7,11,4,5,-2,2.75,3.2015621187164243
ESS,2023-02-23,item_1a,14,5,4,0,2.8,1.6431676725154984
ESS,2023-02-23,item_7,14,6,8,-3,2.3333333333333335,3.6696957185394363
ESS,2024-02-23,item_1a,42,10,5,4,4.2,0.42163702135578407
ESS,2024-02-23,item_7,14,3,6,4,4.666666666666667,1.1547005383792517
ETN,2021-02-24,item_1a,23,5,8,2,4.6,2.4083189157584592
ETN,2022-02-23,item_1a,34,9,6,1,3.7777777777777777,1.855921454276674
ETN,2023-02-23,item_1a,31,11,5,0,2.8181818181818183,1.9908883353006928
ETN,2024-02-29,item_1a,36,9,6,1,4.0,1.5811388300841898
ETR,2022-02-25,item_1a,53,12,9,1,4.416666666666667,2.5030284687057627
ETR,2023-02-24,item_1a,40,10,8,-1,4.0,2.5385910352879693
ETR,2024-02-23,item_1a,43,11,5,2,3.909090909090909,0.9438798074485388
EVRG,2021-02-26,item_1a,62,16,6,2,3.875,1.454876856186346
EVRG,2021-02-26,item_7,15,4,6,2,3.75,2.0615528128088303
EVRG,2022-02-25,item_1a,56,15,7,2,3.7333333333333334,1.3870146083619752
EVRG,2023-02-24,item_1a,32,8,6,1,4.0,1.4142135623730951
EVRG,2024-02-29,item_1a,16,7,4,-1,2.2857142857142856,2.0586634591635513
EW,2021-02-12,item_1a,16,5,6,2,3.2,1.6431676725154984
EW,2021-02-12,item_7,22,8,6,0,2.75,2.187627547301936
EW,2022-02-14,item_1a,33,8,7,2,4.125,1.7268882005337975
EW,2022-02-14,item_7,66,16,7,1,4.125,1.9278658321228337
EW,2023-02-13,item_1a,23,6,8,2,3.8333333333333335,2.136976056643281
EW,2023-02-13,item_7,22,6,8,-3,3.6666666666666665,3.6696957185394363
EW,2024-02-12,item_1a,10,3,4,3,3.3333333333333335,0.5773502691896258
EW,2024-02-12,item_7,13,2,8,5,6.5,2.1213203435596424
EXC,2021-02-24,item_1a,31,6,7,3,5.166666666666667,1.3291601358251257
EXC,2021-02-24,item_7,46,12,9,-4,3.8333333333333335,3.6390141855211615
EXC,2022-02-25,item_1a,31,6,6,5,5.166666666666667,0.408248290463863
EXC,2022-02-25,item_7,11,6,8,-4,1.8333333333333333,4.792355023020171
EXC,2023-02-14,item_1a,12,6,5,-2,2.0,3.1622776601683795
EXC,2023-02-14,item_7,-1,8,9,-4,-0.125,4.223657859520077
EXC,2024-02-21,item_1a,15,3,6,4,5.0,1.0
EXC,2024-02-21,item_7,6,2,8,-2,3.0,7.0710678118654755
EXPD,2021-02-19,item_1a,95,22,7,3,4.318181818181818,1.1705254675272427
EXPD,2021-02-19,item_7,62,15,7,3,4.133333333333334,1.1872336794093274
EXPD,2022-03-15,item_1a,59,13,7,2,4.538461538461538,1.3913653136029502
EXPD,2022-03-15,item_7,13,2,7,6,6.5,0.7071067811865476
EXPD,2023-03-01,item_1a,50,9,9,1,5.555555555555555,2.351122663277647
EXPD,2023-03-01,item_7,7,1,7,7,7.0,
EXPD,2024-02-23,item_1a,62,17,7,1,3.6470588235294117,1.765686002329839
EXPE,2021-02-12,item_1a,83,18,8,1,4.611111111111111,1.9745107774984456
EXPE,2021-02-12,item_7,43,9,8,3,4.777777777777778,1.5634719199411429
EXPE,2022-02-11,item_1a,95,22,9,0,4.318181818181818,2.6437052576218645
EXPE,2022-02-11,item_7,35,8,9,2,4.375,2.559994419636775
EXPE,2023-02-10,item_1a,95,17,9,2,5.588235294117647,2.0018373912924274
EXPE,2023-02-10,item_7,15,2,8,7,7.5,0.7071067811865476
EXPE,2024-02-09,item_1a,12,3,5,3,4.0,1.0
EXPE,2024-02-09,item_7,6,3,4,-2,2.0,3.4641016151377544
EXR,2021-02-26,item_1a,25,15,7,0,1.6666666666666667,1.9880595947760098
EXR,2022-02-28,item_1a,20,12,7,0,1.6666666666666667,2.3868325657594203
EXR,2023-02-28,item_1a,16,6,5,0,2.6666666666666665,2.3380903889000244
EXR,2024-02-29,item_1a,16,6,5,0,2.6666666666666665,2.160246899469287
F,2021-02-05,item_1a,48,9,7,2,5.333333333333333,1.414213562373095
F,2021-02-05,item_7,36,6,7,5,6.0,0.6324555320336759
F,2022-02-04,item_1a,50,9,8,1,5.555555555555555,2.351122663277647
F,2022-02-04,item_7,23,6,7,1,3.8333333333333335,2.48327740429189
F,2023-02-03,item_1a,52,11,7,3,4.7272727272727275,1.4206272622267315
F,2023-02-03,item_7,25,6,5,3,4.166666666666667,0.752772652709081
F,2024-02-07,item_1a,17,3,6,5,5.666666666666667,0.5773502691896258
F,2024-02-07,item_7,1,1,1,1,1.0,
FAST,2021-02-08,item_1a,58,10,9,2,5.8,1.8737959096740262
FAST,2021-02-08,item_7,8,3,6,-2,2.6666666666666665,4.163331998932265
FAST,2022-02-07,item_1a,39,8,8,3,4.875,1.642080561796093
FAST,2022-02-07,item_7,2,1,2,2,2.0,
FAST,2023-02-07,item_1a,54,13,7,0,4.153846153846154,1.863963243832607
FAST,2024-02-06,item_1a,22,6,5,2,3.6666666666666665,1.2110601416389966
FAST,2024-02-06,item_7,6,2,4,2,3.0,1.4142135623730951
FDS,2021-10-22,item_1a,28,10,7,-3,2.8,3.0110906108363245
FDS,2021-10-22,item_7,1,2,4,-3,0.5,4.949747468305833
FDS,2022-10-21,item_1a,16,6,5,-3,2.6666666666666665,3.3862466931200785
FDS,2022-10-21,item_7,-3,1,-3,-3,-3.0,
FDS,2023-10-27,item_1a,36,8,7,1,4.5,1.8516401995451028
FDS,2023-10-27,item_7,5,1,5,5,5.0,
FDS,2024-10-29,item_1a,21,7,6,1,3.0,2.0
FDS,2024-10-29,item_7,1,1,1,1,1.0,
FDX,2021-07-19,item_1a,101,18,8,3,5.611111111111111,1.5392469086379974
FDX,2021-07-19,item_7,26,5,6,4,5.2,0.8366600265340756
FDX,2022-07-18,item_1a,37,7,9,1,5.285714285714286,3.0394235042348474
FDX,2022-07-18,item_7,17,2,9,8,8.5,0.7071067811865476
FDX,2023-07-17,item_1a,23,8,4,1,2.875,1.1259916264596035
FDX,2023-07-17,item_7,16,3,8,1,5.333333333333333,3.7859388972001824
FDX,2024-07-15,item_1a,26,7,5,1,3.7142857142857144,1.2535663410560174
FFIV,2021-11-16,item_1a,24,6,8,0,4.0,3.03315017762062
FFIV,2021-11-16,item_7,7,2,7,0,3.5,4.949747468305833
FFIV,2022-11-15,item_1a,19,5,6,1,3.8,2.280350850198276
FFIV,2022-11-15,item_7,21,4,8,2,5.25,2.5
FFIV,2023-11-14,item_1a,5,1,5,5,5.0,
FFIV,2023-11-14,item_7,10,2,6,4,5.0,1.4142135623730951
FFIV,2024-11-18,item_1a,9,3,5,2,3.0,1.7320508075688772
FI,2021-02-26,item_1a,82,19,7,2,4.315789473684211,1.293257367998745
FI,2021-02-26,item_7,28,6,7,2,4.666666666666667,2.160246899469287
FI,2022-02-24,item_1a,56,11,8,2,5.090909090909091,1.868397465987655
FI,2022-02-24,item_7,29,5,8,2,5.8,2.3874672772626644
FI,2023-02-23,item_1a,18,4,6,1,4.5,2.3804761428476167
FI,2023-02-23,item_7,1,1,1,1,1.0,
FI,2024-02-22,item_1a,11,4,4,1,2.75,1.2583057392117916
FICO,2021-11-10,item_1a,66,14,7,3,4.714285714285714,1.3827826698682306
FICO,2021-11-10,item_7,8,3,7,0,2.6666666666666665,3.7859388972001824
FICO,2022-11-09,item_1a,40,8,8,2,5.0,1.8516401995451028
FICO,2023-11-08,item_1a,21,6,7,1,3.5,2.16794833886788
FICO,2024-11-06,item_1a,13,4,5,1,3.25,1.707825127659933
FIS,2024-02-26,item_1a,17,7,5,0,2.4285714285714284,1.7182493859684493
FITB,2021-02-26,item_1a,64,11,8,3,5.818181818181818,1.6011359603844904
FITB,2021-02-26,item_7,34,7,7,3,4.857142857142857,1.3451854182690983
FITB,2022-02-25,item_1a,23,3,9,7,7.666666666666667,1.1547005383792515
FITB,2022-02-25,item_7,24,3,9,7,8.0,1.0
FITB,2023-02-24,item_1a,33,6,7,4,5.5,1.0488088481701516
FITB,2024-02-27,item_1a,5,1,5,5,5.0,
FMC,2021-02-25,item_1a,39,6,8,4,6.5,1.51657508881031
FMC,2021-02-25,item_7,16,2,9,7,8.0,1.4142135623730951
FMC,2022-02-25,item_1a,63,12,8,2,5.25,1.6583123951777
FMC,2022-02-25,item_7,27,5,7,3,5.4,1.51657508881031
FMC,2023-02-24,item_1a,26,6,7,1,4.333333333333333,2.0655911179772892
FMC,2023-02-24,item_7,11,5,6,0,2.2,2.6832815729997477
FMC,2024-02-27,item_1a,15,4,5,2,3.75,1.2583057392117916
FRT,2021-02-11,item_1a,27,5,8,2,5.4,2.3021728866442674
FRT,2021-02-11,item_7,29,7,8,1,4.142857142857143,2.7945525240230875
FRT,2022-02-10,item_1a,32,9,5,3,3.5555555555555554,0.881917103688197
FRT,2022-02-10,item_7,19,5,8,1,3.8,2.7748873851023217
FRT,2023-02-08,item_1a,48,9,7,4,5.333333333333333,1.1180339887498947
FRT,2023-02-08,item_7,26,5,7,3,5.2,1.6431676725154982
FRT,2024-02-12,item_1a,37,8,6,4,4.625,0.7440238091428449
FRT,2024-02-12,item_7,9,2,5,4,4.5,0.7071067811865476
FSLR,2021-02-26,item_1a,56,12,7,1,4.666666666666667,1.6143297699232972
FSLR,2021-02-26,item_7,7,1,7,7,7.0,
FSLR,2022-03-01,item_1a,31,5,9,4,6.2,1.9235384061671346
FSLR,2022-03-01,item_7,5,1,5,5,5.0,
FSLR,2023-02-28,item_1a,15,6,4,0,2.5,1.378404875209022
FSLR,2023-02-28,item_7,9,2,6,3,4.5,2.1213203435596424
FSLR,2024-02-27,item_1a,14,3,5,4,4.666666666666667,0.5773502691896257
FTNT,2021-02-19,item_1a,68,11,9,1,6.181818181818182,2.3159525823376357
FTNT,2021-02-19,item_7,16,4,6,1,4.0,2.449489742783178
FTNT,2022-02-25,item_1a,72,10,9,5,7.2,1.2292725943057181
FTNT,2023-02-24,item_1a,53,10,8,2,5.3,2.5407785333546005
FTNT,2024-02-26,item_1a,19,5,5,3,3.8,1.0954451150103324
FTV,2021-02-26,item_1a,28,5,9,1,5.6,3.1304951684997055
FTV,2021-02-26,item_7,7,2,6,1,3.5,3.5355339059327378
FTV,2022-03-01,item_1a,37,9,7,1,4.111111111111111,2.1473497877875203
FTV,2022-03-01,item_7,2,1,2,2,2.0,
FTV,2023-02-28,item_1a,34,7,8,1,4.857142857142857,2.340126166724879
FTV,2023-02-28,item_7,6,1,6,6,6.0,
FTV,2024-02-27,item_1a,4,4,4,-1,1.0,2.160246899469287
GD,2021-02-09,item_1a,48,8,8,2,6.0,1.8516401995451028
GD,2021-02-09,item_7,59,10,8,3,5.9,1.6633299933166201
GD,2022-02-09,item_1a,46,12,7,1,3.8333333333333335,1.6966991126265962
GD,2022-02-09,item_7,35,12,6,0,2.9166666666666665,2.1933093855190746
GD,2023-02-07,item_1a,44,10,6,3,4.4,1.1737877907772671
GD,2023-02-07,item_7,17,4,7,0,4.25,3.095695936834452
GD,2024-02-08,item_1a,22,6,6,2,3.6666666666666665,1.505545305418162
GD,2024-02-08,item_7,10,2,5,5,5.0,0.0
GDDY,2021-02-19,item_1a,57,11,8,2,5.181818181818182,1.94000937204859
GDDY,2022-02-17,item_1a,24,4,8,4,6.0,1.632993161855452
GDDY,2022-02-17,item_7,3,2,2,1,1.5,0.7071067811865476
GDDY,2023-02-16,item_1a,25,5,7,3,5.0,1.5811388300841898
GDDY,2023-02-16,item_7,5,1,5,5,5.0,
GDDY,2024-02-29,item_1a,17,4,7,1,4.25,2.5
GEHC,2023-02-15,item_1a,43,8,9,1,5.375,2.5035688811888406
GEHC,2023-02-15,item_7,9,1,9,9,9.0,
GEHC,2024-02-06,item_1a,34,7,7,2,4.857142857142857,1.5735915849388864
GEN,2021-05-21,item_1a,47,13,6,0,3.6153846153846154,1.6092680291808412
GEN,2021-05-21,item_7,24,7,6,0,3.4285714285714284,2.14919697074224
GEN,2022-05-20,item_1a,44,18,6,-3,2.4444444444444446,2.5022865360499247
GEN,2022-05-20,item_7,25,9,6,0,2.7777777777777777,2.6822461565718467
GEN,2023-05-25,item_1a,24,5,6,4,4.8,0.8366600265340756
GEN,2023-05-25,item_7,5,1,5,5,5.0,
GEN,2024-05-16,item_1a,10,3,4,2,3.3333333333333335,1.1547005383792515
GILD,2021-02-25,item_1a,124,30,8,2,4.133333333333334,1.3829836145670416
GILD,2022-02-23,item_1a,72,16,7,1,4.5,1.8973665961010278
GILD,2023-02-22,item_1a,48,7,9,4,6.857142857142857,1.7728105208558367
GILD,2024-02-23,item_1a,23,5,6,3,4.6,1.51657508881031
GIS,2021-06-30,item_1a,22,5,7,2,4.4,2.302172886644268
GIS,2021-06-30,item_7,6,1,6,6,6.0,
GIS,2022-06-30,item_1a,43,8,9,3,5.375,2.326094212561969
GIS,2022-06-30,item_7,8,2,7,1,4.0,4.242640687119285
GIS,2023-06-28,item_1a,9,2,5,4,4.5,0.7071067811865476
GIS,2024-06-26,item_1a,8,2,5,3,4.0,1.4142135623730951
GL,2021-02-25,item_1a,36,7,6,5,5.142857142857143,0.37796447300922725
GL,2021-02-25,item_7,25,4,8,4,6.25,2.0615528128088303
GL,2022-02-24,item_1a,45,11,7,3,4.090909090909091,1.2210278829367867
GL,2022-02-24,item_7,41,8,7,2,5.125,1.8850918886280927
GL,2023-02-23,item_1a,31,7,6,4,4.428571428571429,0.7867957924694431
GL,2023-02-23,item_7,15,2,8,7,7.5,0.7071067811865476
GL,2024-02-28,item_1a,30,7,5,3,4.285714285714286,0.7559289460184544
GLW,2021-02-12,item_1a,28,5,9,3,5.6,2.3021728866442674
GLW,2021-02-12,item_7,12,4,6,0,3.0,2.943920288775949
GLW,2022-02-14,item_1a,29,6,7,2,4.833333333333333,2.136976056643281
GLW,2022-02-14,item_7,-1,1,-1,-1,-1.0,
GLW,2023-02-13,item_1a,22,5,8,2,4.4,2.6076809620810595
GLW,2023-02-13,item_7,12,2,6,6,6.0,0.0
GLW,2024-02-12,item_1a,23,6,6,1,3.8333333333333335,2.041241452319315
GM,2024-01-30,item_1a,19,4,5,4,4.75,0.4999999999999999
GNRC,2021-02-23,item_1a,75,9,10,7,8.333333333333334,1.0
GNRC,2021-02-23,item_7,80,13,10,-2,6.153846153846154,3.508232077228117
GNRC,2022-02-22,item_1a,27,4,8,5,6.75,1.2583057392117916
GNRC,2022-02-22,item_7,21,5,5,3,4.2,1.0954451150103324
GNRC,2023-02-22,item_1a,16,4,5,3,4.0,0.816496580927726
GNRC,2023-02-22,item_7,7,2,4,3,3.5,0.7071067811865476
GNRC,2024-02-21,item_1a,9,3,4,2,3.0,1.0
GOOG,2021-02-03,item_1a,49,13,9,1,3.769230769230769,2.6505925800924266
GOOG,2021-02-03,item_7,17,2,9,8,8.5,0.7071067811865476
GOOG,2022-02-02,item_1a,49,9,8,2,5.444444444444445,2.0069324297987157
GOOG,2022-02-02,item_7,7,1,7,7,7.0,
GOOG,2023-02-03,item_1a,25,8,7,1,3.125,2.1671244937540095
GOOG,2024-01-31,item_1a,9,5,4,1,1.8,1.3038404810405297
GOOG,2024-01-31,item_7,2,1,2,2,2.0,
GPC,2021-02-19,item_1a,69,22,8,1,3.1363636363636362,1.5211353699959818
GPC,2021-02-19,item_7,3,1,3,3,3.0,
GPC,2022-02-17,item_1a,40,12,7,0,3.3333333333333335,2.229281716090851
GPC,2022-02-17,item_7,9,4,4,0,2.25,1.707825127659933
GPC,2023-02-23,item_1a,16,4,8,1,4.0,3.559026084010437
GPC,2024-02-22,item_1a,11,4,6,1,2.75,2.362907813126304
GPN,2022-02-18,item_1a,54,15,8,1,3.6,1.7237832147426695
GPN,2023-02-17,item_1a,54,11,7,1,4.909090909090909,1.9211738835693895
GPN,2023-02-17,item_7,6,1,6,6,6.0,
GPN,2024-02-14,item_1a,7,2,4,3,3.5,0.7071067811865476
GPN,2024-02-14,item_7,12,3,5,3,4.0,1.0
GRMN,2021-02-17,item_1a,47,10,7,2,4.7,1.7669811040931427
GRMN,2021-02-17,item_7,7,3,7,0,2.3333333333333335,4.041451884327381
GRMN,2022-02-16,item_1a,128,29,7,0,4.413793103448276,1.6586836730050714
GRMN,2022-02-16,item_7,27,11,6,-3,2.4545454545454546,2.769968821616459
GRMN,2023-02-22,item_1a,65,14,6,1,4.642857142857143,1.3363062095621219
GRMN,2023-02-22,item_7,4,1,4,4,4.0,
GRMN,2024-02-21,item_1a,12,4,6,2,3.0,2.0
GS,2021-02-22,item_1a,35,7,8,1,5.0,2.449489742783178
GS,2021-02-22,item_7,13,2,7,6,6.5,0.7071067811865476
GS,2022-02-25,item_1a,41,8,9,1,5.125,2.948970764763288
GS,2022-02-25,item_7,10,2,6,4,5.0,1.4142135623730951
GS,2023-02-24,item_1a,21,4,8,0,5.25,3.774917217635375
GS,2023-02-24,item_7,8,1,8,8,8.0,
GS,2024-02-23,item_1a,8,3,5,1,2.6666666666666665,2.0816659994661326
GWW,2021-02-24,item_1a,58,9,8,5,6.444444444444445,1.0137937550497031
GWW,2021-02-24,item_7,11,3,5,1,3.6666666666666665,2.3094010767585034
GWW,2022-02-23,item_1a,195,33,8,4,5.909090909090909,1.1281521496355325
GWW,2022-02-23,item_7,5,1,5,5,5.0,
GWW,2023-02-21,item_1a,47,11,8,2,4.2727272727272725,2.0045403009622476
GWW,2023-02-21,item_7,5,1,5,5,5.0,
GWW,2024-02-22,item_1a,25,6,5,3,4.166666666666667,0.752772652709081
HAL,2021-02-05,item_1a,77,14,9,3,5.5,1.605279750362247
HAL,2021-02-05,item_7,5,1,5,5,5.0,
HAL,2022-02-04,item_1a,45,9,7,2,5.0,2.0615528128088303
HAL,2022-02-04,item_7,16,6,8,-2,2.6666666666666665,3.265986323710904
HAL,2023-02-07,item_1a,2,1,2,2,2.0,
HAL,2023-02-07,item_7,15,3,7,2,5.0,2.6457513110645907
HAL,2024-02-06,item_1a,1,1,1,1,1.0,
HAL,2024-02-06,item_7,4,1,4,4,4.0,
HAS,2021-02-24,item_1a,63,14,8,2,4.5,1.9115036368906426
HAS,2021-02-24,item_7,8,1,8,8,8.0,
HAS,2022-02-23,item_1a,48,7,8,6,6.857142857142857,0.6900655593423544
HAS,2023-02-22,item_1a,37,8,6,3,4.625,0.9161253813129043
HAS,2024-02-28,item_1a,47,10,6,3,4.7,1.0593499054713804
HBAN,2024-02-16,item_1a,4,1,4,4,4.0,
HBAN,2024-02-16,item_7,4,1,4,4,4.0,
HCA,2021-02-19,item_1a,68,11,9,4,6.181818181818182,1.4709304414677
HCA,2021-02-19,item_7,12,2,9,3,6.0,4.242640687119285
HCA,2022-02-18,item_1a,46,10,7,0,4.6,2.1186998109427604
HCA,2022-02-18,item_7,5,1,5,5,5.0,
HCA,2023-02-17,item_1a,49,10,8,3,4.9,1.4491376746189435
HCA,2024-02-16,item_1a,30,7,5,4,4.285714285714286,0.48795003647426666
HCA,2024-02-16,item_7,4,1,4,4,4.0,
HD,2021-03-24,item_1a,73,12,9,3,6.083333333333333,1.8319554050414564
HD,2021-03-24,item_7,13,2,9,4,6.5,3.5355339059327378
HD,2022-03-23,item_1a,43,10,7,1,4.3,1.888562063228706
HD,2022-03-23,item_7,9,1,9,9,9.0,
HD,2023-03-15,item_1a,62,14,8,1,4.428571428571429,1.9499225118444585
HD,2024-03-13,item_1a,22,6,6,1,3.6666666666666665,1.632993161855452
HES,2022-03-01,item_1a,74,24,9,-2,3.0833333333333335,2.30154327555998
HES,2023-02-24,item_1a,68,15,8,1,4.533333333333333,1.9591057240729093
HES,2024-02-26,item_1a,11,4,4,2,2.75,0.9574271077563381
HES,2024-02-26,item_7,6,1,6,6,6.0,
HII,2021-02-11,item_1a,48,10,7,2,4.8,1.7511900715418263
HII,2021-02-11,item_7,58,12,9,2,4.833333333333333,1.696699112626596
HII,2022-02-10,item_1a,35,7,7,2,5.0,1.632993161855452
HII,2022-02-10,item_7,7,2,4,3,3.5,0.7071067811865476
HII,2023-02-09,item_1a,19,6,5,2,3.1666666666666665,1.1690451944500122
HII,2023-02-09,item_7,13,4,4,2,3.25,0.9574271077563381
HII,2024-02-01,item_1a,26,7,5,2,3.7142857142857144,1.1126972805283737
HII,2024-02-01,item_7,12,5,3,1,2.4,0.8944271909999159
HLT,2021-02-17,item_1a,91,13,9,3,7.0,1.7320508075688772
HLT,2021-02-17,item_7,50,6,9,7,8.333333333333334,0.8164965809277258
HLT,2022-02-16,item_1a,64,10,8,4,6.4,1.3498971154211061
HLT,2022-02-16,item_7,16,2,8,8,8.0,0.0
HLT,2023-02-09,item_1a,42,8,8,3,5.25,1.6690459207925605
HLT,2023-02-09,item_7,5,1,5,5,5.0,
HLT,2024-02-07,item_1a,33,9,5,2,3.6666666666666665,0.8660254037844386
HLT,2024-02-07,item_7,3,1,3,3,3.0,
HOLX,2021-11-16,item_1a,37,9,7,2,4.111111111111111,2.1473497877875207
HOLX,2021-11-16,item_7,17,4,6,2,4.25,2.0615528128088303
HOLX,2022-11-15,item_1a,30,6,8,3,5.0,2.0
HOLX,2023-11-21,item_1a,62,11,8,4,5.636363636363637,1.2060453783110545
HOLX,2024-11-27,item_1a,10,3,4,2,3.3333333333333335,1.1547005383792515
HPE,2021-12-10,item_1a,84,19,7,0,4.421052631578948,1.865350413124218
HPE,2021-12-10,item_7,5,1,5,5,5.0,
HPE,2022-12-08,item_1a,51,8,9,2,6.375,2.1339098923270936
HPE,2022-12-08,item_7,2,2,1,1,1.0,0.0
HPE,2023-12-22,item_1a,8,4,4,0,2.0,1.8257418583505538
HPE,2023-12-22,item_7,3,1,3,3,3.0,
HPE,2024-12-19,item_1a,9,2,5,4,4.5,0.7071067811865476
HPQ,2021-12-09,item_1a,70,10,9,5,7.0,1.3333333333333333
HPQ,2021-12-09,item_7,6,1,6,6,6.0,
HPQ,2022-12-06,item_1a,42,9,8,2,4.666666666666667,2.345207879911715
HPQ,2022-12-06,item_7,14,3,8,2,4.666666666666667,3.0550504633038935
HPQ,2023-12-18,item_1a,17,4,6,1,4.25,2.217355782608345
HPQ,2024-12-13,item_1a,12,4,5,1,3.0,1.8257418583505538
HRL,2021-12-10,item_1a,35,10,6,2,3.5,1.35400640077266
HRL,2021-12-10,item_7,14,2,7,7,7.0,0.0
HRL,2022-12-06,item_1a,78,22,7,1,3.5454545454545454,1.9451349011186305
HRL,2023-12-06,item_1a,4,4,3,-2,1.0,2.160246899469287
HRL,2024-12-05,item_1a,10,3,5,0,3.3333333333333335,2.886751345948129
HSIC,2021-02-17,item_1a,64,10,9,4,6.4,1.429840705968481
HSIC,2022-02-15,item_1a,78,14,8,4,5.571428571428571,1.157868447043679
HSIC,2022-02-15,item_7,23,4,8,5,5.75,1.5
HSIC,2023-02-21,item_1a,78,13,9,3,6.0,1.5811388300841895
HSIC,2024-02-28,item_1a,23,10,6,1,2.3,1.4944341180973264
HSIC,2024-02-28,item_7,20,5,7,1,4.0,3.0
HST,2021-02-25,item_1a,35,7,8,3,5.0,1.9148542155126762
HST,2021-02-25,item_7,18,3,8,3,6.0,2.6457513110645907
HST,2022-02-24,item_1a,44,10,9,2,4.4,2.3190036174568114
HST,2022-02-24,item_7,26,4,9,5,6.5,1.9148542155126762
HST,2023-02-22,item_1a,36,6,9,4,6.0,1.6733200530681511
HST,2024-02-28,item_1a,13,3,6,2,4.333333333333333,2.0816659994661326
HSY,2021-02-17,item_1a,54,8,8,5,6.75,1.0350983390135313
HSY,2021-02-17,item_7,19,3,9,3,6.333333333333333,3.0550504633038935
HSY,2022-02-18,item_1a,20,6,4,2,3.3333333333333335,0.816496580927726
HSY,2022-02-18,item_7,17,5,7,-2,3.4,3.361547262794322
HSY,2023-02-17,item_1a,12,2,6,6,6.0,0.0
HSY,2023-02-17,item_7,11,2,7,4,5.5,2.1213203435596424
HSY,2024-02-20,item_1a,13,4,4,1,3.25,1.5
HUBB,2021-02-11,item_1a,35,10,6,-2,3.5,2.5495097567963922
HUBB,2021-02-11,item_7,49,13,9,0,3.769230769230769,2.5869494955077283
HUBB,2022-02-11,item_1a,65,13,7,3,5.0,1.1547005383792515
HUBB,2022-02-11,item_7,13,3,6,3,4.333333333333333,1.5275252316519468
HUBB,2023-02-09,item_1a,68,12,8,2,5.666666666666667,2.059714602177749
HUBB,2023-02-09,item_7,24,4,7,5,6.0,0.816496580927726
HUBB,2024-02-08,item_1a,6,1,6,6,6.0,
HUM,2021-02-18,item_1a,47,10,7,4,4.7,1.0593499054713802
HUM,2022-02-17,item_1a,62,8,9,6,7.75,1.0350983390135313
HUM,2022-02-17,item_7,20,3,7,6,6.666666666666667,0.5773502691896257
HUM,2023-02-16,item_1a,28,5,8,3,5.6,1.816590212458495
HUM,2023-02-16,item_7,15,2,8,7,7.5,0.7071067811865476
HUM,2024-02-15,item_1a,9,2,5,4,4.5,0.7071067811865476
HUM,2024-02-15,item_7,37,7,7,0,5.285714285714286,2.4299715851758235
HWM,2021-02-16,item_1a,62,15,8,0,4.133333333333334,2.4162150645369374
HWM,2022-02-14,item_1a,68,15,8,2,4.533333333333333,1.641718031587061
HWM,2022-02-14,item_7,7,1,7,7,7.0,
HWM,2023-02-14,item_1a,44,11,9,-2,4.0,3.0659419433511785
HWM,2023-02-14,item_7,10,5,6,-2,2.0,2.9154759474226504
HWM,2024-02-13,item_1a,14,3,5,4,4.666666666666667,0.5773502691896258
HWM,2024-02-13,item_7,7,1,7,7,7.0,
IBM,2021-02-23,item_1a,29,10,4,0,2.9,1.1005049346146119
IBM,2022-02-22,item_1a,31,8,6,3,3.875,1.1259916264596033
IBM,2023-02-28,item_1a,7,2,4,3,3.5,0.7071067811865476
IBM,2024-02-26,item_1a,6,2,5,1,3.0,2.8284271247461903
ICE,2024-02-08,item_1a,41,9,6,4,4.555555555555555,0.7264831572567788
IDXX,2021-02-12,item_1a,50,9,8,3,5.555555555555555,1.5898986690282424
IDXX,2022-02-16,item_1a,71,11,9,5,6.454545454545454,1.2933395813657265
IDXX,2023-02-16,item_1a,38,7,8,3,5.428571428571429,1.9023794624226837
IDXX,2024-02-22,item_1a,20,5,5,3,4.0,1.0
IEX,2021-02-25,item_1a,39,9,8,2,4.333333333333333,2.0
IEX,2021-02-25,item_7,46,10,7,2,4.6,1.4298407059684812
IEX,2022-02-24,item_1a,31,8,9,-1,3.875,2.948970764763288
IEX,2022-02-24,item_7,9,3,6,1,3.0,2.6457513110645907
IEX,2023-02-23,item_1a,43,13,6,1,3.3076923076923075,1.5483655567842811
IEX,2023-02-23,item_7,2,1,2,2,2.0,
IEX,2024-02-22,item_1a,13,4,6,1,3.25,2.0615528128088303
IFF,2021-02-22,item_1a,60,12,7,2,5.0,1.651445647689541
IFF,2021-02-22,item_7,8,2,5,3,4.0,1.4142135623730951
IFF,2022-02-28,item_1a,59,14,7,1,4.214285714285714,1.761929511755679
IFF,2022-02-28,item_7,23,5,7,1,4.6,2.8809720581775866
IFF,2023-02-27,item_1a,49,8,9,4,6.125,1.5526475085202969
IFF,2023-02-27,item_7,12,3,7,1,4.0,3.0
IFF,2024-02-28,item_1a,15,4,6,1,3.75,2.217355782608345
IFF,2024-02-28,item_7,3,1,3,3,3.0,
INCY,2021-02-09,item_1a,25,8,5,0,3.125,1.6420805617960927
INCY,2021-02-09,item_7,19,6,7,0,3.1666666666666665,2.4832774042918904
INCY,2022-02-08,item_1a,29,6,7,-3,4.833333333333333,3.920034013457877
INCY,2022-02-08,item_7,31,9,7,-3,3.4444444444444446,3.166666666666667
INCY,2023-02-07,item_1a,42,10,7,1,4.2,1.6865480854231358
INCY,2023-02-07,item_7,6,2,5,1,3.0,2.8284271247461903
INCY,2024-02-13,item_1a,18,5,5,2,3.6,1.3416407864998738
INTU,2021-09-08,item_1a,45,11,5,2,4.090909090909091,0.9438798074485389
INTU,2022-09-02,item_1a,62,13,7,3,4.769230769230769,1.1657505560686465
INTU,2022-09-02,item_7,6,3,3,1,2.0,1.0
INTU,2023-09-01,item_1a,31,7,6,0,4.428571428571429,2.225394561056747
INTU,2024-09-04,item_1a,18,5,5,3,3.6,0.8944271909999159
INVH,2021-02-19,item_1a,43,7,8,4,6.142857142857143,1.5735915849388862
INVH,2021-02-19,item_7,42,6,9,4,7.0,1.7888543819998317
INVH,2022-02-22,item_1a,74,15,7,3,4.933333333333334,1.1629191512658792
INVH,2022-02-22,item_7,14,4,6,0,3.5,3.0
INVH,2023-02-22,item_1a,30,6,7,2,5.0,2.0976176963403033
INVH,2023-02-22,item_7,4,1,4,4,4.0,
INVH,2024-02-21,item_1a,44,7,7,4,6.285714285714286,1.1126972805283735
INVH,2024-02-21,item_7,7,1,7,7,7.0,
IPG,2021-02-22,item_1a,29,6,7,4,4.833333333333333,1.1690451944500122
IPG,2021-02-22,item_7,20,4,6,4,5.0,0.8164965809277259
IPG,2022-02-22,item_1a,51,12,8,3,4.25,1.4222261679238197
IPG,2023-02-21,item_1a,54,10,7,3,5.4,1.5055453054181624
IPG,2023-02-21,item_7,5,1,5,5,5.0,
IPG,2024-02-20,item_1a,33,8,5,2,4.125,0.991031208965115
IPG,2024-02-20,item_7,3,1,3,3,3.0,
IQV,2021-02-12,item_1a,29,7,7,2,4.142857142857143,1.864454471471609
IQV,2021-02-12,item_7,11,2,8,3,5.5,3.5355339059327378
IQV,2024-02-15,item_1a,7,2,6,1,3.5,3.5355339059327378
IQV,2024-02-15,item_7,1,2,1,0,0.5,0.7071067811865476
IR,2021-02-26,item_1a,50,14,8,1,3.5714285714285716,2.027286390693261
IR,2021-02-26,item_7,13,3,8,0,4.333333333333333,4.041451884327381
IR,2022-02-25,item_1a,79,20,7,1,3.95,1.7312909694943341
IR,2022-02-25,item_7,4,1,4,4,4.0,
IR,2023-02-21,item_1a,80,15,8,4,5.333333333333333,1.3451854182690985
IR,2023-02-21,item_7,19,3,8,5,6.333333333333333,1.5275252316519465
IR,2024-02-23,item_1a,16,4,6,1,4.0,2.160246899469287
IRM,2021-02-24,item_1a,87,15,8,1,5.8,1.9712215212183244
IRM,2022-02-24,item_1a,23,6,7,0,3.8333333333333335,2.48327740429189
IRM,2022-02-24,item_7,3,1,3,3,3.0,
IRM,2023-02-23,item_1a,10,2,7,3,5.0,2.8284271247461903
IRM,2024-02-22,item_1a,4,1,4,4,4.0,
ISRG,2021-02-10,item_1a,41,8,6,4,5.125,0.8345229603962802
ISRG,2021-02-10,item_7,16,2,9,7,8.0,1.4142135623730951
IT,2021-02-24,item_1a,61,13,7,3,4.6923076923076925,1.4366984945013912
IT,2021-02-24,item_7,7,2,4,3,3.5,0.7071067811865476
IT,2022-02-23,item_1a,62,15,8,2,4.133333333333334,1.8847761013926698
IT,2022-02-23,item_7,13,4,5,2,3.25,1.5
IT,2023-02-16,item_1a,92,18,9,1,5.111111111111111,2.72005382491919
IT,2023-02-16,item_7,2,1,2,2,2.0,
IT,2024-02-15,item_1a,33,8,6,2,4.125,1.4577379737113252
ITW,2021-02-12,item_1a,62,10,10,1,6.2,2.6997942308422114
ITW,2021-02-12,item_7,20,4,8,1,5.0,2.943920288775949
ITW,2022-02-11,item_1a,55,10,8,3,5.5,1.58113883008419
ITW,2022-02-11,item_7,6,3,3,1,2.0,1.0
ITW,2023-02-10,item_1a,37,9,8,1,4.111111111111111,2.7131367660166177
ITW,2023-02-10,item_7,8,3,3,2,2.6666666666666665,0.5773502691896257
ITW,2024-02-09,item_1a,11,3,5,2,3.6666666666666665,1.5275252316519468
ITW,2024-02-09,item_7,15,3,8,3,5.0,2.6457513110645907
IVZ,2021-02-19,item_1a,80,16,8,1,5.0,2.0976176963403033
IVZ,2021-02-19,item_7,11,2,6,5,5.5,0.7071067811865476
IVZ,2022-02-18,item_1a,76,16,9,1,4.75,2.23606797749979
IVZ,2022-02-18,item_7,6,1,6,6,6.0,
IVZ,2023-02-23,item_1a,34,11,7,-2,3.090909090909091,2.3432688900143512
IVZ,2024-02-21,item_1a,11,4,4,1,2.75,1.2583057392117916
J,2021-11-23,item_1a,66,15,9,1,4.4,2.02837021134844
J,2022-11-21,item_1a,45,10,6,2,4.5,1.178511301977579
J,2023-11-21,item_1a,16,3,6,4,5.333333333333333,1.1547005383792517
J,2024-11-25,item_1a,23,5,5,4,4.6,0.5477225575051661
JBHT,2021-02-23,item_1a,27,7,7,1,3.857142857142857,2.544836041121407
JBHT,2021-02-23,item_7,16,7,7,0,2.2857142857142856,2.4299715851758235
JBHT,2022-02-25,item_1a,40,6,9,5,6.666666666666667,1.3662601021279464
JBHT,2022-02-25,item_7,20,5,6,2,4.0,1.4142135623730951
JBHT,2023-02-24,item_1a,35,7,8,2,5.0,2.160246899469287
JBHT,2023-02-24,item_7,5,1,5,5,5.0,
JBHT,2024-02-23,item_1a,22,6,5,3,3.6666666666666665,0.816496580927726
JBL,2021-10-22,item_1a,41,6,8,5,6.833333333333333,1.1690451944500122
JBL,2021-10-22,item_7,11,2,10,1,5.5,6.363961030678928
JBL,2022-10-25,item_1a,50,12,7,1,4.166666666666667,1.6422453217986943
JBL,2022-10-25,item_7,13,3,5,3,4.333333333333333,1.1547005383792517
JBL,2023-10-20,item_1a,43,9,9,1,4.777777777777778,2.4381231397212986
JBL,2024-10-28,item_1a,19,5,5,1,3.8,1.6431676725154984
JCI,2021-11-15,item_1a,38,8,7,3,4.75,1.2817398889233114
JCI,2021-11-15,item_7,12,3,5,3,4.0,1.0
JCI,2022-11-15,item_1a,21,6,6,0,3.5,2.073644135332772
JCI,2022-11-15,item_7,14,5,3,2,2.8,0.4472135954999579
JCI,2023-12-14,item_1a,13,3,5,4,4.333333333333333,0.5773502691896257
JCI,2024-11-19,item_1a,13,3,6,3,4.333333333333333,1.5275252316519465
JKHY,2021-08-25,item_1a,21,6,6,2,3.5,1.6431676725154982
JKHY,2021-08-25,item_7,6,2,5,1,3.0,2.8284271247461903
JKHY,2022-08-25,item_1a,27,6,6,2,4.5,1.6431676725154984
JKHY,2022-08-25,item_7,4,6,7,-4,0.6666666666666666,3.8815804341359033
JKHY,2023-08-24,item_1a,18,5,6,1,3.6,1.949358868961793
JKHY,2024-08-26,item_1a,15,5,4,1,3.0,1.224744871391589
JNJ,2021-02-22,item_1a,18,6,6,1,3.0,2.3664319132398464
JNJ,2021-02-22,item_7,10,3,5,1,3.3333333333333335,2.0816659994661326
JNJ,2022-02-17,item_1a,37,12,7,1,3.0833333333333335,2.02072594216369
JNJ,2022-02-17,item_7,2,1,2,2,2.0,
JNJ,2023-02-16,item_1a,38,10,8,1,3.8,1.9321835661585918
JNJ,2023-02-16,item_7,2,1,2,2,2.0,
JNJ,2024-02-16,item_1a,13,7,5,1,1.8571428571428572,1.4638501094227998
JNJ,2024-02-16,item_7,1,1,1,1,1.0,
JNPR,2022-02-11,item_1a,34,8,6,2,4.25,1.2817398889233114
JNPR,2022-02-11,item_7,8,4,6,-3,2.0,3.7416573867739413
JNPR,2023-02-10,item_1a,42,9,8,2,4.666666666666667,1.8708286933869707
JNPR,2023-02-10,item_7,12,2,7,5,6.0,1.4142135623730951
JNPR,2024-02-07,item_1a,22,6,6,2,3.6666666666666665,1.3662601021279464
JPM,2021-02-23,item_1a,44,9,8,2,4.888888888888889,2.4720661623652207
JPM,2022-02-22,item_1a,40,6,9,4,6.666666666666667,2.250925735484551
JPM,2023-02-21,item_1a,23,5,9,2,4.6,2.701851217221259
JPM,2024-02-16,item_1a,22,5,5,4,4.4,0.5477225575051661
K,2021-02-22,item_1a,77,14,8,2,5.5,1.786703022974913
K,2022-02-22,item_1a,71,14,8,1,5.071428571428571,1.9400351192017795
K,2022-02-22,item_7,6,1,6,6,6.0,
K,2023-02-21,item_1a,60,13,8,1,4.615384615384615,1.8946618668626836
K,2023-02-21,item_7,2,1,2,2,2.0,
K,2024-02-20,item_1a,31,7,5,4,4.428571428571429,0.5345224838248488
KDP,2021-02-25,item_1a,20,6,5,-1,3.3333333333333335,2.3380903889000244
KDP,2021-02-25,item_7,12,5,5,0,2.4,1.816590212458495
KDP,2022-02-24,item_1a,89,15,8,1,5.933333333333334,2.250925735484551
KDP,2022-02-24,item_7,12,2,7,5,6.0,1.4142135623730951
KDP,2023-02-23,item_1a,36,5,9,2,7.2,3.03315017762062
KDP,2024-02-22,item_1a,11,4,4,2,2.75,0.9574271077563381
KEY,2024-02-22,item_1a,3,2,2,1,1.5,0.7071067811865476
KEYS,2021-12-17,item_1a,54,18,7,1,3.0,1.5718104959867514
KEYS,2021-12-17,item_7,11,4,4,1,2.75,1.5
KEYS,2022-12-15,item_1a,24,6,7,2,4.0,2.0976176963403033
KEYS,2022-12-15,item_7,12,4,7,0,3.0,3.1622776601683795
KEYS,2023-12-15,item_1a,15,4,6,2,3.75,2.06155281280883
KHC,2021-02-17,item_1a,81,24,7,0,3.375,1.7646898976258152
KHC,2021-02-17,item_7,12,3,6,2,4.0,2.0
KHC,2022-02-17,item_1a,99,19,7,3,5.2105263157894735,1.5121341566151925
KHC,2022-02-17,item_7,26,5,7,3,5.2,1.7888543819998315
KHC,2023-02-16,item_1a,25,5,7,3,5.0,1.5811388300841898
KHC,2023-02-16,item_7,3,1,3,3,3.0,
KHC,2024-02-15,item_1a,10,4,4,0,2.5,1.9148542155126762
KHC,2024-02-15,item_7,0,1,0,0,0.0,
KIM,2021-02-23,item_1a,133,29,8,1,4.586206896551724,1.4272161058535886
KIM,2021-02-23,item_7,25,4,8,4,6.25,2.0615528128088303
KIM,2024-02-26,item_1a,19,6,4,2,3.1666666666666665,0.752772652709081
KKR,2021-02-19,item_1a,31,5,8,4,6.2,1.7888543819998317
KKR,2021-02-19,item_7,6,1,6,6,6.0,
KKR,2022-02-28,item_1a,34,7,9,0,4.857142857142857,3.2877840272018797
KKR,2022-02-28,item_7,9,1,9,9,9.0,
KKR,2023-02-27,item_1a,37,6,8,4,6.166666666666667,1.4719601443879746
KKR,2024-02-29,item_1a,15,4,6,2,3.75,1.707825127659933
KLAC,2021-08-06,item_1a,51,11,7,1,4.636363636363637,2.157439559882375
KLAC,2021-08-06,item_7,17,4,6,3,4.25,1.2583057392117916
KLAC,2022-08-05,item_1a,35,8,9,1,4.375,2.8753881725529062
KLAC,2022-08-05,item_7,4,2,3,1,2.0,1.4142135623730951
KLAC,2023-08-04,item_1a,21,4,6,5,5.25,0.5
KLAC,2024-08-05,item_1a,12,3,6,1,4.0,2.6457513110645907
KMB,2021-02-11,item_1a,23,5,7,2,4.6,1.9493588689617927
KMB,2021-02-11,item_7,74,14,9,1,5.285714285714286,2.4939487203589854
KMB,2022-02-10,item_1a,33,6,9,4,5.5,1.8708286933869707
KMB,2022-02-10,item_7,68,11,8,4,6.181818181818182,1.4012980994907414
KMB,2023-02-09,item_1a,15,4,8,1,3.75,2.9860788111948193
KMB,2023-02-09,item_7,28,6,6,3,4.666666666666667,1.0327955589886446
KMB,2024-02-08,item_1a,15,6,6,1,2.5,1.9748417658131499
KMB,2024-02-08,item_7,9,6,3,0,1.5,1.0488088481701516
KMI,2021-02-05,item_1a,62,10,9,3,6.2,2.14993539954628
KMI,2021-02-05,item_7,3,1,3,3,3.0,
KMI,2022-02-07,item_1a,43,10,6,1,4.3,1.8287822299126937
KMI,2024-02-20,item_1a,24,6,6,1,4.0,1.8973665961010275
KMX,2021-04-20,item_1a,39,9,6,1,4.333333333333333,1.5811388300841898
KMX,2021-04-20,item_7,34,8,6,-2,4.25,2.7124053637210745
KMX,2022-04-14,item_1a,52,9,9,4,5.777777777777778,1.8559214542766738
KMX,2022-04-14,item_7,18,3,8,3,6.0,2.6457513110645907
KMX,2023-04-13,item_1a,25,5,8,4,5.0,1.7320508075688772
KMX,2024-04-15,item_1a,4,1,4,4,4.0,
KO,2021-02-25,item_1a,50,10,8,1,5.0,1.9436506316151
KO,2021-02-25,item_7,15,2,8,7,7.5,0.7071067811865476
KO,2022-02-22,item_1a,80,15,8,2,5.333333333333333,2.0236694629405503
KO,2022-02-22,item_7,31,11,8,-2,2.8181818181818183,4.331701324380106
KO,2023-02-21,item_1a,55,11,7,3,5.0,1.3416407864998738
KO,2023-02-21,item_7,6,1,6,6,6.0,
KO,2024-02-20,item_1a,8,2,4,4,4.0,0.0
KR,2021-03-30,item_1a,35,9,6,2,3.888888888888889,1.69148192751537
KR,2021-03-30,item_7,19,4,7,3,4.75,1.7078251276599332
KR,2022-03-29,item_1a,47,9,8,1,5.222222222222222,2.6822461565718467
KR,2022-03-29,item_7,13,3,7,1,4.333333333333333,3.0550504633038935
KR,2023-03-28,item_1a,43,8,8,2,5.375,1.6850180160122068
KR,2024-04-02,item_1a,21,6,4,2,3.5,0.8366600265340756
KVUE,2024-03-01,item_1a,15,4,5,3,3.75,0.9574271077563382
L,2021-02-09,item_1a,94,20,8,1,4.7,2.0026298499197184
L,2021-02-09,item_7,19,4,7,3,4.75,2.0615528128088303
L,2022-02-08,item_1a,56,11,8,3,5.090909090909091,1.9725387425622571
L,2023-02-07,item_1a,73,16,7,3,4.5625,1.2632629707758134
L,2024-02-06,item_1a,55,11,6,3,5.0,0.9999999999999996
LDOS,2021-02-23,item_1a,48,11,7,3,4.363636363636363,1.12006493318265
LDOS,2022-02-15,item_1a,53,10,7,1,5.3,1.9465068427541912
LDOS,2022-02-15,item_7,13,3,5,4,4.333333333333333,0.5773502691896257
LDOS,2023-02-14,item_1a,36,6,7,4,6.0,1.264911064067352
LDOS,2023-02-14,item_7,11,3,6,1,3.6666666666666665,2.516611478423583
LDOS,2024-02-13,item_1a,20,5,5,3,4.0,0.7071067811865476
LDOS,2024-02-13,item_7,3,1,3,3,3.0,
LEN,2021-01-22,item_1a,43,12,6,1,3.5833333333333335,1.5642792899510296
LEN,2021-01-22,item_7,9,2,5,4,4.5,0.7071067811865476
LEN,2022-01-28,item_1a,41,11,7,1,3.727272727272727,1.6180796699117808
LEN,2023-01-26,item_1a,29,8,6,1,3.625,1.8468119248354136
LEN,2024-01-26,item_1a,15,4,6,0,3.75,2.629955639676583
LH,2021-02-25,item_1a,57,13,7,2,4.384615384615385,1.6602440351979149
LH,2022-02-25,item_1a,68,16,7,1,4.25,1.653279569018299
LH,2023-02-28,item_1a,83,15,8,3,5.533333333333333,1.4074631010979937
LH,2023-02-28,item_7,6,1,6,6,6.0,
LH,2024-02-26,item_1a,12,3,4,4,4.0,0.0
LHX,2023-02-24,item_1a,9,3,4,2,3.0,1.0
LHX,2023-02-24,item_7,14,2,9,5,7.0,2.8284271247461903
LHX,2024-02-20,item_1a,12,3,4,4,4.0,0.0
LII,2021-02-16,item_1a,59,12,7,2,4.916666666666667,1.6213537179739277
LII,2021-02-16,item_7,53,10,7,3,5.3,1.4181364924121764
LII,2022-02-15,item_1a,45,11,7,1,4.090909090909091,1.8140862964338522
LII,2022-02-15,item_7,17,5,5,1,3.4,1.816590212458495
LII,2023-02-21,item_1a,41,8,8,1,5.125,2.2320714274285347
LII,2023-02-21,item_7,17,6,6,1,2.8333333333333335,2.48327740429189
LII,2024-02-13,item_1a,18,4,8,2,4.5,2.9999999999999996
LII,2024-02-13,item_7,4,1,4,4,4.0,
LIN,2021-03-01,item_1a,35,6,7,3,5.833333333333333,1.602081978759722
LIN,2021-03-01,item_7,8,1,8,8,8.0,
LIN,2022-02-28,item_1a,44,8,9,2,5.5,2.070196678027062
LIN,2023-02-28,item_1a,12,3,6,3,4.0,1.7320508075688772
LIN,2024-02-28,item_1a,14,5,5,-4,2.8,3.8340579025361623
LKQ,2021-02-26,item_1a,44,10,8,1,4.4,2.0110804171997807
LKQ,2021-02-26,item_7,4,1,4,4,4.0,
LKQ,2022-02-25,item_1a,43,8,9,2,5.375,2.50356888118884
LKQ,2022-02-25,item_7,5,1,5,5,5.0,
LKQ,2023-02-23,item_1a,30,9,8,-2,3.3333333333333335,2.8722813232690143
LKQ,2024-02-22,item_1a,18,7,4,0,2.5714285714285716,1.618347187425374
LLY,2021-02-17,item_1a,37,10,5,1,3.7,1.159501808728406
LLY,2021-02-17,item_7,30,8,5,1,3.75,1.2817398889233114
LLY,2022-02-23,item_1a,43,11,6,1,3.909090909090909,1.5782614139961386
LLY,2022-02-23,item_7,44,9,8,2,4.888888888888889,1.6914819275153699
LLY,2023-02-22,item_1a,68,11,9,4,6.181818181818182,1.4709304414677
LLY,2023-02-22,item_7,33,5,8,5,6.6,1.3416407864998738
LLY,2024-02-21,item_1a,14,3,6,4,4.666666666666667,1.1547005383792517
LMT,2021-01-28,item_1a,97,20,9,2,4.85,2.254235779009911
LMT,2021-01-28,item_7,81,15,9,2,5.4,2.2928460168844436
LMT,2022-01-25,item_1a,40,7,8,4,5.714285714285714,1.2535663410560174
LMT,2022-01-25,item_7,16,4,6,0,4.0,2.8284271247461903
LMT,2023-01-26,item_1a,36,9,6,2,4.0,1.5811388300841898
LMT,2023-01-26,item_7,25,6,6,2,4.166666666666667,1.7224014243685084
LMT,2024-01-23,item_1a,10,5,4,0,2.0,1.5811388300841898
LMT,2024-01-23,item_7,0,1,0,0,0.0,
LNT,2021-02-19,item_1a,88,14,9,4,6.285714285714286,1.2666473875533018
LNT,2021-02-19,item_7,52,9,8,4,5.777777777777778,1.3944333775567925
LNT,2022-02-18,item_1a,51,10,7,1,5.1,1.728840330651992
LNT,2022-02-18,item_7,4,1,4,4,4.0,
LNT,2023-02-24,item_1a,14,4,7,1,3.5,2.516611478423583
LNT,2024-02-16,item_1a,13,3,6,3,4.333333333333333,1.5275252316519465
LOW,2021-03-22,item_1a,46,11,6,2,4.181818181818182,1.1677484162422842
LOW,2021-03-22,item_7,6,2,3,3,3.0,0.0
LOW,2022-03-21,item_1a,64,14,8,-3,4.571428571428571,2.793241450751761
LOW,2022-03-21,item_7,3,2,5,-2,1.5,4.949747468305833
LOW,2023-03-27,item_1a,61,12,8,2,5.083333333333333,2.3532698077098573
LOW,2024-03-25,item_1a,21,5,6,3,4.2,1.3038404810405297
LRCX,2021-08-17,item_1a,30,7,6,2,4.285714285714286,1.7994708216848745
LRCX,2022-08-24,item_1a,53,8,9,4,6.625,1.5979898086569353
LRCX,2022-08-24,item_7,5,1,5,5,5.0,
LRCX,2023-08-15,item_1a,34,5,8,4,6.8,1.7888543819998317
LRCX,2024-08-29,item_1a,24,6,5,2,4.0,1.0954451150103324
LULU,2021-03-30,item_1a,63,11,9,2,5.7272727272727275,1.8488325554743508
LULU,2021-03-30,item_7,17,4,7,-3,4.25,4.856267428111155
LULU,2022-03-29,item_1a,57,13,7,1,4.384615384615385,1.7577666482623877
LULU,2022-03-29,item_7,5,1,5,5,5.0,
LULU,2023-03-28,item_1a,16,7,7,1,2.2857142857142856,2.2146697055682827
LULU,2023-03-28,item_7,1,1,1,1,1.0,
LULU,2024-03-21,item_1a,59,13,6,4,4.538461538461538,0.6602252917735247
LULU,2024-03-21,item_7,12,3,5,3,4.0,1.0
LUV,2021-02-08,item_1a,73,15,8,2,4.866666666666666,1.8464895909600494
LUV,2021-02-08,item_7,12,2,7,5,6.0,1.4142135623730951
LUV,2022-02-07,item_1a,74,14,9,1,5.285714285714286,2.2336094083368714
LUV,2023-02-07,item_1a,74,10,9,6,7.4,0.8432740427115677
LUV,2024-02-06,item_1a,41,10,6,2,4.1,1.2866839377079187
LUV,2024-02-06,item_7,4,1,4,4,4.0,
LVS,2021-02-05,item_1a,42,7,9,3,6.0,2.5819888974716108
LVS,2021-02-05,item_7,14,4,6,-3,3.5,4.358898943540674
LVS,2022-02-04,item_1a,67,13,8,2,5.153846153846154,1.908147174886057
LVS,2022-02-04,item_7,10,2,8,2,5.0,4.242640687119285
LVS,2023-02-03,item_1a,27,6,7,2,4.5,1.760681686165901
LVS,2023-02-03,item_7,23,6,5,3,3.8333333333333335,0.9831920802501751
LVS,2024-02-07,item_1a,6,2,5,1,3.0,2.8284271247461903
LVS,2024-02-07,item_7,8,2,4,4,4.0,0.0
LW,2021-07-27,item_1a,51,9,8,4,5.666666666666667,1.224744871391589
LW,2021-07-27,item_7,20,3,7,6,6.666666666666667,0.5773502691896258
LW,2022-07-27,item_1a,63,15,8,1,4.2,2.274077520980446
LW,2023-07-25,item_1a,30,7,7,0,4.285714285714286,2.2886885410853175
LW,2024-07-24,item_1a,30,6,6,4,5.0,0.894427190999916
LYB,2021-02-25,item_1a,49,11,9,2,4.454545454545454,2.6967994498529686
LYB,2022-02-24,item_1a,39,7,8,2,5.571428571428571,1.9023794624226837
LYB,2023-02-23,item_1a,20,5,6,2,4.0,1.5811388300841895
LYB,2023-02-23,item_7,0,1,0,0,0.0,
LYB,2024-02-22,item_1a,4,1,4,4,4.0,
LYV,2021-03-01,item_1a,64,14,8,1,4.571428571428571,2.0648816585306444
LYV,2021-03-01,item_7,37,7,8,0,5.285714285714286,2.690370836538197
LYV,2022-02-23,item_1a,59,12,9,1,4.916666666666667,2.3532698077098573
LYV,2022-02-23,item_7,9,1,9,9,9.0,
LYV,2023-02-23,item_1a,53,17,8,1,3.1176470588235294,1.9000773978043783
LYV,2023-02-23,item_7,2,1,2,2,2.0,
LYV,2024-02-22,item_1a,24,5,6,4,4.8,0.8366600265340756
MA,2021-02-12,item_1a,85,13,9,3,6.538461538461538,1.8081014266989472
MA,2021-02-12,item_7,53,9,8,3,5.888888888888889,1.6914819275153699
MA,2022-02-11,item_1a,25,8,7,1,3.125,2.2951812875799473
MA,2022-02-11,item_7,7,2,5,2,3.5,2.1213203435596424
MA,2023-02-14,item_1a,41,10,7,2,4.1,1.523883926754995
MA,2024-02-13,item_1a,8,3,4,2,2.6666666666666665,1.1547005383792515
MAA,2021-02-18,item_1a,37,9,8,2,4.111111111111111,1.763834207376394
MAA,2021-02-18,item_7,17,6,5,1,2.8333333333333335,1.6020819787597222
MAA,2022-02-17,item_1a,47,9,8,2,5.222222222222222,2.1666666666666665
MAA,2023-02-14,item_1a,50,19,7,1,2.6315789473684212,1.42245977548242
MAA,2024-02-09,item_1a,30,10,5,1,3.0,1.1547005383792515
MAS,2021-02-09,item_1a,32,7,8,1,4.571428571428571,2.370453040886408
MAS,2021-02-09,item_7,27,7,7,0,3.857142857142857,2.2677868380553634
MAS,2022-02-08,item_1a,38,7,8,3,5.428571428571429,1.9023794624226835
MAS,2022-02-08,item_7,28,7,7,-2,4.0,2.943920288775949
MAS,2023-02-09,item_1a,24,7,9,1,3.4285714285714284,3.101458950082625
MAS,2024-02-08,item_1a,7,3,3,2,2.3333333333333335,0.5773502691896258
MCHP,2021-05-18,item_1a,32,8,7,2,4.0,2.2038926600773587
MCHP,2021-05-18,item_7,13,4,5,2,3.25,1.5
MCHP,2022-05-20,item_1a,46,15,9,1,3.066666666666667,2.1201976547572388
MCHP,2022-05-20,item_7,5,2,3,2,2.5,0.7071067811865476
MCHP,2023-05-25,item_1a,73,14,9,2,5.214285714285714,1.8050600428356278
MCHP,2024-05-23,item_1a,33,7,7,2,4.714285714285714,1.799470821684875
MCK,2021-05-12,item_1a,55,15,6,1,3.6666666666666665,1.5430334996209187
MCK,2021-05-12,item_7,4,2,2,2,2.0,0.0
MCK,2022-05-09,item_1a,22,4,7,3,5.5,1.7320508075688774
MCK,2022-05-09,item_7,16,3,7,4,5.333333333333333,1.5275252316519465
MCK,2023-05-09,item_1a,48,12,7,1,4.0,1.8586407545691703
MCK,2023-05-09,item_7,8,2,4,4,4.0,0.0
MCK,2024-05-08,item_1a,9,2,5,4,4.5,0.7071067811865476
MCK,2024-05-08,item_7,2,2,1,1,1.0,0.0
MCO,2021-02-22,item_1a,42,10,6,2,4.2,1.0327955589886444
MCO,2021-02-22,item_7,2,2,4,-2,1.0,4.242640687119285
MCO,2022-02-22,item_1a,63,14,8,2,4.5,1.652503927610833
MCO,2022-02-22,item_7,2,2,2,0,1.0,1.4142135623730951
MCO,2023-02-15,item_1a,26,7,7,2,3.7142857142857144,2.0586634591635513
MCO,2023-02-15,item_7,2,2,7,-5,1.0,8.48528137423857
MCO,2024-02-14,item_1a,11,2,6,5,5.5,0.7071067811865476
MDLZ,2021-02-05,item_1a,39,8,7,-1,4.875,2.5319388392523003
MDLZ,2021-02-05,item_7,23,5,6,-1,4.6,3.1304951684997055
MDLZ,2022-02-04,item_1a,42,12,6,0,3.5,1.8829377433825436
MDLZ,2022-02-04,item_7,17,4,6,3,4.25,1.5
MDLZ,2023-02-03,item_1a,50,9,8,3,5.555555555555555,1.740051084818425
MDLZ,2023-02-03,item_7,8,3,5,1,2.6666666666666665,2.0816659994661326
MDLZ,2024-02-02,item_1a,38,8,6,4,4.75,0.7071067811865475
MDT,2021-06-25,item_1a,62,14,8,-1,4.428571428571429,2.138089935299395
MDT,2021-06-25,item_7,13,4,7,1,3.25,2.6299556396765835
MDT,2022-06-23,item_1a,62,12,8,3,5.166666666666667,1.7494587907710373
MDT,2023-06-22,item_1a,46,10,6,4,4.6,0.6992058987801011
MDT,2024-06-20,item_1a,23,5,6,4,4.6,0.8944271909999159
MET,2021-02-19,item_1a,46,6,9,6,7.666666666666667,1.0327955589886446
MET,2021-02-19,item_7,8,1,8,8,8.0,
MET,2024-02-16,item_1a,16,5,5,2,3.2,1.3038404810405297
MET,2024-02-16,item_7,3,1,3,3,3.0,
META,2021-01-28,item_1a,45,7,8,4,6.428571428571429,1.511857892036909
META,2021-01-28,item_7,7,1,7,7,7.0,
META,2022-02-03,item_1a,42,8,8,1,5.25,2.251983252919207
META,2022-02-03,item_7,11,3,6,1,3.6666666666666665,2.5166114784235836
META,2023-02-02,item_1a,28,5,9,4,5.6,2.073644135332772
META,2023-02-02,item_7,4,1,4,4,4.0,
META,2024-02-02,item_1a,21,5,6,1,4.2,1.9235384061671346
MGM,2021-02-26,item_1a,50,9,9,3,5.555555555555555,1.8782379449307742
MGM,2021-02-26,item_7,8,2,4,4,4.0,0.0
MGM,2022-02-25,item_1a,47,9,8,3,5.222222222222222,1.6414763002993507
MGM,2022-02-25,item_7,9,2,5,4,4.5,0.7071067811865476
MGM,2023-02-24,item_1a,29,6,8,3,4.833333333333333,1.9407902170679516
MGM,2023-02-24,item_7,11,2,7,4,5.5,2.1213203435596424
MGM,2024-02-23,item_1a,8,4,3,1,2.0,1.1547005383792515
MGM,2024-02-23,item_7,10,6,5,-2,1.6666666666666667,2.6583202716502514
MHK,2021-02-24,item_1a,34,10,7,0,3.4,2.3190036174568114
MHK,2021-02-24,item_7,33,8,7,-2,4.125,3.226563851175781
MHK,2022-02-23,item_1a,32,6,7,2,5.333333333333333,2.065591117977289
MHK,2022-02-23,item_7,19,5,7,1,3.8,2.3874672772626644
MHK,2023-02-22,item_1a,43,15,8,0,2.8666666666666667,2.099886618254378
MHK,2023-02-22,item_7,19,5,8,1,3.8,2.588435821108957
MHK,2024-02-23,item_1a,10,3,4,3,3.3333333333333335,0.5773502691896258
MKC,2021-01-28,item_1a,36,7,7,3,5.142857142857143,1.6761634196950517
MKC,2021-01-28,item_7,31,6,7,3,5.166666666666667,1.3291601358251257
MKC,2022-01-27,item_1a,64,13,6,1,4.923076923076923,1.7541160386140582
MKC,2022-01-27,item_7,19,4,6,2,4.75,1.8929694486000914
MKC,2023-01-26,item_1a,41,8,8,4,5.125,1.6420805617960927
MKC,2023-01-26,item_7,10,2,6,4,5.0,1.4142135623730951
MKC,2024-01-25,item_1a,27,6,6,3,4.5,1.0488088481701516
MKTX,2021-02-19,item_1a,31,7,7,1,4.428571428571429,2.29906813420444
MKTX,2021-02-19,item_7,4,2,7,-3,2.0,7.0710678118654755
MKTX,2022-02-23,item_1a,38,12,8,1,3.1666666666666665,1.992409839791244
MKTX,2022-02-23,item_7,8,2,5,3,4.0,1.4142135623730951
MKTX,2023-02-22,item_1a,24,6,7,0,4.0,3.0983866769659336
MKTX,2023-02-22,item_7,0,1,0,0,0.0,
MKTX,2024-02-22,item_1a,14,4,6,1,3.5,2.3804761428476167
MLM,2021-02-19,item_1a,34,10,7,0,3.4,2.0110804171997807
MLM,2021-02-19,item_7,3,1,3,3,3.0,
MLM,2022-02-22,item_1a,29,6,8,0,4.833333333333333,2.714160398109638
MLM,2023-02-24,item_1a,24,7,7,0,3.4285714285714284,2.5727509827124
MLM,2024-02-23,item_1a,19,7,6,0,2.7142857142857144,1.9760470401187076
MMC,2021-02-17,item_1a,68,11,8,4,6.181818181818182,1.2504544628399563
MMC,2021-02-17,item_7,15,2,8,7,7.5,0.7071067811865476
MMC,2022-02-16,item_1a,61,15,8,0,4.066666666666666,2.1536237457121516
MMC,2023-02-13,item_1a,46,8,8,3,5.75,1.8322507626258087
MMC,2024-02-12,item_1a,11,6,4,0,1.8333333333333333,1.6020819787597222
MMM,2021-02-04,item_1a,85,16,8,3,5.3125,1.5370426148939398
MMM,2021-02-04,item_7,41,8,7,1,5.125,2.356601669474803
MMM,2022-02-09,item_1a,56,14,7,2,4.0,1.2403473458920844
MMM,2022-02-09,item_7,9,3,4,2,3.0,1.0
MMM,2023-02-08,item_1a,66,11,9,4,6.0,1.61245154965971
MMM,2023-02-08,item_7,21,4,7,4,5.25,1.2583057392117916
MMM,2024-02-07,item_1a,6,1,6,6,6.0,
MMM,2024-02-07,item_7,9,2,5,4,4.5,0.7071067811865476
MNST,2021-03-01,item_1a,31,6,8,2,5.166666666666667,2.0412414523193148
MNST,2021-03-01,item_7,33,8,8,-1,4.125,2.948970764763288
MNST,2022-02-28,item_1a,30,5,8,4,6.0,1.5811388300841898
MNST,2022-02-28,item_7,22,5,8,-3,4.4,4.33589667773576
MNST,2023-03-01,item_1a,38,6,8,4,6.333333333333333,1.632993161855452
MNST,2023-03-01,item_7,11,2,6,5,5.5,0.7071067811865476
MNST,2024-02-29,item_1a,31,6,6,4,5.166666666666667,0.9831920802501751
MNST,2024-02-29,item_7,7,2,5,2,3.5,2.1213203435596424
MO,2021-02-26,item_1a,38,6,8,5,6.333333333333333,1.0327955589886444
MO,2021-02-26,item_7,27,5,10,-2,5.4,4.560701700396552
MO,2022-02-25,item_1a,31,8,7,-3,3.875,2.9970223317724636
MO,2022-02-25,item_7,-1,8,4,-3,-0.125,2.100170061141308
MO,2023-02-27,item_1a,32,7,9,2,4.571428571428571,2.5727509827124
MO,2023-02-27,item_7,27,4,10,3,6.75,3.304037933599835
MO,2024-02-27,item_1a,17,6,6,2,2.8333333333333335,1.6020819787597222
MO,2024-02-27,item_7,2,1,2,2,2.0,
MOS,2021-02-22,item_1a,28,10,6,-4,2.8,3.2930904093942583
MOS,2022-02-23,item_1a,38,11,7,0,3.4545454545454546,2.2522715805886446
MOS,2023-02-23,item_1a,39,8,9,-2,4.875,3.9798600118956085
MOS,2024-02-22,item_1a,17,6,6,1,2.8333333333333335,1.8348478592697182
MPC,2021-02-26,item_1a,27,6,8,1,4.5,2.8809720581775866
MPC,2021-02-26,item_7,8,1,8,8,8.0,
MPC,2022-02-24,item_1a,36,6,9,2,6.0,2.6076809620810595
MPC,2022-02-24,item_7,18,5,9,-1,3.6,3.714835124201342
MPC,2023-02-23,item_1a,33,6,8,4,5.5,1.6431676725154984
MPC,2023-02-23,item_7,11,2,8,3,5.5,3.5355339059327378
MPC,2024-02-28,item_1a,4,1,4,4,4.0,
MPWR,2021-03-01,item_1a,65,14,8,3,4.642857142857143,1.5495479666983212
MPWR,2021-03-01,item_7,8,3,5,0,2.6666666666666665,2.516611478423583
MPWR,2022-02-25,item_1a,31,10,7,-2,3.1,2.514402955419481
MPWR,2022-02-25,item_7,-2,1,-2,-2,-2.0,
MPWR,2023-02-24,item_1a,37,9,7,1,4.111111111111111,2.0275875100994067
MPWR,2023-02-24,item_7,9,2,5,4,4.5,0.7071067811865476
MPWR,2024-02-29,item_1a,6,2,4,2,3.0,1.4142135623730951
MRK,2021-02-25,item_1a,51,7,10,4,7.285714285714286,1.7994708216848745
MRK,2021-02-25,item_7,37,5,10,4,7.4,2.1908902300206647
MRK,2022-02-25,item_1a,54,10,10,2,5.4,2.590581230363393
MRK,2022-02-25,item_7,24,3,10,6,8.0,2.0
MRK,2023-02-24,item_1a,30,5,8,4,6.0,1.5811388300841898
MRK,2023-02-24,item_7,12,2,8,4,6.0,2.8284271247461903
MRK,2024-02-26,item_1a,4,2,3,1,2.0,1.4142135623730951
MRK,2024-02-26,item_7,7,2,4,3,3.5,0.7071067811865476
MRNA,2021-02-26,item_1a,64,11,8,1,5.818181818181818,1.8877596148970779
MRNA,2021-02-26,item_7,1,1,1,1,1.0,
MRNA,2022-02-25,item_1a,63,9,8,5,7.0,0.9999999999999999
MRNA,2023-02-24,item_1a,30,5,8,5,6.0,1.2247448713915892
MRNA,2024-02-23,item_1a,19,5,5,1,3.8,1.7888543819998317
MSCI,2021-02-12,item_1a,30,15,7,0,2.0,1.6903085094570334
MSCI,2022-02-11,item_1a,30,11,6,1,2.727272727272727,1.618079669911781
MSCI,2023-02-10,item_1a,36,11,6,0,3.272727272727273,2.053821272209882
MSCI,2024-02-09,item_1a,16,4,5,2,4.0,1.4142135623730951
MSFT,2021-07-29,item_1a,46,11,7,2,4.181818181818182,1.6011359603844901
MSFT,2021-07-29,item_7,12,5,6,0,2.4,2.8809720581775866
MSFT,2022-07-28,item_1a,20,7,5,1,2.857142857142857,1.5735915849388862
MSFT,2023-07-27,item_1a,17,5,5,2,3.4,1.140175425099138
MSFT,2024-07-30,item_1a,10,4,5,1,2.5,1.9148542155126762
MSI,2021-02-12,item_7,38,16,6,0,2.375,2.247220505424423
MSI,2022-02-16,item_7,30,11,8,-2,2.727272727272727,3.8233730942953783
MSI,2023-02-16,item_1a,8,2,5,3,4.0,1.4142135623730951
MSI,2023-02-16,item_7,5,1,5,5,5.0,
MSI,2024-02-15,item_1a,23,5,7,3,4.6,1.816590212458495
MTB,2021-02-22,item_1a,50,10,7,3,5.0,1.4907119849998598
MTB,2021-02-22,item_7,7,1,7,7,7.0,
MTB,2022-02-16,item_1a,55,12,8,0,4.583333333333333,2.3532698077098573
MTB,2022-02-16,item_7,20,3,8,5,6.666666666666667,1.5275252316519468
MTB,2023-02-22,item_1a,41,6,8,6,6.833333333333333,0.752772652709081
MTB,2024-02-21,item_1a,22,5,5,4,4.4,0.5477225575051661
MTCH,2021-02-25,item_1a,54,10,8,2,5.4,1.8973665961010275
MTCH,2021-02-25,item_7,13,3,8,1,4.333333333333333,3.5118845842842465
MTCH,2022-02-24,item_1a,38,10,6,0,3.8,2.0976176963403033
MTCH,2022-02-24,item_7,10,6,7,0,1.6666666666666667,2.7325202042558927
MTCH,2023-02-24,item_1a,30,7,6,2,4.285714285714286,1.3801311186847085
MTCH,2023-02-24,item_7,5,2,4,1,2.5,2.1213203435596424
MTCH,2024-02-23,item_1a,21,7,5,0,3.0,1.9148542155126762
MTD,2021-02-08,item_1a,47,7,9,4,6.714285714285714,1.9760470401187076
MTD,2021-02-08,item_7,30,6,8,0,5.0,2.9664793948382653
MTD,2022-02-11,item_1a,41,8,8,3,5.125,1.7268882005337975
MTD,2022-02-11,item_7,25,5,7,3,5.0,1.4142135623730951
MTD,2023-02-10,item_1a,97,21,8,1,4.619047619047619,1.7168631417847628
MTD,2023-02-10,item_7,37,11,6,1,3.3636363636363638,2.1574395598823743
MTD,2024-02-09,item_1a,28,10,6,1,2.8,1.5491933384829668
MTD,2024-02-09,item_7,2,1,2,2,2.0,
MU,2021-10-08,item_1a,95,18,8,2,5.277777777777778,1.7423971167384031
MU,2021-10-08,item_7,3,1,3,3,3.0,
MU,2022-10-07,item_1a,42,10,6,3,4.2,0.9189365834726814
MU,2023-10-06,item_1a,14,4,5,2,3.5,1.2909944487358054
MU,2024-10-04,item_1a,13,4,6,1,3.25,2.0615528128088303
NCLH,2021-02-26,item_1a,103,13,10,6,7.923076923076923,1.3204505835470495
NCLH,2021-02-26,item_7,25,3,10,6,8.333333333333334,2.081665999466133
NCLH,2022-03-01,item_1a,71,12,8,4,5.916666666666667,1.2401124093721458
NCLH,2022-03-01,item_7,14,2,7,7,7.0,0.0
NCLH,2023-02-28,item_1a,50,10,8,4,5.0,1.4907119849998598
NCLH,2023-02-28,item_7,14,4,8,-2,3.5,4.123105625617661
NCLH,2024-02-28,item_1a,35,12,5,1,2.9166666666666665,1.0836246694508316
NCLH,2024-02-28,item_7,5,2,3,2,2.5,0.7071067811865476
NDAQ,2021-02-23,item_1a,51,13,6,1,3.923076923076923,1.4978617237881953
NDAQ,2021-02-23,item_7,9,2,5,4,4.5,0.7071067811865476
NDAQ,2022-02-23,item_1a,33,12,5,1,2.75,1.0552897060221726
NDAQ,2022-02-23,item_7,5,2,3,2,2.5,0.7071067811865476
NDAQ,2023-02-23,item_1a,15,4,5,3,3.75,0.9574271077563381
NDAQ,2024-02-21,item_1a,15,4,4,3,3.75,0.5
NDSN,2021-12-17,item_1a,50,11,9,1,4.545454545454546,2.3393860888547815
NDSN,2022-12-19,item_1a,50,10,7,1,5.0,2.1081851067789197
NDSN,2023-12-20,item_1a,10,3,6,1,3.3333333333333335,2.516611478423583
NDSN,2023-12-20,item_7,1,1,1,1,1.0,
NDSN,2024-12-18,item_1a,9,2,6,3,4.5,2.1213203435596424
NEE,2021-02-12,item_1a,25,9,6,0,2.7777777777777777,2.223610677354389
NEE,2021-02-12,item_7,0,2,0,0,0.0,0.0
NEE,2022-02-18,item_1a,28,6,7,2,4.666666666666667,2.250925735484551
NEE,2023-02-17,item_1a,17,6,4,1,2.8333333333333335,1.3291601358251257
NEE,2024-02-16,item_1a,17,6,5,1,2.8333333333333335,1.602081978759722
NFLX,2021-01-28,item_1a,81,19,7,1,4.2631578947368425,2.0505312391117334
NFLX,2021-01-28,item_7,23,6,6,2,3.8333333333333335,1.7224014243685086
NFLX,2022-01-27,item_1a,48,13,9,1,3.6923076923076925,2.015961945102775
NFLX,2022-01-27,item_7,19,8,3,1,2.375,0.7440238091428448
NFLX,2023-01-26,item_1a,20,6,7,-1,3.3333333333333335,2.7325202042558927
NFLX,2023-01-26,item_7,6,2,4,2,3.0,1.4142135623730951
NFLX,2024-01-26,item_1a,5,1,5,5,5.0,
NI,2021-02-17,item_1a,61,17,7,2,3.588235294117647,1.6224527546823888
NI,2021-02-17,item_7,10,2,7,3,5.0,2.8284271247461903
NI,2022-02-23,item_1a,27,6,8,1,4.5,2.7386127875258306
NI,2023-02-22,item_1a,16,7,7,0,2.2857142857142856,2.2886885410853175
NI,2024-02-21,item_1a,8,2,6,2,4.0,2.8284271247461903
NKE,2021-07-20,item_1a,52,11,7,0,4.7272727272727275,1.793929156399945
NKE,2021-07-20,item_7,19,3,7,6,6.333333333333333,0.5773502691896257
NKE,2022-07-21,item_1a,42,6,9,4,7.0,1.7888543819998317
NKE,2022-07-21,item_7,51,8,8,5,6.375,1.1877349391654208
NKE,2023-07-20,item_1a,30,5,8,4,6.0,1.8708286933869707
NKE,2024-07-25,item_1a,51,13,6,2,3.923076923076923,1.0377490433255416
NOC,2021-01-28,item_1a,67,15,7,-4,4.466666666666667,2.6149751888106385
NOC,2021-01-28,item_7,7,7,4,-4,1.0,3.5118845842842465
NOC,2022-01-27,item_1a,47,13,7,2,3.6153846153846154,1.445594545418455
NOC,2022-01-27,item_7,5,1,5,5,5.0,
NOC,2023-01-26,item_1a,32,9,8,-1,3.5555555555555554,2.455153310442706
NOC,2024-01-25,item_1a,15,3,6,4,5.0,1.0
NOC,2024-01-25,item_7,1,2,1,0,0.5,0.7071067811865476
NOW,2021-02-12,item_1a,57,11,8,2,5.181818181818182,2.1362669223756576
NOW,2021-02-12,item_7,21,6,7,-3,3.5,3.8340579025361627
NOW,2022-02-03,item_1a,42,10,8,1,4.2,2.250925735484551
NOW,2022-02-03,item_7,1,1,1,1,1.0,
NOW,2023-01-31,item_1a,13,3,5,4,4.333333333333333,0.5773502691896257
NOW,2024-01-25,item_1a,6,2,4,2,3.0,1.4142135623730951
NRG,2021-03-01,item_1a,24,8,8,1,3.0,2.5634797778466227
NRG,2021-03-01,item_7,6,2,4,2,3.0,1.4142135623730951
NRG,2022-02-24,item_1a,29,10,7,1,2.9,1.728840330651992
NRG,2022-02-24,item_7,5,4,3,-3,1.25,2.872281323269014
NRG,2023-02-23,item_1a,33,7,8,3,4.714285714285714,1.6035674514745464
NRG,2023-02-23,item_7,7,3,5,-2,2.3333333333333335,3.785938897200183
NTAP,2021-06-21,item_1a,67,18,7,1,3.7222222222222223,1.8408935028645435
NTAP,2021-06-21,item_7,17,5,6,2,3.4,1.51657508881031
NTAP,2022-06-16,item_1a,40,6,10,2,6.666666666666667,3.07679486912382
NTAP,2022-06-16,item_7,12,2,8,4,6.0,2.8284271247461903
NTAP,2023-06-14,item_1a,14,3,5,4,4.666666666666667,0.5773502691896257
NTAP,2024-06-10,item_1a,9,3,4,2,3.0,1.0
NTRS,2021-02-23,item_1a,48,10,8,2,4.8,1.9888578520235065
NTRS,2021-02-23,item_7,14,3,8,2,4.666666666666667,3.0550504633038935
NTRS,2022-02-28,item_1a,37,8,7,1,4.625,1.9955307206712847
NTRS,2022-02-28,item_7,11,2,7,4,5.5,2.1213203435596424
NTRS,2023-02-28,item_1a,16,4,6,1,4.0,2.160246899469287
NTRS,2024-02-27,item_1a,16,4,5,3,4.0,0.816496580927726
NUE,2021-02-26,item_1a,35,5,9,5,7.0,1.5811388300841895
NUE,2021-02-26,item_7,23,3,9,6,7.666666666666667,1.5275252316519465
NUE,2022-02-28,item_1a,55,12,8,2,4.583333333333333,1.6213537179739277
NUE,2022-02-28,item_7,1,1,1,1,1.0,
NUE,2023-03-01,item_1a,45,12,7,1,3.75,1.9598237397554634
NUE,2024-02-27,item_1a,24,7,6,1,3.4285714285714284,1.9880595947760098
NVDA,2021-02-26,item_1a,85,16,8,2,5.3125,2.056493779875511
NVDA,2021-02-26,item_7,12,2,7,5,6.0,1.4142135623730951
NVDA,2022-03-18,item_1a,55,13,8,0,4.230769230769231,2.6189643676412167
NVDA,2022-03-18,item_7,13,5,6,0,2.6,2.4083189157584592
NVDA,2023-02-24,item_1a,74,13,8,1,5.6923076923076925,2.015961945102775
NVDA,2023-02-24,item_7,13,2,8,5,6.5,2.1213203435596424
NVDA,2024-02-21,item_1a,15,4,4,3,3.75,0.49999999999999994
NVR,2021-02-12,item_1a,27,6,6,3,4.5,1.0488088481701516
NVR,2021-02-12,item_7,15,4,5,3,3.75,0.9574271077563381
NVR,2022-02-16,item_1a,41,10,7,1,4.1,1.8529256146249726
NVR,2022-02-16,item_7,13,4,6,1,3.25,2.217355782608345
NVR,2023-02-15,item_1a,43,9,9,1,4.777777777777778,2.7284509239574835
NVR,2024-02-14,item_1a,17,6,5,1,2.8333333333333335,1.834847859269718
NVR,2024-02-14,item_7,3,1,3,3,3.0,
NWS,2021-08-10,item_1a,51,14,9,0,3.642857142857143,2.530039308212207
NWS,2022-08-12,item_1a,33,6,8,3,5.5,2.258317958127243
NWS,2023-08-15,item_1a,12,5,6,0,2.4,2.3021728866442674
NWS,2024-08-13,item_1a,19,4,6,4,4.75,0.9574271077563381
NXPI,2021-02-25,item_1a,47,12,7,2,3.9166666666666665,1.4433756729740645
NXPI,2021-02-25,item_7,13,3,7,1,4.333333333333333,3.055050463303893
NXPI,2022-02-24,item_1a,39,9,7,2,4.333333333333333,1.7320508075688772
NXPI,2022-02-24,item_7,3,1,3,3,3.0,
NXPI,2023-03-01,item_1a,30,6,8,1,5.0,3.03315017762062
NXPI,2024-02-22,item_1a,12,3,7,2,4.0,2.6457513110645907
O,2021-02-23,item_1a,71,17,6,1,4.176470588235294,1.5506165756581742
O,2021-02-23,item_7,3,1,3,3,3.0,
O,2022-02-23,item_1a,77,13,7,4,5.923076923076923,1.0377490433255416
O,2023-02-22,item_1a,39,6,9,4,6.5,1.8708286933869707
O,2024-02-21,item_1a,14,3,6,4,4.666666666666667,1.1547005383792517
ODFL,2021-02-24,item_1a,55,11,7,3,5.0,1.788854381999832
ODFL,2021-02-24,item_7,5,2,5,0,2.5,3.5355339059327378
ODFL,2022-02-23,item_1a,37,12,7,1,3.0833333333333335,1.928651593652148
ODFL,2023-02-22,item_1a,20,6,8,1,3.3333333333333335,2.7325202042558927
ODFL,2024-02-26,item_1a,5,1,5,5,5.0,
OKE,2021-02-23,item_1a,62,11,8,2,5.636363636363637,2.013590190318143
OKE,2021-02-23,item_7,14,3,8,2,4.666666666666667,3.0550504633038935
OKE,2022-03-01,item_1a,32,9,7,1,3.5555555555555554,2.6034165586355513
OKE,2022-03-01,item_7,5,1,5,5,5.0,
OKE,2023-02-28,item_1a,36,9,6,2,4.0,2.0
OKE,2023-02-28,item_7,6,2,4,2,3.0,1.4142135623730951
OKE,2024-02-27,item_1a,6,3,3,1,2.0,1.0
ON,2021-02-16,item_1a,22,5,7,2,4.4,1.8165902124584952
ON,2021-02-16,item_7,21,5,9,-2,4.2,4.266145801540309
ON,2022-02-14,item_1a,66,9,10,5,7.333333333333333,1.4999999999999998
ON,2022-02-14,item_7,30,6,8,1,5.0,3.1622776601683795
ON,2023-02-06,item_1a,32,9,8,0,3.5555555555555554,2.9627314724385294
ON,2023-02-06,item_7,5,1,5,5,5.0,
ON,2024-02-05,item_1a,15,5,5,1,3.0,1.5811388300841898
ORCL,2021-06-21,item_1a,47,11,8,1,4.2727272727272725,2.3276988246295565
ORCL,2022-06-21,item_1a,68,14,8,2,4.857142857142857,1.875228923753982
ORCL,2023-06-20,item_1a,22,6,7,1,3.6666666666666665,2.6583202716502514
ORCL,2024-06-20,item_1a,11,4,4,1,2.75,1.5
ORLY,2021-02-26,item_1a,38,8,6,4,4.75,0.7071067811865476
ORLY,2021-02-26,item_7,19,6,6,0,3.1666666666666665,2.48327740429189
ORLY,2022-02-28,item_1a,32,8,6,2,4.0,1.4142135623730951
ORLY,2022-02-28,item_7,24,9,5,0,2.6666666666666665,2.179449471770337
ORLY,2023-02-28,item_1a,18,4,5,4,4.5,0.5773502691896257
ORLY,2023-02-28,item_7,8,1,8,8,8.0,
ORLY,2024-02-28,item_1a,19,4,5,4,4.75,0.4999999999999999
ORLY,2024-02-28,item_7,6,1,6,6,6.0,
OTIS,2021-02-05,item_1a,33,8,8,1,4.125,2.748376143938713
OTIS,2022-02-04,item_1a,66,11,8,4,6.0,1.4142135623730951
OTIS,2022-02-04,item_7,19,4,8,0,4.75,3.593976442141304
OTIS,2023-02-03,item_1a,37,5,9,4,7.4,2.073644135332772
OTIS,2023-02-03,item_7,14,4,5,1,3.5,1.914854215512676
OTIS,2024-02-02,item_1a,7,2,4,3,3.5,0.7071067811865476
PANW,2021-09-03,item_1a,82,15,9,2,5.466666666666667,2.1668498091095505
PANW,2022-09-06,item_1a,57,14,7,0,4.071428571428571,1.9792883614022536
PANW,2023-09-01,item_1a,18,3,6,6,6.0,0.0
PANW,2024-09-06,item_1a,9,3,4,1,3.0,1.7320508075688772
PARA,2021-02-24,item_1a,65,18,9,-2,3.611111111111111,2.9132332732850563
PARA,2021-02-24,item_7,4,1,4,4,4.0,
PARA,2022-02-15,item_1a,57,16,9,1,3.5625,2.0966242709015206
PARA,2023-02-16,item_1a,25,11,6,0,2.272727272727273,1.9021518914592015
PARA,2024-02-28,item_1a,8,2,4,4,4.0,0.0
PARA,2024-02-28,item_7,7,2,4,3,3.5,0.7071067811865476
PAYC,2021-02-18,item_1a,47,10,8,2,4.7,2.110818693198342
PAYC,2021-02-18,item_7,41,9,8,2,4.555555555555555,2.4037008503093262
PAYC,2022-02-17,item_1a,38,10,6,2,3.8,1.1352924243950933
PAYC,2022-02-17,item_7,25,10,6,-2,2.5,2.6770630673681683
PAYC,2023-02-16,item_1a,9,4,4,1,2.25,1.4999999999999998
PAYC,2024-02-15,item_1a,4,3,4,0,1.3333333333333333,2.3094010767585034
PAYX,2021-07-16,item_1a,31,6,8,2,5.166666666666667,2.228601953392904
PAYX,2021-07-16,item_7,11,2,6,5,5.5,0.7071067811865476
PAYX,2022-07-15,item_1a,37,7,9,2,5.285714285714286,2.2146697055682827
PAYX,2022-07-15,item_7,16,3,7,4,5.333333333333333,1.5275252316519465
PAYX,2023-07-14,item_1a,5,1,5,5,5.0,
PAYX,2024-07-11,item_1a,4,1,4,4,4.0,
PCAR,2021-02-17,item_1a,33,9,8,0,3.6666666666666665,2.449489742783178
PCAR,2021-02-17,item_7,31,8,9,0,3.875,3.522884370187913
PCAR,2022-02-23,item_1a,22,8,5,1,2.75,1.6690459207925603
PCAR,2022-02-23,item_7,6,2,4,2,3.0,1.4142135623730951
PCAR,2023-02-22,item_1a,21,5,7,2,4.2,2.16794833886788
PCAR,2023-02-22,item_7,3,1,3,3,3.0,
PCAR,2024-02-21,item_1a,7,2,4,3,3.5,0.7071067811865476
PCG,2021-02-25,item_1a,30,8,8,1,3.75,2.76457178290909
PCG,2021-02-25,item_7,14,4,7,1,3.5,2.9999999999999996
PCG,2022-02-10,item_1a,28,8,8,1,3.5,2.2038926600773587
PCG,2022-02-10,item_7,12,3,8,2,4.0,3.4641016151377544
PCG,2023-02-23,item_1a,41,6,9,5,6.833333333333333,1.4719601443879746
PCG,2023-02-23,item_7,9,1,9,9,9.0,
PCG,2024-02-22,item_1a,10,3,4,2,3.3333333333333335,1.1547005383792515
PCG,2024-02-22,item_7,4,1,4,4,4.0,
PEG,2024-02-26,item_1a,21,6,6,1,3.5,1.760681686165901
PEP,2022-02-10,item_1a,47,7,9,6,6.714285714285714,1.1126972805283737
PEP,2022-02-10,item_7,32,6,6,3,5.333333333333333,1.2110601416389966
PEP,2023-02-09,item_1a,16,3,6,5,5.333333333333333,0.5773502691896257
PEP,2023-02-09,item_7,7,1,7,7,7.0,
PEP,2024-02-09,item_1a,16,3,6,4,5.333333333333333,1.1547005383792517
PFE,2024-02-22,item_1a,24,7,5,1,3.4285714285714284,1.3972762620115438
PFG,2021-02-12,item_1a,37,6,9,4,6.166666666666667,1.9407902170679514
PFG,2021-02-12,item_7,20,3,7,6,6.666666666666667,0.5773502691896258
PFG,2022-02-11,item_1a,32,8,6,2,4.0,1.7728105208558367
PFG,2022-02-11,item_7,6,1,6,6,6.0,
PFG,2023-02-16,item_1a,6,4,3,1,1.5,1.0
PFG,2024-02-20,item_1a,9,4,4,1,2.25,1.4999999999999998
PG,2021-08-06,item_1a,38,8,8,1,4.75,2.434865792722759
PG,2021-08-06,item_7,18,4,5,3,4.5,1.0
PG,2022-08-05,item_1a,59,10,8,3,5.9,2.183269719175042
PG,2022-08-05,item_7,30,8,8,-6,3.75,4.432026302139591
PG,2023-08-04,item_1a,17,4,5,3,4.25,0.9574271077563381
PG,2023-08-04,item_7,5,3,4,0,1.6666666666666667,2.0816659994661326
PG,2024-08-05,item_1a,17,6,6,0,2.8333333333333335,2.0412414523193148
PG,2024-08-05,item_7,2,1,2,2,2.0,
PGR,2021-03-01,item_1a,89,14,8,5,6.357142857142857,0.8418973861410951
PGR,2022-02-28,item_1a,75,18,7,1,4.166666666666667,1.7573375583870183
PGR,2023-02-27,item_1a,88,19,6,3,4.631578947368421,0.9551338658818385
PGR,2024-02-26,item_1a,27,10,5,-3,2.7,2.406010991015812
PHM,2021-02-02,item_1a,98,20,9,1,4.9,2.221900561515559
PHM,2021-02-02,item_7,10,4,5,0,2.5,2.3804761428476167
PHM,2022-02-07,item_1a,98,15,9,4,6.533333333333333,1.6417180315870614
PHM,2022-02-07,item_7,10,2,6,4,5.0,1.4142135623730951
PHM,2023-02-06,item_1a,65,14,8,-3,4.642857142857143,2.7345972240938843
PHM,2023-02-06,item_7,6,1,6,6,6.0,
PHM,2024-02-05,item_1a,23,7,6,2,3.2857142857142856,1.4960264830861913
PHM,2024-02-05,item_7,3,2,2,1,1.5,0.7071067811865476
PKG,2021-02-24,item_1a,27,8,8,-4,3.375,3.7772817134623597
PKG,2021-02-24,item_7,3,2,7,-4,1.5,7.7781745930520225
PKG,2022-02-24,item_1a,66,16,9,1,4.125,2.362907813126304
PKG,2022-02-24,item_7,42,9,8,1,4.666666666666667,2.9580398915498085
PKG,2023-02-23,item_1a,26,5,7,3,5.2,1.4832396974191326
PKG,2024-02-29,item_1a,3,1,3,3,3.0,
PLD,2021-02-11,item_1a,31,8,7,1,3.875,1.9594095320493148
PLD,2021-02-11,item_7,5,7,3,0,0.7142857142857143,1.2535663410560174
PLD,2022-02-09,item_1a,47,8,9,2,5.875,2.416461403433896
PLD,2023-02-14,item_1a,11,2,6,5,5.5,0.7071067811865476
PLD,2024-02-13,item_1a,26,5,6,4,5.2,0.8366600265340756
PLTR,2021-02-26,item_1a,37,7,9,3,5.285714285714286,2.4299715851758235
PLTR,2021-02-26,item_7,4,1,4,4,4.0,
PLTR,2022-02-24,item_1a,42,6,10,5,7.0,1.7888543819998317
PLTR,2022-02-24,item_7,8,1,8,8,8.0,
PLTR,2023-02-21,item_1a,33,6,7,4,5.5,1.0488088481701514
PLTR,2024-02-20,item_1a,8,2,4,4,4.0,0.0
PM,2021-02-09,item_1a,45,10,9,0,4.5,3.0276503540974913
PM,2021-02-09,item_7,1,1,1,1,1.0,
PM,2022-02-11,item_1a,50,13,7,1,3.8461538461538463,1.6756169931378435
PM,2022-02-11,item_7,12,4,5,1,3.0,1.632993161855452
PM,2023-02-10,item_1a,53,8,9,4,6.625,1.8468119248354136
PM,2024-02-08,item_1a,17,4,5,3,4.25,0.9574271077563381
PNC,2021-02-26,item_1a,33,6,8,2,5.5,1.9748417658131499
PNC,2022-02-25,item_1a,46,10,8,1,4.6,2.118699810942761
PNC,2022-02-25,item_7,19,3,8,5,6.333333333333333,1.5275252316519465
PNC,2023-02-22,item_1a,37,7,7,2,5.285714285714286,1.799470821684875
PNC,2024-02-21,item_1a,11,3,4,3,3.6666666666666665,0.5773502691896257
PNR,2021-02-16,item_1a,55,8,8,5,6.875,1.1259916264596033
PNR,2021-02-16,item_7,38,6,8,5,6.333333333333333,1.505545305418162
PNR,2022-02-22,item_1a,101,20,7,3,5.05,1.190974832912761
PNR,2022-02-22,item_7,19,4,6,3,4.75,1.2583057392117916
PNR,2023-02-21,item_1a,86,17,6,4,5.0588235294117645,0.7475450015964015
PNR,2023-02-21,item_7,16,4,5,3,4.0,0.816496580927726
PNR,2024-02-20,item_1a,8,2,4,4,4.0,0.0
PNW,2022-02-25,item_1a,31,10,5,1,3.1,1.1972189997378646
PNW,2023-02-27,item_1a,14,3,8,2,4.666666666666667,3.055050463303893
PNW,2023-02-27,item_7,2,1,2,2,2.0,
PNW,2024-02-27,item_1a,8,2,4,4,4.0,0.0
PODD,2021-02-24,item_1a,38,12,4,2,3.1666666666666665,0.8348471099367218
PODD,2022-02-24,item_1a,36,12,6,1,3.0,1.5954480704349312
PODD,2022-02-24,item_7,0,5,1,-2,0.0,1.224744871391589
PODD,2023-02-24,item_1a,40,10,8,1,4.0,2.260776661041756
PODD,2023-02-24,item_7,1,1,1,1,1.0,
PODD,2024-02-23,item_1a,29,7,6,3,4.142857142857143,1.0690449676496976
POOL,2021-02-25,item_1a,20,7,9,-2,2.857142857142857,3.338091841585121
POOL,2021-02-25,item_7,25,11,9,-2,2.272727272727273,2.901410315377992
POOL,2022-02-25,item_1a,49,14,6,-2,3.5,2.103111248383433
POOL,2022-02-25,item_7,19,5,5,1,3.8,1.6431676725154984
POOL,2023-02-24,item_1a,27,11,7,0,2.4545454545454546,2.2074254852038093
POOL,2023-02-24,item_7,3,3,2,0,1.0,1.0
POOL,2024-02-27,item_1a,33,8,6,1,4.125,1.807721533549109
POOL,2024-02-27,item_7,1,1,1,1,1.0,
PPG,2021-02-18,item_1a,24,7,5,1,3.4285714285714284,1.618347187425374
PPG,2021-02-18,item_7,21,8,7,-1,2.625,2.445841952609133
PPG,2022-02-17,item_1a,48,7,9,5,6.857142857142857,1.5735915849388864
PPG,2022-02-17,item_7,18,3,8,4,6.0,2.0
PPG,2023-02-16,item_1a,34,7,8,2,4.857142857142857,2.2677868380553634
PPG,2023-02-16,item_7,16,11,3,0,1.4545454545454546,1.2135597524338357
PPG,2024-02-15,item_1a,22,5,6,3,4.4,1.140175425099138
PPG,2024-02-15,item_7,6,2,3,3,3.0,0.0
PRU,2021-02-19,item_1a,96,13,10,4,7.384615384615385,1.5021352323976214
PRU,2021-02-19,item_7,71,9,10,7,7.888888888888889,1.1666666666666663
PRU,2022-02-17,item_1a,32,6,8,4,5.333333333333333,1.7511900715418263
PRU,2022-02-17,item_7,28,5,8,4,5.6,1.8165902124584952
PRU,2023-02-16,item_1a,15,5,5,1,3.0,1.5811388300841898
PRU,2023-02-16,item_7,19,5,7,0,3.8,2.7748873851023217
PRU,2024-02-21,item_1a,12,2,8,4,6.0,2.8284271247461903
PSA,2022-02-22,item_1a,59,10,8,3,5.9,1.5238839267549948
PSA,2022-02-22,item_7,6,1,6,6,6.0,
PSA,2024-02-20,item_1a,30,11,6,1,2.727272727272727,1.6787441193290353
PSA,2024-02-20,item_7,2,1,2,2,2.0,
PSX,2021-02-24,item_1a,56,10,9,3,5.6,1.7126976771553504
PSX,2021-02-24,item_7,33,6,6,5,5.5,0.5477225575051662
PSX,2022-02-18,item_1a,51,8,8,3,6.375,1.5979898086569353
PSX,2022-02-18,item_7,15,2,8,7,7.5,0.7071067811865476
PSX,2023-02-22,item_1a,40,9,9,0,4.444444444444445,2.7436796055257213
PSX,2024-02-21,item_1a,27,6,6,4,4.5,0.8366600265340756
PTC,2021-11-22,item_1a,56,11,8,3,5.090909090909091,2.0225995873897262
PTC,2022-11-15,item_1a,13,4,7,2,3.25,2.5
PTC,2022-11-15,item_7,5,1,5,5,5.0,
PTC,2023-11-20,item_1a,2,1,2,2,2.0,
PTC,2024-11-14,item_1a,6,2,4,2,3.0,1.4142135623730951
PWR,2021-03-01,item_1a,65,10,9,3,6.5,1.9002923751652303
PWR,2021-03-01,item_7,21,3,8,5,7.0,1.7320508075688772
PWR,2022-02-25,item_1a,52,10,6,3,5.2,1.0327955589886444
PWR,2022-02-25,item_7,14,3,6,3,4.666666666666667,1.5275252316519468
PWR,2023-02-23,item_1a,15,5,7,0,3.0,3.24037034920393
PWR,2024-02-22,item_1a,10,4,3,2,2.5,0.5773502691896257
PWR,2024-02-22,item_7,4,1,4,4,4.0,
PYPL,2021-02-05,item_1a,71,11,8,4,6.454545454545454,1.2933395813657267
PYPL,2021-02-05,item_7,20,3,8,5,6.666666666666667,1.5275252316519468
PYPL,2022-02-03,item_1a,38,10,9,1,3.8,2.2997584414213783
PYPL,2022-02-03,item_7,4,1,4,4,4.0,
PYPL,2023-02-10,item_1a,5,1,5,5,5.0,
PYPL,2023-02-10,item_7,3,1,3,3,3.0,
PYPL,2024-02-08,item_1a,4,1,4,4,4.0,
QCOM,2021-11-03,item_1a,67,17,8,2,3.9411764705882355,2.1056646289026575
QCOM,2021-11-03,item_7,10,2,8,2,5.0,4.242640687119285
QCOM,2022-11-02,item_1a,34,8,6,2,4.25,1.2817398889233116
QCOM,2023-11-01,item_1a,24,4,6,6,6.0,0.0
QCOM,2024-11-06,item_1a,17,5,4,2,3.4,0.8944271909999159
RCL,2024-02-21,item_1a,27,7,6,2,3.857142857142857,1.2149857925879117
RCL,2024-02-21,item_7,2,1,2,2,2.0,
REG,2021-02-17,item_1a,90,20,7,2,4.5,1.2354415362426845
REG,2021-02-17,item_7,31,7,10,2,4.428571428571429,2.63673679998231
REG,2022-02-17,item_1a,58,12,6,1,4.833333333333333,1.5859229221975182
REG,2022-02-17,item_7,26,5,9,3,5.2,2.4899799195977463
REG,2023-02-17,item_1a,49,14,7,2,3.5,1.6052797503622467
REG,2024-02-16,item_1a,15,10,5,-1,1.5,2.3213980461973533
REGN,2021-02-08,item_1a,57,9,9,3,6.333333333333333,2.0
REGN,2022-02-07,item_1a,55,10,9,3,5.5,1.7795130420052185
REGN,2023-02-06,item_1a,73,14,8,3,5.214285714285714,1.4769288003552106
REGN,2024-02-05,item_1a,15,3,6,4,5.0,1.0
RF,2022-02-24,item_1a,37,6,8,4,6.166666666666667,1.7224014243685084
RF,2022-02-24,item_7,15,2,8,7,7.5,0.7071067811865476
RF,2023-02-24,item_1a,24,6,7,1,4.0,2.3664319132398464
RF,2023-02-24,item_7,7,1,7,7,7.0,
RF,2024-02-23,item_1a,10,4,4,2,2.5,1.0
RJF,2021-11-23,item_1a,49,10,9,1,4.9,2.330951164939611
RJF,2022-11-22,item_1a,13,3,8,2,4.333333333333333,3.214550253664318
RL,2021-05-20,item_1a,68,11,8,4,6.181818181818182,1.078719779941187
RL,2021-05-20,item_7,47,7,8,6,6.714285714285714,0.7559289460184544
RL,2022-05-24,item_1a,60,11,8,2,5.454545454545454,1.863525495593573
RL,2022-05-24,item_7,23,3,8,7,7.666666666666667,0.5773502691896257
RL,2023-05-25,item_1a,63,10,9,4,6.3,2.110818693198342
RL,2023-05-25,item_7,34,4,9,8,8.5,0.5773502691896255
RL,2024-05-23,item_1a,34,9,5,3,3.7777777777777777,0.6666666666666666
RMD,2021-08-17,item_1a,54,18,7,1,3.0,1.5718104959867518
RMD,2021-08-17,item_7,12,5,3,2,2.4,0.5477225575051661
RMD,2022-08-12,item_1a,45,7,8,6,6.428571428571429,0.7867957924694431
RMD,2022-08-12,item_7,24,4,6,6,6.0,0.0
RMD,2023-08-11,item_1a,18,5,6,1,3.6,2.073644135332772
RMD,2024-08-09,item_1a,18,6,5,1,3.0,1.5491933384829668
ROK,2021-11-09,item_1a,63,12,8,2,5.25,2.0056737702645644
ROK,2021-11-09,item_7,17,5,6,-2,3.4,3.286335345030997
ROK,2022-11-08,item_1a,46,8,8,2,5.75,2.052872551885702
ROK,2022-11-08,item_7,12,4,5,1,3.0,1.8257418583505538
ROK,2023-11-08,item_1a,7,2,4,3,3.5,0.7071067811865476
ROK,2023-11-08,item_7,9,2,5,4,4.5,0.7071067811865476
ROK,2024-11-12,item_1a,9,2,5,4,4.5,0.7071067811865476
ROL,2021-02-26,item_1a,21,6,6,1,3.5,2.16794833886788
ROL,2021-02-26,item_7,22,11,5,0,2.0,1.6733200530681511
ROL,2022-02-25,item_1a,32,6,8,2,5.333333333333333,2.1602468994692865
ROL,2022-02-25,item_7,15,4,5,3,3.75,0.9574271077563381
ROL,2023-02-16,item_1a,42,8,6,3,5.25,1.164964745021435
ROL,2023-02-16,item_7,30,7,6,2,4.285714285714286,1.3801311186847085
ROL,2024-02-15,item_1a,21,8,4,0,2.625,1.7677669529663689
ROP,2021-02-22,item_1a,76,18,7,2,4.222222222222222,1.437135858965388
ROP,2022-02-22,item_1a,69,19,8,1,3.6315789473684212,2.1398475105532757
ROP,2023-02-27,item_1a,44,11,6,2,4.0,1.5491933384829666
ROP,2024-02-22,item_1a,9,2,5,4,4.5,0.7071067811865476
ROST,2021-03-30,item_1a,68,12,9,2,5.666666666666667,1.9694638556693242
ROST,2021-03-30,item_7,28,6,6,3,4.666666666666667,1.2110601416389966
ROST,2022-03-29,item_1a,65,10,9,4,6.5,1.5092308563562364
ROST,2022-03-29,item_7,21,4,7,4,5.25,1.2583057392117916
ROST,2023-03-28,item_1a,60,14,6,3,4.285714285714286,1.0690449676496976
ROST,2023-03-28,item_7,23,5,8,-1,4.6,3.361547262794322
ROST,2024-04-02,item_1a,49,12,6,2,4.083333333333333,1.2401124093721454
RSG,2021-02-23,item_1a,27,8,7,1,3.375,1.9226098333849673
RSG,2021-02-23,item_7,30,7,8,2,4.285714285714286,2.2886885410853175
RSG,2022-02-11,item_1a,49,11,8,0,4.454545454545454,2.1616492020508957
RSG,2022-02-11,item_7,39,9,8,0,4.333333333333333,2.7386127875258306
RSG,2023-02-23,item_1a,17,4,6,0,4.25,2.8722813232690143
RSG,2023-02-23,item_7,12,4,6,0,3.0,3.4641016151377544
RSG,2024-02-29,item_1a,7,2,4,3,3.5,0.7071067811865476
RTX,2021-02-08,item_1a,108,14,9,7,7.714285714285714,0.7262730392025629
RTX,2021-02-08,item_7,48,6,9,7,8.0,0.8944271909999159
RTX,2022-02-11,item_1a,120,24,7,3,5.0,1.2158375177486578
RTX,2022-02-11,item_7,35,8,6,1,4.375,1.5979898086569353
RTX,2023-02-07,item_1a,61,11,8,2,5.545454545454546,2.2074254852038093
RTX,2023-02-07,item_7,24,5,7,3,4.8,2.04939015319192
RTX,2024-02-05,item_1a,13,3,5,4,4.333333333333333,0.5773502691896257
RVTY,2021-03-02,item_1a,66,13,9,2,5.076923076923077,2.0599975105785306
RVTY,2022-03-03,item_1a,65,15,10,0,4.333333333333333,2.9920529661723823
RVTY,2023-03-01,item_1a,47,9,9,2,5.222222222222222,2.5873624493766707
RVTY,2024-02-27,item_1a,10,4,4,1,2.5,1.2909944487358056
RVTY,2024-02-27,item_7,8,2,4,4,4.0,0.0
SBAC,2022-03-01,item_1a,35,7,7,4,5.0,1.0
SBAC,2022-03-01,item_7,-2,1,-2,-2,-2.0,
SBUX,2021-11-19,item_1a,61,10,7,3,6.1,1.449137674618944
SBUX,2021-11-19,item_7,13,2,7,6,6.5,0.7071067811865476
SBUX,2022-11-18,item_1a,50,10,7,3,5.0,1.3333333333333335
SBUX,2022-11-18,item_7,7,1,7,7,7.0,
SBUX,2023-11-17,item_1a,30,8,8,1,3.75,2.2519832529192065
SBUX,2023-11-17,item_7,1,1,1,1,1.0,
SBUX,2024-11-20,item_1a,23,5,5,4,4.6,0.5477225575051661
SCHW,2021-02-24,item_1a,88,17,8,3,5.176470588235294,1.667156790678634
SCHW,2021-02-24,item_7,20,3,8,5,6.666666666666667,1.5275252316519468
SCHW,2022-02-24,item_1a,75,13,8,3,5.769230769230769,1.3634420996046583
SCHW,2022-02-24,item_7,4,1,4,4,4.0,
SCHW,2023-02-24,item_1a,9,2,5,4,4.5,0.7071067811865476
SCHW,2024-02-23,item_1a,13,3,6,2,4.333333333333333,2.0816659994661326
SHW,2021-02-19,item_1a,40,10,7,1,4.0,1.9436506316151003
SHW,2022-02-17,item_1a,62,21,8,-1,2.9523809523809526,2.108937895628756
SHW,2023-02-22,item_1a,40,10,8,1,4.0,1.9436506316151
SHW,2024-02-20,item_1a,14,3,5,4,4.666666666666667,0.5773502691896258
SJM,2021-06-17,item_1a,70,25,6,1,2.8,1.5000000000000002
SJM,2021-06-17,item_7,26,8,6,0,3.25,2.187627547301936
SJM,2022-06-16,item_1a,55,13,8,-1,4.230769230769231,2.9198700357449177
SJM,2022-06-16,item_7,11,4,7,-1,2.75,3.304037933599835
SJM,2023-06-20,item_1a,25,6,8,2,4.166666666666667,2.136976056643281
SJM,2023-06-20,item_7,3,1,3,3,3.0,
SJM,2024-06-18,item_1a,22,5,5,4,4.4,0.5477225575051663
SLB,2021-01-27,item_1a,53,8,9,5,6.625,1.5059406173077154
SLB,2021-01-27,item_7,61,9,8,4,6.777777777777778,1.3944333775567925
SLB,2022-01-26,item_1a,27,5,8,3,5.4,2.302172886644268
SLB,2022-01-26,item_7,3,2,3,0,1.5,2.1213203435596424
SLB,2023-01-25,item_1a,27,5,8,2,5.4,2.701851217221259
SLB,2023-01-25,item_7,-3,1,-3,-3,-3.0,
SLB,2024-01-24,item_1a,19,6,6,1,3.1666666666666665,2.136976056643281
SMCI,2021-08-27,item_1a,44,14,8,-2,3.142857142857143,2.567762955065477
SMCI,2021-08-27,item_7,17,7,6,-1,2.4285714285714284,2.225394561056747
SMCI,2022-08-29,item_1a,46,12,7,2,3.8333333333333335,1.4668044012461756
SMCI,2022-08-29,item_7,23,6,5,2,3.8333333333333335,0.9831920802501749
SMCI,2023-08-28,item_1a,15,4,6,1,3.75,2.0615528128088303
SMCI,2023-08-28,item_7,7,2,4,3,3.5,0.7071067811865476
SNA,2021-02-11,item_1a,78,17,8,1,4.588235294117647,1.7341721198244622
SNA,2021-02-11,item_7,25,8,6,0,3.125,2.850438562747845
SNA,2022-02-11,item_1a,38,10,7,2,3.8,2.043961295567452
SNA,2022-02-11,item_7,1,1,1,1,1.0,
SNA,2023-02-09,item_1a,35,8,8,2,4.375,2.38671920665766
SNA,2023-02-09,item_7,-4,3,2,-4,-1.3333333333333333,3.055050463303893
SNA,2024-02-16,item_1a,9,3,5,1,3.0,2.0
SNPS,2022-12-12,item_1a,28,6,7,4,4.666666666666667,1.2110601416389966
SNPS,2022-12-12,item_7,7,1,7,7,7.0,
SNPS,2023-12-12,item_1a,8,3,5,1,2.6666666666666665,2.0816659994661326
SNPS,2024-12-19,item_1a,14,4,5,2,3.5,1.2909944487358056
SPG,2021-02-25,item_1a,66,10,9,4,6.6,1.8973665961010273
SPG,2021-02-25,item_7,20,3,8,5,6.666666666666667,1.5275252316519468
SPG,2022-02-24,item_1a,23,5,6,2,4.6,1.6733200530681511
SPG,2022-02-24,item_7,30,6,8,0,5.0,2.8284271247461903
SPG,2023-02-23,item_1a,64,10,9,0,6.4,3.2041639575194445
SPG,2023-02-23,item_7,15,3,10,-4,5.0,7.810249675906654
SPG,2024-02-22,item_1a,30,9,5,1,3.3333333333333335,1.5
SPGI,2021-02-09,item_1a,127,28,8,-3,4.535714285714286,2.574549839934523
SPGI,2021-02-09,item_7,4,1,4,4,4.0,
SPGI,2022-02-08,item_1a,47,8,8,3,5.875,1.9594095320493148
SPGI,2023-02-10,item_1a,48,10,7,0,4.8,2.485513584307633
SPGI,2024-02-09,item_1a,30,8,5,0,3.75,1.5811388300841898
SRE,2021-02-25,item_1a,61,11,9,-1,5.545454545454546,2.910794955459294
SRE,2021-02-25,item_7,16,4,8,-1,4.0,4.242640687119285
SRE,2022-02-25,item_1a,19,6,6,-2,3.1666666666666665,2.926886855802026
SRE,2022-02-25,item_7,0,2,2,-2,0.0,2.8284271247461903
SRE,2023-02-28,item_1a,29,7,7,0,4.142857142857143,2.2677868380553634
SRE,2023-02-28,item_7,4,2,4,0,2.0,2.8284271247461903
STE,2022-05-31,item_1a,70,20,7,-3,3.5,2.3951705795753164
STE,2022-05-31,item_7,-3,1,-3,-3,-3.0,
STE,2023-05-26,item_1a,63,13,7,-2,4.846153846153846,2.672269754539321
STE,2024-05-29,item_1a,20,7,5,-1,2.857142857142857,2.2677868380553634
STLD,2021-03-01,item_1a,83,18,8,0,4.611111111111111,2.1458273843435527
STLD,2021-03-01,item_7,20,5,5,2,4.0,1.414213562373095
STLD,2022-02-28,item_1a,45,13,6,2,3.4615384615384617,1.2659242088545835
STLD,2022-02-28,item_7,5,1,5,5,5.0,
STLD,2023-02-28,item_1a,38,6,9,5,6.333333333333333,1.7511900715418263
STLD,2024-02-29,item_1a,13,4,5,0,3.25,2.362907813126304
STLD,2024-02-29,item_7,0,1,0,0,0.0,
STT,2021-02-19,item_1a,70,13,8,0,5.384615384615385,2.063106942552968
STT,2021-02-19,item_7,14,2,7,7,7.0,0.0
STT,2022-02-17,item_1a,43,7,8,3,6.142857142857143,1.864454471471609
STT,2022-02-17,item_7,10,2,7,3,5.0,2.8284271247461903
STT,2024-02-15,item_1a,7,2,4,3,3.5,0.7071067811865476
STT,2024-02-15,item_7,3,1,3,3,3.0,
STX,2021-08-06,item_1a,42,10,7,3,4.2,1.3165611772087666
STX,2021-08-06,item_7,11,2,6,5,5.5,0.7071067811865476
STX,2022-08-05,item_1a,49,11,9,2,4.454545454545454,2.296241989148198
STX,2022-08-05,item_7,24,6,6,1,4.0,2.0976176963403033
STX,2023-08-04,item_1a,37,12,6,1,3.0833333333333335,1.6764862244009227
STX,2023-08-04,item_7,4,2,3,1,2.0,1.4142135623730951
STX,2024-08-02,item_1a,13,3,5,4,4.333333333333333,0.5773502691896257
STX,2024-08-02,item_7,4,1,4,4,4.0,
STZ,2024-04-23,item_1a,22,9,6,1,2.4444444444444446,1.6666666666666667
SWK,2021-02-18,item_1a,45,11,8,0,4.090909090909091,2.385562636132007
SWK,2021-02-18,item_7,20,6,8,-2,3.3333333333333335,3.32665998663324
SWK,2022-02-22,item_1a,64,14,7,1,4.571428571428571,1.910065875395833
SWK,2022-02-22,item_7,21,4,7,3,5.25,2.0615528128088303
SWK,2023-02-23,item_1a,56,10,8,3,5.6,1.646545204697129
SWK,2024-02-27,item_1a,10,2,6,4,5.0,1.4142135623730951
SWKS,2021-11-24,item_1a,42,14,6,1,3.0,1.9215378456610452
SWKS,2021-11-24,item_7,4,3,2,1,1.3333333333333333,0.5773502691896258
SWKS,2022-11-23,item_1a,112,21,9,2,5.333333333333333,1.9321835661585918
SWKS,2022-11-23,item_7,9,2,5,4,4.5,0.7071067811865476
SWKS,2023-11-17,item_1a,36,9,6,2,4.0,1.6583123951777001
SWKS,2023-11-17,item_7,6,2,4,2,3.0,1.4142135623730951
SWKS,2024-11-15,item_1a,17,4,6,3,4.25,1.5000000000000002
SYK,2021-02-11,item_1a,88,15,9,4,5.866666666666666,1.4573295865416047
SYK,2021-02-11,item_7,7,1,7,7,7.0,
SYK,2022-02-11,item_1a,85,15,9,3,5.666666666666667,1.4960264830861911
SYK,2022-02-11,item_7,20,3,7,6,6.666666666666667,0.5773502691896258
SYK,2023-02-10,item_1a,71,13,7,3,5.461538461538462,1.5607361839521232
SYK,2024-02-14,item_1a,53,12,8,0,4.416666666666667,2.3143164446679725
SYY,2021-08-30,item_1a,59,12,7,3,4.916666666666667,1.3789543689024488
SYY,2021-08-30,item_7,25,5,7,3,5.0,1.5811388300841898
SYY,2022-08-26,item_1a,63,11,9,3,5.7272727272727275,1.848832555474351
SYY,2023-08-25,item_1a,23,7,5,2,3.2857142857142856,1.1126972805283737
SYY,2024-08-28,item_1a,26,6,6,3,4.333333333333333,1.0327955589886444
T,2021-02-25,item_1a,82,19,7,1,4.315789473684211,1.5653409844697797
T,2021-02-25,item_7,29,5,9,4,5.8,2.16794833886788
T,2022-02-16,item_1a,71,16,8,2,4.4375,1.5041608956491324
T,2022-02-16,item_7,6,1,6,6,6.0,
T,2023-02-13,item_1a,44,7,8,5,6.285714285714286,1.3801311186847083
T,2024-02-23,item_1a,17,5,6,1,3.4,2.073644135332772
T,2024-02-23,item_7,4,1,4,4,4.0,
TAP,2021-02-11,item_1a,78,10,9,7,7.8,0.7888106377466151
TAP,2021-02-11,item_7,32,4,9,7,8.0,0.816496580927726
TAP,2022-02-23,item_1a,58,10,7,4,5.8,1.1352924243950933
TAP,2022-02-23,item_7,22,4,6,5,5.5,0.5773502691896257
TAP,2023-02-21,item_1a,48,9,8,3,5.333333333333333,1.4142135623730951
TAP,2023-02-21,item_7,5,1,5,5,5.0,
TAP,2024-02-20,item_1a,13,4,5,1,3.25,1.707825127659933
TDG,2021-11-16,item_1a,86,13,9,4,6.615384615384615,1.5566235649883127
TDG,2021-11-16,item_7,45,7,9,4,6.428571428571429,1.9023794624226837
TDG,2022-11-10,item_1a,54,11,9,1,4.909090909090909,1.92117388356939
TDG,2022-11-10,item_7,28,7,7,1,4.0,2.0
TDG,2023-11-09,item_1a,33,10,6,1,3.3,1.8287822299126937
TDG,2023-11-09,item_7,1,2,1,0,0.5,0.7071067811865476
TDG,2024-11-07,item_1a,38,8,6,4,4.75,0.7071067811865476
TDG,2024-11-07,item_7,1,1,1,1,1.0,
TDY,2021-02-26,item_1a,24,5,6,3,4.8,1.3038404810405297
TDY,2021-02-26,item_7,12,5,6,-5,2.4,4.39317652729776
TDY,2022-02-25,item_1a,43,11,7,-1,3.909090909090909,2.5477262590217755
TDY,2022-02-25,item_7,-1,3,1,-1,-0.3333333333333333,1.1547005383792517
TDY,2023-02-24,item_1a,37,8,8,1,4.625,2.503568881188841
TDY,2023-02-24,item_7,9,4,4,1,2.25,1.5
TDY,2024-02-23,item_1a,10,3,5,1,3.3333333333333335,2.0816659994661326
TECH,2021-08-25,item_1a,30,7,9,-1,4.285714285714286,3.638419332360584
TECH,2021-08-25,item_7,11,6,6,-2,1.8333333333333333,3.0605010483034745
TECH,2022-08-24,item_1a,22,5,7,1,4.4,2.7928480087537886
TECH,2023-08-23,item_1a,41,11,6,2,3.727272727272727,1.3483997249264836
TECH,2024-08-22,item_1a,25,5,6,4,5.0,1.0
TEL,2021-11-09,item_1a,29,7,8,1,4.142857142857143,2.6726124191242437
TEL,2021-11-09,item_7,16,4,9,-3,4.0,5.597618541248888
TEL,2022-11-15,item_1a,33,7,8,1,4.714285714285714,2.8115408417381924
TEL,2022-11-15,item_7,18,3,8,3,6.0,2.6457513110645907
TEL,2023-11-13,item_1a,19,7,6,1,2.7142857142857144,1.7043362064926935
TEL,2023-11-13,item_7,12,4,6,1,3.0,2.160246899469287
TEL,2024-11-12,item_1a,16,3,6,4,5.333333333333333,1.1547005383792515
TER,2021-02-22,item_1a,33,6,8,1,5.5,2.5099800796022267
TER,2021-02-22,item_7,41,8,7,2,5.125,1.6420805617960923
TER,2022-02-23,item_1a,38,9,7,2,4.222222222222222,1.6414763002993507
TER,2022-02-23,item_7,46,11,7,1,4.181818181818182,1.662418829187267
TER,2023-02-22,item_1a,27,5,7,4,5.4,1.3416407864998738
TER,2023-02-22,item_7,35,7,7,4,5.0,1.1547005383792515
TER,2024-02-22,item_1a,20,4,6,4,5.0,1.1547005383792515
TFX,2021-02-25,item_1a,46,10,8,1,4.6,2.2705848487901865
TFX,2021-02-25,item_7,30,6,8,1,5.0,2.756809750418044
TFX,2022-03-01,item_1a,49,13,6,1,3.769230769230769,1.7867030229749128
TFX,2022-03-01,item_7,28,7,7,1,4.0,2.160246899469287
TFX,2023-02-23,item_1a,70,14,8,2,5.0,1.6172150801252798
TFX,2023-02-23,item_7,28,4,8,6,7.0,0.816496580927726
TFX,2024-02-23,item_1a,18,7,4,0,2.5714285714285716,1.3972762620115438
TGT,2021-03-10,item_1a,95,16,8,0,5.9375,1.9137659209004636
TGT,2021-03-10,item_7,6,1,6,6,6.0,
TGT,2022-03-09,item_1a,86,15,7,4,5.733333333333333,0.8837151016885368
TGT,2022-03-09,item_7,8,2,4,4,4.0,0.0
TGT,2023-03-08,item_1a,25,6,7,3,4.166666666666667,1.602081978759722
TGT,2023-03-08,item_7,7,3,5,-1,2.3333333333333335,3.055050463303893
TGT,2024-03-13,item_1a,23,5,6,3,4.6,1.1401754250991378
TJX,2021-03-31,item_1a,53,11,8,2,4.818181818181818,2.0404990476930793
TJX,2021-03-31,item_7,23,5,7,2,4.6,2.3021728866442674
TJX,2022-03-30,item_1a,66,18,8,1,3.6666666666666665,1.8786728732554483
TJX,2022-03-30,item_7,12,2,6,6,6.0,0.0
TJX,2023-03-29,item_1a,53,8,9,4,6.625,1.407885953173359
TJX,2024-04-03,item_1a,18,5,6,1,3.6,2.073644135332772
TMO,2021-02-25,item_1a,52,14,6,1,3.7142857142857144,1.7728105208558371
TMO,2021-02-25,item_7,12,5,6,0,2.4,2.3021728866442674
TMO,2022-02-24,item_1a,46,9,8,2,5.111111111111111,1.90029237516523
TMO,2022-02-24,item_7,24,5,8,2,4.8,2.16794833886788
TMO,2023-02-23,item_1a,43,10,7,2,4.3,1.3374935098492586
TMO,2023-02-23,item_7,19,4,7,3,4.75,1.707825127659933
TMO,2024-02-22,item_1a,10,4,5,0,2.5,2.3804761428476167
TMO,2024-02-22,item_7,14,4,6,1,3.5,2.0816659994661326
TMUS,2021-02-23,item_1a,25,5,8,3,5.0,2.0
TMUS,2021-02-23,item_7,41,9,8,1,4.555555555555555,2.2973414586817036
TMUS,2022-02-11,item_1a,49,11,8,1,4.454545454545454,2.1148823307047775
TMUS,2022-02-11,item_7,23,5,7,3,4.6,1.816590212458495
TMUS,2023-02-14,item_1a,16,4,6,1,4.0,2.160246899469287
TMUS,2024-02-02,item_1a,5,2,4,1,2.5,2.1213203435596424
TPL,2021-02-25,item_1a,37,9,7,2,4.111111111111111,1.6158932858054431
TPL,2021-02-25,item_7,30,12,7,0,2.5,2.4308621740219887
TPL,2022-02-23,item_1a,23,8,6,1,2.875,2.1671244937540095
TPL,2022-02-23,item_7,26,7,8,-3,3.7142857142857144,3.728908942943218
TPL,2023-02-22,item_1a,45,10,10,0,4.5,2.798809270624444
TPL,2023-02-22,item_7,4,2,3,1,2.0,1.4142135623730951
TPL,2024-02-21,item_1a,16,5,4,2,3.2,1.0954451150103324
TPR,2021-08-19,item_1a,81,15,9,1,5.4,2.4142434484888695
TPR,2021-08-19,item_7,41,7,9,1,5.857142857142857,2.734262327610589
TPR,2022-08-18,item_1a,30,8,7,1,3.75,1.9086270308410553
TPR,2022-08-18,item_7,22,4,10,3,5.5,3.1091263510296048
TPR,2023-08-17,item_1a,35,10,7,1,3.5,1.7159383568311666
TPR,2023-08-17,item_7,15,4,5,2,3.75,1.2583057392117916
TPR,2024-08-15,item_1a,19,5,6,0,3.8,2.6832815729997477
TPR,2024-08-15,item_7,4,2,4,0,2.0,2.8284271247461903
TRGP,2021-02-18,item_1a,53,14,6,1,3.7857142857142856,1.1883130530663677
TRGP,2021-02-18,item_7,14,3,6,4,4.666666666666667,1.1547005383792517
TRGP,2022-02-24,item_1a,59,8,9,6,7.375,0.9161253813129042
TRGP,2023-02-22,item_1a,27,6,7,2,4.5,2.073644135332772
TRGP,2024-02-15,item_1a,9,3,5,2,3.0,1.7320508075688772
TRMB,2021-02-26,item_1a,35,6,9,4,5.833333333333333,1.7224014243685084
TRMB,2021-02-26,item_7,11,3,6,2,3.6666666666666665,2.0816659994661326
TRMB,2022-02-23,item_1a,63,17,9,1,3.7058823529411766,2.4434787159486615
TRMB,2022-02-23,item_7,28,7,7,-1,4.0,2.943920288775949
TRMB,2023-02-17,item_1a,20,6,8,0,3.3333333333333335,3.559026084010437
TRMB,2024-02-26,item_1a,7,2,4,3,3.5,0.7071067811865476
TROW,2021-02-11,item_1a,32,9,5,1,3.5555555555555554,1.3333333333333333
TROW,2021-02-11,item_7,4,1,4,4,4.0,
TROW,2022-02-24,item_1a,36,10,6,1,3.6,1.505545305418162
TROW,2022-02-24,item_7,1,1,1,1,1.0,
TROW,2023-02-15,item_1a,29,8,6,1,3.625,1.5979898086569355
TROW,2024-02-16,item_1a,36,9,6,1,4.0,1.414213562373095
TRV,2021-02-11,item_1a,45,8,7,4,5.625,0.9161253813129042
TRV,2021-02-11,item_7,19,3,7,6,6.333333333333333,0.5773502691896258
TRV,2022-02-17,item_1a,40,9,7,2,4.444444444444445,2.068278940998476
TRV,2022-02-17,item_7,13,3,6,3,4.333333333333333,1.5275252316519465
TRV,2023-02-16,item_1a,22,4,8,3,5.5,2.0816659994661326
TRV,2023-02-16,item_7,4,1,4,4,4.0,
TRV,2024-02-15,item_1a,22,6,6,2,3.6666666666666665,1.632993161855452
TRV,2024-02-15,item_7,5,1,5,5,5.0,
TSCO,2021-02-18,item_1a,59,11,7,4,5.363636363636363,1.12006493318265
TSCO,2022-02-17,item_1a,91,17,8,3,5.352941176470588,1.2217393579743305
TSCO,2023-02-23,item_1a,29,6,7,2,4.833333333333333,1.9407902170679516
TSCO,2024-02-23,item_1a,15,4,4,3,3.75,0.5
TSLA,2021-02-08,item_1a,43,8,9,1,5.375,2.4458419526091335
TSLA,2021-02-08,item_7,31,6,9,1,5.166666666666667,2.714160398109638
TSLA,2022-02-07,item_1a,46,10,9,1,4.6,2.458545188611437
TSLA,2022-02-07,item_7,14,4,7,1,3.5,2.6457513110645907
TSLA,2023-01-31,item_1a,53,10,9,2,5.3,2.263232692902394
TSLA,2023-01-31,item_7,7,3,4,1,2.3333333333333335,1.5275252316519468
TSLA,2024-01-29,item_1a,9,2,5,4,4.5,0.7071067811865476
TSN,2021-11-15,item_1a,58,13,7,1,4.461538461538462,1.8980421761815787
TSN,2021-11-15,item_7,19,4,7,2,4.75,2.217355782608345
TSN,2022-11-14,item_1a,40,9,7,2,4.444444444444445,1.5898986690282424
TSN,2022-11-14,item_7,5,1,5,5,5.0,
TSN,2023-11-13,item_1a,67,15,8,2,4.466666666666667,2.065591117977289
TSN,2024-11-12,item_1a,23,7,6,1,3.2857142857142856,1.7043362064926932
TT,2021-02-09,item_1a,94,16,9,3,5.875,1.857417562100671
TT,2021-02-09,item_7,42,9,8,-2,4.666666666666667,3.674234614174767
TT,2022-02-07,item_1a,57,11,8,2,5.181818181818182,2.088931871468374
TT,2022-02-07,item_7,6,1,6,6,6.0,
TT,2023-02-10,item_1a,20,9,7,-1,2.2222222222222223,2.6822461565718467
TT,2023-02-10,item_7,6,3,6,0,2.0,3.4641016151377544
TT,2024-02-08,item_1a,25,8,5,1,3.125,1.5526475085202969
TTWO,2021-05-19,item_1a,39,9,7,1,4.333333333333333,1.7320508075688772
TTWO,2021-05-19,item_7,6,2,5,1,3.0,2.8284271247461903
TTWO,2022-05-17,item_1a,50,11,8,2,4.545454545454546,1.8090680674665818
TTWO,2022-05-17,item_7,2,1,2,2,2.0,
TTWO,2023-05-26,item_1a,74,18,8,0,4.111111111111111,2.3982564472816708
TTWO,2023-05-26,item_7,8,1,8,8,8.0,
TTWO,2024-05-22,item_1a,6,2,4,2,3.0,1.4142135623730951
TXN,2021-02-05,item_1a,34,6,7,2,5.666666666666667,1.9663841605003503
TXN,2021-02-05,item_7,24,10,8,-1,2.4,2.7568097504180447
TXN,2022-02-04,item_1a,25,5,7,4,5.0,1.4142135623730951
TXN,2022-02-04,item_7,8,1,8,8,8.0,
TXN,2023-02-03,item_1a,27,7,8,1,3.857142857142857,2.6726124191242437
TXN,2023-02-03,item_7,8,2,7,1,4.0,4.242640687119285
TXN,2024-02-02,item_1a,19,5,4,3,3.8,0.44721359549995787
TXT,2021-02-19,item_1a,46,9,7,3,5.111111111111111,1.1666666666666667
TXT,2021-02-19,item_7,36,6,9,3,6.0,2.0
TXT,2022-02-17,item_1a,51,13,7,1,3.923076923076923,1.9348358440936901
TXT,2022-02-17,item_7,18,5,8,1,3.6,3.209361307176243
TXT,2023-02-16,item_1a,51,10,8,3,5.1,1.6633299933166201
TXT,2024-02-12,item_1a,4,3,4,0,1.3333333333333333,2.3094010767585034
TXT,2024-02-12,item_7,1,1,1,1,1.0,
TYL,2021-02-19,item_1a,34,8,7,0,4.25,2.187627547301936
TYL,2021-02-19,item_7,20,5,6,0,4.0,2.449489742783178
TYL,2022-02-23,item_1a,32,10,6,1,3.2,1.7511900715418265
TYL,2022-02-23,item_7,7,6,5,-3,1.1666666666666667,3.371448748930742
TYL,2023-02-22,item_1a,53,13,6,0,4.076923076923077,2.1000610491736684
TYL,2023-02-22,item_7,10,3,4,3,3.3333333333333335,0.5773502691896258
TYL,2024-02-21,item_1a,18,9,3,1,2.0,0.8660254037844388
UAL,2022-02-18,item_1a,57,9,9,5,6.333333333333333,1.224744871391589
UAL,2022-02-18,item_7,21,3,9,5,7.0,2.0
UAL,2023-02-16,item_1a,42,9,8,2,4.666666666666667,2.23606797749979
UAL,2023-02-16,item_7,5,1,5,5,5.0,
UAL,2024-02-29,item_1a,19,5,5,1,3.8,1.7888543819998317
UBER,2021-03-01,item_1a,46,8,8,2,5.75,1.8322507626258087
UBER,2022-02-24,item_1a,73,12,9,-1,6.083333333333333,2.7122058561364044
UBER,2022-02-24,item_7,-1,1,-1,-1,-1.0,
UBER,2023-02-21,item_1a,37,7,8,3,5.285714285714286,1.7994708216848745
UBER,2024-02-15,item_1a,25,6,5,3,4.166666666666667,0.7527726527090811
UDR,2021-02-18,item_1a,66,12,8,3,5.5,1.8829377433825434
UDR,2022-02-15,item_1a,58,9,9,4,6.444444444444445,1.740051084818425
UDR,2023-02-13,item_1a,39,7,9,2,5.571428571428571,2.439750182371333
UDR,2023-02-13,item_7,1,2,1,0,0.5,0.7071067811865476
UDR,2024-02-20,item_1a,33,12,6,-1,2.75,1.9598237397554634
UHS,2021-02-25,item_1a,30,5,8,2,6.0,2.5495097567963922
UHS,2022-02-24,item_1a,44,8,8,4,5.5,1.414213562373095
UHS,2022-02-24,item_7,10,2,5,5,5.0,0.0
UHS,2023-02-27,item_1a,45,8,9,1,5.625,2.615202805574687
UHS,2023-02-27,item_7,26,4,9,4,6.5,2.3804761428476167
UHS,2024-02-27,item_1a,47,8,6,5,5.875,0.3535533905932738
UHS,2024-02-27,item_7,5,1,5,5,5.0,
ULTA,2021-03-26,item_1a,46,11,8,2,4.181818181818182,1.9908883353006925
ULTA,2021-03-26,item_7,29,5,7,5,5.8,0.8366600265340756
ULTA,2022-03-25,item_1a,67,14,9,1,4.785714285714286,2.423556554658127
ULTA,2022-03-25,item_7,16,4,5,2,4.0,1.4142135623730951
ULTA,2023-03-24,item_1a,44,8,7,4,5.5,1.1952286093343936
ULTA,2023-03-24,item_7,6,1,6,6,6.0,
ULTA,2024-03-26,item_1a,6,5,5,0,1.2,2.16794833886788
ULTA,2024-03-26,item_7,1,1,1,1,1.0,
UNH,2021-03-01,item_1a,63,12,8,2,5.25,1.5447859516333116
UNH,2021-03-01,item_7,15,4,6,3,3.75,1.5
UNH,2022-02-15,item_1a,72,18,7,2,4.0,1.2366938848016849
UNH,2022-02-15,item_7,35,13,5,1,2.6923076923076925,1.1821319289469756
UNH,2023-02-24,item_1a,47,8,8,4,5.875,1.6420805617960927
UNH,2023-02-24,item_7,8,1,8,8,8.0,
UNH,2024-02-28,item_1a,17,5,5,1,3.4,1.816590212458495
UNP,2021-02-05,item_1a,30,6,7,3,5.0,1.6733200530681511
UNP,2021-02-05,item_7,24,6,5,3,4.0,0.8944271909999159
UNP,2022-02-04,item_1a,38,9,7,2,4.222222222222222,2.1081851067789192
UNP,2022-02-04,item_7,3,3,1,1,1.0,0.0
UNP,2023-02-10,item_1a,26,7,7,1,3.7142857142857144,2.4299715851758235
UNP,2024-02-09,item_1a,25,7,6,1,3.5714285714285716,1.7182493859684491
UPS,2021-02-22,item_1a,24,5,6,3,4.8,1.3038404810405297
UPS,2021-02-22,item_7,12,4,5,0,3.0,2.160246899469287
UPS,2022-02-22,item_1a,48,12,9,1,4.0,2.412090756622109
UPS,2022-02-22,item_7,19,4,6,4,4.75,0.9574271077563381
UPS,2023-02-21,item_1a,32,6,8,2,5.333333333333333,2.3380903889000244
UPS,2023-02-21,item_7,7,2,6,1,3.5,3.5355339059327378
UPS,2024-02-20,item_1a,4,1,4,4,4.0,
URI,2021-01-27,item_1a,33,7,6,3,4.714285714285714,1.2535663410560174
URI,2021-01-27,item_7,4,1,4,4,4.0,
URI,2022-01-26,item_1a,45,15,7,1,3.0,2.0354009783964297
URI,2022-01-26,item_7,4,3,4,-2,1.3333333333333333,3.055050463303893
URI,2023-01-25,item_1a,19,4,7,1,4.75,2.8722813232690143
URI,2023-01-25,item_7,17,5,6,0,3.4,2.701851217221259
URI,2024-01-24,item_1a,8,3,3,2,2.6666666666666665,0.5773502691896258
URI,2024-01-24,item_7,1,4,1,0,0.25,0.5
V,2021-11-18,item_1a,59,12,7,3,4.916666666666667,1.2401124093721456
V,2021-11-18,item_7,5,1,5,5,5.0,
V,2022-11-16,item_1a,29,6,8,1,4.833333333333333,2.316606713852541
V,2023-11-15,item_1a,25,5,7,3,5.0,2.0
V,2024-11-13,item_1a,5,1,5,5,5.0,
VICI,2021-02-18,item_1a,65,10,9,3,6.5,1.5811388300841898
VICI,2021-02-18,item_7,9,1,9,9,9.0,
VICI,2022-02-23,item_1a,98,21,9,2,4.666666666666667,1.7701224063135672
VICI,2022-02-23,item_7,21,4,9,2,5.25,2.8722813232690143
VICI,2023-02-23,item_1a,23,4,7,5,5.75,0.9574271077563381
VICI,2024-02-22,item_1a,5,1,5,5,5.0,
VLTO,2024-02-28,item_1a,14,6,4,1,2.3333333333333335,1.2110601416389968
VLTO,2024-02-28,item_7,4,1,4,4,4.0,
VMC,2021-02-25,item_1a,45,10,9,-1,4.5,2.9154759474226504
VMC,2021-02-25,item_7,8,2,8,0,4.0,5.656854249492381
VMC,2022-02-25,item_1a,29,7,6,3,4.142857142857143,1.3451854182690983
VMC,2022-02-25,item_7,6,1,6,6,6.0,
VMC,2023-02-24,item_1a,12,4,4,0,3.0,2.0
VMC,2023-02-24,item_7,9,1,9,9,9.0,
VMC,2024-02-22,item_1a,2,1,2,2,2.0,
VRSK,2021-02-23,item_1a,1,1,1,1,1.0,
VRSK,2021-02-23,item_7,20,10,8,-3,2.0,3.2317865716108862
VRSK,2022-02-22,item_1a,4,1,4,4,4.0,
VRSK,2022-02-22,item_7,31,8,6,1,3.875,1.9594095320493148
VRSK,2023-02-28,item_1a,4,1,4,4,4.0,
VRSK,2023-02-28,item_7,9,3,6,1,3.0,2.6457513110645907
VRSK,2024-02-21,item_7,4,2,3,1,2.0,1.4142135623730951
VRSN,2021-02-19,item_1a,19,5,5,3,3.8,0.8366600265340756
VRSN,2021-02-19,item_7,11,3,5,2,3.6666666666666665,1.5275252316519465
VRSN,2022-02-18,item_1a,21,9,5,0,2.3333333333333335,1.8708286933869707
VRSN,2022-02-18,item_7,15,8,5,0,1.875,2.1671244937540095
VRSN,2023-02-17,item_1a,7,2,6,1,3.5,3.5355339059327378
VRSN,2023-02-17,item_7,3,1,3,3,3.0,
VRTX,2021-02-11,item_1a,40,11,6,2,3.6363636363636362,1.5015143870590963
VRTX,2021-02-11,item_7,2,1,2,2,2.0,
VRTX,2022-02-09,item_1a,64,10,8,5,6.4,0.8432740427115678
VRTX,2023-02-10,item_1a,58,10,8,4,5.8,1.3165611772087666
VRTX,2024-02-15,item_1a,4,2,4,0,2.0,2.8284271247461903
VST,2021-02-26,item_1a,20,4,7,4,5.0,1.414213562373095
VST,2021-02-26,item_7,9,2,5,4,4.5,0.7071067811865476
VST,2022-02-25,item_1a,21,4,6,4,5.25,0.9574271077563381
VST,2022-02-25,item_7,6,1,6,6,6.0,
VST,2023-03-01,item_1a,24,4,9,1,6.0,3.4641016151377544
VST,2024-02-29,item_1a,15,4,5,1,3.75,1.8929694486000912
VTR,2021-02-23,item_1a,82,18,8,3,4.555555555555555,1.6528841894672628
VTR,2021-02-23,item_7,43,8,8,3,5.375,1.597989808656935
VTR,2022-02-18,item_1a,69,14,7,3,4.928571428571429,1.4392458342578487
VTR,2022-02-18,item_7,20,4,7,3,5.0,1.8257418583505538
VTR,2023-02-10,item_1a,61,11,8,1,5.545454545454546,2.018099916438052
VTR,2023-02-10,item_7,8,1,8,8,8.0,
VTR,2024-02-15,item_1a,37,10,6,0,3.7,1.8287822299126937
VTRS,2021-03-01,item_1a,56,10,8,2,5.6,1.7126976771553506
VTRS,2021-03-01,item_7,8,2,6,2,4.0,2.8284271247461903
VTRS,2022-02-28,item_1a,74,10,9,6,7.4,1.1737877907772671
VTRS,2022-02-28,item_7,15,2,9,6,7.5,2.1213203435596424
VTRS,2023-02-27,item_1a,32,8,8,2,4.0,2.138089935299395
VTRS,2023-02-27,item_7,8,1,8,8,8.0,
VTRS,2024-02-28,item_1a,5,1,5,5,5.0,
VTRS,2024-02-28,item_7,1,1,1,1,1.0,
VZ,2021-02-25,item_1a,32,6,7,1,5.333333333333333,2.250925735484551
VZ,2021-02-25,item_7,16,4,7,2,4.0,2.160246899469287
VZ,2022-02-11,item_1a,34,8,8,0,4.25,2.659215781283755
VZ,2022-02-11,item_7,8,3,5,0,2.6666666666666665,2.5166114784235836
VZ,2023-02-10,item_1a,20,7,6,1,2.857142857142857,1.864454471471609
VZ,2023-02-10,item_7,1,1,1,1,1.0,
VZ,2024-02-09,item_1a,21,5,6,2,4.2,1.7888543819998317
WAB,2024-02-14,item_1a,27,7,7,1,3.857142857142857,2.4784787961282104
WAT,2022-02-24,item_1a,60,10,9,1,6.0,2.260776661041756
WAT,2022-02-24,item_7,15,5,9,-4,3.0,5.338539126015656
WAT,2024-02-27,item_1a,14,5,5,1,2.8,1.7888543819998317
WAT,2024-02-27,item_7,4,1,4,4,4.0,
WBA,2021-10-14,item_1a,67,11,9,4,6.090909090909091,1.5782614139961384
WBA,2021-10-14,item_7,7,1,7,7,7.0,
WBA,2022-10-13,item_1a,55,12,7,3,4.583333333333333,1.3789543689024495
WBA,2022-10-13,item_7,4,1,4,4,4.0,
WBA,2023-10-12,item_1a,29,6,6,4,4.833333333333333,0.983192080250175
WBA,2023-10-12,item_7,16,3,6,4,5.333333333333333,1.1547005383792515
WBA,2024-10-15,item_1a,11,5,4,1,2.2,1.0954451150103321
WBA,2024-10-15,item_7,8,4,4,1,2.0,1.4142135623730951
WBD,2021-02-22,item_1a,43,6,9,6,7.166666666666667,1.1690451944500122
WBD,2021-02-22,item_7,14,6,7,-1,2.3333333333333335,2.9439202887759492
WBD,2022-02-24,item_1a,28,6,7,3,4.666666666666667,1.632993161855452
WBD,2022-02-24,item_7,12,4,5,-2,3.0,3.366501646120693
WBD,2023-02-24,item_1a,30,7,6,2,4.285714285714286,1.7043362064926932
WBD,2023-02-24,item_7,11,2,8,3,5.5,3.5355339059327378
WBD,2024-02-23,item_1a,9,3,5,1,3.0,2.0
WDAY,2021-03-02,item_1a,65,12,7,1,5.416666666666667,1.6764862244009227
WDAY,2022-02-28,item_1a,94,24,6,2,3.9166666666666665,1.0598058340078627
WDAY,2023-02-27,item_1a,24,6,7,3,4.0,1.549193338482967
WDAY,2023-02-27,item_7,12,2,7,5,6.0,1.4142135623730951
WDAY,2024-03-08,item_1a,14,3,6,4,4.666666666666667,1.1547005383792517
WDC,2021-08-27,item_1a,57,9,9,3,6.333333333333333,1.8708286933869704
WDC,2021-08-27,item_7,18,4,10,-4,4.5,6.027713773341707
WDC,2022-08-25,item_1a,39,14,5,0,2.7857142857142856,1.5281246137553166
WDC,2022-08-25,item_7,18,5,7,0,3.6,2.5099800796022262
WDC,2023-08-22,item_1a,21,9,5,1,2.3333333333333335,1.5
WDC,2024-08-20,item_1a,16,4,6,2,4.0,1.632993161855452
WEC,2021-02-25,item_1a,36,11,7,-2,3.272727272727273,2.453198283502949
WEC,2021-02-25,item_7,20,7,4,-2,2.857142857142857,2.2677868380553634
WEC,2022-02-24,item_1a,42,12,8,0,3.5,2.393172105652397
WEC,2022-02-24,item_7,25,7,8,0,3.5714285714285716,2.878491668515698
WEC,2023-02-23,item_1a,16,6,4,1,2.6666666666666665,1.2110601416389966
WEC,2024-02-22,item_1a,25,6,6,0,4.166666666666667,2.136976056643281
WEC,2024-02-22,item_7,4,1,4,4,4.0,
WELL,2021-02-10,item_1a,39,9,9,2,4.333333333333333,2.179449471770337
WELL,2021-02-10,item_7,16,4,6,2,4.0,1.632993161855452
WELL,2022-02-16,item_1a,45,9,9,3,5.0,2.0
WELL,2022-02-16,item_7,6,1,6,6,6.0,
WELL,2023-02-21,item_1a,46,8,10,2,5.75,2.4928469095164503
WELL,2024-02-15,item_1a,30,5,9,4,6.0,2.345207879911715
WM,2021-02-22,item_1a,46,9,7,3,5.111111111111111,1.536590742882148
WM,2021-02-22,item_7,18,3,10,4,6.0,3.4641016151377544
WM,2022-02-15,item_1a,47,10,7,4,4.7,0.9486832980505137
WM,2022-02-15,item_7,21,5,5,4,4.2,0.4472135954999579
WM,2023-02-07,item_1a,52,9,9,3,5.777777777777778,1.9860625479688307
WM,2023-02-07,item_7,14,3,7,1,4.666666666666667,3.2145502536643185
WM,2024-02-13,item_1a,9,3,6,1,3.0,2.6457513110645907
WMB,2021-02-24,item_1a,35,7,7,4,5.0,1.1547005383792515
WMB,2021-02-24,item_7,8,2,8,0,4.0,5.656854249492381
WMB,2022-02-28,item_1a,34,6,7,4,5.666666666666667,1.2110601416389966
WMB,2023-02-27,item_1a,8,2,5,3,4.0,1.4142135623730951
WMB,2024-02-21,item_1a,2,1,2,2,2.0,
WMT,2021-03-19,item_1a,39,8,6,3,4.875,0.9910312089651149
WMT,2021-03-19,item_7,9,2,5,4,4.5,0.7071067811865476
WMT,2022-03-18,item_1a,78,16,8,0,4.875,2.247220505424423
WMT,2022-03-18,item_7,13,2,7,6,6.5,0.7071067811865476
WMT,2023-03-17,item_1a,35,10,5,2,3.5,0.97182531580755
WMT,2023-03-17,item_7,4,2,3,1,2.0,1.4142135623730951
WMT,2024-03-15,item_1a,24,5,6,4,4.8,0.8366600265340756
WMT,2024-03-15,item_7,4,1,4,4,4.0,
WRB,2021-02-18,item_1a,65,12,10,2,5.416666666666667,2.314316444667973
WRB,2021-02-18,item_7,31,6,9,4,5.166666666666667,2.0412414523193148
WRB,2022-02-24,item_1a,58,14,7,2,4.142857142857143,1.5118578920369088
WRB,2022-02-24,item_7,25,5,7,2,5.0,2.1213203435596424
WRB,2023-02-24,item_1a,45,10,9,2,4.5,2.068278940998476
WRB,2023-02-24,item_7,13,2,9,4,6.5,3.5355339059327378
WRB,2024-02-23,item_1a,72,18,6,3,4.0,0.7669649888473703
WRB,2024-02-23,item_7,14,3,6,3,4.666666666666667,1.5275252316519468
WST,2021-02-23,item_1a,34,11,6,0,3.090909090909091,1.9725387425622571
WST,2021-02-23,item_7,2,1,2,2,2.0,
WST,2022-02-22,item_1a,20,9,4,0,2.2222222222222223,1.3944333775567925
WST,2022-02-22,item_7,1,4,2,-3,0.25,2.217355782608345
WST,2023-02-21,item_1a,32,8,9,1,4.0,3.251373336211726
WST,2023-02-21,item_7,0,2,0,0,0.0,0.0
WST,2024-02-20,item_1a,4,1,4,4,4.0,
WST,2024-02-20,item_7,11,2,6,5,5.5,0.7071067811865476
WTW,2021-02-23,item_1a,41,9,7,2,4.555555555555555,1.5898986690282426
WTW,2021-02-23,item_7,17,4,7,2,4.25,2.217355782608345
WTW,2022-02-24,item_1a,70,12,8,3,5.833333333333333,1.2673044646258473
WTW,2022-02-24,item_7,21,4,7,3,5.25,1.707825127659933
WTW,2023-02-24,item_1a,39,8,7,3,4.875,1.5526475085202969
WTW,2024-02-22,item_1a,21,5,6,3,4.2,1.0954451150103321
WTW,2024-02-22,item_7,4,1,4,4,4.0,
WYNN,2021-02-26,item_1a,40,7,7,3,5.714285714285714,1.6035674514745464
WYNN,2021-02-26,item_7,43,7,8,4,6.142857142857143,1.3451854182690985
WYNN,2022-02-28,item_1a,29,6,7,3,4.833333333333333,1.4719601443879746
WYNN,2022-02-28,item_7,7,1,7,7,7.0,
WYNN,2023-02-27,item_1a,21,7,4,1,3.0,1.1547005383792517
WYNN,2023-02-27,item_7,12,3,4,4,4.0,0.0
WYNN,2024-02-23,item_1a,17,5,6,1,3.4,1.8165902124584947
XEL,2021-02-17,item_1a,22,9,4,1,2.4444444444444446,1.130388330520878
XEL,2021-02-17,item_7,9,4,5,-2,2.25,3.0956959368344514
XEL,2022-02-23,item_1a,30,12,7,-3,2.5,3.554766326548573
XEL,2022-02-23,item_7,-1,3,3,-3,-0.3333333333333333,3.0550504633038935
XEL,2023-02-23,item_1a,12,6,4,0,2.0,1.8973665961010275
XEL,2024-02-21,item_1a,16,6,5,1,2.6666666666666665,1.8618986725025255
XOM,2021-02-24,item_1a,13,3,8,1,4.333333333333333,3.511884584284246
XOM,2022-02-23,item_1a,16,3,9,2,5.333333333333333,3.511884584284246
XOM,2023-02-22,item_1a,11,3,8,1,3.6666666666666665,3.7859388972001824
XOM,2024-02-28,item_1a,11,3,7,2,3.6666666666666665,2.886751345948129
XYL,2021-02-26,item_1a,62,12,9,1,5.166666666666667,2.5524794837866014
XYL,2021-02-26,item_7,14,6,5,0,2.3333333333333335,2.1602468994692865
XYL,2022-02-25,item_1a,94,14,9,2,6.714285714285714,1.815682598006407
XYL,2022-02-25,item_7,30,6,7,2,5.0,2.3664319132398464
XYL,2023-02-24,item_1a,18,6,6,1,3.0,2.0
XYL,2024-02-28,item_1a,12,4,4,2,3.0,0.816496580927726
YUM,2021-02-22,item_1a,77,14,9,-1,5.5,2.472930370104386
YUM,2021-02-22,item_7,16,4,8,-1,4.0,3.7416573867739413
YUM,2022-02-23,item_1a,56,12,8,-2,4.666666666666667,2.570225788926064
YUM,2022-02-23,item_7,8,1,8,8,8.0,
YUM,2023-02-27,item_1a,63,12,8,3,5.25,1.6025547785276542
YUM,2023-02-27,item_7,23,4,7,4,5.75,1.5000000000000002
YUM,2024-02-20,item_1a,25,8,4,1,3.125,0.9910312089651148
ZBH,2022-02-25,item_1a,67,9,10,6,7.444444444444445,1.2360330811826103
ZBH,2022-02-25,item_7,23,3,9,7,7.666666666666667,1.1547005383792515
ZBH,2024-02-23,item_1a,11,2,6,5,5.5,0.7071067811865476
ZBH,2024-02-23,item_7,7,3,4,1,2.3333333333333335,1.5275252316519468
ZBRA,2021-02-11,item_1a,63,18,6,-2,3.5,2.455486054675506
ZBRA,2021-02-11,item_7,17,9,7,-2,1.8888888888888888,2.848001248439177
ZBRA,2022-02-10,item_1a,49,11,7,-1,4.454545454545454,2.0670576365276494
ZBRA,2022-02-10,item_7,9,4,4,-1,2.25,2.362907813126304
ZBRA,2023-02-16,item_1a,81,19,8,1,4.2631578947368425,1.9675733859858355
ZBRA,2023-02-16,item_7,20,4,8,1,5.0,3.1622776601683795
ZBRA,2024-02-15,item_1a,29,9,6,1,3.2222222222222223,1.986062547968831
ZBRA,2024-02-15,item_7,1,1,1,1,1.0,
ZTS,2021-02-16,item_1a,84,13,10,4,6.461538461538462,2.0254787341673333
ZTS,2021-02-16,item_7,33,6,7,4,5.5,1.378404875209022
ZTS,2022-02-15,item_1a,63,11,8,3,5.7272727272727275,1.6787441193290351
ZTS,2022-02-15,item_7,10,2,6,4,5.0,1.4142135623730951
ZTS,2023-02-14,item_1a,63,20,9,1,3.15,2.6412716235695415
ZTS,2023-02-14,item_7,26,5,9,1,5.2,3.3466401061363023
ZTS,2024-02-13,item_1a,18,5,6,2,3.6,1.51657508881031
ZTS,2024-02-13,item_7,4,1,4,4,4.0,
