company_name,date,number_of_evidence,evidence_no,final_snippet_score
AAPL,2021-10-29,18,1,6
AAPL,2021-10-29,18,2,3
AAPL,2021-10-29,18,3,3
AAPL,2021-10-29,18,4,3
AAPL,2021-10-29,18,5,5
AAPL,2021-10-29,18,6,7
AAPL,2021-10-29,18,7,3
AAPL,2021-10-29,18,8,2
AAPL,2021-10-29,18,9,1
AAPL,2021-10-29,18,10,3
AAPL,2021-10-29,18,11,4
AAPL,2021-10-29,18,12,2
AAPL,2021-10-29,18,13,4
AAPL,2021-10-29,18,14,2
AAPL,2021-10-29,18,15,5
AAPL,2021-10-29,18,16,7
AAPL,2021-10-29,18,17,2
AAPL,2021-10-29,18,18,3
AAPL,2022-10-28,19,1,8
AAPL,2022-10-28,19,2,3
AAPL,2022-10-28,19,3,2
AAPL,2022-10-28,19,4,3
AAPL,2022-10-28,19,5,7
AAPL,2022-10-28,19,6,9
AAPL,2022-10-28,19,7,3
AAPL,2022-10-28,19,8,0
AAPL,2022-10-28,19,9,5
AAPL,2022-10-28,19,10,5
AAPL,2022-10-28,19,11,3
AAPL,2022-10-28,19,12,7
AAPL,2022-10-28,19,13,4
AAPL,2022-10-28,19,14,3
AAPL,2022-10-28,19,15,6
AAPL,2022-10-28,19,16,6
AAPL,2022-10-28,19,17,2
AAPL,2022-10-28,19,18,5
AAPL,2022-10-28,19,19,4
AAPL,2023-11-03,2,1,4
AAPL,2023-11-03,2,2,6
AAPL,2024-11-01,2,1,6
AAPL,2024-11-01,2,2,1
ABBV,2021-02-19,9,1,7
ABBV,2021-02-19,9,2,3
ABBV,2021-02-19,9,3,4
ABBV,2021-02-19,9,4,3
ABBV,2021-02-19,9,5,2
ABBV,2021-02-19,9,6,2
ABBV,2021-02-19,9,7,3
ABBV,2021-02-19,9,8,1
ABBV,2021-02-19,9,9,3
ABBV,2022-02-18,11,1,6
ABBV,2022-02-18,11,2,5
ABBV,2022-02-18,11,3,4
ABBV,2022-02-18,11,4,4
ABBV,2022-02-18,11,5,1
ABBV,2022-02-18,11,6,2
ABBV,2022-02-18,11,7,1
ABBV,2022-02-18,11,8,2
ABBV,2022-02-18,11,9,2
ABBV,2022-02-18,11,10,3
ABBV,2022-02-18,11,11,2
ABBV,2023-02-17,13,1,7
ABBV,2023-02-17,13,2,4
ABBV,2023-02-17,13,3,3
ABBV,2023-02-17,13,4,3
ABBV,2023-02-17,13,5,2
ABBV,2023-02-17,13,6,3
ABBV,2023-02-17,13,7,3
ABBV,2023-02-17,13,8,4
ABBV,2023-02-17,13,9,0
ABBV,2023-02-17,13,10,2
ABBV,2023-02-17,13,11,5
ABBV,2023-02-17,13,12,4
ABBV,2023-02-17,13,13,2
ABBV,2024-02-20,5,1,5
ABBV,2024-02-20,5,2,2
ABBV,2024-02-20,5,3,1
ABBV,2024-02-20,5,4,5
ABBV,2024-02-20,5,5,1
ABNB,2021-02-26,9,1,9
ABNB,2021-02-26,9,2,7
ABNB,2021-02-26,9,3,7
ABNB,2021-02-26,9,4,5
ABNB,2021-02-26,9,5,4
ABNB,2021-02-26,9,6,7
ABNB,2021-02-26,9,7,5
ABNB,2021-02-26,9,8,6
ABNB,2021-02-26,9,9,4
ABNB,2022-02-25,10,1,7
ABNB,2022-02-25,10,2,7
ABNB,2022-02-25,10,3,3
ABNB,2022-02-25,10,4,5
ABNB,2022-02-25,10,5,6
ABNB,2022-02-25,10,6,5
ABNB,2022-02-25,10,7,5
ABNB,2022-02-25,10,8,6
ABNB,2022-02-25,10,9,5
ABNB,2022-02-25,10,10,5
ABNB,2023-02-17,9,1,9
ABNB,2023-02-17,9,2,7
ABNB,2023-02-17,9,3,5
ABNB,2023-02-17,9,4,3
ABNB,2023-02-17,9,5,5
ABNB,2023-02-17,9,6,4
ABNB,2023-02-17,9,7,3
ABNB,2023-02-17,9,8,3
ABNB,2023-02-17,9,9,3
ABNB,2024-02-16,3,1,5
ABNB,2024-02-16,3,2,5
ABNB,2024-02-16,3,3,4
ABT,2021-02-19,13,1,3
ABT,2021-02-19,13,2,4
ABT,2021-02-19,13,3,6
ABT,2021-02-19,13,4,4
ABT,2021-02-19,13,5,4
ABT,2021-02-19,13,6,4
ABT,2021-02-19,13,7,6
ABT,2021-02-19,13,8,5
ABT,2021-02-19,13,9,5
ABT,2021-02-19,13,10,5
ABT,2021-02-19,13,11,1
ABT,2021-02-19,13,12,1
ABT,2021-02-19,13,13,1
ABT,2022-02-18,12,1,4
ABT,2022-02-18,12,2,4
ABT,2022-02-18,12,3,4
ABT,2022-02-18,12,4,4
ABT,2022-02-18,12,5,5
ABT,2022-02-18,12,6,6
ABT,2022-02-18,12,7,6
ABT,2022-02-18,12,8,1
ABT,2022-02-18,12,9,3
ABT,2022-02-18,12,10,0
ABT,2022-02-18,12,11,2
ABT,2022-02-18,12,12,0
ABT,2023-02-17,16,1,9
ABT,2023-02-17,16,2,6
ABT,2023-02-17,16,3,1
ABT,2023-02-17,16,4,5
ABT,2023-02-17,16,5,9
ABT,2023-02-17,16,6,9
ABT,2023-02-17,16,7,7
ABT,2023-02-17,16,8,1
ABT,2023-02-17,16,9,5
ABT,2023-02-17,16,10,4
ABT,2023-02-17,16,11,6
ABT,2023-02-17,16,12,5
ABT,2023-02-17,16,13,7
ABT,2023-02-17,16,14,7
ABT,2023-02-17,16,15,1
ABT,2023-02-17,16,16,5
ABT,2024-02-16,8,1,6
ABT,2024-02-16,8,2,5
ABT,2024-02-16,8,3,6
ABT,2024-02-16,8,4,2
ABT,2024-02-16,8,5,5
ABT,2024-02-16,8,6,2
ABT,2024-02-16,8,7,1
ABT,2024-02-16,8,8,5
ACGL,2021-02-26,12,1,7
ACGL,2021-02-26,12,2,6
ACGL,2021-02-26,12,3,7
ACGL,2021-02-26,12,4,7
ACGL,2021-02-26,12,5,5
ACGL,2021-02-26,12,6,6
ACGL,2021-02-26,12,7,8
ACGL,2021-02-26,12,8,5
ACGL,2021-02-26,12,9,5
ACGL,2021-02-26,12,10,9
ACGL,2021-02-26,12,11,6
ACGL,2021-02-26,12,12,5
ACGL,2022-02-25,12,1,7
ACGL,2022-02-25,12,2,6
ACGL,2022-02-25,12,3,7
ACGL,2022-02-25,12,4,7
ACGL,2022-02-25,12,5,5
ACGL,2022-02-25,12,6,5
ACGL,2022-02-25,12,7,3
ACGL,2022-02-25,12,8,4
ACGL,2022-02-25,12,9,7
ACGL,2022-02-25,12,10,5
ACGL,2022-02-25,12,11,4
ACGL,2022-02-25,12,12,1
ACGL,2023-02-24,10,1,8
ACGL,2023-02-24,10,2,7
ACGL,2023-02-24,10,3,1
ACGL,2023-02-24,10,4,7
ACGL,2023-02-24,10,5,5
ACGL,2023-02-24,10,6,2
ACGL,2023-02-24,10,7,4
ACGL,2023-02-24,10,8,6
ACGL,2023-02-24,10,9,7
ACGL,2023-02-24,10,10,0
ACGL,2024-02-23,7,1,2
ACGL,2024-02-23,7,2,3
ACGL,2024-02-23,7,3,4
ACGL,2024-02-23,7,4,1
ACGL,2024-02-23,7,5,0
ACGL,2024-02-23,7,6,-2
ACGL,2024-02-23,7,7,4
ACN,2021-10-15,11,1,7
ACN,2021-10-15,11,2,8
ACN,2021-10-15,11,3,6
ACN,2021-10-15,11,4,5
ACN,2021-10-15,11,5,4
ACN,2021-10-15,11,6,5
ACN,2021-10-15,11,7,5
ACN,2021-10-15,11,8,5
ACN,2021-10-15,11,9,5
ACN,2021-10-15,11,10,4
ACN,2021-10-15,11,11,4
ACN,2022-10-12,5,1,5
ACN,2022-10-12,5,2,6
ACN,2022-10-12,5,3,2
ACN,2022-10-12,5,4,1
ACN,2022-10-12,5,5,1
ACN,2023-10-12,5,1,6
ACN,2023-10-12,5,2,5
ACN,2023-10-12,5,3,4
ACN,2023-10-12,5,4,4
ACN,2023-10-12,5,5,3
ACN,2024-10-10,3,1,5
ACN,2024-10-10,3,2,3
ACN,2024-10-10,3,3,1
ADBE,2021-01-15,13,1,9
ADBE,2021-01-15,13,2,7
ADBE,2021-01-15,13,3,5
ADBE,2021-01-15,13,4,4
ADBE,2021-01-15,13,5,5
ADBE,2021-01-15,13,6,5
ADBE,2021-01-15,13,7,4
ADBE,2021-01-15,13,8,6
ADBE,2021-01-15,13,9,8
ADBE,2021-01-15,13,10,7
ADBE,2021-01-15,13,11,4
ADBE,2021-01-15,13,12,4
ADBE,2021-01-15,13,13,3
ADBE,2022-01-21,13,1,7
ADBE,2022-01-21,13,2,4
ADBE,2022-01-21,13,3,4
ADBE,2022-01-21,13,4,4
ADBE,2022-01-21,13,5,7
ADBE,2022-01-21,13,6,6
ADBE,2022-01-21,13,7,5
ADBE,2022-01-21,13,8,2
ADBE,2022-01-21,13,9,5
ADBE,2022-01-21,13,10,3
ADBE,2022-01-21,13,11,2
ADBE,2022-01-21,13,12,5
ADBE,2022-01-21,13,13,5
ADBE,2023-01-17,4,1,5
ADBE,2023-01-17,4,2,7
ADBE,2023-01-17,4,3,3
ADBE,2023-01-17,4,4,5
ADBE,2024-01-17,6,1,5
ADBE,2024-01-17,6,2,1
ADBE,2024-01-17,6,3,1
ADBE,2024-01-17,6,4,0
ADBE,2024-01-17,6,5,1
ADBE,2024-01-17,6,6,1
ADI,2021-12-03,15,1,2
ADI,2021-12-03,15,2,8
ADI,2021-12-03,15,3,7
ADI,2021-12-03,15,4,3
ADI,2021-12-03,15,5,7
ADI,2021-12-03,15,6,5
ADI,2021-12-03,15,7,3
ADI,2021-12-03,15,8,6
ADI,2021-12-03,15,9,3
ADI,2021-12-03,15,10,6
ADI,2021-12-03,15,11,6
ADI,2021-12-03,15,12,6
ADI,2021-12-03,15,13,7
ADI,2021-12-03,15,14,2
ADI,2021-12-03,15,15,4
ADI,2022-11-22,10,1,3
ADI,2022-11-22,10,2,2
ADI,2022-11-22,10,3,7
ADI,2022-11-22,10,4,6
ADI,2022-11-22,10,5,1
ADI,2022-11-22,10,6,2
ADI,2022-11-22,10,7,2
ADI,2022-11-22,10,8,4
ADI,2022-11-22,10,9,5
ADI,2022-11-22,10,10,2
ADI,2023-11-21,9,1,3
ADI,2023-11-21,9,2,4
ADI,2023-11-21,9,3,1
ADI,2023-11-21,9,4,4
ADI,2023-11-21,9,5,8
ADI,2023-11-21,9,6,4
ADI,2023-11-21,9,7,1
ADI,2023-11-21,9,8,4
ADI,2023-11-21,9,9,1
ADI,2024-11-26,3,1,5
ADI,2024-11-26,3,2,2
ADI,2024-11-26,3,3,4
ADM,2021-02-18,16,1,3
ADM,2021-02-18,16,2,7
ADM,2021-02-18,16,3,3
ADM,2021-02-18,16,4,6
ADM,2021-02-18,16,5,3
ADM,2021-02-18,16,6,7
ADM,2021-02-18,16,7,4
ADM,2021-02-18,16,8,4
ADM,2021-02-18,16,9,2
ADM,2021-02-18,16,10,5
ADM,2021-02-18,16,11,6
ADM,2021-02-18,16,12,6
ADM,2021-02-18,16,13,1
ADM,2021-02-18,16,14,2
ADM,2021-02-18,16,15,2
ADM,2021-02-18,16,16,1
ADM,2022-02-17,10,1,5
ADM,2022-02-17,10,2,4
ADM,2022-02-17,10,3,5
ADM,2022-02-17,10,4,3
ADM,2022-02-17,10,5,4
ADM,2022-02-17,10,6,2
ADM,2022-02-17,10,7,2
ADM,2022-02-17,10,8,3
ADM,2022-02-17,10,9,1
ADM,2022-02-17,10,10,2
ADM,2023-02-14,7,1,4
ADM,2023-02-14,7,2,3
ADM,2023-02-14,7,3,7
ADM,2023-02-14,7,4,5
ADM,2023-02-14,7,5,6
ADM,2023-02-14,7,6,6
ADM,2023-02-14,7,7,2
ADM,2024-03-12,5,1,3
ADM,2024-03-12,5,2,8
ADM,2024-03-12,5,3,7
ADM,2024-03-12,5,4,3
ADM,2024-03-12,5,5,6
ADP,2021-08-04,6,1,9
ADP,2021-08-04,6,2,7
ADP,2021-08-04,6,3,5
ADP,2021-08-04,6,4,3
ADP,2021-08-04,6,5,6
ADP,2021-08-04,6,6,2
ADP,2022-08-03,7,1,6
ADP,2022-08-03,7,2,5
ADP,2022-08-03,7,3,4
ADP,2022-08-03,7,4,3
ADP,2022-08-03,7,5,2
ADP,2022-08-03,7,6,3
ADP,2022-08-03,7,7,3
ADP,2023-08-03,5,1,7
ADP,2023-08-03,5,2,2
ADP,2023-08-03,5,3,3
ADP,2023-08-03,5,4,1
ADP,2023-08-03,5,5,2
ADP,2024-08-07,6,1,4
ADP,2024-08-07,6,2,5
ADP,2024-08-07,6,3,4
ADP,2024-08-07,6,4,3
ADP,2024-08-07,6,5,1
ADP,2024-08-07,6,6,1
ADSK,2021-03-19,8,1,7
ADSK,2021-03-19,8,2,7
ADSK,2021-03-19,8,3,6
ADSK,2021-03-19,8,4,3
ADSK,2021-03-19,8,5,8
ADSK,2021-03-19,8,6,7
ADSK,2021-03-19,8,7,9
ADSK,2021-03-19,8,8,4
ADSK,2022-03-14,6,1,7
ADSK,2022-03-14,6,2,3
ADSK,2022-03-14,6,3,7
ADSK,2022-03-14,6,4,5
ADSK,2022-03-14,6,5,2
ADSK,2022-03-14,6,6,5
ADSK,2023-03-14,12,1,2
ADSK,2023-03-14,12,2,6
ADSK,2023-03-14,12,3,7
ADSK,2023-03-14,12,4,4
ADSK,2023-03-14,12,5,4
ADSK,2023-03-14,12,6,2
ADSK,2023-03-14,12,7,3
ADSK,2023-03-14,12,8,2
ADSK,2023-03-14,12,9,5
ADSK,2023-03-14,12,10,4
ADSK,2023-03-14,12,11,4
ADSK,2023-03-14,12,12,4
ADSK,2024-06-10,4,1,4
ADSK,2024-06-10,4,2,4
ADSK,2024-06-10,4,3,5
ADSK,2024-06-10,4,4,4
AEE,2021-02-22,19,1,8
AEE,2021-02-22,19,2,7
AEE,2021-02-22,19,3,3
AEE,2021-02-22,19,4,2
AEE,2021-02-22,19,5,4
AEE,2021-02-22,19,6,3
AEE,2021-02-22,19,7,2
AEE,2021-02-22,19,8,1
AEE,2021-02-22,19,9,3
AEE,2021-02-22,19,10,3
AEE,2021-02-22,19,11,2
AEE,2021-02-22,19,12,2
AEE,2021-02-22,19,13,3
AEE,2021-02-22,19,14,6
AEE,2021-02-22,19,15,3
AEE,2021-02-22,19,16,2
AEE,2021-02-22,19,17,3
AEE,2021-02-22,19,18,2
AEE,2021-02-22,19,19,1
AEE,2022-02-23,10,1,9
AEE,2022-02-23,10,2,6
AEE,2022-02-23,10,3,6
AEE,2022-02-23,10,4,5
AEE,2022-02-23,10,5,5
AEE,2022-02-23,10,6,4
AEE,2022-02-23,10,7,5
AEE,2022-02-23,10,8,5
AEE,2022-02-23,10,9,4
AEE,2022-02-23,10,10,4
AEE,2023-02-22,6,1,6
AEE,2023-02-22,6,2,4
AEE,2023-02-22,6,3,1
AEE,2023-02-22,6,4,6
AEE,2023-02-22,6,5,3
AEE,2023-02-22,6,6,1
AEE,2024-02-29,3,1,5
AEE,2024-02-29,3,2,4
AEE,2024-02-29,3,3,6
AEP,2024-02-26,2,1,6
AEP,2024-02-26,2,2,3
AES,2021-02-25,10,1,6
AES,2021-02-25,10,2,7
AES,2021-02-25,10,3,8
AES,2021-02-25,10,4,6
AES,2021-02-25,10,5,8
AES,2021-02-25,10,6,7
AES,2021-02-25,10,7,6
AES,2021-02-25,10,8,6
AES,2021-02-25,10,9,7
AES,2021-02-25,10,10,7
AES,2022-02-28,26,1,7
AES,2022-02-28,26,2,7
AES,2022-02-28,26,3,6
AES,2022-02-28,26,4,5
AES,2022-02-28,26,5,6
AES,2022-02-28,26,6,5
AES,2022-02-28,26,7,6
AES,2022-02-28,26,8,5
AES,2022-02-28,26,9,3
AES,2022-02-28,26,10,3
AES,2022-02-28,26,11,4
AES,2022-02-28,26,12,4
AES,2022-02-28,26,13,4
AES,2022-02-28,26,14,4
AES,2022-02-28,26,15,4
AES,2022-02-28,26,16,3
AES,2022-02-28,26,17,2
AES,2022-02-28,26,18,6
AES,2022-02-28,26,19,3
AES,2022-02-28,26,20,3
AES,2022-02-28,26,21,3
AES,2022-02-28,26,22,4
AES,2022-02-28,26,23,3
AES,2022-02-28,26,24,7
AES,2022-02-28,26,25,4
AES,2022-02-28,26,26,4
AES,2023-03-01,10,1,7
AES,2023-03-01,10,2,4
AES,2023-03-01,10,3,5
AES,2023-03-01,10,4,4
AES,2023-03-01,10,5,4
AES,2023-03-01,10,6,3
AES,2023-03-01,10,7,6
AES,2023-03-01,10,8,4
AES,2023-03-01,10,9,3
AES,2023-03-01,10,10,1
AES,2024-02-26,12,1,2
AES,2024-02-26,12,2,5
AES,2024-02-26,12,3,3
AES,2024-02-26,12,4,2
AES,2024-02-26,12,5,3
AES,2024-02-26,12,6,2
AES,2024-02-26,12,7,3
AES,2024-02-26,12,8,3
AES,2024-02-26,12,9,2
AES,2024-02-26,12,10,3
AES,2024-02-26,12,11,3
AES,2024-02-26,12,12,1
AFL,2022-02-23,6,1,7
AFL,2022-02-23,6,2,5
AFL,2022-02-23,6,3,8
AFL,2022-02-23,6,4,6
AFL,2022-02-23,6,5,5
AFL,2022-02-23,6,6,4
AFL,2023-02-24,9,1,7
AFL,2023-02-24,9,2,4
AFL,2023-02-24,9,3,3
AFL,2023-02-24,9,4,2
AFL,2023-02-24,9,5,3
AFL,2023-02-24,9,6,5
AFL,2023-02-24,9,7,2
AFL,2023-02-24,9,8,2
AFL,2023-02-24,9,9,5
AFL,2024-02-22,4,1,3
AFL,2024-02-22,4,2,1
AFL,2024-02-22,4,3,3
AFL,2024-02-22,4,4,1
AIG,2021-02-19,12,1,8
AIG,2021-02-19,12,2,6
AIG,2021-02-19,12,3,6
AIG,2021-02-19,12,4,5
AIG,2021-02-19,12,5,7
AIG,2021-02-19,12,6,6
AIG,2021-02-19,12,7,3
AIG,2021-02-19,12,8,5
AIG,2021-02-19,12,9,5
AIG,2021-02-19,12,10,5
AIG,2021-02-19,12,11,6
AIG,2021-02-19,12,12,6
AIG,2022-02-17,6,1,8
AIG,2022-02-17,6,2,7
AIG,2022-02-17,6,3,7
AIG,2022-02-17,6,4,3
AIG,2022-02-17,6,5,5
AIG,2022-02-17,6,6,5
AIG,2023-02-17,6,1,7
AIG,2023-02-17,6,2,8
AIG,2023-02-17,6,3,8
AIG,2023-02-17,6,4,5
AIG,2023-02-17,6,5,4
AIG,2023-02-17,6,6,3
AIG,2024-02-14,9,1,7
AIG,2024-02-14,9,2,2
AIG,2024-02-14,9,3,3
AIG,2024-02-14,9,4,8
AIG,2024-02-14,9,5,8
AIG,2024-02-14,9,6,6
AIG,2024-02-14,9,7,5
AIG,2024-02-14,9,8,3
AIG,2024-02-14,9,9,4
AIZ,2021-02-19,23,1,6
AIZ,2021-02-19,23,2,6
AIZ,2021-02-19,23,3,8
AIZ,2021-02-19,23,4,7
AIZ,2021-02-19,23,5,7
AIZ,2021-02-19,23,6,6
AIZ,2021-02-19,23,7,6
AIZ,2021-02-19,23,8,7
AIZ,2021-02-19,23,9,5
AIZ,2021-02-19,23,10,5
AIZ,2021-02-19,23,11,4
AIZ,2021-02-19,23,12,6
AIZ,2021-02-19,23,13,6
AIZ,2021-02-19,23,14,-2
AIZ,2021-02-19,23,15,6
AIZ,2021-02-19,23,16,5
AIZ,2021-02-19,23,17,4
AIZ,2021-02-19,23,18,-1
AIZ,2021-02-19,23,19,5
AIZ,2021-02-19,23,20,5
AIZ,2021-02-19,23,21,6
AIZ,2021-02-19,23,22,5
AIZ,2021-02-19,23,23,4
AIZ,2022-02-22,16,1,7
AIZ,2022-02-22,16,2,4
AIZ,2022-02-22,16,3,7
AIZ,2022-02-22,16,4,4
AIZ,2022-02-22,16,5,5
AIZ,2022-02-22,16,6,5
AIZ,2022-02-22,16,7,5
AIZ,2022-02-22,16,8,3
AIZ,2022-02-22,16,9,4
AIZ,2022-02-22,16,10,4
AIZ,2022-02-22,16,11,3
AIZ,2022-02-22,16,12,4
AIZ,2022-02-22,16,13,3
AIZ,2022-02-22,16,14,5
AIZ,2022-02-22,16,15,5
AIZ,2022-02-22,16,16,5
AIZ,2023-02-17,6,1,8
AIZ,2023-02-17,6,2,5
AIZ,2023-02-17,6,3,2
AIZ,2023-02-17,6,4,4
AIZ,2023-02-17,6,5,5
AIZ,2023-02-17,6,6,5
AIZ,2024-02-15,4,1,4
AIZ,2024-02-15,4,2,6
AIZ,2024-02-15,4,3,5
AIZ,2024-02-15,4,4,5
AJG,2021-02-08,10,1,7
AJG,2021-02-08,10,2,4
AJG,2021-02-08,10,3,8
AJG,2021-02-08,10,4,5
AJG,2021-02-08,10,5,2
AJG,2021-02-08,10,6,6
AJG,2021-02-08,10,7,2
AJG,2021-02-08,10,8,6
AJG,2021-02-08,10,9,2
AJG,2021-02-08,10,10,3
AJG,2022-02-18,6,1,5
AJG,2022-02-18,6,2,7
AJG,2022-02-18,6,3,5
AJG,2022-02-18,6,4,5
AJG,2022-02-18,6,5,2
AJG,2022-02-18,6,6,1
AJG,2023-02-10,6,1,8
AJG,2023-02-10,6,2,6
AJG,2023-02-10,6,3,7
AJG,2023-02-10,6,4,3
AJG,2023-02-10,6,5,7
AJG,2023-02-10,6,6,2
AJG,2024-02-09,4,1,4
AJG,2024-02-09,4,2,6
AJG,2024-02-09,4,3,6
AJG,2024-02-09,4,4,4
AKAM,2021-02-26,13,1,6
AKAM,2021-02-26,13,2,6
AKAM,2021-02-26,13,3,6
AKAM,2021-02-26,13,4,5
AKAM,2021-02-26,13,5,5
AKAM,2021-02-26,13,6,5
AKAM,2021-02-26,13,7,6
AKAM,2021-02-26,13,8,5
AKAM,2021-02-26,13,9,4
AKAM,2021-02-26,13,10,2
AKAM,2021-02-26,13,11,2
AKAM,2021-02-26,13,12,0
AKAM,2021-02-26,13,13,1
AKAM,2022-02-28,13,1,5
AKAM,2022-02-28,13,2,4
AKAM,2022-02-28,13,3,6
AKAM,2022-02-28,13,4,5
AKAM,2022-02-28,13,5,5
AKAM,2022-02-28,13,6,2
AKAM,2022-02-28,13,7,6
AKAM,2022-02-28,13,8,7
AKAM,2022-02-28,13,9,4
AKAM,2022-02-28,13,10,2
AKAM,2022-02-28,13,11,3
AKAM,2022-02-28,13,12,2
AKAM,2022-02-28,13,13,2
AKAM,2023-02-28,11,1,1
AKAM,2023-02-28,11,2,5
AKAM,2023-02-28,11,3,6
AKAM,2023-02-28,11,4,5
AKAM,2023-02-28,11,5,7
AKAM,2023-02-28,11,6,8
AKAM,2023-02-28,11,7,4
AKAM,2023-02-28,11,8,6
AKAM,2023-02-28,11,9,4
AKAM,2023-02-28,11,10,1
AKAM,2023-02-28,11,11,6
AKAM,2024-02-28,5,1,4
AKAM,2024-02-28,5,2,4
AKAM,2024-02-28,5,3,3
AKAM,2024-02-28,5,4,3
AKAM,2024-02-28,5,5,3
ALB,2021-02-19,8,1,7
ALB,2021-02-19,8,2,4
ALB,2021-02-19,8,3,2
ALB,2021-02-19,8,4,-2
ALB,2021-02-19,8,5,7
ALB,2021-02-19,8,6,1
ALB,2021-02-19,8,7,4
ALB,2021-02-19,8,8,3
ALB,2022-02-22,5,1,5
ALB,2022-02-22,5,2,4
ALB,2022-02-22,5,3,4
ALB,2022-02-22,5,4,1
ALB,2022-02-22,5,5,0
ALB,2023-02-15,4,1,7
ALB,2023-02-15,4,2,5
ALB,2023-02-15,4,3,4
ALB,2023-02-15,4,4,1
ALB,2024-02-15,4,1,4
ALB,2024-02-15,4,2,3
ALB,2024-02-15,4,3,3
ALB,2024-02-15,4,4,0
ALGN,2021-02-26,12,1,8
ALGN,2021-02-26,12,2,8
ALGN,2021-02-26,12,3,9
ALGN,2021-02-26,12,4,7
ALGN,2021-02-26,12,5,6
ALGN,2021-02-26,12,6,7
ALGN,2021-02-26,12,7,5
ALGN,2021-02-26,12,8,5
ALGN,2021-02-26,12,9,5
ALGN,2021-02-26,12,10,4
ALGN,2021-02-26,12,11,7
ALGN,2021-02-26,12,12,5
ALGN,2022-02-25,15,1,9
ALGN,2022-02-25,15,2,8
ALGN,2022-02-25,15,3,5
ALGN,2022-02-25,15,4,2
ALGN,2022-02-25,15,5,5
ALGN,2022-02-25,15,6,1
ALGN,2022-02-25,15,7,6
ALGN,2022-02-25,15,8,4
ALGN,2022-02-25,15,9,6
ALGN,2022-02-25,15,10,4
ALGN,2022-02-25,15,11,5
ALGN,2022-02-25,15,12,3
ALGN,2022-02-25,15,13,4
ALGN,2022-02-25,15,14,6
ALGN,2022-02-25,15,15,2
ALGN,2023-02-27,8,1,7
ALGN,2023-02-27,8,2,8
ALGN,2023-02-27,8,3,2
ALGN,2023-02-27,8,4,7
ALGN,2023-02-27,8,5,5
ALGN,2023-02-27,8,6,6
ALGN,2023-02-27,8,7,5
ALGN,2023-02-27,8,8,5
ALGN,2024-02-28,7,1,2
ALGN,2024-02-28,7,2,2
ALGN,2024-02-28,7,3,3
ALGN,2024-02-28,7,4,6
ALGN,2024-02-28,7,5,4
ALGN,2024-02-28,7,6,2
ALGN,2024-02-28,7,7,3
ALLE,2021-02-16,9,1,7
ALLE,2021-02-16,9,2,9
ALLE,2021-02-16,9,3,6
ALLE,2021-02-16,9,4,8
ALLE,2021-02-16,9,5,10
ALLE,2021-02-16,9,6,6
ALLE,2021-02-16,9,7,7
ALLE,2021-02-16,9,8,4
ALLE,2021-02-16,9,9,3
ALLE,2022-02-15,11,1,6
ALLE,2022-02-15,11,2,2
ALLE,2022-02-15,11,3,6
ALLE,2022-02-15,11,4,5
ALLE,2022-02-15,11,5,6
ALLE,2022-02-15,11,6,6
ALLE,2022-02-15,11,7,3
ALLE,2022-02-15,11,8,1
ALLE,2022-02-15,11,9,2
ALLE,2022-02-15,11,10,2
ALLE,2022-02-15,11,11,5
ALLE,2023-02-22,8,1,9
ALLE,2023-02-22,8,2,9
ALLE,2023-02-22,8,3,3
ALLE,2023-02-22,8,4,4
ALLE,2023-02-22,8,5,3
ALLE,2023-02-22,8,6,4
ALLE,2023-02-22,8,7,1
ALLE,2023-02-22,8,8,6
ALLE,2024-02-20,6,1,6
ALLE,2024-02-20,6,2,5
ALLE,2024-02-20,6,3,6
ALLE,2024-02-20,6,4,6
ALLE,2024-02-20,6,5,4
ALLE,2024-02-20,6,6,5
ALL,2021-02-22,6,1,5
ALL,2021-02-22,6,2,5
ALL,2021-02-22,6,3,8
ALL,2021-02-22,6,4,-1
ALL,2021-02-22,6,5,2
ALL,2021-02-22,6,6,7
ALL,2022-02-18,12,1,6
ALL,2022-02-18,12,2,7
ALL,2022-02-18,12,3,8
ALL,2022-02-18,12,4,7
ALL,2022-02-18,12,5,4
ALL,2022-02-18,12,6,6
ALL,2022-02-18,12,7,7
ALL,2022-02-18,12,8,8
ALL,2022-02-18,12,9,8
ALL,2022-02-18,12,10,5
ALL,2022-02-18,12,11,1
ALL,2022-02-18,12,12,5
ALL,2023-02-16,9,1,6
ALL,2023-02-16,9,2,9
ALL,2023-02-16,9,3,7
ALL,2023-02-16,9,4,6
ALL,2023-02-16,9,5,7
ALL,2023-02-16,9,6,5
ALL,2023-02-16,9,7,6
ALL,2023-02-16,9,8,4
ALL,2023-02-16,9,9,8
ALL,2024-02-21,6,1,4
ALL,2024-02-21,6,2,4
ALL,2024-02-21,6,3,5
ALL,2024-02-21,6,4,3
ALL,2024-02-21,6,5,4
ALL,2024-02-21,6,6,3
AMAT,2021-12-17,10,1,8
AMAT,2021-12-17,10,2,7
AMAT,2021-12-17,10,3,2
AMAT,2021-12-17,10,4,7
AMAT,2021-12-17,10,5,7
AMAT,2021-12-17,10,6,3
AMAT,2021-12-17,10,7,2
AMAT,2021-12-17,10,8,5
AMAT,2021-12-17,10,9,4
AMAT,2021-12-17,10,10,4
AMAT,2022-12-16,6,1,7
AMAT,2022-12-16,6,2,6
AMAT,2022-12-16,6,3,7
AMAT,2022-12-16,6,4,7
AMAT,2022-12-16,6,5,5
AMAT,2022-12-16,6,6,4
AMAT,2023-12-15,3,1,5
AMAT,2023-12-15,3,2,4
AMAT,2023-12-15,3,3,5
AMAT,2024-12-13,2,1,3
AMAT,2024-12-13,2,2,3
AMCR,2022-08-18,23,1,4
AMCR,2022-08-18,23,2,3
AMCR,2022-08-18,23,3,2
AMCR,2022-08-18,23,4,4
AMCR,2022-08-18,23,5,4
AMCR,2022-08-18,23,6,4
AMCR,2022-08-18,23,7,0
AMCR,2022-08-18,23,8,4
AMCR,2022-08-18,23,9,2
AMCR,2022-08-18,23,10,4
AMCR,2022-08-18,23,11,4
AMCR,2022-08-18,23,12,-5
AMCR,2022-08-18,23,13,5
AMCR,2022-08-18,23,14,4
AMCR,2022-08-18,23,15,4
AMCR,2022-08-18,23,16,3
AMCR,2022-08-18,23,17,3
AMCR,2022-08-18,23,18,1
AMCR,2022-08-18,23,19,2
AMCR,2022-08-18,23,20,4
AMCR,2022-08-18,23,21,2
AMCR,2022-08-18,23,22,2
AMCR,2022-08-18,23,23,3
AMCR,2023-08-17,6,1,4
AMCR,2023-08-17,6,2,4
AMCR,2023-08-17,6,3,8
AMCR,2023-08-17,6,4,7
AMCR,2023-08-17,6,5,2
AMCR,2023-08-17,6,6,-2
AMCR,2024-08-16,6,1,4
AMCR,2024-08-16,6,2,6
AMCR,2024-08-16,6,3,4
AMCR,2024-08-16,6,4,5
AMCR,2024-08-16,6,5,4
AMCR,2024-08-16,6,6,3
AMD,2021-01-29,19,1,6
AMD,2021-01-29,19,2,3
AMD,2021-01-29,19,3,6
AMD,2021-01-29,19,4,2
AMD,2021-01-29,19,5,2
AMD,2021-01-29,19,6,5
AMD,2021-01-29,19,7,5
AMD,2021-01-29,19,8,6
AMD,2021-01-29,19,9,3
AMD,2021-01-29,19,10,4
AMD,2021-01-29,19,11,5
AMD,2021-01-29,19,12,4
AMD,2021-01-29,19,13,2
AMD,2021-01-29,19,14,1
AMD,2021-01-29,19,15,2
AMD,2021-01-29,19,16,3
AMD,2021-01-29,19,17,3
AMD,2021-01-29,19,18,-1
AMD,2021-01-29,19,19,1
AMD,2022-02-03,17,1,4
AMD,2022-02-03,17,2,6
AMD,2022-02-03,17,3,6
AMD,2022-02-03,17,4,6
AMD,2022-02-03,17,5,3
AMD,2022-02-03,17,6,2
AMD,2022-02-03,17,7,6
AMD,2022-02-03,17,8,4
AMD,2022-02-03,17,9,3
AMD,2022-02-03,17,10,3
AMD,2022-02-03,17,11,2
AMD,2022-02-03,17,12,3
AMD,2022-02-03,17,13,3
AMD,2022-02-03,17,14,2
AMD,2022-02-03,17,15,3
AMD,2022-02-03,17,16,-1
AMD,2022-02-03,17,17,-4
AMD,2023-02-27,22,1,5
AMD,2023-02-27,22,2,4
AMD,2023-02-27,22,3,2
AMD,2023-02-27,22,4,5
AMD,2023-02-27,22,5,1
AMD,2023-02-27,22,6,2
AMD,2023-02-27,22,7,4
AMD,2023-02-27,22,8,5
AMD,2023-02-27,22,9,2
AMD,2023-02-27,22,10,6
AMD,2023-02-27,22,11,2
AMD,2023-02-27,22,12,-3
AMD,2023-02-27,22,13,5
AMD,2023-02-27,22,14,1
AMD,2023-02-27,22,15,6
AMD,2023-02-27,22,16,2
AMD,2023-02-27,22,17,5
AMD,2023-02-27,22,18,2
AMD,2023-02-27,22,19,2
AMD,2023-02-27,22,20,1
AMD,2023-02-27,22,21,2
AMD,2023-02-27,22,22,2
AMD,2024-01-31,5,1,1
AMD,2024-01-31,5,2,5
AMD,2024-01-31,5,3,5
AMD,2024-01-31,5,4,4
AMD,2024-01-31,5,5,1
AME,2021-02-18,19,1,4
AME,2021-02-18,19,2,5
AME,2021-02-18,19,3,4
AME,2021-02-18,19,4,0
AME,2021-02-18,19,5,5
AME,2021-02-18,19,6,2
AME,2021-02-18,19,7,3
AME,2021-02-18,19,8,4
AME,2021-02-18,19,9,3
AME,2021-02-18,19,10,3
AME,2021-02-18,19,11,7
AME,2021-02-18,19,12,7
AME,2021-02-18,19,13,3
AME,2021-02-18,19,14,6
AME,2021-02-18,19,15,7
AME,2021-02-18,19,16,3
AME,2021-02-18,19,17,7
AME,2021-02-18,19,18,0
AME,2021-02-18,19,19,2
AME,2022-02-22,16,1,5
AME,2022-02-22,16,2,1
AME,2022-02-22,16,3,1
AME,2022-02-22,16,4,4
AME,2022-02-22,16,5,1
AME,2022-02-22,16,6,6
AME,2022-02-22,16,7,1
AME,2022-02-22,16,8,2
AME,2022-02-22,16,9,4
AME,2022-02-22,16,10,1
AME,2022-02-22,16,11,2
AME,2022-02-22,16,12,4
AME,2022-02-22,16,13,7
AME,2022-02-22,16,14,4
AME,2022-02-22,16,15,1
AME,2022-02-22,16,16,1
AME,2023-02-21,17,1,6
AME,2023-02-21,17,2,1
AME,2023-02-21,17,3,4
AME,2023-02-21,17,4,6
AME,2023-02-21,17,5,0
AME,2023-02-21,17,6,4
AME,2023-02-21,17,7,5
AME,2023-02-21,17,8,5
AME,2023-02-21,17,9,3
AME,2023-02-21,17,10,5
AME,2023-02-21,17,11,6
AME,2023-02-21,17,12,3
AME,2023-02-21,17,13,4
AME,2023-02-21,17,14,4
AME,2023-02-21,17,15,0
AME,2023-02-21,17,16,8
AME,2023-02-21,17,17,2
AME,2024-02-22,2,1,5
AME,2024-02-22,2,2,1
AMGN,2021-02-09,11,1,9
AMGN,2021-02-09,11,2,7
AMGN,2021-02-09,11,3,7
AMGN,2021-02-09,11,4,7
AMGN,2021-02-09,11,5,7
AMGN,2021-02-09,11,6,6
AMGN,2021-02-09,11,7,5
AMGN,2021-02-09,11,8,5
AMGN,2021-02-09,11,9,7
AMGN,2021-02-09,11,10,6
AMGN,2021-02-09,11,11,5
AMGN,2022-02-16,13,1,10
AMGN,2022-02-16,13,2,9
AMGN,2022-02-16,13,3,8
AMGN,2022-02-16,13,4,6
AMGN,2022-02-16,13,5,6
AMGN,2022-02-16,13,6,6
AMGN,2022-02-16,13,7,4
AMGN,2022-02-16,13,8,4
AMGN,2022-02-16,13,9,3
AMGN,2022-02-16,13,10,4
AMGN,2022-02-16,13,11,3
AMGN,2022-02-16,13,12,3
AMGN,2022-02-16,13,13,4
AMGN,2023-02-09,6,1,8
AMGN,2023-02-09,6,2,7
AMGN,2023-02-09,6,3,6
AMGN,2023-02-09,6,4,5
AMGN,2023-02-09,6,5,5
AMGN,2023-02-09,6,6,5
AMGN,2024-02-14,7,1,5
AMGN,2024-02-14,7,2,5
AMGN,2024-02-14,7,3,5
AMGN,2024-02-14,7,4,5
AMGN,2024-02-14,7,5,6
AMGN,2024-02-14,7,6,4
AMGN,2024-02-14,7,7,4
AMP,2021-02-24,10,1,5
AMP,2021-02-24,10,2,6
AMP,2021-02-24,10,3,4
AMP,2021-02-24,10,4,6
AMP,2021-02-24,10,5,8
AMP,2021-02-24,10,6,7
AMP,2021-02-24,10,7,5
AMP,2021-02-24,10,8,3
AMP,2021-02-24,10,9,5
AMP,2021-02-24,10,10,-3
AMP,2022-02-25,10,1,7
AMP,2022-02-25,10,2,9
AMP,2022-02-25,10,3,7
AMP,2022-02-25,10,4,7
AMP,2022-02-25,10,5,8
AMP,2022-02-25,10,6,6
AMP,2022-02-25,10,7,5
AMP,2022-02-25,10,8,6
AMP,2022-02-25,10,9,5
AMP,2022-02-25,10,10,4
AMP,2023-02-23,5,1,7
AMP,2023-02-23,5,2,6
AMP,2023-02-23,5,3,5
AMP,2023-02-23,5,4,7
AMP,2023-02-23,5,5,0
AMP,2024-02-22,4,1,6
AMP,2024-02-22,4,2,4
AMP,2024-02-22,4,3,1
AMP,2024-02-22,4,4,1
AMT,2021-02-25,11,1,5
AMT,2021-02-25,11,2,6
AMT,2021-02-25,11,3,8
AMT,2021-02-25,11,4,7
AMT,2021-02-25,11,5,7
AMT,2021-02-25,11,6,7
AMT,2021-02-25,11,7,6
AMT,2021-02-25,11,8,6
AMT,2021-02-25,11,9,6
AMT,2021-02-25,11,10,8
AMT,2021-02-25,11,11,6
AMT,2022-02-25,10,1,7
AMT,2022-02-25,10,2,3
AMT,2022-02-25,10,3,3
AMT,2022-02-25,10,4,2
AMT,2022-02-25,10,5,3
AMT,2022-02-25,10,6,4
AMT,2022-02-25,10,7,3
AMT,2022-02-25,10,8,5
AMT,2022-02-25,10,9,6
AMT,2022-02-25,10,10,3
AMT,2023-02-23,4,1,5
AMT,2023-02-23,4,2,1
AMT,2023-02-23,4,3,0
AMT,2023-02-23,4,4,1
AMT,2024-02-27,3,1,4
AMT,2024-02-27,3,2,4
AMT,2024-02-27,3,3,4
AMZN,2021-02-03,11,1,1
AMZN,2021-02-03,11,2,5
AMZN,2021-02-03,11,3,2
AMZN,2021-02-03,11,4,0
AMZN,2021-02-03,11,5,2
AMZN,2021-02-03,11,6,10
AMZN,2021-02-03,11,7,3
AMZN,2021-02-03,11,8,4
AMZN,2021-02-03,11,9,3
AMZN,2021-02-03,11,10,1
AMZN,2021-02-03,11,11,7
AMZN,2022-02-04,7,1,4
AMZN,2022-02-04,7,2,6
AMZN,2022-02-04,7,3,7
AMZN,2022-02-04,7,4,3
AMZN,2022-02-04,7,5,5
AMZN,2022-02-04,7,6,1
AMZN,2022-02-04,7,7,1
AMZN,2023-02-03,5,1,7
AMZN,2023-02-03,5,2,3
AMZN,2023-02-03,5,3,4
AMZN,2023-02-03,5,4,1
AMZN,2023-02-03,5,5,4
AMZN,2024-02-02,5,1,2
AMZN,2024-02-02,5,2,3
AMZN,2024-02-02,5,3,4
AMZN,2024-02-02,5,4,4
AMZN,2024-02-02,5,5,2
ANET,2021-02-19,10,1,7
ANET,2021-02-19,10,2,6
ANET,2021-02-19,10,3,8
ANET,2021-02-19,10,4,7
ANET,2021-02-19,10,5,4
ANET,2021-02-19,10,6,3
ANET,2021-02-19,10,7,3
ANET,2021-02-19,10,8,3
ANET,2021-02-19,10,9,1
ANET,2021-02-19,10,10,8
ANET,2022-02-15,21,1,8
ANET,2022-02-15,21,2,8
ANET,2022-02-15,21,3,4
ANET,2022-02-15,21,4,8
ANET,2022-02-15,21,5,8
ANET,2022-02-15,21,6,4
ANET,2022-02-15,21,7,5
ANET,2022-02-15,21,8,6
ANET,2022-02-15,21,9,9
ANET,2022-02-15,21,10,7
ANET,2022-02-15,21,11,4
ANET,2022-02-15,21,12,8
ANET,2022-02-15,21,13,4
ANET,2022-02-15,21,14,1
ANET,2022-02-15,21,15,2
ANET,2022-02-15,21,16,1
ANET,2022-02-15,21,17,4
ANET,2022-02-15,21,18,4
ANET,2022-02-15,21,19,3
ANET,2022-02-15,21,20,2
ANET,2022-02-15,21,21,5
ANET,2023-02-14,7,1,6
ANET,2023-02-14,7,2,3
ANET,2023-02-14,7,3,1
ANET,2023-02-14,7,4,1
ANET,2023-02-14,7,5,3
ANET,2023-02-14,7,6,2
ANET,2023-02-14,7,7,6
ANET,2024-02-13,3,1,4
ANET,2024-02-13,3,2,3
ANET,2024-02-13,3,3,0
ANSS,2021-02-24,27,1,7
ANSS,2021-02-24,27,2,5
ANSS,2021-02-24,27,3,1
ANSS,2021-02-24,27,4,3
ANSS,2021-02-24,27,5,3
ANSS,2021-02-24,27,6,2
ANSS,2021-02-24,27,7,5
ANSS,2021-02-24,27,8,3
ANSS,2021-02-24,27,9,3
ANSS,2021-02-24,27,10,7
ANSS,2021-02-24,27,11,4
ANSS,2021-02-24,27,12,2
ANSS,2021-02-24,27,13,3
ANSS,2021-02-24,27,14,4
ANSS,2021-02-24,27,15,4
ANSS,2021-02-24,27,16,3
ANSS,2021-02-24,27,17,4
ANSS,2021-02-24,27,18,3
ANSS,2021-02-24,27,19,5
ANSS,2021-02-24,27,20,1
ANSS,2021-02-24,27,21,5
ANSS,2021-02-24,27,22,3
ANSS,2021-02-24,27,23,6
ANSS,2021-02-24,27,24,1
ANSS,2021-02-24,27,25,4
ANSS,2021-02-24,27,26,4
ANSS,2021-02-24,27,27,4
ANSS,2022-02-23,19,1,9
ANSS,2022-02-23,19,2,1
ANSS,2022-02-23,19,3,2
ANSS,2022-02-23,19,4,1
ANSS,2022-02-23,19,5,4
ANSS,2022-02-23,19,6,6
ANSS,2022-02-23,19,7,6
ANSS,2022-02-23,19,8,4
ANSS,2022-02-23,19,9,1
ANSS,2022-02-23,19,10,3
ANSS,2022-02-23,19,11,8
ANSS,2022-02-23,19,12,5
ANSS,2022-02-23,19,13,5
ANSS,2022-02-23,19,14,3
ANSS,2022-02-23,19,15,3
ANSS,2022-02-23,19,16,0
ANSS,2022-02-23,19,17,0
ANSS,2022-02-23,19,18,4
ANSS,2022-02-23,19,19,0
ANSS,2023-02-22,8,1,4
ANSS,2023-02-22,8,2,4
ANSS,2023-02-22,8,3,3
ANSS,2023-02-22,8,4,7
ANSS,2023-02-22,8,5,2
ANSS,2023-02-22,8,6,4
ANSS,2023-02-22,8,7,4
ANSS,2023-02-22,8,8,0
ANSS,2024-02-21,3,1,2
ANSS,2024-02-21,3,2,3
ANSS,2024-02-21,3,3,4
AON,2021-02-19,7,1,8
AON,2021-02-19,7,2,7
AON,2021-02-19,7,3,8
AON,2021-02-19,7,4,6
AON,2021-02-19,7,5,5
AON,2021-02-19,7,6,7
AON,2021-02-19,7,7,6
AON,2022-02-18,16,1,3
AON,2022-02-18,16,2,2
AON,2022-02-18,16,3,8
AON,2022-02-18,16,4,6
AON,2022-02-18,16,5,5
AON,2022-02-18,16,6,8
AON,2022-02-18,16,7,5
AON,2022-02-18,16,8,4
AON,2022-02-18,16,9,6
AON,2022-02-18,16,10,2
AON,2022-02-18,16,11,0
AON,2022-02-18,16,12,0
AON,2022-02-18,16,13,0
AON,2022-02-18,16,14,3
AON,2022-02-18,16,15,3
AON,2022-02-18,16,16,-1
AON,2023-02-17,8,1,8
AON,2023-02-17,8,2,7
AON,2023-02-17,8,3,6
AON,2023-02-17,8,4,9
AON,2023-02-17,8,5,6
AON,2023-02-17,8,6,5
AON,2023-02-17,8,7,4
AON,2023-02-17,8,8,3
AON,2024-02-16,5,1,5
AON,2024-02-16,5,2,3
AON,2024-02-16,5,3,1
AON,2024-02-16,5,4,1
AON,2024-02-16,5,5,1
AOS,2021-02-12,21,1,7
AOS,2021-02-12,21,2,6
AOS,2021-02-12,21,3,7
AOS,2021-02-12,21,4,5
AOS,2021-02-12,21,5,3
AOS,2021-02-12,21,6,6
AOS,2021-02-12,21,7,4
AOS,2021-02-12,21,8,5
AOS,2021-02-12,21,9,4
AOS,2021-02-12,21,10,3
AOS,2021-02-12,21,11,3
AOS,2021-02-12,21,12,3
AOS,2021-02-12,21,13,5
AOS,2021-02-12,21,14,5
AOS,2021-02-12,21,15,3
AOS,2021-02-12,21,16,5
AOS,2021-02-12,21,17,4
AOS,2021-02-12,21,18,0
AOS,2021-02-12,21,19,1
AOS,2021-02-12,21,20,3
AOS,2021-02-12,21,21,5
AOS,2022-02-11,12,1,4
AOS,2022-02-11,12,2,4
AOS,2022-02-11,12,3,5
AOS,2022-02-11,12,4,6
AOS,2022-02-11,12,5,5
AOS,2022-02-11,12,6,5
AOS,2022-02-11,12,7,4
AOS,2022-02-11,12,8,6
AOS,2022-02-11,12,9,8
AOS,2022-02-11,12,10,9
AOS,2022-02-11,12,11,4
AOS,2022-02-11,12,12,5
AOS,2023-02-14,13,1,4
AOS,2023-02-14,13,2,2
AOS,2023-02-14,13,3,-1
AOS,2023-02-14,13,4,5
AOS,2023-02-14,13,5,6
AOS,2023-02-14,13,6,0
AOS,2023-02-14,13,7,4
AOS,2023-02-14,13,8,3
AOS,2023-02-14,13,9,5
AOS,2023-02-14,13,10,-1
AOS,2023-02-14,13,11,-1
AOS,2023-02-14,13,12,5
AOS,2023-02-14,13,13,-1
AOS,2024-02-13,5,1,4
AOS,2024-02-13,5,2,6
AOS,2024-02-13,5,3,5
AOS,2024-02-13,5,4,4
AOS,2024-02-13,5,5,4
APA,2022-02-22,15,1,8
APA,2022-02-22,15,2,5
APA,2022-02-22,15,3,7
APA,2022-02-22,15,4,8
APA,2022-02-22,15,5,7
APA,2022-02-22,15,6,4
APA,2022-02-22,15,7,8
APA,2022-02-22,15,8,4
APA,2022-02-22,15,9,5
APA,2022-02-22,15,10,7
APA,2022-02-22,15,11,5
APA,2022-02-22,15,12,5
APA,2022-02-22,15,13,7
APA,2022-02-22,15,14,5
APA,2022-02-22,15,15,6
APA,2023-02-23,8,1,8
APA,2023-02-23,8,2,7
APA,2023-02-23,8,3,8
APA,2023-02-23,8,4,5
APA,2023-02-23,8,5,3
APA,2023-02-23,8,6,6
APA,2023-02-23,8,7,3
APA,2023-02-23,8,8,7
APA,2024-02-22,4,1,4
APA,2024-02-22,4,2,6
APA,2024-02-22,4,3,2
APA,2024-02-22,4,4,3
APD,2021-11-18,13,1,6
APD,2021-11-18,13,2,6
APD,2021-11-18,13,3,4
APD,2021-11-18,13,4,7
APD,2021-11-18,13,5,3
APD,2021-11-18,13,6,6
APD,2021-11-18,13,7,0
APD,2021-11-18,13,8,7
APD,2021-11-18,13,9,3
APD,2021-11-18,13,10,7
APD,2021-11-18,13,11,6
APD,2021-11-18,13,12,7
APD,2021-11-18,13,13,7
APD,2022-11-22,9,1,8
APD,2022-11-22,9,2,7
APD,2022-11-22,9,3,6
APD,2022-11-22,9,4,6
APD,2022-11-22,9,5,4
APD,2022-11-22,9,6,5
APD,2022-11-22,9,7,5
APD,2022-11-22,9,8,3
APD,2022-11-22,9,9,2
APD,2023-11-16,2,1,4
APD,2023-11-16,2,2,2
APD,2024-11-21,2,1,4
APD,2024-11-21,2,2,3
APH,2021-02-10,17,1,5
APH,2021-02-10,17,2,6
APH,2021-02-10,17,3,7
APH,2021-02-10,17,4,6
APH,2021-02-10,17,5,3
APH,2021-02-10,17,6,5
APH,2021-02-10,17,7,5
APH,2021-02-10,17,8,6
APH,2021-02-10,17,9,4
APH,2021-02-10,17,10,2
APH,2021-02-10,17,11,3
APH,2021-02-10,17,12,3
APH,2021-02-10,17,13,4
APH,2021-02-10,17,14,2
APH,2021-02-10,17,15,2
APH,2021-02-10,17,16,-2
APH,2021-02-10,17,17,3
APH,2024-02-07,6,1,2
APH,2024-02-07,6,2,4
APH,2024-02-07,6,3,6
APH,2024-02-07,6,4,6
APH,2024-02-07,6,5,2
APH,2024-02-07,6,6,3
APO,2023-03-01,8,1,9
APO,2023-03-01,8,2,7
APO,2023-03-01,8,3,3
APO,2023-03-01,8,4,4
APO,2023-03-01,8,5,6
APO,2023-03-01,8,6,10
APO,2023-03-01,8,7,4
APO,2023-03-01,8,8,1
APO,2024-02-27,2,1,4
APO,2024-02-27,2,2,6
APTV,2021-02-08,12,1,6
APTV,2021-02-08,12,2,7
APTV,2021-02-08,12,3,4
APTV,2021-02-08,12,4,5
APTV,2021-02-08,12,5,7
APTV,2021-02-08,12,6,5
APTV,2021-02-08,12,7,6
APTV,2021-02-08,12,8,9
APTV,2021-02-08,12,9,6
APTV,2021-02-08,12,10,6
APTV,2021-02-08,12,11,7
APTV,2021-02-08,12,12,4
APTV,2022-02-07,12,1,8
APTV,2022-02-07,12,2,5
APTV,2022-02-07,12,3,7
APTV,2022-02-07,12,4,6
APTV,2022-02-07,12,5,5
APTV,2022-02-07,12,6,4
APTV,2022-02-07,12,7,1
APTV,2022-02-07,12,8,5
APTV,2022-02-07,12,9,7
APTV,2022-02-07,12,10,5
APTV,2022-02-07,12,11,3
APTV,2022-02-07,12,12,2
APTV,2023-02-08,11,1,6
APTV,2023-02-08,11,2,2
APTV,2023-02-08,11,3,4
APTV,2023-02-08,11,4,5
APTV,2023-02-08,11,5,6
APTV,2023-02-08,11,6,9
APTV,2023-02-08,11,7,4
APTV,2023-02-08,11,8,2
APTV,2023-02-08,11,9,0
APTV,2023-02-08,11,10,6
APTV,2023-02-08,11,11,0
APTV,2024-02-06,8,1,4
APTV,2024-02-06,8,2,1
APTV,2024-02-06,8,3,2
APTV,2024-02-06,8,4,6
APTV,2024-02-06,8,5,-2
APTV,2024-02-06,8,6,6
APTV,2024-02-06,8,7,1
APTV,2024-02-06,8,8,4
ARE,2021-02-01,6,1,7
ARE,2021-02-01,6,2,7
ARE,2021-02-01,6,3,5
ARE,2021-02-01,6,4,5
ARE,2021-02-01,6,5,4
ARE,2021-02-01,6,6,6
ARE,2022-01-31,7,1,4
ARE,2022-01-31,7,2,5
ARE,2022-01-31,7,3,5
ARE,2022-01-31,7,4,7
ARE,2022-01-31,7,5,3
ARE,2022-01-31,7,6,4
ARE,2022-01-31,7,7,3
ARE,2023-01-30,6,1,7
ARE,2023-01-30,6,2,7
ARE,2023-01-30,6,3,6
ARE,2023-01-30,6,4,6
ARE,2023-01-30,6,5,5
ARE,2023-01-30,6,6,7
ARE,2024-01-29,5,1,4
ARE,2024-01-29,5,2,2
ARE,2024-01-29,5,3,2
ARE,2024-01-29,5,4,2
ARE,2024-01-29,5,5,3
ATO,2021-11-12,6,1,5
ATO,2021-11-12,6,2,4
ATO,2021-11-12,6,3,0
ATO,2021-11-12,6,4,5
ATO,2021-11-12,6,5,3
ATO,2021-11-12,6,6,2
ATO,2022-11-14,2,1,6
ATO,2022-11-14,2,2,1
ATO,2023-11-14,3,1,2
ATO,2023-11-14,3,2,1
ATO,2023-11-14,3,3,3
ATO,2024-11-18,5,1,4
ATO,2024-11-18,5,2,4
ATO,2024-11-18,5,3,5
ATO,2024-11-18,5,4,4
ATO,2024-11-18,5,5,3
AVB,2021-02-25,14,1,7
AVB,2021-02-25,14,2,7
AVB,2021-02-25,14,3,6
AVB,2021-02-25,14,4,6
AVB,2021-02-25,14,5,5
AVB,2021-02-25,14,6,7
AVB,2021-02-25,14,7,6
AVB,2021-02-25,14,8,5
AVB,2021-02-25,14,9,3
AVB,2021-02-25,14,10,8
AVB,2021-02-25,14,11,5
AVB,2021-02-25,14,12,8
AVB,2021-02-25,14,13,6
AVB,2021-02-25,14,14,4
AVB,2022-02-25,32,1,5
AVB,2022-02-25,32,2,6
AVB,2022-02-25,32,3,4
AVB,2022-02-25,32,4,4
AVB,2022-02-25,32,5,7
AVB,2022-02-25,32,6,4
AVB,2022-02-25,32,7,3
AVB,2022-02-25,32,8,3
AVB,2022-02-25,32,9,7
AVB,2022-02-25,32,10,4
AVB,2022-02-25,32,11,4
AVB,2022-02-25,32,12,5
AVB,2022-02-25,32,13,5
AVB,2022-02-25,32,14,5
AVB,2022-02-25,32,15,5
AVB,2022-02-25,32,16,3
AVB,2022-02-25,32,17,2
AVB,2022-02-25,32,18,3
AVB,2022-02-25,32,19,4
AVB,2022-02-25,32,20,5
AVB,2022-02-25,32,21,5
AVB,2022-02-25,32,22,4
AVB,2022-02-25,32,23,5
AVB,2022-02-25,32,24,4
AVB,2022-02-25,32,25,6
AVB,2022-02-25,32,26,5
AVB,2022-02-25,32,27,4
AVB,2022-02-25,32,28,3
AVB,2022-02-25,32,29,4
AVB,2022-02-25,32,30,3
AVB,2022-02-25,32,31,7
AVB,2022-02-25,32,32,4
AVB,2023-02-24,12,1,7
AVB,2023-02-24,12,2,7
AVB,2023-02-24,12,3,5
AVB,2023-02-24,12,4,5
AVB,2023-02-24,12,5,6
AVB,2023-02-24,12,6,6
AVB,2023-02-24,12,7,7
AVB,2023-02-24,12,8,6
AVB,2023-02-24,12,9,5
AVB,2023-02-24,12,10,5
AVB,2023-02-24,12,11,7
AVB,2023-02-24,12,12,6
AVB,2024-02-23,14,1,5
AVB,2024-02-23,14,2,6
AVB,2024-02-23,14,3,4
AVB,2024-02-23,14,4,4
AVB,2024-02-23,14,5,4
AVB,2024-02-23,14,6,4
AVB,2024-02-23,14,7,6
AVB,2024-02-23,14,8,5
AVB,2024-02-23,14,9,6
AVB,2024-02-23,14,10,5
AVB,2024-02-23,14,11,5
AVB,2024-02-23,14,12,4
AVB,2024-02-23,14,13,2
AVB,2024-02-23,14,14,4
AVGO,2021-12-17,10,1,4
AVGO,2021-12-17,10,2,4
AVGO,2021-12-17,10,3,8
AVGO,2021-12-17,10,4,5
AVGO,2021-12-17,10,5,5
AVGO,2021-12-17,10,6,4
AVGO,2021-12-17,10,7,5
AVGO,2021-12-17,10,8,4
AVGO,2021-12-17,10,9,5
AVGO,2021-12-17,10,10,0
AVGO,2022-12-16,16,1,4
AVGO,2022-12-16,16,2,4
AVGO,2022-12-16,16,3,6
AVGO,2022-12-16,16,4,6
AVGO,2022-12-16,16,5,4
AVGO,2022-12-16,16,6,6
AVGO,2022-12-16,16,7,5
AVGO,2022-12-16,16,8,4
AVGO,2022-12-16,16,9,5
AVGO,2022-12-16,16,10,5
AVGO,2022-12-16,16,11,5
AVGO,2022-12-16,16,12,-2
AVGO,2022-12-16,16,13,3
AVGO,2022-12-16,16,14,3
AVGO,2022-12-16,16,15,3
AVGO,2022-12-16,16,16,2
AVGO,2023-12-14,3,1,3
AVGO,2023-12-14,3,2,4
AVGO,2023-12-14,3,3,4
AVGO,2024-12-20,2,1,4
AVGO,2024-12-20,2,2,2
AVY,2021-02-25,29,1,7
AVY,2021-02-25,29,2,4
AVY,2021-02-25,29,3,2
AVY,2021-02-25,29,4,5
AVY,2021-02-25,29,5,3
AVY,2021-02-25,29,6,3
AVY,2021-02-25,29,7,2
AVY,2021-02-25,29,8,4
AVY,2021-02-25,29,9,3
AVY,2021-02-25,29,10,1
AVY,2021-02-25,29,11,3
AVY,2021-02-25,29,12,2
AVY,2021-02-25,29,13,4
AVY,2021-02-25,29,14,2
AVY,2021-02-25,29,15,3
AVY,2021-02-25,29,16,4
AVY,2021-02-25,29,17,3
AVY,2021-02-25,29,18,2
AVY,2021-02-25,29,19,1
AVY,2021-02-25,29,20,5
AVY,2021-02-25,29,21,2
AVY,2021-02-25,29,22,3
AVY,2021-02-25,29,23,4
AVY,2021-02-25,29,24,3
AVY,2021-02-25,29,25,3
AVY,2021-02-25,29,26,2
AVY,2021-02-25,29,27,3
AVY,2021-02-25,29,28,3
AVY,2021-02-25,29,29,2
AVY,2022-02-23,12,1,6
AVY,2022-02-23,12,2,5
AVY,2022-02-23,12,3,6
AVY,2022-02-23,12,4,6
AVY,2022-02-23,12,5,5
AVY,2022-02-23,12,6,4
AVY,2022-02-23,12,7,4
AVY,2022-02-23,12,8,3
AVY,2022-02-23,12,9,4
AVY,2022-02-23,12,10,4
AVY,2022-02-23,12,11,3
AVY,2022-02-23,12,12,4
AVY,2023-02-22,9,1,8
AVY,2023-02-22,9,2,6
AVY,2023-02-22,9,3,7
AVY,2023-02-22,9,4,7
AVY,2023-02-22,9,5,1
AVY,2023-02-22,9,6,1
AVY,2023-02-22,9,7,3
AVY,2023-02-22,9,8,6
AVY,2023-02-22,9,9,5
AVY,2024-02-21,6,1,5
AVY,2024-02-21,6,2,4
AVY,2024-02-21,6,3,3
AVY,2024-02-21,6,4,4
AVY,2024-02-21,6,5,1
AVY,2024-02-21,6,6,2
AWK,2021-02-24,10,1,5
AWK,2021-02-24,10,2,6
AWK,2021-02-24,10,3,7
AWK,2021-02-24,10,4,2
AWK,2021-02-24,10,5,7
AWK,2021-02-24,10,6,4
AWK,2021-02-24,10,7,-1
AWK,2021-02-24,10,8,3
AWK,2021-02-24,10,9,6
AWK,2021-02-24,10,10,1
AWK,2022-02-16,6,1,7
AWK,2022-02-16,6,2,5
AWK,2022-02-16,6,3,4
AWK,2022-02-16,6,4,3
AWK,2022-02-16,6,5,2
AWK,2022-02-16,6,6,2
AWK,2023-02-15,3,1,4
AWK,2023-02-15,3,2,4
AWK,2023-02-15,3,3,3
AWK,2024-02-14,4,1,4
AWK,2024-02-14,4,2,1
AWK,2024-02-14,4,3,2
AWK,2024-02-14,4,4,2
AXON,2021-02-26,8,1,2
AXON,2021-02-26,8,2,4
AXON,2021-02-26,8,3,6
AXON,2021-02-26,8,4,4
AXON,2021-02-26,8,5,2
AXON,2021-02-26,8,6,8
AXON,2021-02-26,8,7,3
AXON,2021-02-26,8,8,-2
AXON,2022-02-25,8,1,7
AXON,2022-02-25,8,2,1
AXON,2022-02-25,8,3,3
AXON,2022-02-25,8,4,3
AXON,2022-02-25,8,5,5
AXON,2022-02-25,8,6,2
AXON,2022-02-25,8,7,1
AXON,2022-02-25,8,8,4
AXON,2023-02-28,4,1,5
AXON,2023-02-28,4,2,3
AXON,2023-02-28,4,3,3
AXON,2023-02-28,4,4,2
AXON,2024-02-27,3,1,4
AXON,2024-02-27,3,2,2
AXON,2024-02-27,3,3,1
AXP,2022-02-11,13,1,8
AXP,2022-02-11,13,2,9
AXP,2022-02-11,13,3,10
AXP,2022-02-11,13,4,8
AXP,2022-02-11,13,5,6
AXP,2022-02-11,13,6,7
AXP,2022-02-11,13,7,6
AXP,2022-02-11,13,8,3
AXP,2022-02-11,13,9,2
AXP,2022-02-11,13,10,4
AXP,2022-02-11,13,11,3
AXP,2022-02-11,13,12,4
AXP,2022-02-11,13,13,5
AXP,2023-02-10,7,1,5
AXP,2023-02-10,7,2,7
AXP,2023-02-10,7,3,4
AXP,2023-02-10,7,4,4
AXP,2023-02-10,7,5,2
AXP,2023-02-10,7,6,2
AXP,2023-02-10,7,7,2
AXP,2024-02-09,4,1,3
AXP,2024-02-09,4,2,3
AXP,2024-02-09,4,3,4
AXP,2024-02-09,4,4,3
AZO,2021-10-25,18,1,8
AZO,2021-10-25,18,2,5
AZO,2021-10-25,18,3,5
AZO,2021-10-25,18,4,4
AZO,2021-10-25,18,5,4
AZO,2021-10-25,18,6,4
AZO,2021-10-25,18,7,7
AZO,2021-10-25,18,8,7
AZO,2021-10-25,18,9,3
AZO,2021-10-25,18,10,3
AZO,2021-10-25,18,11,5
AZO,2021-10-25,18,12,3
AZO,2021-10-25,18,13,7
AZO,2021-10-25,18,14,2
AZO,2021-10-25,18,15,3
AZO,2021-10-25,18,16,8
AZO,2021-10-25,18,17,6
AZO,2021-10-25,18,18,7
AZO,2022-10-24,5,1,7
AZO,2022-10-24,5,2,5
AZO,2022-10-24,5,3,9
AZO,2022-10-24,5,4,2
AZO,2022-10-24,5,5,1
AZO,2023-10-24,5,1,7
AZO,2023-10-24,5,2,6
AZO,2023-10-24,5,3,4
AZO,2023-10-24,5,4,2
AZO,2023-10-24,5,5,1
AZO,2024-10-28,5,1,6
AZO,2024-10-28,5,2,4
AZO,2024-10-28,5,3,3
AZO,2024-10-28,5,4,4
AZO,2024-10-28,5,5,1
A,2021-12-17,10,1,7
A,2021-12-17,10,2,7
A,2021-12-17,10,3,5
A,2021-12-17,10,4,5
A,2021-12-17,10,5,5
A,2021-12-17,10,6,4
A,2021-12-17,10,7,2
A,2021-12-17,10,8,3
A,2021-12-17,10,9,4
A,2021-12-17,10,10,4
A,2022-12-21,9,1,9
A,2022-12-21,9,2,7
A,2022-12-21,9,3,6
A,2022-12-21,9,4,6
A,2022-12-21,9,5,9
A,2022-12-21,9,6,7
A,2022-12-21,9,7,3
A,2022-12-21,9,8,3
A,2022-12-21,9,9,5
A,2024-12-20,5,1,5
A,2024-12-20,5,2,5
A,2024-12-20,5,3,4
A,2024-12-20,5,4,4
A,2024-12-20,5,5,4
BAC,2021-02-24,10,1,7
BAC,2021-02-24,10,2,8
BAC,2021-02-24,10,3,7
BAC,2021-02-24,10,4,5
BAC,2021-02-24,10,5,4
BAC,2021-02-24,10,6,4
BAC,2021-02-24,10,7,3
BAC,2021-02-24,10,8,4
BAC,2021-02-24,10,9,4
BAC,2021-02-24,10,10,4
BAC,2022-02-22,6,1,6
BAC,2022-02-22,6,2,7
BAC,2022-02-22,6,3,8
BAC,2022-02-22,6,4,4
BAC,2022-02-22,6,5,5
BAC,2022-02-22,6,6,5
BAC,2023-02-22,5,1,9
BAC,2023-02-22,5,2,7
BAC,2023-02-22,5,3,5
BAC,2023-02-22,5,4,7
BAC,2023-02-22,5,5,5
BAC,2024-02-20,5,1,3
BAC,2024-02-20,5,2,3
BAC,2024-02-20,5,3,4
BAC,2024-02-20,5,4,5
BAC,2024-02-20,5,5,4
BALL,2021-02-17,8,1,5
BALL,2021-02-17,8,2,3
BALL,2021-02-17,8,3,0
BALL,2021-02-17,8,4,0
BALL,2021-02-17,8,5,7
BALL,2021-02-17,8,6,2
BALL,2021-02-17,8,7,6
BALL,2021-02-17,8,8,8
BALL,2022-02-16,12,1,7
BALL,2022-02-16,12,2,2
BALL,2022-02-16,12,3,-1
BALL,2022-02-16,12,4,-2
BALL,2022-02-16,12,5,3
BALL,2022-02-16,12,6,7
BALL,2022-02-16,12,7,0
BALL,2022-02-16,12,8,3
BALL,2022-02-16,12,9,-2
BALL,2022-02-16,12,10,-3
BALL,2022-02-16,12,11,6
BALL,2022-02-16,12,12,2
BALL,2023-02-21,8,1,5
BALL,2023-02-21,8,2,2
BALL,2023-02-21,8,3,-5
BALL,2023-02-21,8,4,4
BALL,2023-02-21,8,5,6
BALL,2023-02-21,8,6,0
BALL,2023-02-21,8,7,4
BALL,2023-02-21,8,8,4
BALL,2024-02-20,3,1,4
BALL,2024-02-20,3,2,3
BALL,2024-02-20,3,3,2
BAX,2021-02-11,30,1,9
BAX,2021-02-11,30,2,4
BAX,2021-02-11,30,3,4
BAX,2021-02-11,30,4,8
BAX,2021-02-11,30,5,4
BAX,2021-02-11,30,6,6
BAX,2021-02-11,30,7,7
BAX,2021-02-11,30,8,8
BAX,2021-02-11,30,9,8
BAX,2021-02-11,30,10,9
BAX,2021-02-11,30,11,4
BAX,2021-02-11,30,12,7
BAX,2021-02-11,30,13,8
BAX,2021-02-11,30,14,6
BAX,2021-02-11,30,15,6
BAX,2021-02-11,30,16,8
BAX,2021-02-11,30,17,6
BAX,2021-02-11,30,18,5
BAX,2021-02-11,30,19,6
BAX,2021-02-11,30,20,7
BAX,2021-02-11,30,21,5
BAX,2021-02-11,30,22,6
BAX,2021-02-11,30,23,6
BAX,2021-02-11,30,24,7
BAX,2021-02-11,30,25,8
BAX,2021-02-11,30,26,5
BAX,2021-02-11,30,27,8
BAX,2021-02-11,30,28,6
BAX,2021-02-11,30,29,6
BAX,2021-02-11,30,30,6
BAX,2022-02-23,22,1,8
BAX,2022-02-23,22,2,2
BAX,2022-02-23,22,3,7
BAX,2022-02-23,22,4,3
BAX,2022-02-23,22,5,4
BAX,2022-02-23,22,6,6
BAX,2022-02-23,22,7,7
BAX,2022-02-23,22,8,2
BAX,2022-02-23,22,9,4
BAX,2022-02-23,22,10,6
BAX,2022-02-23,22,11,5
BAX,2022-02-23,22,12,3
BAX,2022-02-23,22,13,4
BAX,2022-02-23,22,14,1
BAX,2022-02-23,22,15,2
BAX,2022-02-23,22,16,3
BAX,2022-02-23,22,17,3
BAX,2022-02-23,22,18,3
BAX,2022-02-23,22,19,2
BAX,2022-02-23,22,20,5
BAX,2022-02-23,22,21,3
BAX,2022-02-23,22,22,3
BAX,2023-02-09,12,1,8
BAX,2023-02-09,12,2,9
BAX,2023-02-09,12,3,7
BAX,2023-02-09,12,4,8
BAX,2023-02-09,12,5,7
BAX,2023-02-09,12,6,7
BAX,2023-02-09,12,7,4
BAX,2023-02-09,12,8,6
BAX,2023-02-09,12,9,3
BAX,2023-02-09,12,10,4
BAX,2023-02-09,12,11,5
BAX,2023-02-09,12,12,1
BAX,2024-02-08,7,1,4
BAX,2024-02-08,7,2,6
BAX,2024-02-08,7,3,6
BAX,2024-02-08,7,4,5
BAX,2024-02-08,7,5,6
BAX,2024-02-08,7,6,5
BAX,2024-02-08,7,7,5
BA,2021-02-01,11,1,8
BA,2021-02-01,11,2,7
BA,2021-02-01,11,3,7
BA,2021-02-01,11,4,7
BA,2021-02-01,11,5,4
BA,2021-02-01,11,6,7
BA,2021-02-01,11,7,5
BA,2021-02-01,11,8,7
BA,2021-02-01,11,9,9
BA,2021-02-01,11,10,7
BA,2021-02-01,11,11,5
BA,2022-01-31,22,1,8
BA,2022-01-31,22,2,6
BA,2022-01-31,22,3,7
BA,2022-01-31,22,4,4
BA,2022-01-31,22,5,5
BA,2022-01-31,22,6,8
BA,2022-01-31,22,7,8
BA,2022-01-31,22,8,7
BA,2022-01-31,22,9,6
BA,2022-01-31,22,10,4
BA,2022-01-31,22,11,6
BA,2022-01-31,22,12,6
BA,2022-01-31,22,13,7
BA,2022-01-31,22,14,6
BA,2022-01-31,22,15,7
BA,2022-01-31,22,16,8
BA,2022-01-31,22,17,6
BA,2022-01-31,22,18,5
BA,2022-01-31,22,19,6
BA,2022-01-31,22,20,5
BA,2022-01-31,22,21,9
BA,2022-01-31,22,22,6
BA,2023-01-27,6,1,1
BA,2023-01-27,6,2,9
BA,2023-01-27,6,3,6
BA,2023-01-27,6,4,3
BA,2023-01-27,6,5,6
BA,2023-01-27,6,6,6
BA,2024-01-31,6,1,2
BA,2024-01-31,6,2,2
BA,2024-01-31,6,3,2
BA,2024-01-31,6,4,0
BA,2024-01-31,6,5,2
BA,2024-01-31,6,6,0
BBY,2021-03-19,16,1,3
BBY,2021-03-19,16,2,6
BBY,2021-03-19,16,3,6
BBY,2021-03-19,16,4,3
BBY,2021-03-19,16,5,4
BBY,2021-03-19,16,6,3
BBY,2021-03-19,16,7,3
BBY,2021-03-19,16,8,4
BBY,2021-03-19,16,9,3
BBY,2021-03-19,16,10,6
BBY,2021-03-19,16,11,4
BBY,2021-03-19,16,12,4
BBY,2021-03-19,16,13,2
BBY,2021-03-19,16,14,3
BBY,2021-03-19,16,15,1
BBY,2021-03-19,16,16,2
BBY,2022-03-18,19,1,5
BBY,2022-03-18,19,2,7
BBY,2022-03-18,19,3,4
BBY,2022-03-18,19,4,2
BBY,2022-03-18,19,5,5
BBY,2022-03-18,19,6,5
BBY,2022-03-18,19,7,3
BBY,2022-03-18,19,8,4
BBY,2022-03-18,19,9,1
BBY,2022-03-18,19,10,5
BBY,2022-03-18,19,11,2
BBY,2022-03-18,19,12,3
BBY,2022-03-18,19,13,5
BBY,2022-03-18,19,14,2
BBY,2022-03-18,19,15,2
BBY,2022-03-18,19,16,6
BBY,2022-03-18,19,17,2
BBY,2022-03-18,19,18,1
BBY,2022-03-18,19,19,5
BBY,2023-03-17,7,1,3
BBY,2023-03-17,7,2,3
BBY,2023-03-17,7,3,6
BBY,2023-03-17,7,4,9
BBY,2023-03-17,7,5,4
BBY,2023-03-17,7,6,6
BBY,2023-03-17,7,7,8
BBY,2024-03-15,7,1,4
BBY,2024-03-15,7,2,5
BBY,2024-03-15,7,3,4
BBY,2024-03-15,7,4,4
BBY,2024-03-15,7,5,3
BBY,2024-03-15,7,6,2
BBY,2024-03-15,7,7,3
BDX,2021-11-24,14,1,7
BDX,2021-11-24,14,2,5
BDX,2021-11-24,14,3,7
BDX,2021-11-24,14,4,3
BDX,2021-11-24,14,5,4
BDX,2021-11-24,14,6,5
BDX,2021-11-24,14,7,5
BDX,2021-11-24,14,8,4
BDX,2021-11-24,14,9,3
BDX,2021-11-24,14,10,4
BDX,2021-11-24,14,11,1
BDX,2021-11-24,14,12,4
BDX,2021-11-24,14,13,3
BDX,2021-11-24,14,14,2
BDX,2022-11-22,15,1,7
BDX,2022-11-22,15,2,2
BDX,2022-11-22,15,3,5
BDX,2022-11-22,15,4,6
BDX,2022-11-22,15,5,5
BDX,2022-11-22,15,6,3
BDX,2022-11-22,15,7,6
BDX,2022-11-22,15,8,4
BDX,2022-11-22,15,9,3
BDX,2022-11-22,15,10,2
BDX,2022-11-22,15,11,2
BDX,2022-11-22,15,12,3
BDX,2022-11-22,15,13,2
BDX,2022-11-22,15,14,2
BDX,2022-11-22,15,15,4
BDX,2023-11-21,6,1,5
BDX,2023-11-21,6,2,4
BDX,2023-11-21,6,3,5
BDX,2023-11-21,6,4,5
BDX,2023-11-21,6,5,2
BDX,2023-11-21,6,6,2
BDX,2024-11-27,5,1,4
BDX,2024-11-27,5,2,4
BDX,2024-11-27,5,3,5
BDX,2024-11-27,5,4,1
BDX,2024-11-27,5,5,1
BEN,2021-11-19,18,1,8
BEN,2021-11-19,18,2,9
BEN,2021-11-19,18,3,7
BEN,2021-11-19,18,4,8
BEN,2021-11-19,18,5,8
BEN,2021-11-19,18,6,9
BEN,2021-11-19,18,7,8
BEN,2021-11-19,18,8,9
BEN,2021-11-19,18,9,9
BEN,2021-11-19,18,10,8
BEN,2021-11-19,18,11,7
BEN,2021-11-19,18,12,6
BEN,2021-11-19,18,13,7
BEN,2021-11-19,18,14,7
BEN,2021-11-19,18,15,6
BEN,2021-11-19,18,16,7
BEN,2021-11-19,18,17,8
BEN,2021-11-19,18,18,7
BEN,2022-11-14,10,1,4
BEN,2022-11-14,10,2,7
BEN,2022-11-14,10,3,2
BEN,2022-11-14,10,4,5
BEN,2022-11-14,10,5,2
BEN,2022-11-14,10,6,4
BEN,2022-11-14,10,7,7
BEN,2022-11-14,10,8,3
BEN,2022-11-14,10,9,2
BEN,2022-11-14,10,10,4
BEN,2023-11-14,7,1,6
BEN,2023-11-14,7,2,7
BEN,2023-11-14,7,3,3
BEN,2023-11-14,7,4,6
BEN,2023-11-14,7,5,4
BEN,2023-11-14,7,6,4
BEN,2023-11-14,7,7,3
BEN,2024-11-12,7,1,5
BEN,2024-11-12,7,2,6
BEN,2024-11-12,7,3,4
BEN,2024-11-12,7,4,5
BEN,2024-11-12,7,5,4
BEN,2024-11-12,7,6,4
BEN,2024-11-12,7,7,4
BFB,2021-06-21,14,1,6
BFB,2021-06-21,14,2,8
BFB,2021-06-21,14,3,9
BFB,2021-06-21,14,4,9
BFB,2021-06-21,14,5,8
BFB,2021-06-21,14,6,7
BFB,2021-06-21,14,7,5
BFB,2021-06-21,14,8,8
BFB,2021-06-21,14,9,8
BFB,2021-06-21,14,10,6
BFB,2021-06-21,14,11,5
BFB,2021-06-21,14,12,2
BFB,2021-06-21,14,13,7
BFB,2021-06-21,14,14,5
BFB,2022-06-17,17,1,7
BFB,2022-06-17,17,2,2
BFB,2022-06-17,17,3,5
BFB,2022-06-17,17,4,4
BFB,2022-06-17,17,5,7
BFB,2022-06-17,17,6,4
BFB,2022-06-17,17,7,8
BFB,2022-06-17,17,8,8
BFB,2022-06-17,17,9,8
BFB,2022-06-17,17,10,6
BFB,2022-06-17,17,11,6
BFB,2022-06-17,17,12,3
BFB,2022-06-17,17,13,1
BFB,2022-06-17,17,14,4
BFB,2022-06-17,17,15,4
BFB,2022-06-17,17,16,6
BFB,2022-06-17,17,17,-1
BFB,2023-06-16,9,1,8
BFB,2023-06-16,9,2,7
BFB,2023-06-16,9,3,3
BFB,2023-06-16,9,4,3
BFB,2023-06-16,9,5,5
BFB,2023-06-16,9,6,6
BFB,2023-06-16,9,7,4
BFB,2023-06-16,9,8,1
BFB,2023-06-16,9,9,3
BFB,2024-06-14,6,1,3
BFB,2024-06-14,6,2,5
BFB,2024-06-14,6,3,6
BFB,2024-06-14,6,4,4
BFB,2024-06-14,6,5,2
BFB,2024-06-14,6,6,6
BG,2024-02-22,6,1,1
BG,2024-02-22,6,2,3
BG,2024-02-22,6,3,5
BG,2024-02-22,6,4,3
BG,2024-02-22,6,5,3
BG,2024-02-22,6,6,2
BIIB,2021-02-03,15,1,6
BIIB,2021-02-03,15,2,5
BIIB,2021-02-03,15,3,5
BIIB,2021-02-03,15,4,4
BIIB,2021-02-03,15,5,2
BIIB,2021-02-03,15,6,4
BIIB,2021-02-03,15,7,3
BIIB,2021-02-03,15,8,3
BIIB,2021-02-03,15,9,6
BIIB,2021-02-03,15,10,3
BIIB,2021-02-03,15,11,2
BIIB,2021-02-03,15,12,2
BIIB,2021-02-03,15,13,3
BIIB,2021-02-03,15,14,3
BIIB,2021-02-03,15,15,3
BIIB,2022-02-03,15,1,7
BIIB,2022-02-03,15,2,6
BIIB,2022-02-03,15,3,6
BIIB,2022-02-03,15,4,6
BIIB,2022-02-03,15,5,5
BIIB,2022-02-03,15,6,7
BIIB,2022-02-03,15,7,7
BIIB,2022-02-03,15,8,5
BIIB,2022-02-03,15,9,5
BIIB,2022-02-03,15,10,5
BIIB,2022-02-03,15,11,6
BIIB,2022-02-03,15,12,5
BIIB,2022-02-03,15,13,5
BIIB,2022-02-03,15,14,7
BIIB,2022-02-03,15,15,3
BIIB,2023-02-15,12,1,5
BIIB,2023-02-15,12,2,5
BIIB,2023-02-15,12,3,2
BIIB,2023-02-15,12,4,4
BIIB,2023-02-15,12,5,5
BIIB,2023-02-15,12,6,3
BIIB,2023-02-15,12,7,3
BIIB,2023-02-15,12,8,4
BIIB,2023-02-15,12,9,3
BIIB,2023-02-15,12,10,2
BIIB,2023-02-15,12,11,3
BIIB,2023-02-15,12,12,3
BIIB,2024-02-14,5,1,7
BIIB,2024-02-14,5,2,6
BIIB,2024-02-14,5,3,4
BIIB,2024-02-14,5,4,4
BIIB,2024-02-14,5,5,2
BKNG,2021-02-24,12,1,7
BKNG,2021-02-24,12,2,7
BKNG,2021-02-24,12,3,7
BKNG,2021-02-24,12,4,8
BKNG,2021-02-24,12,5,6
BKNG,2021-02-24,12,6,9
BKNG,2021-02-24,12,7,6
BKNG,2021-02-24,12,8,5
BKNG,2021-02-24,12,9,4
BKNG,2021-02-24,12,10,4
BKNG,2021-02-24,12,11,4
BKNG,2021-02-24,12,12,4
BKNG,2022-02-23,10,1,9
BKNG,2022-02-23,10,2,8
BKNG,2022-02-23,10,3,5
BKNG,2022-02-23,10,4,2
BKNG,2022-02-23,10,5,4
BKNG,2022-02-23,10,6,1
BKNG,2022-02-23,10,7,2
BKNG,2022-02-23,10,8,6
BKNG,2022-02-23,10,9,7
BKNG,2022-02-23,10,10,6
BKNG,2023-02-23,15,1,4
BKNG,2023-02-23,15,2,8
BKNG,2023-02-23,15,3,4
BKNG,2023-02-23,15,4,7
BKNG,2023-02-23,15,5,3
BKNG,2023-02-23,15,6,3
BKNG,2023-02-23,15,7,5
BKNG,2023-02-23,15,8,1
BKNG,2023-02-23,15,9,7
BKNG,2023-02-23,15,10,4
BKNG,2023-02-23,15,11,3
BKNG,2023-02-23,15,12,5
BKNG,2023-02-23,15,13,5
BKNG,2023-02-23,15,14,4
BKNG,2023-02-23,15,15,4
BKNG,2024-02-22,5,1,5
BKNG,2024-02-22,5,2,5
BKNG,2024-02-22,5,3,1
BKNG,2024-02-22,5,4,1
BKNG,2024-02-22,5,5,-2
BKR,2021-02-25,14,1,3
BKR,2021-02-25,14,2,9
BKR,2021-02-25,14,3,6
BKR,2021-02-25,14,4,3
BKR,2021-02-25,14,5,4
BKR,2021-02-25,14,6,5
BKR,2021-02-25,14,7,4
BKR,2021-02-25,14,8,4
BKR,2021-02-25,14,9,5
BKR,2021-02-25,14,10,6
BKR,2021-02-25,14,11,3
BKR,2021-02-25,14,12,4
BKR,2021-02-25,14,13,0
BKR,2021-02-25,14,14,0
BKR,2022-02-11,11,1,2
BKR,2022-02-11,11,2,8
BKR,2022-02-11,11,3,5
BKR,2022-02-11,11,4,1
BKR,2022-02-11,11,5,6
BKR,2022-02-11,11,6,8
BKR,2022-02-11,11,7,5
BKR,2022-02-11,11,8,5
BKR,2022-02-11,11,9,5
BKR,2022-02-11,11,10,2
BKR,2022-02-11,11,11,6
BKR,2023-02-14,10,1,7
BKR,2023-02-14,10,2,3
BKR,2023-02-14,10,3,4
BKR,2023-02-14,10,4,3
BKR,2023-02-14,10,5,4
BKR,2023-02-14,10,6,5
BKR,2023-02-14,10,7,3
BKR,2023-02-14,10,8,1
BKR,2023-02-14,10,9,3
BKR,2023-02-14,10,10,2
BKR,2024-02-05,5,1,5
BKR,2024-02-05,5,2,3
BKR,2024-02-05,5,3,4
BKR,2024-02-05,5,4,3
BKR,2024-02-05,5,5,3
BLDR,2021-02-26,10,1,8
BLDR,2021-02-26,10,2,7
BLDR,2021-02-26,10,3,5
BLDR,2021-02-26,10,4,6
BLDR,2021-02-26,10,5,5
BLDR,2021-02-26,10,6,4
BLDR,2021-02-26,10,7,1
BLDR,2021-02-26,10,8,6
BLDR,2021-02-26,10,9,0
BLDR,2021-02-26,10,10,3
BLDR,2022-03-01,18,1,5
BLDR,2022-03-01,18,2,8
BLDR,2022-03-01,18,3,6
BLDR,2022-03-01,18,4,4
BLDR,2022-03-01,18,5,5
BLDR,2022-03-01,18,6,5
BLDR,2022-03-01,18,7,5
BLDR,2022-03-01,18,8,3
BLDR,2022-03-01,18,9,2
BLDR,2022-03-01,18,10,3
BLDR,2022-03-01,18,11,3
BLDR,2022-03-01,18,12,1
BLDR,2022-03-01,18,13,-1
BLDR,2022-03-01,18,14,3
BLDR,2022-03-01,18,15,4
BLDR,2022-03-01,18,16,6
BLDR,2022-03-01,18,17,-2
BLDR,2022-03-01,18,18,4
BLDR,2023-02-28,5,1,3
BLDR,2023-02-28,5,2,5
BLDR,2023-02-28,5,3,2
BLDR,2023-02-28,5,4,3
BLDR,2023-02-28,5,5,2
BLDR,2024-02-22,1,1,4
BMY,2021-02-10,14,1,8
BMY,2021-02-10,14,2,8
BMY,2021-02-10,14,3,3
BMY,2021-02-10,14,4,7
BMY,2021-02-10,14,5,5
BMY,2021-02-10,14,6,7
BMY,2021-02-10,14,7,5
BMY,2021-02-10,14,8,7
BMY,2021-02-10,14,9,3
BMY,2021-02-10,14,10,4
BMY,2021-02-10,14,11,2
BMY,2021-02-10,14,12,3
BMY,2021-02-10,14,13,6
BMY,2021-02-10,14,14,3
BMY,2023-02-14,8,1,4
BMY,2023-02-14,8,2,4
BMY,2023-02-14,8,3,4
BMY,2023-02-14,8,4,4
BMY,2023-02-14,8,5,0
BMY,2023-02-14,8,6,3
BMY,2023-02-14,8,7,4
BMY,2023-02-14,8,8,4
BMY,2024-02-13,10,1,4
BMY,2024-02-13,10,2,6
BMY,2024-02-13,10,3,0
BMY,2024-02-13,10,4,5
BMY,2024-02-13,10,5,4
BMY,2024-02-13,10,6,2
BMY,2024-02-13,10,7,4
BMY,2024-02-13,10,8,1
BMY,2024-02-13,10,9,1
BMY,2024-02-13,10,10,1
BRO,2021-02-23,17,1,5
BRO,2021-02-23,17,2,5
BRO,2021-02-23,17,3,1
BRO,2021-02-23,17,4,2
BRO,2021-02-23,17,5,3
BRO,2021-02-23,17,6,2
BRO,2021-02-23,17,7,1
BRO,2021-02-23,17,8,1
BRO,2021-02-23,17,9,2
BRO,2021-02-23,17,10,2
BRO,2021-02-23,17,11,5
BRO,2021-02-23,17,12,2
BRO,2021-02-23,17,13,2
BRO,2021-02-23,17,14,2
BRO,2021-02-23,17,15,1
BRO,2021-02-23,17,16,0
BRO,2021-02-23,17,17,6
BRO,2022-02-23,9,1,8
BRO,2022-02-23,9,2,7
BRO,2022-02-23,9,3,4
BRO,2022-02-23,9,4,2
BRO,2022-02-23,9,5,6
BRO,2022-02-23,9,6,3
BRO,2022-02-23,9,7,1
BRO,2022-02-23,9,8,1
BRO,2022-02-23,9,9,1
BRO,2023-02-27,11,1,7
BRO,2023-02-27,11,2,6
BRO,2023-02-27,11,3,1
BRO,2023-02-27,11,4,4
BRO,2023-02-27,11,5,3
BRO,2023-02-27,11,6,3
BRO,2023-02-27,11,7,1
BRO,2023-02-27,11,8,4
BRO,2023-02-27,11,9,1
BRO,2023-02-27,11,10,1
BRO,2023-02-27,11,11,3
BRO,2024-02-22,9,1,4
BRO,2024-02-22,9,2,5
BRO,2024-02-22,9,3,1
BRO,2024-02-22,9,4,1
BRO,2024-02-22,9,5,1
BRO,2024-02-22,9,6,0
BRO,2024-02-22,9,7,0
BRO,2024-02-22,9,8,0
BRO,2024-02-22,9,9,0
BR,2024-08-06,4,1,6
BR,2024-08-06,4,2,0
BR,2024-08-06,4,3,1
BR,2024-08-06,4,4,-1
BSX,2024-02-20,2,1,5
BSX,2024-02-20,2,2,2
BWA,2021-02-22,21,1,5
BWA,2021-02-22,21,2,7
BWA,2021-02-22,21,3,7
BWA,2021-02-22,21,4,8
BWA,2021-02-22,21,5,3
BWA,2021-02-22,21,6,7
BWA,2021-02-22,21,7,4
BWA,2021-02-22,21,8,6
BWA,2021-02-22,21,9,3
BWA,2021-02-22,21,10,5
BWA,2021-02-22,21,11,5
BWA,2021-02-22,21,12,5
BWA,2021-02-22,21,13,5
BWA,2021-02-22,21,14,5
BWA,2021-02-22,21,15,5
BWA,2021-02-22,21,16,2
BWA,2021-02-22,21,17,1
BWA,2021-02-22,21,18,7
BWA,2021-02-22,21,19,6
BWA,2021-02-22,21,20,3
BWA,2021-02-22,21,21,1
BWA,2022-02-15,17,1,6
BWA,2022-02-15,17,2,7
BWA,2022-02-15,17,3,8
BWA,2022-02-15,17,4,8
BWA,2022-02-15,17,5,4
BWA,2022-02-15,17,6,6
BWA,2022-02-15,17,7,5
BWA,2022-02-15,17,8,6
BWA,2022-02-15,17,9,4
BWA,2022-02-15,17,10,5
BWA,2022-02-15,17,11,4
BWA,2022-02-15,17,12,3
BWA,2022-02-15,17,13,6
BWA,2022-02-15,17,14,5
BWA,2022-02-15,17,15,5
BWA,2022-02-15,17,16,5
BWA,2022-02-15,17,17,2
BWA,2023-02-09,7,1,6
BWA,2023-02-09,7,2,5
BWA,2023-02-09,7,3,6
BWA,2023-02-09,7,4,7
BWA,2023-02-09,7,5,5
BWA,2023-02-09,7,6,3
BWA,2023-02-09,7,7,4
BWA,2024-02-08,2,1,4
BWA,2024-02-08,2,2,1
BX,2021-02-26,13,1,9
BX,2021-02-26,13,2,8
BX,2021-02-26,13,3,3
BX,2021-02-26,13,4,5
BX,2021-02-26,13,5,5
BX,2021-02-26,13,6,5
BX,2021-02-26,13,7,4
BX,2021-02-26,13,8,4
BX,2021-02-26,13,9,6
BX,2021-02-26,13,10,4
BX,2021-02-26,13,11,3
BX,2021-02-26,13,12,2
BX,2021-02-26,13,13,1
BX,2022-02-25,9,1,6
BX,2022-02-25,9,2,7
BX,2022-02-25,9,3,8
BX,2022-02-25,9,4,7
BX,2022-02-25,9,5,5
BX,2022-02-25,9,6,5
BX,2022-02-25,9,7,5
BX,2022-02-25,9,8,5
BX,2022-02-25,9,9,3
BX,2023-02-24,16,1,6
BX,2023-02-24,16,2,2
BX,2023-02-24,16,3,5
BX,2023-02-24,16,4,6
BX,2023-02-24,16,5,2
BX,2023-02-24,16,6,6
BX,2023-02-24,16,7,5
BX,2023-02-24,16,8,2
BX,2023-02-24,16,9,5
BX,2023-02-24,16,10,5
BX,2023-02-24,16,11,5
BX,2023-02-24,16,12,2
BX,2023-02-24,16,13,2
BX,2023-02-24,16,14,3
BX,2023-02-24,16,15,2
BX,2023-02-24,16,16,2
BX,2024-02-23,15,1,7
BX,2024-02-23,15,2,5
BX,2024-02-23,15,3,5
BX,2024-02-23,15,4,6
BX,2024-02-23,15,5,6
BX,2024-02-23,15,6,5
BX,2024-02-23,15,7,5
BX,2024-02-23,15,8,5
BX,2024-02-23,15,9,5
BX,2024-02-23,15,10,5
BX,2024-02-23,15,11,2
BX,2024-02-23,15,12,5
BX,2024-02-23,15,13,3
BX,2024-02-23,15,14,4
BX,2024-02-23,15,15,1
CAG,2021-07-23,12,1,4
CAG,2021-07-23,12,2,3
CAG,2021-07-23,12,3,5
CAG,2021-07-23,12,4,6
CAG,2021-07-23,12,5,7
CAG,2021-07-23,12,6,6
CAG,2021-07-23,12,7,5
CAG,2021-07-23,12,8,3
CAG,2021-07-23,12,9,1
CAG,2021-07-23,12,10,4
CAG,2021-07-23,12,11,4
CAG,2021-07-23,12,12,1
CAG,2022-07-21,11,1,4
CAG,2022-07-21,11,2,3
CAG,2022-07-21,11,3,3
CAG,2022-07-21,11,4,3
CAG,2022-07-21,11,5,4
CAG,2022-07-21,11,6,2
CAG,2022-07-21,11,7,2
CAG,2022-07-21,11,8,3
CAG,2022-07-21,11,9,7
CAG,2022-07-21,11,10,7
CAG,2022-07-21,11,11,3
CAG,2023-07-13,2,1,7
CAG,2023-07-13,2,2,6
CAG,2024-07-11,4,1,4
CAG,2024-07-11,4,2,2
CAG,2024-07-11,4,3,1
CAG,2024-07-11,4,4,1
CARR,2021-02-09,9,1,8
CARR,2021-02-09,9,2,5
CARR,2021-02-09,9,3,5
CARR,2021-02-09,9,4,5
CARR,2021-02-09,9,5,6
CARR,2021-02-09,9,6,5
CARR,2021-02-09,9,7,6
CARR,2021-02-09,9,8,6
CARR,2021-02-09,9,9,4
CAT,2021-02-17,9,1,4
CAT,2021-02-17,9,2,6
CAT,2021-02-17,9,3,3
CAT,2021-02-17,9,4,7
CAT,2021-02-17,9,5,3
CAT,2021-02-17,9,6,5
CAT,2021-02-17,9,7,2
CAT,2021-02-17,9,8,-1
CAT,2021-02-17,9,9,4
CAT,2022-02-16,10,1,7
CAT,2022-02-16,10,2,8
CAT,2022-02-16,10,3,9
CAT,2022-02-16,10,4,8
CAT,2022-02-16,10,5,7
CAT,2022-02-16,10,6,4
CAT,2022-02-16,10,7,1
CAT,2022-02-16,10,8,5
CAT,2022-02-16,10,9,2
CAT,2022-02-16,10,10,5
CAT,2023-02-15,10,1,7
CAT,2023-02-15,10,2,7
CAT,2023-02-15,10,3,6
CAT,2023-02-15,10,4,6
CAT,2023-02-15,10,5,3
CAT,2023-02-15,10,6,7
CAT,2023-02-15,10,7,7
CAT,2023-02-15,10,8,4
CAT,2023-02-15,10,9,6
CAT,2023-02-15,10,10,2
CAT,2024-02-16,7,1,4
CAT,2024-02-16,7,2,4
CAT,2024-02-16,7,3,4
CAT,2024-02-16,7,4,4
CAT,2024-02-16,7,5,6
CAT,2024-02-16,7,6,4
CAT,2024-02-16,7,7,4
CBOE,2021-02-19,7,1,6
CBOE,2021-02-19,7,2,5
CBOE,2021-02-19,7,3,7
CBOE,2021-02-19,7,4,6
CBOE,2021-02-19,7,5,1
CBOE,2021-02-19,7,6,1
CBOE,2021-02-19,7,7,3
CBOE,2022-02-18,9,1,4
CBOE,2022-02-18,9,2,6
CBOE,2022-02-18,9,3,4
CBOE,2022-02-18,9,4,5
CBOE,2022-02-18,9,5,4
CBOE,2022-02-18,9,6,8
CBOE,2022-02-18,9,7,2
CBOE,2022-02-18,9,8,4
CBOE,2022-02-18,9,9,7
CBOE,2023-02-17,6,1,3
CBOE,2023-02-17,6,2,4
CBOE,2023-02-17,6,3,3
CBOE,2023-02-17,6,4,4
CBOE,2023-02-17,6,5,2
CBOE,2023-02-17,6,6,6
CBOE,2024-02-16,6,1,4
CBOE,2024-02-16,6,2,5
CBOE,2024-02-16,6,3,4
CBOE,2024-02-16,6,4,5
CBOE,2024-02-16,6,5,4
CBOE,2024-02-16,6,6,6
CBRE,2021-02-24,16,1,8
CBRE,2021-02-24,16,2,7
CBRE,2021-02-24,16,3,8
CBRE,2021-02-24,16,4,8
CBRE,2021-02-24,16,5,3
CBRE,2021-02-24,16,6,8
CBRE,2021-02-24,16,7,7
CBRE,2021-02-24,16,8,6
CBRE,2021-02-24,16,9,7
CBRE,2021-02-24,16,10,3
CBRE,2021-02-24,16,11,5
CBRE,2021-02-24,16,12,5
CBRE,2021-02-24,16,13,6
CBRE,2021-02-24,16,14,6
CBRE,2021-02-24,16,15,7
CBRE,2021-02-24,16,16,4
CBRE,2022-03-01,8,1,6
CBRE,2022-03-01,8,2,7
CBRE,2022-03-01,8,3,6
CBRE,2022-03-01,8,4,-1
CBRE,2022-03-01,8,5,2
CBRE,2022-03-01,8,6,5
CBRE,2022-03-01,8,7,7
CBRE,2022-03-01,8,8,5
CBRE,2023-02-27,6,1,9
CBRE,2023-02-27,6,2,7
CBRE,2023-02-27,6,3,2
CBRE,2023-02-27,6,4,1
CBRE,2023-02-27,6,5,2
CBRE,2023-02-27,6,6,1
CBRE,2024-02-20,4,1,4
CBRE,2024-02-20,4,2,3
CBRE,2024-02-20,4,3,6
CBRE,2024-02-20,4,4,5
CB,2021-02-25,10,1,3
CB,2021-02-25,10,2,5
CB,2021-02-25,10,3,5
CB,2021-02-25,10,4,3
CB,2021-02-25,10,5,2
CB,2021-02-25,10,6,1
CB,2021-02-25,10,7,5
CB,2021-02-25,10,8,10
CB,2021-02-25,10,9,7
CB,2021-02-25,10,10,5
CB,2022-02-24,8,1,7
CB,2022-02-24,8,2,6
CB,2022-02-24,8,3,8
CB,2022-02-24,8,4,6
CB,2022-02-24,8,5,4
CB,2022-02-24,8,6,4
CB,2022-02-24,8,7,2
CB,2022-02-24,8,8,7
CB,2023-02-24,6,1,8
CB,2023-02-24,6,2,4
CB,2023-02-24,6,3,5
CB,2023-02-24,6,4,7
CB,2023-02-24,6,5,6
CB,2023-02-24,6,6,1
CB,2024-02-23,3,1,4
CB,2024-02-23,3,2,2
CB,2024-02-23,3,3,5
CCI,2021-02-22,9,1,5
CCI,2021-02-22,9,2,3
CCI,2021-02-22,9,3,2
CCI,2021-02-22,9,4,3
CCI,2021-02-22,9,5,2
CCI,2021-02-22,9,6,-3
CCI,2021-02-22,9,7,2
CCI,2021-02-22,9,8,5
CCI,2021-02-22,9,9,5
CCI,2022-02-22,9,1,8
CCI,2022-02-22,9,2,4
CCI,2022-02-22,9,3,4
CCI,2022-02-22,9,4,6
CCI,2022-02-22,9,5,4
CCI,2022-02-22,9,6,-4
CCI,2022-02-22,9,7,5
CCI,2022-02-22,9,8,9
CCI,2022-02-22,9,9,6
CCI,2023-02-24,2,1,9
CCI,2023-02-24,2,2,4
CCI,2024-02-23,1,1,7
CCL,2024-01-26,11,1,4
CCL,2024-01-26,11,2,7
CCL,2024-01-26,11,3,5
CCL,2024-01-26,11,4,6
CCL,2024-01-26,11,5,3
CCL,2024-01-26,11,6,2
CCL,2024-01-26,11,7,5
CCL,2024-01-26,11,8,2
CCL,2024-01-26,11,9,2
CCL,2024-01-26,11,10,5
CCL,2024-01-26,11,11,5
CDNS,2021-02-22,16,1,5
CDNS,2021-02-22,16,2,7
CDNS,2021-02-22,16,3,1
CDNS,2021-02-22,16,4,5
CDNS,2021-02-22,16,5,5
CDNS,2021-02-22,16,6,4
CDNS,2021-02-22,16,7,5
CDNS,2021-02-22,16,8,5
CDNS,2021-02-22,16,9,1
CDNS,2021-02-22,16,10,1
CDNS,2021-02-22,16,11,5
CDNS,2021-02-22,16,12,4
CDNS,2021-02-22,16,13,5
CDNS,2021-02-22,16,14,0
CDNS,2021-02-22,16,15,2
CDNS,2021-02-22,16,16,1
CDNS,2022-02-22,16,1,3
CDNS,2022-02-22,16,2,3
CDNS,2022-02-22,16,3,7
CDNS,2022-02-22,16,4,2
CDNS,2022-02-22,16,5,-1
CDNS,2022-02-22,16,6,6
CDNS,2022-02-22,16,7,4
CDNS,2022-02-22,16,8,5
CDNS,2022-02-22,16,9,5
CDNS,2022-02-22,16,10,5
CDNS,2022-02-22,16,11,6
CDNS,2022-02-22,16,12,2
CDNS,2022-02-22,16,13,2
CDNS,2022-02-22,16,14,2
CDNS,2022-02-22,16,15,-3
CDNS,2022-02-22,16,16,2
CDNS,2023-02-13,10,1,3
CDNS,2023-02-13,10,2,4
CDNS,2023-02-13,10,3,3
CDNS,2023-02-13,10,4,4
CDNS,2023-02-13,10,5,6
CDNS,2023-02-13,10,6,4
CDNS,2023-02-13,10,7,2
CDNS,2023-02-13,10,8,3
CDNS,2023-02-13,10,9,0
CDNS,2023-02-13,10,10,0
CDNS,2024-02-14,3,1,5
CDNS,2024-02-14,3,2,4
CDNS,2024-02-14,3,3,1
CDW,2021-02-26,11,1,6
CDW,2021-02-26,11,2,2
CDW,2021-02-26,11,3,4
CDW,2021-02-26,11,4,8
CDW,2021-02-26,11,5,5
CDW,2021-02-26,11,6,5
CDW,2021-02-26,11,7,1
CDW,2021-02-26,11,8,3
CDW,2021-02-26,11,9,4
CDW,2021-02-26,11,10,3
CDW,2021-02-26,11,11,2
CDW,2022-02-28,11,1,8
CDW,2022-02-28,11,2,9
CDW,2022-02-28,11,3,8
CDW,2022-02-28,11,4,7
CDW,2022-02-28,11,5,7
CDW,2022-02-28,11,6,6
CDW,2022-02-28,11,7,6
CDW,2022-02-28,11,8,7
CDW,2022-02-28,11,9,6
CDW,2022-02-28,11,10,6
CDW,2022-02-28,11,11,6
CDW,2023-02-24,12,1,7
CDW,2023-02-24,12,2,4
CDW,2023-02-24,12,3,8
CDW,2023-02-24,12,4,7
CDW,2023-02-24,12,5,3
CDW,2023-02-24,12,6,5
CDW,2023-02-24,12,7,3
CDW,2023-02-24,12,8,3
CDW,2023-02-24,12,9,3
CDW,2023-02-24,12,10,1
CDW,2023-02-24,12,11,2
CDW,2023-02-24,12,12,6
CDW,2024-02-26,3,1,4
CDW,2024-02-26,3,2,4
CDW,2024-02-26,3,3,5
CEG,2022-02-25,11,1,6
CEG,2022-02-25,11,2,4
CEG,2022-02-25,11,3,3
CEG,2022-02-25,11,4,4
CEG,2022-02-25,11,5,-2
CEG,2022-02-25,11,6,-1
CEG,2022-02-25,11,7,-2
CEG,2022-02-25,11,8,7
CEG,2022-02-25,11,9,3
CEG,2022-02-25,11,10,2
CEG,2022-02-25,11,11,3
CEG,2023-02-16,8,1,7
CEG,2023-02-16,8,2,5
CEG,2023-02-16,8,3,4
CEG,2023-02-16,8,4,3
CEG,2023-02-16,8,5,2
CEG,2023-02-16,8,6,2
CEG,2023-02-16,8,7,0
CEG,2023-02-16,8,8,3
CE,2021-02-11,14,1,10
CE,2021-02-11,14,2,8
CE,2021-02-11,14,3,8
CE,2021-02-11,14,4,7
CE,2021-02-11,14,5,6
CE,2021-02-11,14,6,6
CE,2021-02-11,14,7,7
CE,2021-02-11,14,8,7
CE,2021-02-11,14,9,0
CE,2021-02-11,14,10,-5
CE,2021-02-11,14,11,5
CE,2021-02-11,14,12,5
CE,2021-02-11,14,13,5
CE,2021-02-11,14,14,3
CE,2022-02-10,7,1,6
CE,2022-02-10,7,2,6
CE,2022-02-10,7,3,5
CE,2022-02-10,7,4,3
CE,2022-02-10,7,5,1
CE,2022-02-10,7,6,5
CE,2022-02-10,7,7,2
CE,2023-02-24,5,1,3
CE,2023-02-24,5,2,4
CE,2023-02-24,5,3,7
CE,2023-02-24,5,4,4
CE,2023-02-24,5,5,4
CE,2024-02-23,3,1,4
CE,2024-02-23,3,2,1
CE,2024-02-23,3,3,5
CFG,2023-02-17,6,1,7
CFG,2023-02-17,6,2,7
CFG,2023-02-17,6,3,5
CFG,2023-02-17,6,4,6
CFG,2023-02-17,6,5,4
CFG,2023-02-17,6,6,6
CFG,2024-02-16,2,1,4
CFG,2024-02-16,2,2,5
CF,2021-02-24,11,1,5
CF,2021-02-24,11,2,5
CF,2021-02-24,11,3,6
CF,2021-02-24,11,4,5
CF,2021-02-24,11,5,7
CF,2021-02-24,11,6,5
CF,2021-02-24,11,7,6
CF,2021-02-24,11,8,5
CF,2021-02-24,11,9,2
CF,2021-02-24,11,10,-1
CF,2021-02-24,11,11,2
CF,2022-02-24,9,1,4
CF,2022-02-24,9,2,5
CF,2022-02-24,9,3,3
CF,2022-02-24,9,4,4
CF,2022-02-24,9,5,4
CF,2022-02-24,9,6,4
CF,2022-02-24,9,7,2
CF,2022-02-24,9,8,1
CF,2022-02-24,9,9,-2
CF,2023-02-23,1,1,6
CF,2024-02-22,2,1,6
CF,2024-02-22,2,2,4
CHD,2021-02-18,11,1,7
CHD,2021-02-18,11,2,6
CHD,2021-02-18,11,3,4
CHD,2021-02-18,11,4,4
CHD,2021-02-18,11,5,5
CHD,2021-02-18,11,6,6
CHD,2021-02-18,11,7,6
CHD,2021-02-18,11,8,3
CHD,2021-02-18,11,9,6
CHD,2021-02-18,11,10,4
CHD,2021-02-18,11,11,2
CHD,2022-02-17,10,1,4
CHD,2022-02-17,10,2,5
CHD,2022-02-17,10,3,2
CHD,2022-02-17,10,4,7
CHD,2022-02-17,10,5,4
CHD,2022-02-17,10,6,7
CHD,2022-02-17,10,7,3
CHD,2022-02-17,10,8,4
CHD,2022-02-17,10,9,5
CHD,2022-02-17,10,10,6
CHD,2023-02-16,11,1,6
CHD,2023-02-16,11,2,4
CHD,2023-02-16,11,3,5
CHD,2023-02-16,11,4,5
CHD,2023-02-16,11,5,7
CHD,2023-02-16,11,6,5
CHD,2023-02-16,11,7,6
CHD,2023-02-16,11,8,7
CHD,2023-02-16,11,9,5
CHD,2023-02-16,11,10,5
CHD,2023-02-16,11,11,8
CHD,2024-02-15,4,1,5
CHD,2024-02-15,4,2,4
CHD,2024-02-15,4,3,3
CHD,2024-02-15,4,4,3
CHRW,2021-02-19,12,1,8
CHRW,2021-02-19,12,2,5
CHRW,2021-02-19,12,3,4
CHRW,2021-02-19,12,4,5
CHRW,2021-02-19,12,5,6
CHRW,2021-02-19,12,6,7
CHRW,2021-02-19,12,7,4
CHRW,2021-02-19,12,8,7
CHRW,2021-02-19,12,9,2
CHRW,2021-02-19,12,10,4
CHRW,2021-02-19,12,11,5
CHRW,2021-02-19,12,12,5
CHRW,2022-02-23,13,1,7
CHRW,2022-02-23,13,2,4
CHRW,2022-02-23,13,3,6
CHRW,2022-02-23,13,4,3
CHRW,2022-02-23,13,5,5
CHRW,2022-02-23,13,6,3
CHRW,2022-02-23,13,7,6
CHRW,2022-02-23,13,8,7
CHRW,2022-02-23,13,9,4
CHRW,2022-02-23,13,10,3
CHRW,2022-02-23,13,11,2
CHRW,2022-02-23,13,12,1
CHRW,2022-02-23,13,13,2
CHRW,2023-02-17,6,1,1
CHRW,2023-02-17,6,2,7
CHRW,2023-02-17,6,3,8
CHRW,2023-02-17,6,4,4
CHRW,2023-02-17,6,5,5
CHRW,2023-02-17,6,6,1
CHRW,2024-02-16,2,1,2
CHRW,2024-02-16,2,2,1
CHTR,2021-01-29,20,1,6
CHTR,2021-01-29,20,2,3
CHTR,2021-01-29,20,3,4
CHTR,2021-01-29,20,4,4
CHTR,2021-01-29,20,5,6
CHTR,2021-01-29,20,6,3
CHTR,2021-01-29,20,7,2
CHTR,2021-01-29,20,8,6
CHTR,2021-01-29,20,9,3
CHTR,2021-01-29,20,10,4
CHTR,2021-01-29,20,11,6
CHTR,2021-01-29,20,12,8
CHTR,2021-01-29,20,13,7
CHTR,2021-01-29,20,14,7
CHTR,2021-01-29,20,15,4
CHTR,2021-01-29,20,16,-3
CHTR,2021-01-29,20,17,3
CHTR,2021-01-29,20,18,3
CHTR,2021-01-29,20,19,6
CHTR,2021-01-29,20,20,2
CHTR,2022-01-28,12,1,6
CHTR,2022-01-28,12,2,4
CHTR,2022-01-28,12,3,5
CHTR,2022-01-28,12,4,2
CHTR,2022-01-28,12,5,3
CHTR,2022-01-28,12,6,-1
CHTR,2022-01-28,12,7,6
CHTR,2022-01-28,12,8,2
CHTR,2022-01-28,12,9,1
CHTR,2022-01-28,12,10,4
CHTR,2022-01-28,12,11,4
CHTR,2022-01-28,12,12,0
CHTR,2023-01-27,2,1,6
CHTR,2023-01-27,2,2,1
CINF,2021-02-25,9,1,9
CINF,2021-02-25,9,2,8
CINF,2021-02-25,9,3,9
CINF,2021-02-25,9,4,6
CINF,2021-02-25,9,5,5
CINF,2021-02-25,9,6,5
CINF,2021-02-25,9,7,4
CINF,2021-02-25,9,8,5
CINF,2021-02-25,9,9,0
CINF,2022-02-24,13,1,5
CINF,2022-02-24,13,2,7
CINF,2022-02-24,13,3,6
CINF,2022-02-24,13,4,6
CINF,2022-02-24,13,5,7
CINF,2022-02-24,13,6,5
CINF,2022-02-24,13,7,6
CINF,2022-02-24,13,8,2
CINF,2022-02-24,13,9,5
CINF,2022-02-24,13,10,0
CINF,2022-02-24,13,11,-1
CINF,2022-02-24,13,12,4
CINF,2022-02-24,13,13,3
CINF,2023-02-23,14,1,6
CINF,2023-02-23,14,2,7
CINF,2023-02-23,14,3,6
CINF,2023-02-23,14,4,6
CINF,2023-02-23,14,5,4
CINF,2023-02-23,14,6,1
CINF,2023-02-23,14,7,5
CINF,2023-02-23,14,8,3
CINF,2023-02-23,14,9,-4
CINF,2023-02-23,14,10,1
CINF,2023-02-23,14,11,4
CINF,2023-02-23,14,12,2
CINF,2023-02-23,14,13,3
CINF,2023-02-23,14,14,3
CI,2021-02-25,9,1,8
CI,2021-02-25,9,2,7
CI,2021-02-25,9,3,5
CI,2021-02-25,9,4,6
CI,2021-02-25,9,5,4
CI,2021-02-25,9,6,6
CI,2021-02-25,9,7,5
CI,2021-02-25,9,8,6
CI,2021-02-25,9,9,5
CI,2022-02-24,10,1,8
CI,2022-02-24,10,2,6
CI,2022-02-24,10,3,5
CI,2022-02-24,10,4,5
CI,2022-02-24,10,5,5
CI,2022-02-24,10,6,6
CI,2022-02-24,10,7,3
CI,2022-02-24,10,8,5
CI,2022-02-24,10,9,6
CI,2022-02-24,10,10,6
CI,2023-02-23,8,1,9
CI,2023-02-23,8,2,7
CI,2023-02-23,8,3,3
CI,2023-02-23,8,4,5
CI,2023-02-23,8,5,6
CI,2023-02-23,8,6,5
CI,2023-02-23,8,7,3
CI,2023-02-23,8,8,3
CI,2024-02-29,3,1,3
CI,2024-02-29,3,2,1
CI,2024-02-29,3,3,3
CLX,2023-08-10,6,1,6
CLX,2023-08-10,6,2,7
CLX,2023-08-10,6,3,4
CLX,2023-08-10,6,4,4
CLX,2023-08-10,6,5,3
CLX,2023-08-10,6,6,2
CLX,2024-08-08,9,1,6
CLX,2024-08-08,9,2,5
CLX,2024-08-08,9,3,5
CLX,2024-08-08,9,4,4
CLX,2024-08-08,9,5,6
CLX,2024-08-08,9,6,4
CLX,2024-08-08,9,7,3
CLX,2024-08-08,9,8,2
CLX,2024-08-08,9,9,3
CL,2021-02-18,32,1,5
CL,2021-02-18,32,2,8
CL,2021-02-18,32,3,6
CL,2021-02-18,32,4,5
CL,2021-02-18,32,5,9
CL,2021-02-18,32,6,6
CL,2021-02-18,32,7,7
CL,2021-02-18,32,8,3
CL,2021-02-18,32,9,3
CL,2021-02-18,32,10,3
CL,2021-02-18,32,11,8
CL,2021-02-18,32,12,-2
CL,2021-02-18,32,13,3
CL,2021-02-18,32,14,2
CL,2021-02-18,32,15,4
CL,2021-02-18,32,16,4
CL,2021-02-18,32,17,2
CL,2021-02-18,32,18,6
CL,2021-02-18,32,19,3
CL,2021-02-18,32,20,7
CL,2021-02-18,32,21,4
CL,2021-02-18,32,22,3
CL,2021-02-18,32,23,7
CL,2021-02-18,32,24,1
CL,2021-02-18,32,25,4
CL,2021-02-18,32,26,7
CL,2021-02-18,32,27,5
CL,2021-02-18,32,28,4
CL,2021-02-18,32,29,3
CL,2021-02-18,32,30,4
CL,2021-02-18,32,31,7
CL,2021-02-18,32,32,2
CL,2022-02-17,13,1,6
CL,2022-02-17,13,2,8
CL,2022-02-17,13,3,9
CL,2022-02-17,13,4,8
CL,2022-02-17,13,5,7
CL,2022-02-17,13,6,9
CL,2022-02-17,13,7,2
CL,2022-02-17,13,8,8
CL,2022-02-17,13,9,7
CL,2022-02-17,13,10,6
CL,2022-02-17,13,11,5
CL,2022-02-17,13,12,3
CL,2022-02-17,13,13,1
CL,2023-02-16,10,1,4
CL,2023-02-16,10,2,9
CL,2023-02-16,10,3,5
CL,2023-02-16,10,4,4
CL,2023-02-16,10,5,6
CL,2023-02-16,10,6,7
CL,2023-02-16,10,7,3
CL,2023-02-16,10,8,3
CL,2023-02-16,10,9,2
CL,2023-02-16,10,10,1
CL,2024-02-15,16,1,2
CL,2024-02-15,16,2,4
CL,2024-02-15,16,3,2
CL,2024-02-15,16,4,2
CL,2024-02-15,16,5,2
CL,2024-02-15,16,6,2
CL,2024-02-15,16,7,2
CL,2024-02-15,16,8,2
CL,2024-02-15,16,9,2
CL,2024-02-15,16,10,1
CL,2024-02-15,16,11,2
CL,2024-02-15,16,12,2
CL,2024-02-15,16,13,3
CL,2024-02-15,16,14,1
CL,2024-02-15,16,15,1
CL,2024-02-15,16,16,1
CMCSA,2021-02-04,12,1,8
CMCSA,2021-02-04,12,2,6
CMCSA,2021-02-04,12,3,5
CMCSA,2021-02-04,12,4,4
CMCSA,2021-02-04,12,5,6
CMCSA,2021-02-04,12,6,6
CMCSA,2021-02-04,12,7,5
CMCSA,2021-02-04,12,8,4
CMCSA,2021-02-04,12,9,6
CMCSA,2021-02-04,12,10,5
CMCSA,2021-02-04,12,11,5
CMCSA,2021-02-04,12,12,2
CMCSA,2022-02-02,10,1,7
CMCSA,2022-02-02,10,2,7
CMCSA,2022-02-02,10,3,5
CMCSA,2022-02-02,10,4,5
CMCSA,2022-02-02,10,5,3
CMCSA,2022-02-02,10,6,3
CMCSA,2022-02-02,10,7,3
CMCSA,2022-02-02,10,8,3
CMCSA,2022-02-02,10,9,3
CMCSA,2022-02-02,10,10,4
CMCSA,2023-02-03,9,1,5
CMCSA,2023-02-03,9,2,5
CMCSA,2023-02-03,9,3,7
CMCSA,2023-02-03,9,4,7
CMCSA,2023-02-03,9,5,5
CMCSA,2023-02-03,9,6,5
CMCSA,2023-02-03,9,7,6
CMCSA,2023-02-03,9,8,0
CMCSA,2023-02-03,9,9,5
CMCSA,2024-01-31,4,1,4
CMCSA,2024-01-31,4,2,3
CMCSA,2024-01-31,4,3,5
CMCSA,2024-01-31,4,4,3
CME,2021-02-26,18,1,8
CME,2021-02-26,18,2,4
CME,2021-02-26,18,3,3
CME,2021-02-26,18,4,5
CME,2021-02-26,18,5,3
CME,2021-02-26,18,6,3
CME,2021-02-26,18,7,5
CME,2021-02-26,18,8,6
CME,2021-02-26,18,9,4
CME,2021-02-26,18,10,6
CME,2021-02-26,18,11,4
CME,2021-02-26,18,12,4
CME,2021-02-26,18,13,5
CME,2021-02-26,18,14,2
CME,2021-02-26,18,15,2
CME,2021-02-26,18,16,2
CME,2021-02-26,18,17,3
CME,2021-02-26,18,18,2
CME,2022-02-25,24,1,1
CME,2022-02-25,24,2,8
CME,2022-02-25,24,3,5
CME,2022-02-25,24,4,4
CME,2022-02-25,24,5,9
CME,2022-02-25,24,6,4
CME,2022-02-25,24,7,3
CME,2022-02-25,24,8,5
CME,2022-02-25,24,9,4
CME,2022-02-25,24,10,4
CME,2022-02-25,24,11,6
CME,2022-02-25,24,12,4
CME,2022-02-25,24,13,4
CME,2022-02-25,24,14,3
CME,2022-02-25,24,15,4
CME,2022-02-25,24,16,3
CME,2022-02-25,24,17,6
CME,2022-02-25,24,18,3
CME,2022-02-25,24,19,3
CME,2022-02-25,24,20,5
CME,2022-02-25,24,21,1
CME,2022-02-25,24,22,3
CME,2022-02-25,24,23,5
CME,2022-02-25,24,24,5
CME,2023-02-27,18,1,7
CME,2023-02-27,18,2,4
CME,2023-02-27,18,3,4
CME,2023-02-27,18,4,7
CME,2023-02-27,18,5,4
CME,2023-02-27,18,6,4
CME,2023-02-27,18,7,2
CME,2023-02-27,18,8,3
CME,2023-02-27,18,9,3
CME,2023-02-27,18,10,4
CME,2023-02-27,18,11,3
CME,2023-02-27,18,12,3
CME,2023-02-27,18,13,4
CME,2023-02-27,18,14,4
CME,2023-02-27,18,15,3
CME,2023-02-27,18,16,3
CME,2023-02-27,18,17,1
CME,2023-02-27,18,18,2
CME,2024-02-28,1,1,3
CMG,2021-02-10,12,1,8
CMG,2021-02-10,12,2,7
CMG,2021-02-10,12,3,7
CMG,2021-02-10,12,4,7
CMG,2021-02-10,12,5,6
CMG,2021-02-10,12,6,4
CMG,2021-02-10,12,7,6
CMG,2021-02-10,12,8,4
CMG,2021-02-10,12,9,4
CMG,2021-02-10,12,10,4
CMG,2021-02-10,12,11,5
CMG,2021-02-10,12,12,1
CMG,2022-02-11,10,1,4
CMG,2022-02-11,10,2,7
CMG,2022-02-11,10,3,4
CMG,2022-02-11,10,4,5
CMG,2022-02-11,10,5,5
CMG,2022-02-11,10,6,5
CMG,2022-02-11,10,7,2
CMG,2022-02-11,10,8,6
CMG,2022-02-11,10,9,4
CMG,2022-02-11,10,10,7
CMG,2023-02-09,6,1,4
CMG,2023-02-09,6,2,6
CMG,2023-02-09,6,3,9
CMG,2023-02-09,6,4,1
CMG,2023-02-09,6,5,2
CMG,2023-02-09,6,6,1
CMG,2024-02-08,3,1,3
CMG,2024-02-08,3,2,4
CMG,2024-02-08,3,3,3
CMI,2021-02-10,13,1,8
CMI,2021-02-10,13,2,5
CMI,2021-02-10,13,3,7
CMI,2021-02-10,13,4,6
CMI,2021-02-10,13,5,8
CMI,2021-02-10,13,6,7
CMI,2021-02-10,13,7,2
CMI,2021-02-10,13,8,2
CMI,2021-02-10,13,9,5
CMI,2021-02-10,13,10,7
CMI,2021-02-10,13,11,3
CMI,2021-02-10,13,12,3
CMI,2021-02-10,13,13,5
CMI,2022-02-08,8,1,4
CMI,2022-02-08,8,2,2
CMI,2022-02-08,8,3,4
CMI,2022-02-08,8,4,5
CMI,2022-02-08,8,5,3
CMI,2022-02-08,8,6,5
CMI,2022-02-08,8,7,7
CMI,2022-02-08,8,8,3
CMI,2023-02-14,6,1,4
CMI,2023-02-14,6,2,3
CMI,2023-02-14,6,3,6
CMI,2023-02-14,6,4,1
CMI,2023-02-14,6,5,2
CMI,2023-02-14,6,6,0
CMI,2024-02-12,3,1,5
CMI,2024-02-12,3,2,4
CMI,2024-02-12,3,3,3
CMS,2021-02-11,10,1,7
CMS,2021-02-11,10,2,4
CMS,2021-02-11,10,3,6
CMS,2021-02-11,10,4,4
CMS,2021-02-11,10,5,3
CMS,2021-02-11,10,6,2
CMS,2021-02-11,10,7,1
CMS,2021-02-11,10,8,-1
CMS,2021-02-11,10,9,-2
CMS,2021-02-11,10,10,3
CMS,2022-02-10,12,1,6
CMS,2022-02-10,12,2,4
CMS,2022-02-10,12,3,4
CMS,2022-02-10,12,4,2
CMS,2022-02-10,12,5,0
CMS,2022-02-10,12,6,0
CMS,2022-02-10,12,7,2
CMS,2022-02-10,12,8,5
CMS,2022-02-10,12,9,4
CMS,2022-02-10,12,10,0
CMS,2022-02-10,12,11,0
CMS,2022-02-10,12,12,3
CMS,2023-02-09,7,1,9
CMS,2023-02-09,7,2,7
CMS,2023-02-09,7,3,6
CMS,2023-02-09,7,4,4
CMS,2023-02-09,7,5,1
CMS,2023-02-09,7,6,3
CMS,2023-02-09,7,7,3
CMS,2024-02-08,1,1,5
CNC,2021-02-22,16,1,3
CNC,2021-02-22,16,2,2
CNC,2021-02-22,16,3,3
CNC,2021-02-22,16,4,3
CNC,2021-02-22,16,5,8
CNC,2021-02-22,16,6,4
CNC,2021-02-22,16,7,4
CNC,2021-02-22,16,8,3
CNC,2021-02-22,16,9,4
CNC,2021-02-22,16,10,6
CNC,2021-02-22,16,11,4
CNC,2021-02-22,16,12,3
CNC,2021-02-22,16,13,6
CNC,2021-02-22,16,14,5
CNC,2021-02-22,16,15,6
CNC,2021-02-22,16,16,4
CNC,2022-02-22,7,1,7
CNC,2022-02-22,7,2,9
CNC,2022-02-22,7,3,5
CNC,2022-02-22,7,4,6
CNC,2022-02-22,7,5,6
CNC,2022-02-22,7,6,2
CNC,2022-02-22,7,7,5
CNC,2023-02-21,8,1,3
CNC,2023-02-21,8,2,2
CNC,2023-02-21,8,3,4
CNC,2023-02-21,8,4,3
CNC,2023-02-21,8,5,2
CNC,2023-02-21,8,6,1
CNC,2023-02-21,8,7,2
CNC,2023-02-21,8,8,4
CNC,2024-02-20,6,1,4
CNC,2024-02-20,6,2,6
CNC,2024-02-20,6,3,5
CNC,2024-02-20,6,4,5
CNC,2024-02-20,6,5,3
CNC,2024-02-20,6,6,4
CNP,2021-02-25,15,1,6
CNP,2021-02-25,15,2,7
CNP,2021-02-25,15,3,8
CNP,2021-02-25,15,4,7
CNP,2021-02-25,15,5,8
CNP,2021-02-25,15,6,8
CNP,2021-02-25,15,7,5
CNP,2021-02-25,15,8,4
CNP,2021-02-25,15,9,2
CNP,2021-02-25,15,10,4
CNP,2021-02-25,15,11,5
CNP,2021-02-25,15,12,4
CNP,2021-02-25,15,13,5
CNP,2021-02-25,15,14,8
CNP,2021-02-25,15,15,6
CNP,2022-02-22,10,1,4
CNP,2022-02-22,10,2,7
CNP,2022-02-22,10,3,5
CNP,2022-02-22,10,4,4
CNP,2022-02-22,10,5,4
CNP,2022-02-22,10,6,3
CNP,2022-02-22,10,7,3
CNP,2022-02-22,10,8,5
CNP,2022-02-22,10,9,4
CNP,2022-02-22,10,10,5
CNP,2023-02-17,5,1,6
CNP,2023-02-17,5,2,7
CNP,2023-02-17,5,3,6
CNP,2023-02-17,5,4,4
CNP,2023-02-17,5,5,2
CNP,2024-02-20,4,1,5
CNP,2024-02-20,4,2,5
CNP,2024-02-20,4,3,4
CNP,2024-02-20,4,4,3
COF,2021-02-25,19,1,6
COF,2021-02-25,19,2,6
COF,2021-02-25,19,3,6
COF,2021-02-25,19,4,5
COF,2021-02-25,19,5,4
COF,2021-02-25,19,6,7
COF,2021-02-25,19,7,3
COF,2021-02-25,19,8,3
COF,2021-02-25,19,9,7
COF,2021-02-25,19,10,3
COF,2021-02-25,19,11,3
COF,2021-02-25,19,12,3
COF,2021-02-25,19,13,3
COF,2021-02-25,19,14,3
COF,2021-02-25,19,15,4
COF,2021-02-25,19,16,9
COF,2021-02-25,19,17,7
COF,2021-02-25,19,18,1
COF,2021-02-25,19,19,4
COF,2022-02-25,14,1,5
COF,2022-02-25,14,2,7
COF,2022-02-25,14,3,5
COF,2022-02-25,14,4,6
COF,2022-02-25,14,5,6
COF,2022-02-25,14,6,5
COF,2022-02-25,14,7,5
COF,2022-02-25,14,8,4
COF,2022-02-25,14,9,4
COF,2022-02-25,14,10,3
COF,2022-02-25,14,11,4
COF,2022-02-25,14,12,5
COF,2022-02-25,14,13,6
COF,2022-02-25,14,14,4
COF,2023-02-24,12,1,4
COF,2023-02-24,12,2,8
COF,2023-02-24,12,3,5
COF,2023-02-24,12,4,4
COF,2023-02-24,12,5,4
COF,2023-02-24,12,6,3
COF,2023-02-24,12,7,2
COF,2023-02-24,12,8,3
COF,2023-02-24,12,9,1
COF,2023-02-24,12,10,1
COF,2023-02-24,12,11,2
COF,2023-02-24,12,12,2
COF,2024-02-23,6,1,6
COF,2024-02-23,6,2,1
COF,2024-02-23,6,3,2
COF,2024-02-23,6,4,2
COF,2024-02-23,6,5,2
COF,2024-02-23,6,6,4
COO,2021-12-10,16,1,7
COO,2021-12-10,16,2,5
COO,2021-12-10,16,3,5
COO,2021-12-10,16,4,6
COO,2021-12-10,16,5,7
COO,2021-12-10,16,6,3
COO,2021-12-10,16,7,2
COO,2021-12-10,16,8,2
COO,2021-12-10,16,9,1
COO,2021-12-10,16,10,2
COO,2021-12-10,16,11,3
COO,2021-12-10,16,12,4
COO,2021-12-10,16,13,3
COO,2021-12-10,16,14,3
COO,2021-12-10,16,15,2
COO,2021-12-10,16,16,2
COO,2024-12-06,3,1,5
COO,2024-12-06,3,2,5
COO,2024-12-06,3,3,4
COR,2021-11-23,17,1,6
COR,2021-11-23,17,2,6
COR,2021-11-23,17,3,7
COR,2021-11-23,17,4,6
COR,2021-11-23,17,5,6
COR,2021-11-23,17,6,8
COR,2021-11-23,17,7,6
COR,2021-11-23,17,8,7
COR,2021-11-23,17,9,5
COR,2021-11-23,17,10,6
COR,2021-11-23,17,11,9
COR,2021-11-23,17,12,3
COR,2021-11-23,17,13,5
COR,2021-11-23,17,14,6
COR,2021-11-23,17,15,4
COR,2021-11-23,17,16,6
COR,2021-11-23,17,17,4
COR,2022-11-22,20,1,4
COR,2022-11-22,20,2,2
COR,2022-11-22,20,3,1
COR,2022-11-22,20,4,5
COR,2022-11-22,20,5,4
COR,2022-11-22,20,6,4
COR,2022-11-22,20,7,6
COR,2022-11-22,20,8,4
COR,2022-11-22,20,9,4
COR,2022-11-22,20,10,2
COR,2022-11-22,20,11,3
COR,2022-11-22,20,12,2
COR,2022-11-22,20,13,2
COR,2022-11-22,20,14,2
COR,2022-11-22,20,15,2
COR,2022-11-22,20,16,3
COR,2022-11-22,20,17,1
COR,2022-11-22,20,18,1
COR,2022-11-22,20,19,1
COR,2022-11-22,20,20,3
COR,2023-11-21,8,1,5
COR,2023-11-21,8,2,5
COR,2023-11-21,8,3,6
COR,2023-11-21,8,4,4
COR,2023-11-21,8,5,3
COR,2023-11-21,8,6,4
COR,2023-11-21,8,7,5
COR,2023-11-21,8,8,7
COR,2024-11-26,3,1,5
COR,2024-11-26,3,2,2
COR,2024-11-26,3,3,0
COST,2021-10-06,16,1,6
COST,2021-10-06,16,2,5
COST,2021-10-06,16,3,5
COST,2021-10-06,16,4,5
COST,2021-10-06,16,5,4
COST,2021-10-06,16,6,8
COST,2021-10-06,16,7,9
COST,2021-10-06,16,8,6
COST,2021-10-06,16,9,6
COST,2021-10-06,16,10,5
COST,2021-10-06,16,11,8
COST,2021-10-06,16,12,5
COST,2021-10-06,16,13,7
COST,2021-10-06,16,14,5
COST,2021-10-06,16,15,6
COST,2021-10-06,16,16,7
COST,2022-10-05,11,1,8
COST,2022-10-05,11,2,8
COST,2022-10-05,11,3,6
COST,2022-10-05,11,4,5
COST,2022-10-05,11,5,4
COST,2022-10-05,11,6,4
COST,2022-10-05,11,7,2
COST,2022-10-05,11,8,1
COST,2022-10-05,11,9,6
COST,2022-10-05,11,10,6
COST,2022-10-05,11,11,4
COST,2023-10-11,4,1,4
COST,2023-10-11,4,2,5
COST,2023-10-11,4,3,1
COST,2023-10-11,4,4,6
COST,2024-10-09,6,1,5
COST,2024-10-09,6,2,4
COST,2024-10-09,6,3,2
COST,2024-10-09,6,4,0
COST,2024-10-09,6,5,4
COST,2024-10-09,6,6,2
CPAY,2021-02-26,9,1,6
CPAY,2021-02-26,9,2,6
CPAY,2021-02-26,9,3,3
CPAY,2021-02-26,9,4,5
CPAY,2021-02-26,9,5,5
CPAY,2021-02-26,9,6,4
CPAY,2021-02-26,9,7,7
CPAY,2021-02-26,9,8,5
CPAY,2021-02-26,9,9,1
CPAY,2022-03-01,11,1,8
CPAY,2022-03-01,11,2,5
CPAY,2022-03-01,11,3,4
CPAY,2022-03-01,11,4,4
CPAY,2022-03-01,11,5,5
CPAY,2022-03-01,11,6,3
CPAY,2022-03-01,11,7,2
CPAY,2022-03-01,11,8,2
CPAY,2022-03-01,11,9,2
CPAY,2022-03-01,11,10,2
CPAY,2022-03-01,11,11,1
CPAY,2023-02-28,11,1,6
CPAY,2023-02-28,11,2,2
CPAY,2023-02-28,11,3,5
CPAY,2023-02-28,11,4,4
CPAY,2023-02-28,11,5,1
CPAY,2023-02-28,11,6,4
CPAY,2023-02-28,11,7,3
CPAY,2023-02-28,11,8,2
CPAY,2023-02-28,11,9,3
CPAY,2023-02-28,11,10,1
CPAY,2023-02-28,11,11,6
CPAY,2024-02-29,4,1,5
CPAY,2024-02-29,4,2,5
CPAY,2024-02-29,4,3,2
CPAY,2024-02-29,4,4,2
CPB,2021-09-23,14,1,6
CPB,2021-09-23,14,2,2
CPB,2021-09-23,14,3,6
CPB,2021-09-23,14,4,5
CPB,2021-09-23,14,5,2
CPB,2021-09-23,14,6,4
CPB,2021-09-23,14,7,7
CPB,2021-09-23,14,8,7
CPB,2021-09-23,14,9,4
CPB,2021-09-23,14,10,3
CPB,2021-09-23,14,11,4
CPB,2021-09-23,14,12,4
CPB,2021-09-23,14,13,4
CPB,2021-09-23,14,14,1
CPB,2022-09-22,8,1,7
CPB,2022-09-22,8,2,8
CPB,2022-09-22,8,3,4
CPB,2022-09-22,8,4,9
CPB,2022-09-22,8,5,3
CPB,2022-09-22,8,6,0
CPB,2022-09-22,8,7,7
CPB,2022-09-22,8,8,4
CPB,2023-09-21,6,1,4
CPB,2023-09-21,6,2,4
CPB,2023-09-21,6,3,5
CPB,2023-09-21,6,4,1
CPB,2023-09-21,6,5,4
CPB,2023-09-21,6,6,1
CPRT,2021-09-27,9,1,5
CPRT,2021-09-27,9,2,7
CPRT,2021-09-27,9,3,3
CPRT,2021-09-27,9,4,2
CPRT,2021-09-27,9,5,5
CPRT,2021-09-27,9,6,6
CPRT,2021-09-27,9,7,1
CPRT,2021-09-27,9,8,3
CPRT,2021-09-27,9,9,-2
CPRT,2022-09-27,6,1,1
CPRT,2022-09-27,6,2,5
CPRT,2022-09-27,6,3,4
CPRT,2022-09-27,6,4,6
CPRT,2022-09-27,6,5,5
CPRT,2022-09-27,6,6,3
CPRT,2023-09-28,3,1,4
CPRT,2023-09-28,3,2,2
CPRT,2023-09-28,3,3,1
CPRT,2024-09-30,2,1,4
CPRT,2024-09-30,2,2,3
CPT,2021-02-18,17,1,10
CPT,2021-02-18,17,2,8
CPT,2021-02-18,17,3,7
CPT,2021-02-18,17,4,8
CPT,2021-02-18,17,5,3
CPT,2021-02-18,17,6,6
CPT,2021-02-18,17,7,7
CPT,2021-02-18,17,8,3
CPT,2021-02-18,17,9,6
CPT,2021-02-18,17,10,4
CPT,2021-02-18,17,11,7
CPT,2021-02-18,17,12,6
CPT,2021-02-18,17,13,4
CPT,2021-02-18,17,14,6
CPT,2021-02-18,17,15,9
CPT,2021-02-18,17,16,7
CPT,2021-02-18,17,17,2
CPT,2022-02-17,16,1,5
CPT,2022-02-17,16,2,7
CPT,2022-02-17,16,3,4
CPT,2022-02-17,16,4,4
CPT,2022-02-17,16,5,3
CPT,2022-02-17,16,6,2
CPT,2022-02-17,16,7,4
CPT,2022-02-17,16,8,2
CPT,2022-02-17,16,9,2
CPT,2022-02-17,16,10,2
CPT,2022-02-17,16,11,4
CPT,2022-02-17,16,12,1
CPT,2022-02-17,16,13,2
CPT,2022-02-17,16,14,1
CPT,2022-02-17,16,15,9
CPT,2022-02-17,16,16,8
CPT,2023-02-23,6,1,1
CPT,2023-02-23,6,2,3
CPT,2023-02-23,6,3,6
CPT,2023-02-23,6,4,4
CPT,2023-02-23,6,5,3
CPT,2023-02-23,6,6,5
CPT,2024-02-22,1,1,4
CRL,2021-02-17,15,1,8
CRL,2021-02-17,15,2,5
CRL,2021-02-17,15,3,6
CRL,2021-02-17,15,4,4
CRL,2021-02-17,15,5,5
CRL,2021-02-17,15,6,4
CRL,2021-02-17,15,7,4
CRL,2021-02-17,15,8,5
CRL,2021-02-17,15,9,4
CRL,2021-02-17,15,10,6
CRL,2021-02-17,15,11,3
CRL,2021-02-17,15,12,1
CRL,2021-02-17,15,13,6
CRL,2021-02-17,15,14,3
CRL,2021-02-17,15,15,5
CRL,2022-02-16,12,1,4
CRL,2022-02-16,12,2,7
CRL,2022-02-16,12,3,8
CRL,2022-02-16,12,4,5
CRL,2022-02-16,12,5,4
CRL,2022-02-16,12,6,6
CRL,2022-02-16,12,7,7
CRL,2022-02-16,12,8,6
CRL,2022-02-16,12,9,4
CRL,2022-02-16,12,10,6
CRL,2022-02-16,12,11,1
CRL,2022-02-16,12,12,4
CRL,2023-02-22,15,1,6
CRL,2023-02-22,15,2,4
CRL,2023-02-22,15,3,3
CRL,2023-02-22,15,4,4
CRL,2023-02-22,15,5,3
CRL,2023-02-22,15,6,3
CRL,2023-02-22,15,7,3
CRL,2023-02-22,15,8,5
CRL,2023-02-22,15,9,4
CRL,2023-02-22,15,10,3
CRL,2023-02-22,15,11,5
CRL,2023-02-22,15,12,-2
CRL,2023-02-22,15,13,3
CRL,2023-02-22,15,14,3
CRL,2023-02-22,15,15,2
CRL,2024-02-14,5,1,5
CRL,2024-02-14,5,2,2
CRL,2024-02-14,5,3,8
CRL,2024-02-14,5,4,4
CRL,2024-02-14,5,5,5
CRM,2021-03-17,11,1,7
CRM,2021-03-17,11,2,3
CRM,2021-03-17,11,3,5
CRM,2021-03-17,11,4,4
CRM,2021-03-17,11,5,4
CRM,2021-03-17,11,6,4
CRM,2021-03-17,11,7,3
CRM,2021-03-17,11,8,6
CRM,2021-03-17,11,9,7
CRM,2021-03-17,11,10,3
CRM,2021-03-17,11,11,2
CRM,2022-03-11,8,1,4
CRM,2022-03-11,8,2,8
CRM,2022-03-11,8,3,6
CRM,2022-03-11,8,4,7
CRM,2022-03-11,8,5,9
CRM,2022-03-11,8,6,6
CRM,2022-03-11,8,7,4
CRM,2022-03-11,8,8,3
CRM,2023-03-08,6,1,9
CRM,2023-03-08,6,2,3
CRM,2023-03-08,6,3,6
CRM,2023-03-08,6,4,9
CRM,2023-03-08,6,5,8
CRM,2023-03-08,6,6,6
CRM,2024-03-06,2,1,4
CRM,2024-03-06,2,2,4
CRWD,2021-03-18,12,1,6
CRWD,2021-03-18,12,2,4
CRWD,2021-03-18,12,3,2
CRWD,2021-03-18,12,4,6
CRWD,2021-03-18,12,5,8
CRWD,2021-03-18,12,6,8
CRWD,2021-03-18,12,7,9
CRWD,2021-03-18,12,8,0
CRWD,2021-03-18,12,9,4
CRWD,2021-03-18,12,10,2
CRWD,2021-03-18,12,11,4
CRWD,2021-03-18,12,12,5
CRWD,2022-03-16,13,1,4
CRWD,2022-03-16,13,2,4
CRWD,2022-03-16,13,3,0
CRWD,2022-03-16,13,4,6
CRWD,2022-03-16,13,5,2
CRWD,2022-03-16,13,6,3
CRWD,2022-03-16,13,7,7
CRWD,2022-03-16,13,8,7
CRWD,2022-03-16,13,9,3
CRWD,2022-03-16,13,10,-2
CRWD,2022-03-16,13,11,2
CRWD,2022-03-16,13,12,2
CRWD,2022-03-16,13,13,3
CRWD,2023-03-09,11,1,8
CRWD,2023-03-09,11,2,2
CRWD,2023-03-09,11,3,5
CRWD,2023-03-09,11,4,6
CRWD,2023-03-09,11,5,3
CRWD,2023-03-09,11,6,6
CRWD,2023-03-09,11,7,3
CRWD,2023-03-09,11,8,7
CRWD,2023-03-09,11,9,2
CRWD,2023-03-09,11,10,4
CRWD,2023-03-09,11,11,2
CRWD,2024-03-07,4,1,6
CRWD,2024-03-07,4,2,1
CRWD,2024-03-07,4,3,5
CRWD,2024-03-07,4,4,6
CSCO,2021-09-09,15,1,8
CSCO,2021-09-09,15,2,8
CSCO,2021-09-09,15,3,5
CSCO,2021-09-09,15,4,4
CSCO,2021-09-09,15,5,6
CSCO,2021-09-09,15,6,6
CSCO,2021-09-09,15,7,5
CSCO,2021-09-09,15,8,3
CSCO,2021-09-09,15,9,4
CSCO,2021-09-09,15,10,4
CSCO,2021-09-09,15,11,4
CSCO,2021-09-09,15,12,3
CSCO,2021-09-09,15,13,7
CSCO,2021-09-09,15,14,6
CSCO,2021-09-09,15,15,5
CSCO,2022-09-08,10,1,6
CSCO,2022-09-08,10,2,7
CSCO,2022-09-08,10,3,4
CSCO,2022-09-08,10,4,6
CSCO,2022-09-08,10,5,6
CSCO,2022-09-08,10,6,2
CSCO,2022-09-08,10,7,7
CSCO,2022-09-08,10,8,8
CSCO,2022-09-08,10,9,5
CSCO,2022-09-08,10,10,2
CSCO,2023-09-07,2,1,3
CSCO,2023-09-07,2,2,1
CSCO,2024-09-05,2,1,4
CSCO,2024-09-05,2,2,1
CSGP,2021-02-24,14,1,6
CSGP,2021-02-24,14,2,2
CSGP,2021-02-24,14,3,2
CSGP,2021-02-24,14,4,6
CSGP,2021-02-24,14,5,4
CSGP,2021-02-24,14,6,3
CSGP,2021-02-24,14,7,3
CSGP,2021-02-24,14,8,4
CSGP,2021-02-24,14,9,1
CSGP,2021-02-24,14,10,2
CSGP,2021-02-24,14,11,5
CSGP,2021-02-24,14,12,1
CSGP,2021-02-24,14,13,0
CSGP,2021-02-24,14,14,0
CSGP,2022-02-23,8,1,8
CSGP,2022-02-23,8,2,3
CSGP,2022-02-23,8,3,5
CSGP,2022-02-23,8,4,7
CSGP,2022-02-23,8,5,5
CSGP,2022-02-23,8,6,2
CSGP,2022-02-23,8,7,-3
CSGP,2022-02-23,8,8,-4
CSGP,2023-02-22,12,1,1
CSGP,2023-02-22,12,2,2
CSGP,2023-02-22,12,3,5
CSGP,2023-02-22,12,4,3
CSGP,2023-02-22,12,5,3
CSGP,2023-02-22,12,6,2
CSGP,2023-02-22,12,7,2
CSGP,2023-02-22,12,8,6
CSGP,2023-02-22,12,9,2
CSGP,2023-02-22,12,10,3
CSGP,2023-02-22,12,11,3
CSGP,2023-02-22,12,12,2
CSGP,2024-02-22,6,1,4
CSGP,2024-02-22,6,2,5
CSGP,2024-02-22,6,3,4
CSGP,2024-02-22,6,4,4
CSGP,2024-02-22,6,5,2
CSGP,2024-02-22,6,6,1
CSX,2021-02-10,9,1,4
CSX,2021-02-10,9,2,6
CSX,2021-02-10,9,3,6
CSX,2021-02-10,9,4,3
CSX,2021-02-10,9,5,7
CSX,2021-02-10,9,6,6
CSX,2021-02-10,9,7,5
CSX,2021-02-10,9,8,1
CSX,2021-02-10,9,9,8
CSX,2022-02-16,13,1,6
CSX,2022-02-16,13,2,1
CSX,2022-02-16,13,3,6
CSX,2022-02-16,13,4,5
CSX,2022-02-16,13,5,4
CSX,2022-02-16,13,6,2
CSX,2022-02-16,13,7,2
CSX,2022-02-16,13,8,5
CSX,2022-02-16,13,9,7
CSX,2022-02-16,13,10,5
CSX,2022-02-16,13,11,0
CSX,2022-02-16,13,12,0
CSX,2022-02-16,13,13,0
CSX,2023-02-15,8,1,4
CSX,2023-02-15,8,2,5
CSX,2023-02-15,8,3,4
CSX,2023-02-15,8,4,5
CSX,2023-02-15,8,5,6
CSX,2023-02-15,8,6,8
CSX,2023-02-15,8,7,3
CSX,2023-02-15,8,8,5
CSX,2024-02-14,7,1,3
CSX,2024-02-14,7,2,3
CSX,2024-02-14,7,3,2
CSX,2024-02-14,7,4,3
CSX,2024-02-14,7,5,4
CSX,2024-02-14,7,6,4
CSX,2024-02-14,7,7,1
CTAS,2021-07-28,17,1,1
CTAS,2021-07-28,17,2,6
CTAS,2021-07-28,17,3,2
CTAS,2021-07-28,17,4,1
CTAS,2021-07-28,17,5,2
CTAS,2021-07-28,17,6,2
CTAS,2021-07-28,17,7,2
CTAS,2021-07-28,17,8,2
CTAS,2021-07-28,17,9,5
CTAS,2021-07-28,17,10,4
CTAS,2021-07-28,17,11,0
CTAS,2021-07-28,17,12,4
CTAS,2021-07-28,17,13,3
CTAS,2021-07-28,17,14,4
CTAS,2021-07-28,17,15,3
CTAS,2021-07-28,17,16,2
CTAS,2021-07-28,17,17,2
CTAS,2022-07-27,12,1,7
CTAS,2022-07-27,12,2,6
CTAS,2022-07-27,12,3,5
CTAS,2022-07-27,12,4,1
CTAS,2022-07-27,12,5,5
CTAS,2022-07-27,12,6,3
CTAS,2022-07-27,12,7,3
CTAS,2022-07-27,12,8,1
CTAS,2022-07-27,12,9,3
CTAS,2022-07-27,12,10,-2
CTAS,2022-07-27,12,11,0
CTAS,2022-07-27,12,12,0
CTAS,2023-07-27,5,1,4
CTAS,2023-07-27,5,2,5
CTAS,2023-07-27,5,3,5
CTAS,2023-07-27,5,4,3
CTAS,2023-07-27,5,5,3
CTAS,2024-07-25,4,1,4
CTAS,2024-07-25,4,2,4
CTAS,2024-07-25,4,3,2
CTAS,2024-07-25,4,4,1
CTSH,2021-02-12,16,1,8
CTSH,2021-02-12,16,2,7
CTSH,2021-02-12,16,3,7
CTSH,2021-02-12,16,4,6
CTSH,2021-02-12,16,5,7
CTSH,2021-02-12,16,6,6
CTSH,2021-02-12,16,7,6
CTSH,2021-02-12,16,8,5
CTSH,2021-02-12,16,9,4
CTSH,2021-02-12,16,10,3
CTSH,2021-02-12,16,11,3
CTSH,2021-02-12,16,12,3
CTSH,2021-02-12,16,13,6
CTSH,2021-02-12,16,14,7
CTSH,2021-02-12,16,15,3
CTSH,2021-02-12,16,16,4
CTSH,2022-02-16,14,1,6
CTSH,2022-02-16,14,2,9
CTSH,2022-02-16,14,3,8
CTSH,2022-02-16,14,4,7
CTSH,2022-02-16,14,5,8
CTSH,2022-02-16,14,6,8
CTSH,2022-02-16,14,7,6
CTSH,2022-02-16,14,8,7
CTSH,2022-02-16,14,9,6
CTSH,2022-02-16,14,10,6
CTSH,2022-02-16,14,11,6
CTSH,2022-02-16,14,12,7
CTSH,2022-02-16,14,13,4
CTSH,2022-02-16,14,14,7
CTSH,2023-02-15,11,1,6
CTSH,2023-02-15,11,2,6
CTSH,2023-02-15,11,3,7
CTSH,2023-02-15,11,4,8
CTSH,2023-02-15,11,5,8
CTSH,2023-02-15,11,6,5
CTSH,2023-02-15,11,7,4
CTSH,2023-02-15,11,8,2
CTSH,2023-02-15,11,9,2
CTSH,2023-02-15,11,10,3
CTSH,2023-02-15,11,11,1
CTSH,2024-02-14,6,1,4
CTSH,2024-02-14,6,2,5
CTSH,2024-02-14,6,3,5
CTSH,2024-02-14,6,4,6
CTSH,2024-02-14,6,5,4
CTSH,2024-02-14,6,6,2
CTVA,2021-02-11,10,1,5
CTVA,2021-02-11,10,2,5
CTVA,2021-02-11,10,3,4
CTVA,2021-02-11,10,4,4
CTVA,2021-02-11,10,5,4
CTVA,2021-02-11,10,6,4
CTVA,2021-02-11,10,7,3
CTVA,2021-02-11,10,8,1
CTVA,2021-02-11,10,9,3
CTVA,2021-02-11,10,10,-1
CTVA,2022-02-10,7,1,7
CTVA,2022-02-10,7,2,7
CTVA,2022-02-10,7,3,8
CTVA,2022-02-10,7,4,6
CTVA,2022-02-10,7,5,2
CTVA,2022-02-10,7,6,6
CTVA,2022-02-10,7,7,4
CTVA,2023-02-09,11,1,6
CTVA,2023-02-09,11,2,6
CTVA,2023-02-09,11,3,8
CTVA,2023-02-09,11,4,4
CTVA,2023-02-09,11,5,6
CTVA,2023-02-09,11,6,5
CTVA,2023-02-09,11,7,5
CTVA,2023-02-09,11,8,4
CTVA,2023-02-09,11,9,5
CTVA,2023-02-09,11,10,4
CTVA,2023-02-09,11,11,3
CTVA,2024-02-08,7,1,5
CTVA,2024-02-08,7,2,4
CTVA,2024-02-08,7,3,4
CTVA,2024-02-08,7,4,4
CTVA,2024-02-08,7,5,5
CTVA,2024-02-08,7,6,4
CTVA,2024-02-08,7,7,4
CVS,2021-02-16,7,1,6
CVS,2021-02-16,7,2,7
CVS,2021-02-16,7,3,7
CVS,2021-02-16,7,4,6
CVS,2021-02-16,7,5,7
CVS,2021-02-16,7,6,6
CVS,2021-02-16,7,7,6
CVS,2022-02-09,7,1,9
CVS,2022-02-09,7,2,6
CVS,2022-02-09,7,3,4
CVS,2022-02-09,7,4,7
CVS,2022-02-09,7,5,4
CVS,2022-02-09,7,6,5
CVS,2022-02-09,7,7,4
CVS,2023-02-08,11,1,6
CVS,2023-02-08,11,2,6
CVS,2023-02-08,11,3,7
CVS,2023-02-08,11,4,5
CVS,2023-02-08,11,5,6
CVS,2023-02-08,11,6,4
CVS,2023-02-08,11,7,2
CVS,2023-02-08,11,8,5
CVS,2023-02-08,11,9,6
CVS,2023-02-08,11,10,6
CVS,2023-02-08,11,11,5
CVS,2024-02-07,7,1,7
CVS,2024-02-07,7,2,5
CVS,2024-02-07,7,3,5
CVS,2024-02-07,7,4,5
CVS,2024-02-07,7,5,3
CVS,2024-02-07,7,6,5
CVS,2024-02-07,7,7,6
CVX,2021-02-25,14,1,9
CVX,2021-02-25,14,2,4
CVX,2021-02-25,14,3,8
CVX,2021-02-25,14,4,7
CVX,2021-02-25,14,5,7
CVX,2021-02-25,14,6,6
CVX,2021-02-25,14,7,6
CVX,2021-02-25,14,8,5
CVX,2021-02-25,14,9,6
CVX,2021-02-25,14,10,3
CVX,2021-02-25,14,11,5
CVX,2021-02-25,14,12,6
CVX,2021-02-25,14,13,4
CVX,2021-02-25,14,14,5
CVX,2022-02-24,13,1,7
CVX,2022-02-24,13,2,6
CVX,2022-02-24,13,3,4
CVX,2022-02-24,13,4,5
CVX,2022-02-24,13,5,8
CVX,2022-02-24,13,6,7
CVX,2022-02-24,13,7,5
CVX,2022-02-24,13,8,6
CVX,2022-02-24,13,9,5
CVX,2022-02-24,13,10,3
CVX,2022-02-24,13,11,6
CVX,2022-02-24,13,12,4
CVX,2022-02-24,13,13,3
CVX,2023-02-23,11,1,1
CVX,2023-02-23,11,2,3
CVX,2023-02-23,11,3,5
CVX,2023-02-23,11,4,4
CVX,2023-02-23,11,5,2
CVX,2023-02-23,11,6,3
CVX,2023-02-23,11,7,4
CVX,2023-02-23,11,8,3
CVX,2023-02-23,11,9,4
CVX,2023-02-23,11,10,1
CVX,2023-02-23,11,11,5
CVX,2024-02-26,1,1,5
CZR,2021-03-01,8,1,6
CZR,2021-03-01,8,2,5
CZR,2021-03-01,8,3,4
CZR,2021-03-01,8,4,3
CZR,2021-03-01,8,5,1
CZR,2021-03-01,8,6,2
CZR,2021-03-01,8,7,5
CZR,2021-03-01,8,8,1
CZR,2022-02-24,7,1,7
CZR,2022-02-24,7,2,7
CZR,2022-02-24,7,3,8
CZR,2022-02-24,7,4,6
CZR,2022-02-24,7,5,5
CZR,2022-02-24,7,6,5
CZR,2022-02-24,7,7,2
CZR,2023-02-22,8,1,4
CZR,2023-02-22,8,2,6
CZR,2023-02-22,8,3,6
CZR,2023-02-22,8,4,8
CZR,2023-02-22,8,5,5
CZR,2023-02-22,8,6,7
CZR,2023-02-22,8,7,1
CZR,2023-02-22,8,8,2
CZR,2024-02-20,6,1,5
CZR,2024-02-20,6,2,6
CZR,2024-02-20,6,3,5
CZR,2024-02-20,6,4,6
CZR,2024-02-20,6,5,5
CZR,2024-02-20,6,6,4
DAL,2021-02-12,16,1,8
DAL,2021-02-12,16,2,5
DAL,2021-02-12,16,3,9
DAL,2021-02-12,16,4,7
DAL,2021-02-12,16,5,6
DAL,2021-02-12,16,6,1
DAL,2021-02-12,16,7,6
DAL,2021-02-12,16,8,7
DAL,2021-02-12,16,9,6
DAL,2021-02-12,16,10,7
DAL,2021-02-12,16,11,5
DAL,2021-02-12,16,12,5
DAL,2021-02-12,16,13,4
DAL,2021-02-12,16,14,5
DAL,2021-02-12,16,15,6
DAL,2021-02-12,16,16,7
DAL,2022-02-11,9,1,9
DAL,2022-02-11,9,2,9
DAL,2022-02-11,9,3,8
DAL,2022-02-11,9,4,4
DAL,2022-02-11,9,5,5
DAL,2022-02-11,9,6,1
DAL,2022-02-11,9,7,5
DAL,2022-02-11,9,8,6
DAL,2022-02-11,9,9,8
DAL,2023-02-10,8,1,8
DAL,2023-02-10,8,2,6
DAL,2023-02-10,8,3,7
DAL,2023-02-10,8,4,5
DAL,2023-02-10,8,5,7
DAL,2023-02-10,8,6,8
DAL,2023-02-10,8,7,6
DAL,2023-02-10,8,8,4
DAL,2024-02-12,7,1,6
DAL,2024-02-12,7,2,6
DAL,2024-02-12,7,3,4
DAL,2024-02-12,7,4,5
DAL,2024-02-12,7,5,4
DAL,2024-02-12,7,6,5
DAL,2024-02-12,7,7,4
DAY,2021-02-26,11,1,5
DAY,2021-02-26,11,2,2
DAY,2021-02-26,11,3,5
DAY,2021-02-26,11,4,1
DAY,2021-02-26,11,5,6
DAY,2021-02-26,11,6,5
DAY,2021-02-26,11,7,4
DAY,2021-02-26,11,8,4
DAY,2021-02-26,11,9,7
DAY,2021-02-26,11,10,0
DAY,2021-02-26,11,11,1
DAY,2022-02-28,5,1,8
DAY,2022-02-28,5,2,7
DAY,2022-02-28,5,3,7
DAY,2022-02-28,5,4,5
DAY,2022-02-28,5,5,6
DAY,2023-03-01,7,1,6
DAY,2023-03-01,7,2,5
DAY,2023-03-01,7,3,5
DAY,2023-03-01,7,4,1
DAY,2023-03-01,7,5,4
DAY,2023-03-01,7,6,8
DAY,2023-03-01,7,7,1
DAY,2024-02-28,3,1,5
DAY,2024-02-28,3,2,6
DAY,2024-02-28,3,3,3
DD,2021-02-12,14,1,5
DD,2021-02-12,14,2,4
DD,2021-02-12,14,3,4
DD,2021-02-12,14,4,6
DD,2021-02-12,14,5,5
DD,2021-02-12,14,6,3
DD,2021-02-12,14,7,5
DD,2021-02-12,14,8,3
DD,2021-02-12,14,9,4
DD,2021-02-12,14,10,4
DD,2021-02-12,14,11,5
DD,2021-02-12,14,12,5
DD,2021-02-12,14,13,4
DD,2021-02-12,14,14,10
DD,2022-02-11,14,1,8
DD,2022-02-11,14,2,6
DD,2022-02-11,14,3,4
DD,2022-02-11,14,4,4
DD,2022-02-11,14,5,4
DD,2022-02-11,14,6,4
DD,2022-02-11,14,7,5
DD,2022-02-11,14,8,5
DD,2022-02-11,14,9,5
DD,2022-02-11,14,10,4
DD,2022-02-11,14,11,4
DD,2022-02-11,14,12,3
DD,2022-02-11,14,13,-1
DD,2022-02-11,14,14,3
DD,2023-02-15,12,1,5
DD,2023-02-15,12,2,1
DD,2023-02-15,12,3,5
DD,2023-02-15,12,4,6
DD,2023-02-15,12,5,1
DD,2023-02-15,12,6,4
DD,2023-02-15,12,7,5
DD,2023-02-15,12,8,5
DD,2023-02-15,12,9,7
DD,2023-02-15,12,10,6
DD,2023-02-15,12,11,7
DD,2023-02-15,12,12,5
DD,2024-02-15,6,1,6
DD,2024-02-15,6,2,5
DD,2024-02-15,6,3,5
DD,2024-02-15,6,4,2
DD,2024-02-15,6,5,2
DD,2024-02-15,6,6,-2
DELL,2021-03-26,16,1,5
DELL,2021-03-26,16,2,7
DELL,2021-03-26,16,3,4
DELL,2021-03-26,16,4,5
DELL,2021-03-26,16,5,6
DELL,2021-03-26,16,6,6
DELL,2021-03-26,16,7,5
DELL,2021-03-26,16,8,7
DELL,2021-03-26,16,9,3
DELL,2021-03-26,16,10,3
DELL,2021-03-26,16,11,4
DELL,2021-03-26,16,12,5
DELL,2021-03-26,16,13,2
DELL,2021-03-26,16,14,2
DELL,2021-03-26,16,15,5
DELL,2021-03-26,16,16,4
DELL,2022-03-24,15,1,8
DELL,2022-03-24,15,2,7
DELL,2022-03-24,15,3,6
DELL,2022-03-24,15,4,5
DELL,2022-03-24,15,5,7
DELL,2022-03-24,15,6,6
DELL,2022-03-24,15,7,7
DELL,2022-03-24,15,8,8
DELL,2022-03-24,15,9,6
DELL,2022-03-24,15,10,7
DELL,2022-03-24,15,11,7
DELL,2022-03-24,15,12,6
DELL,2022-03-24,15,13,6
DELL,2022-03-24,15,14,7
DELL,2022-03-24,15,15,5
DELL,2023-03-30,8,1,3
DELL,2023-03-30,8,2,5
DELL,2023-03-30,8,3,3
DELL,2023-03-30,8,4,0
DELL,2023-03-30,8,5,3
DELL,2023-03-30,8,6,1
DELL,2023-03-30,8,7,3
DELL,2023-03-30,8,8,1
DELL,2024-03-25,5,1,5
DELL,2024-03-25,5,2,4
DELL,2024-03-25,5,3,2
DELL,2024-03-25,5,4,1
DELL,2024-03-25,5,5,4
DE,2021-12-16,12,1,8
DE,2021-12-16,12,2,7
DE,2021-12-16,12,3,8
DE,2021-12-16,12,4,6
DE,2021-12-16,12,5,8
DE,2021-12-16,12,6,6
DE,2021-12-16,12,7,9
DE,2021-12-16,12,8,7
DE,2021-12-16,12,9,7
DE,2021-12-16,12,10,4
DE,2021-12-16,12,11,6
DE,2021-12-16,12,12,6
DE,2022-12-15,5,1,6
DE,2022-12-15,5,2,3
DE,2022-12-15,5,3,5
DE,2022-12-15,5,4,2
DE,2022-12-15,5,5,1
DE,2023-12-15,3,1,6
DE,2023-12-15,3,2,4
DE,2023-12-15,3,3,1
DE,2024-12-12,4,1,5
DE,2024-12-12,4,2,3
DE,2024-12-12,4,3,2
DE,2024-12-12,4,4,3
DFS,2021-02-17,9,1,7
DFS,2021-02-17,9,2,6
DFS,2021-02-17,9,3,2
DFS,2021-02-17,9,4,6
DFS,2021-02-17,9,5,8
DFS,2021-02-17,9,6,2
DFS,2021-02-17,9,7,1
DFS,2021-02-17,9,8,2
DFS,2021-02-17,9,9,2
DFS,2022-02-24,8,1,8
DFS,2022-02-24,8,2,9
DFS,2022-02-24,8,3,8
DFS,2022-02-24,8,4,7
DFS,2022-02-24,8,5,5
DFS,2022-02-24,8,6,5
DFS,2022-02-24,8,7,5
DFS,2022-02-24,8,8,6
DFS,2023-02-23,4,1,6
DFS,2023-02-23,4,2,6
DFS,2023-02-23,4,3,2
DFS,2023-02-23,4,4,1
DFS,2024-02-23,2,1,4
DFS,2024-02-23,2,2,5
DGX,2021-02-22,13,1,8
DGX,2021-02-22,13,2,4
DGX,2021-02-22,13,3,3
DGX,2021-02-22,13,4,6
DGX,2021-02-22,13,5,6
DGX,2021-02-22,13,6,1
DGX,2021-02-22,13,7,5
DGX,2021-02-22,13,8,2
DGX,2021-02-22,13,9,5
DGX,2021-02-22,13,10,5
DGX,2021-02-22,13,11,4
DGX,2021-02-22,13,12,5
DGX,2021-02-22,13,13,2
DGX,2022-02-28,23,1,7
DGX,2022-02-28,23,2,3
DGX,2022-02-28,23,3,0
DGX,2022-02-28,23,4,4
DGX,2022-02-28,23,5,5
DGX,2022-02-28,23,6,7
DGX,2022-02-28,23,7,9
DGX,2022-02-28,23,8,6
DGX,2022-02-28,23,9,5
DGX,2022-02-28,23,10,9
DGX,2022-02-28,23,11,8
DGX,2022-02-28,23,12,3
DGX,2022-02-28,23,13,7
DGX,2022-02-28,23,14,7
DGX,2022-02-28,23,15,6
DGX,2022-02-28,23,16,3
DGX,2022-02-28,23,17,3
DGX,2022-02-28,23,18,4
DGX,2022-02-28,23,19,7
DGX,2022-02-28,23,20,5
DGX,2022-02-28,23,21,6
DGX,2022-02-28,23,22,5
DGX,2022-02-28,23,23,1
DGX,2023-02-21,12,1,1
DGX,2023-02-21,12,2,5
DGX,2023-02-21,12,3,8
DGX,2023-02-21,12,4,4
DGX,2023-02-21,12,5,6
DGX,2023-02-21,12,6,6
DGX,2023-02-21,12,7,3
DGX,2023-02-21,12,8,1
DGX,2023-02-21,12,9,1
DGX,2023-02-21,12,10,1
DGX,2023-02-21,12,11,1
DGX,2023-02-21,12,12,1
DGX,2024-02-22,9,1,2
DGX,2024-02-22,9,2,5
DGX,2024-02-22,9,3,4
DGX,2024-02-22,9,4,2
DGX,2024-02-22,9,5,1
DGX,2024-02-22,9,6,1
DGX,2024-02-22,9,7,2
DGX,2024-02-22,9,8,1
DGX,2024-02-22,9,9,1
DG,2021-03-19,15,1,6
DG,2021-03-19,15,2,5
DG,2021-03-19,15,3,3
DG,2021-03-19,15,4,4
DG,2021-03-19,15,5,3
DG,2021-03-19,15,6,-2
DG,2021-03-19,15,7,4
DG,2021-03-19,15,8,6
DG,2021-03-19,15,9,1
DG,2021-03-19,15,10,6
DG,2021-03-19,15,11,3
DG,2021-03-19,15,12,3
DG,2021-03-19,15,13,1
DG,2021-03-19,15,14,5
DG,2021-03-19,15,15,3
DG,2022-03-18,13,1,7
DG,2022-03-18,13,2,7
DG,2022-03-18,13,3,6
DG,2022-03-18,13,4,4
DG,2022-03-18,13,5,5
DG,2022-03-18,13,6,7
DG,2022-03-18,13,7,6
DG,2022-03-18,13,8,4
DG,2022-03-18,13,9,8
DG,2022-03-18,13,10,9
DG,2022-03-18,13,11,6
DG,2022-03-18,13,12,7
DG,2022-03-18,13,13,6
DG,2023-03-24,5,1,4
DG,2023-03-24,5,2,6
DG,2023-03-24,5,3,2
DG,2023-03-24,5,4,5
DG,2023-03-24,5,5,3
DG,2024-03-25,6,1,4
DG,2024-03-25,6,2,3
DG,2024-03-25,6,3,2
DG,2024-03-25,6,4,6
DG,2024-03-25,6,5,4
DG,2024-03-25,6,6,-1
DHI,2021-11-18,9,1,7
DHI,2021-11-18,9,2,1
DHI,2021-11-18,9,3,10
DHI,2021-11-18,9,4,7
DHI,2021-11-18,9,5,4
DHI,2021-11-18,9,6,5
DHI,2021-11-18,9,7,5
DHI,2021-11-18,9,8,5
DHI,2021-11-18,9,9,8
DHI,2022-11-18,6,1,1
DHI,2022-11-18,6,2,1
DHI,2022-11-18,6,3,6
DHI,2022-11-18,6,4,8
DHI,2022-11-18,6,5,5
DHI,2022-11-18,6,6,4
DHI,2023-11-17,7,1,4
DHI,2023-11-17,7,2,1
DHI,2023-11-17,7,3,4
DHI,2023-11-17,7,4,5
DHI,2023-11-17,7,5,2
DHI,2023-11-17,7,6,4
DHI,2023-11-17,7,7,2
DHI,2024-11-19,9,1,4
DHI,2024-11-19,9,2,3
DHI,2024-11-19,9,3,5
DHI,2024-11-19,9,4,6
DHI,2024-11-19,9,5,4
DHI,2024-11-19,9,6,5
DHI,2024-11-19,9,7,4
DHI,2024-11-19,9,8,2
DHI,2024-11-19,9,9,0
DHR,2021-02-25,20,1,6
DHR,2021-02-25,20,2,2
DHR,2021-02-25,20,3,5
DHR,2021-02-25,20,4,4
DHR,2021-02-25,20,5,2
DHR,2021-02-25,20,6,7
DHR,2021-02-25,20,7,4
DHR,2021-02-25,20,8,4
DHR,2021-02-25,20,9,3
DHR,2021-02-25,20,10,4
DHR,2021-02-25,20,11,3
DHR,2021-02-25,20,12,2
DHR,2021-02-25,20,13,2
DHR,2021-02-25,20,14,3
DHR,2021-02-25,20,15,3
DHR,2021-02-25,20,16,3
DHR,2021-02-25,20,17,3
DHR,2021-02-25,20,18,3
DHR,2021-02-25,20,19,3
DHR,2021-02-25,20,20,2
DHR,2022-02-23,10,1,8
DHR,2022-02-23,10,2,4
DHR,2022-02-23,10,3,6
DHR,2022-02-23,10,4,4
DHR,2022-02-23,10,5,8
DHR,2022-02-23,10,6,9
DHR,2022-02-23,10,7,5
DHR,2022-02-23,10,8,7
DHR,2022-02-23,10,9,6
DHR,2022-02-23,10,10,5
DHR,2023-02-22,8,1,5
DHR,2023-02-22,8,2,2
DHR,2023-02-22,8,3,4
DHR,2023-02-22,8,4,6
DHR,2023-02-22,8,5,2
DHR,2023-02-22,8,6,5
DHR,2023-02-22,8,7,4
DHR,2023-02-22,8,8,5
DHR,2024-02-21,5,1,4
DHR,2024-02-21,5,2,2
DHR,2024-02-21,5,3,5
DHR,2024-02-21,5,4,3
DHR,2024-02-21,5,5,3
DIS,2021-11-24,11,1,6
DIS,2021-11-24,11,2,8
DIS,2021-11-24,11,3,5
DIS,2021-11-24,11,4,5
DIS,2021-11-24,11,5,5
DIS,2021-11-24,11,6,3
DIS,2021-11-24,11,7,5
DIS,2021-11-24,11,8,6
DIS,2021-11-24,11,9,5
DIS,2021-11-24,11,10,7
DIS,2021-11-24,11,11,5
DIS,2022-11-29,23,1,8
DIS,2022-11-29,23,2,7
DIS,2022-11-29,23,3,5
DIS,2022-11-29,23,4,3
DIS,2022-11-29,23,5,7
DIS,2022-11-29,23,6,5
DIS,2022-11-29,23,7,4
DIS,2022-11-29,23,8,4
DIS,2022-11-29,23,9,3
DIS,2022-11-29,23,10,7
DIS,2022-11-29,23,11,3
DIS,2022-11-29,23,12,5
DIS,2022-11-29,23,13,4
DIS,2022-11-29,23,14,7
DIS,2022-11-29,23,15,4
DIS,2022-11-29,23,16,2
DIS,2022-11-29,23,17,5
DIS,2022-11-29,23,18,3
DIS,2022-11-29,23,19,2
DIS,2022-11-29,23,20,7
DIS,2022-11-29,23,21,2
DIS,2022-11-29,23,22,5
DIS,2022-11-29,23,23,2
DIS,2023-11-21,10,1,6
DIS,2023-11-21,10,2,5
DIS,2023-11-21,10,3,7
DIS,2023-11-21,10,4,4
DIS,2023-11-21,10,5,3
DIS,2023-11-21,10,6,3
DIS,2023-11-21,10,7,3
DIS,2023-11-21,10,8,5
DIS,2023-11-21,10,9,5
DIS,2023-11-21,10,10,4
DIS,2024-11-14,4,1,6
DIS,2024-11-14,4,2,6
DIS,2024-11-14,4,3,2
DIS,2024-11-14,4,4,2
DLR,2021-03-01,8,1,7
DLR,2021-03-01,8,2,8
DLR,2021-03-01,8,3,5
DLR,2021-03-01,8,4,6
DLR,2021-03-01,8,5,5
DLR,2021-03-01,8,6,6
DLR,2021-03-01,8,7,7
DLR,2021-03-01,8,8,1
DLR,2022-02-25,21,1,3
DLR,2022-02-25,21,2,6
DLR,2022-02-25,21,3,5
DLR,2022-02-25,21,4,4
DLR,2022-02-25,21,5,5
DLR,2022-02-25,21,6,4
DLR,2022-02-25,21,7,2
DLR,2022-02-25,21,8,6
DLR,2022-02-25,21,9,5
DLR,2022-02-25,21,10,4
DLR,2022-02-25,21,11,4
DLR,2022-02-25,21,12,3
DLR,2022-02-25,21,13,4
DLR,2022-02-25,21,14,7
DLR,2022-02-25,21,15,3
DLR,2022-02-25,21,16,2
DLR,2022-02-25,21,17,3
DLR,2022-02-25,21,18,3
DLR,2022-02-25,21,19,-2
DLR,2022-02-25,21,20,2
DLR,2022-02-25,21,21,3
DLR,2023-02-27,12,1,4
DLR,2023-02-27,12,2,4
DLR,2023-02-27,12,3,3
DLR,2023-02-27,12,4,6
DLR,2023-02-27,12,5,6
DLR,2023-02-27,12,6,6
DLR,2023-02-27,12,7,5
DLR,2023-02-27,12,8,4
DLR,2023-02-27,12,9,4
DLR,2023-02-27,12,10,-1
DLR,2023-02-27,12,11,0
DLR,2023-02-27,12,12,4
DLR,2024-02-23,12,1,4
DLR,2024-02-23,12,2,5
DLR,2024-02-23,12,3,4
DLR,2024-02-23,12,4,4
DLR,2024-02-23,12,5,5
DLR,2024-02-23,12,6,6
DLR,2024-02-23,12,7,6
DLR,2024-02-23,12,8,5
DLR,2024-02-23,12,9,3
DLR,2024-02-23,12,10,3
DLR,2024-02-23,12,11,1
DLR,2024-02-23,12,12,3
DLTR,2021-03-16,15,1,7
DLTR,2021-03-16,15,2,7
DLTR,2021-03-16,15,3,4
DLTR,2021-03-16,15,4,7
DLTR,2021-03-16,15,5,6
DLTR,2021-03-16,15,6,7
DLTR,2021-03-16,15,7,5
DLTR,2021-03-16,15,8,5
DLTR,2021-03-16,15,9,6
DLTR,2021-03-16,15,10,6
DLTR,2021-03-16,15,11,9
DLTR,2021-03-16,15,12,5
DLTR,2021-03-16,15,13,5
DLTR,2021-03-16,15,14,4
DLTR,2021-03-16,15,15,5
DLTR,2022-03-15,8,1,8
DLTR,2022-03-15,8,2,9
DLTR,2022-03-15,8,3,6
DLTR,2022-03-15,8,4,4
DLTR,2022-03-15,8,5,3
DLTR,2022-03-15,8,6,3
DLTR,2022-03-15,8,7,7
DLTR,2022-03-15,8,8,6
DLTR,2023-03-10,5,1,8
DLTR,2023-03-10,5,2,8
DLTR,2023-03-10,5,3,5
DLTR,2023-03-10,5,4,7
DLTR,2023-03-10,5,5,4
DLTR,2024-03-20,3,1,6
DLTR,2024-03-20,3,2,2
DLTR,2024-03-20,3,3,2
DOC,2021-02-10,8,1,7
DOC,2021-02-10,8,2,9
DOC,2021-02-10,8,3,8
DOC,2021-02-10,8,4,7
DOC,2021-02-10,8,5,7
DOC,2021-02-10,8,6,7
DOC,2021-02-10,8,7,7
DOC,2021-02-10,8,8,8
DOC,2022-02-09,12,1,6
DOC,2022-02-09,12,2,10
DOC,2022-02-09,12,3,6
DOC,2022-02-09,12,4,3
DOC,2022-02-09,12,5,8
DOC,2022-02-09,12,6,4
DOC,2022-02-09,12,7,5
DOC,2022-02-09,12,8,3
DOC,2022-02-09,12,9,3
DOC,2022-02-09,12,10,5
DOC,2022-02-09,12,11,4
DOC,2022-02-09,12,12,6
DOC,2023-02-08,5,1,8
DOC,2023-02-08,5,2,6
DOC,2023-02-08,5,3,8
DOC,2023-02-08,5,4,4
DOC,2023-02-08,5,5,5
DOC,2024-02-09,6,1,4
DOC,2024-02-09,6,2,5
DOC,2024-02-09,6,3,4
DOC,2024-02-09,6,4,3
DOC,2024-02-09,6,5,1
DOC,2024-02-09,6,6,2
DOV,2021-02-12,10,1,7
DOV,2021-02-12,10,2,8
DOV,2021-02-12,10,3,7
DOV,2021-02-12,10,4,6
DOV,2021-02-12,10,5,5
DOV,2021-02-12,10,6,9
DOV,2021-02-12,10,7,7
DOV,2021-02-12,10,8,6
DOV,2021-02-12,10,9,4
DOV,2021-02-12,10,10,6
DOW,2021-02-05,12,1,9
DOW,2021-02-05,12,2,5
DOW,2021-02-05,12,3,5
DOW,2021-02-05,12,4,5
DOW,2021-02-05,12,5,10
DOW,2021-02-05,12,6,6
DOW,2021-02-05,12,7,2
DOW,2021-02-05,12,8,6
DOW,2021-02-05,12,9,7
DOW,2021-02-05,12,10,5
DOW,2021-02-05,12,11,-1
DOW,2021-02-05,12,12,-2
DOW,2022-02-04,10,1,10
DOW,2022-02-04,10,2,5
DOW,2022-02-04,10,3,4
DOW,2022-02-04,10,4,4
DOW,2022-02-04,10,5,9
DOW,2022-02-04,10,6,2
DOW,2022-02-04,10,7,7
DOW,2022-02-04,10,8,1
DOW,2022-02-04,10,9,-2
DOW,2022-02-04,10,10,-3
DOW,2023-02-01,9,1,6
DOW,2023-02-01,9,2,4
DOW,2023-02-01,9,3,5
DOW,2023-02-01,9,4,5
DOW,2023-02-01,9,5,8
DOW,2023-02-01,9,6,3
DOW,2023-02-01,9,7,2
DOW,2023-02-01,9,8,4
DOW,2023-02-01,9,9,2
DOW,2024-01-31,8,1,5
DOW,2024-01-31,8,2,4
DOW,2024-01-31,8,3,5
DOW,2024-01-31,8,4,4
DOW,2024-01-31,8,5,6
DOW,2024-01-31,8,6,3
DOW,2024-01-31,8,7,3
DOW,2024-01-31,8,8,3
DPZ,2021-02-25,22,1,7
DPZ,2021-02-25,22,2,4
DPZ,2021-02-25,22,3,7
DPZ,2021-02-25,22,4,4
DPZ,2021-02-25,22,5,6
DPZ,2021-02-25,22,6,4
DPZ,2021-02-25,22,7,2
DPZ,2021-02-25,22,8,8
DPZ,2021-02-25,22,9,5
DPZ,2021-02-25,22,10,4
DPZ,2021-02-25,22,11,3
DPZ,2021-02-25,22,12,4
DPZ,2021-02-25,22,13,4
DPZ,2021-02-25,22,14,5
DPZ,2021-02-25,22,15,8
DPZ,2021-02-25,22,16,3
DPZ,2021-02-25,22,17,6
DPZ,2021-02-25,22,18,1
DPZ,2021-02-25,22,19,8
DPZ,2021-02-25,22,20,7
DPZ,2021-02-25,22,21,4
DPZ,2021-02-25,22,22,1
DPZ,2022-03-01,11,1,9
DPZ,2022-03-01,11,2,5
DPZ,2022-03-01,11,3,6
DPZ,2022-03-01,11,4,4
DPZ,2022-03-01,11,5,6
DPZ,2022-03-01,11,6,5
DPZ,2022-03-01,11,7,6
DPZ,2022-03-01,11,8,4
DPZ,2022-03-01,11,9,3
DPZ,2022-03-01,11,10,3
DPZ,2022-03-01,11,11,3
DPZ,2023-02-23,6,1,8
DPZ,2023-02-23,6,2,4
DPZ,2023-02-23,6,3,7
DPZ,2023-02-23,6,4,5
DPZ,2023-02-23,6,5,3
DPZ,2023-02-23,6,6,7
DPZ,2024-02-26,5,1,6
DPZ,2024-02-26,5,2,3
DPZ,2024-02-26,5,3,4
DPZ,2024-02-26,5,4,5
DPZ,2024-02-26,5,5,5
DRI,2021-07-23,21,1,8
DRI,2021-07-23,21,2,5
DRI,2021-07-23,21,3,3
DRI,2021-07-23,21,4,5
DRI,2021-07-23,21,5,5
DRI,2021-07-23,21,6,5
DRI,2021-07-23,21,7,-3
DRI,2021-07-23,21,8,-2
DRI,2021-07-23,21,9,5
DRI,2021-07-23,21,10,6
DRI,2021-07-23,21,11,6
DRI,2021-07-23,21,12,5
DRI,2021-07-23,21,13,5
DRI,2021-07-23,21,14,5
DRI,2021-07-23,21,15,8
DRI,2021-07-23,21,16,5
DRI,2021-07-23,21,17,1
DRI,2021-07-23,21,18,5
DRI,2021-07-23,21,19,-3
DRI,2021-07-23,21,20,3
DRI,2021-07-23,21,21,9
DRI,2022-07-22,14,1,5
DRI,2022-07-22,14,2,2
DRI,2022-07-22,14,3,5
DRI,2022-07-22,14,4,2
DRI,2022-07-22,14,5,3
DRI,2022-07-22,14,6,2
DRI,2022-07-22,14,7,3
DRI,2022-07-22,14,8,1
DRI,2022-07-22,14,9,2
DRI,2022-07-22,14,10,3
DRI,2022-07-22,14,11,2
DRI,2022-07-22,14,12,0
DRI,2022-07-22,14,13,3
DRI,2022-07-22,14,14,1
DRI,2023-07-21,6,1,5
DRI,2023-07-21,6,2,4
DRI,2023-07-21,6,3,7
DRI,2023-07-21,6,4,7
DRI,2023-07-21,6,5,4
DRI,2023-07-21,6,6,2
DRI,2024-07-19,7,1,4
DRI,2024-07-19,7,2,4
DRI,2024-07-19,7,3,4
DRI,2024-07-19,7,4,5
DRI,2024-07-19,7,5,4
DRI,2024-07-19,7,6,4
DRI,2024-07-19,7,7,5
DUK,2021-02-25,19,1,7
DUK,2021-02-25,19,2,6
DUK,2021-02-25,19,3,6
DUK,2021-02-25,19,4,4
DUK,2021-02-25,19,5,7
DUK,2021-02-25,19,6,6
DUK,2021-02-25,19,7,6
DUK,2021-02-25,19,8,5
DUK,2021-02-25,19,9,7
DUK,2021-02-25,19,10,5
DUK,2021-02-25,19,11,6
DUK,2021-02-25,19,12,4
DUK,2021-02-25,19,13,5
DUK,2021-02-25,19,14,8
DUK,2021-02-25,19,15,7
DUK,2021-02-25,19,16,5
DUK,2021-02-25,19,17,4
DUK,2021-02-25,19,18,4
DUK,2021-02-25,19,19,6
DUK,2022-02-24,3,1,2
DUK,2022-02-24,3,2,3
DUK,2022-02-24,3,3,0
DUK,2023-02-27,3,1,5
DUK,2023-02-27,3,2,6
DUK,2023-02-27,3,3,6
DUK,2024-02-23,5,1,3
DUK,2024-02-23,5,2,4
DUK,2024-02-23,5,3,5
DUK,2024-02-23,5,4,1
DUK,2024-02-23,5,5,0
DVA,2021-02-12,7,1,6
DVA,2021-02-12,7,2,7
DVA,2021-02-12,7,3,8
DVA,2021-02-12,7,4,6
DVA,2021-02-12,7,5,6
DVA,2021-02-12,7,6,6
DVA,2021-02-12,7,7,5
DVA,2022-02-11,8,1,7
DVA,2022-02-11,8,2,6
DVA,2022-02-11,8,3,6
DVA,2022-02-11,8,4,4
DVA,2022-02-11,8,5,5
DVA,2022-02-11,8,6,5
DVA,2022-02-11,8,7,4
DVA,2022-02-11,8,8,3
DVA,2023-02-22,10,1,2
DVA,2023-02-22,10,2,7
DVA,2023-02-22,10,3,8
DVA,2023-02-22,10,4,4
DVA,2023-02-22,10,5,3
DVA,2023-02-22,10,6,3
DVA,2023-02-22,10,7,2
DVA,2023-02-22,10,8,2
DVA,2023-02-22,10,9,3
DVA,2023-02-22,10,10,3
DVA,2024-02-14,5,1,4
DVA,2024-02-14,5,2,5
DVA,2024-02-14,5,3,5
DVA,2024-02-14,5,4,2
DVA,2024-02-14,5,5,0
DXCM,2021-02-11,15,1,8
DXCM,2021-02-11,15,2,7
DXCM,2021-02-11,15,3,7
DXCM,2021-02-11,15,4,7
DXCM,2021-02-11,15,5,4
DXCM,2021-02-11,15,6,5
DXCM,2021-02-11,15,7,6
DXCM,2021-02-11,15,8,5
DXCM,2021-02-11,15,9,5
DXCM,2021-02-11,15,10,4
DXCM,2021-02-11,15,11,4
DXCM,2021-02-11,15,12,4
DXCM,2021-02-11,15,13,5
DXCM,2021-02-11,15,14,4
DXCM,2021-02-11,15,15,0
DXCM,2022-02-14,16,1,7
DXCM,2022-02-14,16,2,2
DXCM,2022-02-14,16,3,5
DXCM,2022-02-14,16,4,7
DXCM,2022-02-14,16,5,6
DXCM,2022-02-14,16,6,4
DXCM,2022-02-14,16,7,5
DXCM,2022-02-14,16,8,5
DXCM,2022-02-14,16,9,4
DXCM,2022-02-14,16,10,5
DXCM,2022-02-14,16,11,5
DXCM,2022-02-14,16,12,6
DXCM,2022-02-14,16,13,6
DXCM,2022-02-14,16,14,2
DXCM,2022-02-14,16,15,4
DXCM,2022-02-14,16,16,3
DXCM,2023-02-09,9,1,6
DXCM,2023-02-09,9,2,2
DXCM,2023-02-09,9,3,8
DXCM,2023-02-09,9,4,2
DXCM,2023-02-09,9,5,3
DXCM,2023-02-09,9,6,7
DXCM,2023-02-09,9,7,7
DXCM,2023-02-09,9,8,7
DXCM,2023-02-09,9,9,6
DXCM,2024-02-08,3,1,2
DXCM,2024-02-08,3,2,4
DXCM,2024-02-08,3,3,3
D,2024-02-23,6,1,2
D,2024-02-23,6,2,3
D,2024-02-23,6,3,3
D,2024-02-23,6,4,2
D,2024-02-23,6,5,3
D,2024-02-23,6,6,2
EA,2021-05-26,17,1,7
EA,2021-05-26,17,2,8
EA,2021-05-26,17,3,5
EA,2021-05-26,17,4,7
EA,2021-05-26,17,5,4
EA,2021-05-26,17,6,6
EA,2021-05-26,17,7,5
EA,2021-05-26,17,8,5
EA,2021-05-26,17,9,4
EA,2021-05-26,17,10,5
EA,2021-05-26,17,11,6
EA,2021-05-26,17,12,6
EA,2021-05-26,17,13,0
EA,2021-05-26,17,14,4
EA,2021-05-26,17,15,5
EA,2021-05-26,17,16,1
EA,2021-05-26,17,17,2
EA,2022-05-25,12,1,5
EA,2022-05-25,12,2,7
EA,2022-05-25,12,3,8
EA,2022-05-25,12,4,7
EA,2022-05-25,12,5,5
EA,2022-05-25,12,6,4
EA,2022-05-25,12,7,4
EA,2022-05-25,12,8,2
EA,2022-05-25,12,9,4
EA,2022-05-25,12,10,-1
EA,2022-05-25,12,11,4
EA,2022-05-25,12,12,2
EA,2023-05-24,11,1,5
EA,2023-05-24,11,2,7
EA,2023-05-24,11,3,4
EA,2023-05-24,11,4,0
EA,2023-05-24,11,5,4
EA,2023-05-24,11,6,5
EA,2023-05-24,11,7,3
EA,2023-05-24,11,8,5
EA,2023-05-24,11,9,7
EA,2023-05-24,11,10,6
EA,2023-05-24,11,11,4
EA,2024-05-22,3,1,5
EA,2024-05-22,3,2,1
EA,2024-05-22,3,3,1
EBAY,2021-02-04,9,1,3
EBAY,2021-02-04,9,2,5
EBAY,2021-02-04,9,3,7
EBAY,2021-02-04,9,4,5
EBAY,2021-02-04,9,5,5
EBAY,2021-02-04,9,6,5
EBAY,2021-02-04,9,7,5
EBAY,2021-02-04,9,8,-3
EBAY,2021-02-04,9,9,2
EBAY,2022-02-24,11,1,2
EBAY,2022-02-24,11,2,5
EBAY,2022-02-24,11,3,6
EBAY,2022-02-24,11,4,6
EBAY,2022-02-24,11,5,3
EBAY,2022-02-24,11,6,4
EBAY,2022-02-24,11,7,5
EBAY,2022-02-24,11,8,0
EBAY,2022-02-24,11,9,3
EBAY,2022-02-24,11,10,4
EBAY,2022-02-24,11,11,3
EBAY,2023-02-23,7,1,4
EBAY,2023-02-23,7,2,5
EBAY,2023-02-23,7,3,7
EBAY,2023-02-23,7,4,6
EBAY,2023-02-23,7,5,4
EBAY,2023-02-23,7,6,4
EBAY,2023-02-23,7,7,5
EBAY,2024-02-28,3,1,5
EBAY,2024-02-28,3,2,4
EBAY,2024-02-28,3,3,3
ECL,2021-02-26,12,1,9
ECL,2021-02-26,12,2,7
ECL,2021-02-26,12,3,8
ECL,2021-02-26,12,4,5
ECL,2021-02-26,12,5,5
ECL,2021-02-26,12,6,4
ECL,2021-02-26,12,7,6
ECL,2021-02-26,12,8,3
ECL,2021-02-26,12,9,4
ECL,2021-02-26,12,10,3
ECL,2021-02-26,12,11,3
ECL,2021-02-26,12,12,3
ECL,2022-02-25,13,1,9
ECL,2022-02-25,13,2,8
ECL,2022-02-25,13,3,8
ECL,2022-02-25,13,4,5
ECL,2022-02-25,13,5,3
ECL,2022-02-25,13,6,8
ECL,2022-02-25,13,7,6
ECL,2022-02-25,13,8,5
ECL,2022-02-25,13,9,6
ECL,2022-02-25,13,10,4
ECL,2022-02-25,13,11,3
ECL,2022-02-25,13,12,2
ECL,2022-02-25,13,13,3
ECL,2023-02-24,8,1,6
ECL,2023-02-24,8,2,6
ECL,2023-02-24,8,3,7
ECL,2023-02-24,8,4,7
ECL,2023-02-24,8,5,8
ECL,2023-02-24,8,6,6
ECL,2023-02-24,8,7,3
ECL,2023-02-24,8,8,2
ECL,2024-02-23,6,1,4
ECL,2024-02-23,6,2,4
ECL,2024-02-23,6,3,5
ECL,2024-02-23,6,4,5
ECL,2024-02-23,6,5,4
ECL,2024-02-23,6,6,4
ED,2021-02-18,13,1,4
ED,2021-02-18,13,2,2
ED,2021-02-18,13,3,3
ED,2021-02-18,13,4,4
ED,2021-02-18,13,5,4
ED,2021-02-18,13,6,2
ED,2021-02-18,13,7,2
ED,2021-02-18,13,8,1
ED,2021-02-18,13,9,5
ED,2021-02-18,13,10,2
ED,2021-02-18,13,11,2
ED,2021-02-18,13,12,7
ED,2021-02-18,13,13,0
ED,2022-02-17,15,1,2
ED,2022-02-17,15,2,6
ED,2022-02-17,15,3,3
ED,2022-02-17,15,4,6
ED,2022-02-17,15,5,6
ED,2022-02-17,15,6,2
ED,2022-02-17,15,7,6
ED,2022-02-17,15,8,3
ED,2022-02-17,15,9,1
ED,2022-02-17,15,10,1
ED,2022-02-17,15,11,2
ED,2022-02-17,15,12,1
ED,2022-02-17,15,13,2
ED,2022-02-17,15,14,-1
ED,2022-02-17,15,15,8
ED,2023-02-16,5,1,7
ED,2023-02-16,5,2,5
ED,2023-02-16,5,3,6
ED,2023-02-16,5,4,8
ED,2023-02-16,5,5,2
ED,2024-02-15,5,1,2
ED,2024-02-15,5,2,6
ED,2024-02-15,5,3,7
ED,2024-02-15,5,4,3
ED,2024-02-15,5,5,4
EFX,2021-02-25,20,1,7
EFX,2021-02-25,20,2,3
EFX,2021-02-25,20,3,6
EFX,2021-02-25,20,4,6
EFX,2021-02-25,20,5,5
EFX,2021-02-25,20,6,4
EFX,2021-02-25,20,7,3
EFX,2021-02-25,20,8,4
EFX,2021-02-25,20,9,6
EFX,2021-02-25,20,10,5
EFX,2021-02-25,20,11,4
EFX,2021-02-25,20,12,4
EFX,2021-02-25,20,13,4
EFX,2021-02-25,20,14,3
EFX,2021-02-25,20,15,1
EFX,2021-02-25,20,16,0
EFX,2021-02-25,20,17,0
EFX,2021-02-25,20,18,0
EFX,2021-02-25,20,19,3
EFX,2021-02-25,20,20,3
EFX,2022-02-24,17,1,6
EFX,2022-02-24,17,2,2
EFX,2022-02-24,17,3,4
EFX,2022-02-24,17,4,5
EFX,2022-02-24,17,5,4
EFX,2022-02-24,17,6,4
EFX,2022-02-24,17,7,3
EFX,2022-02-24,17,8,3
EFX,2022-02-24,17,9,3
EFX,2022-02-24,17,10,4
EFX,2022-02-24,17,11,0
EFX,2022-02-24,17,12,0
EFX,2022-02-24,17,13,4
EFX,2022-02-24,17,14,3
EFX,2022-02-24,17,15,0
EFX,2022-02-24,17,16,0
EFX,2022-02-24,17,17,2
EFX,2023-02-23,5,1,5
EFX,2023-02-23,5,2,3
EFX,2023-02-23,5,3,8
EFX,2023-02-23,5,4,3
EFX,2023-02-23,5,5,1
EFX,2024-02-22,6,1,2
EFX,2024-02-22,6,2,1
EFX,2024-02-22,6,3,3
EFX,2024-02-22,6,4,1
EFX,2024-02-22,6,5,6
EFX,2024-02-22,6,6,0
EG,2021-03-01,15,1,5
EG,2021-03-01,15,2,7
EG,2021-03-01,15,3,4
EG,2021-03-01,15,4,4
EG,2021-03-01,15,5,5
EG,2021-03-01,15,6,2
EG,2021-03-01,15,7,4
EG,2021-03-01,15,8,3
EG,2021-03-01,15,9,2
EG,2021-03-01,15,10,2
EG,2021-03-01,15,11,1
EG,2021-03-01,15,12,1
EG,2021-03-01,15,13,2
EG,2021-03-01,15,14,2
EG,2021-03-01,15,15,8
EG,2022-02-28,11,1,5
EG,2022-02-28,11,2,6
EG,2022-02-28,11,3,4
EG,2022-02-28,11,4,3
EG,2022-02-28,11,5,6
EG,2022-02-28,11,6,3
EG,2022-02-28,11,7,6
EG,2022-02-28,11,8,4
EG,2022-02-28,11,9,3
EG,2022-02-28,11,10,3
EG,2022-02-28,11,11,5
EG,2024-02-28,1,1,4
ELV,2021-02-18,12,1,9
ELV,2021-02-18,12,2,6
ELV,2021-02-18,12,3,6
ELV,2021-02-18,12,4,5
ELV,2021-02-18,12,5,5
ELV,2021-02-18,12,6,4
ELV,2021-02-18,12,7,5
ELV,2021-02-18,12,8,6
ELV,2021-02-18,12,9,6
ELV,2021-02-18,12,10,4
ELV,2021-02-18,12,11,5
ELV,2021-02-18,12,12,6
ELV,2022-02-16,9,1,9
ELV,2022-02-16,9,2,7
ELV,2022-02-16,9,3,7
ELV,2022-02-16,9,4,5
ELV,2022-02-16,9,5,5
ELV,2022-02-16,9,6,4
ELV,2022-02-16,9,7,4
ELV,2022-02-16,9,8,4
ELV,2022-02-16,9,9,6
ELV,2023-02-15,10,1,8
ELV,2023-02-15,10,2,5
ELV,2023-02-15,10,3,6
ELV,2023-02-15,10,4,7
ELV,2023-02-15,10,5,5
ELV,2023-02-15,10,6,3
ELV,2023-02-15,10,7,2
ELV,2023-02-15,10,8,3
ELV,2023-02-15,10,9,7
ELV,2023-02-15,10,10,5
ELV,2024-02-21,10,1,2
ELV,2024-02-21,10,2,5
ELV,2024-02-21,10,3,5
ELV,2024-02-21,10,4,3
ELV,2024-02-21,10,5,6
ELV,2024-02-21,10,6,2
ELV,2024-02-21,10,7,2
ELV,2024-02-21,10,8,1
ELV,2024-02-21,10,9,1
ELV,2024-02-21,10,10,1
EL,2021-08-27,21,1,5
EL,2021-08-27,21,2,8
EL,2021-08-27,21,3,1
EL,2021-08-27,21,4,0
EL,2021-08-27,21,5,4
EL,2021-08-27,21,6,2
EL,2021-08-27,21,7,4
EL,2021-08-27,21,8,1
EL,2021-08-27,21,9,0
EL,2021-08-27,21,10,6
EL,2021-08-27,21,11,5
EL,2021-08-27,21,12,5
EL,2021-08-27,21,13,6
EL,2021-08-27,21,14,7
EL,2021-08-27,21,15,5
EL,2021-08-27,21,16,3
EL,2021-08-27,21,17,0
EL,2021-08-27,21,18,3
EL,2021-08-27,21,19,5
EL,2021-08-27,21,20,2
EL,2021-08-27,21,21,5
EL,2022-08-24,18,1,7
EL,2022-08-24,18,2,8
EL,2022-08-24,18,3,2
EL,2022-08-24,18,4,3
EL,2022-08-24,18,5,2
EL,2022-08-24,18,6,7
EL,2022-08-24,18,7,5
EL,2022-08-24,18,8,5
EL,2022-08-24,18,9,4
EL,2022-08-24,18,10,3
EL,2022-08-24,18,11,3
EL,2022-08-24,18,12,5
EL,2022-08-24,18,13,5
EL,2022-08-24,18,14,5
EL,2022-08-24,18,15,5
EL,2022-08-24,18,16,2
EL,2022-08-24,18,17,4
EL,2022-08-24,18,18,5
EL,2023-08-18,10,1,4
EL,2023-08-18,10,2,9
EL,2023-08-18,10,3,6
EL,2023-08-18,10,4,8
EL,2023-08-18,10,5,6
EL,2023-08-18,10,6,4
EL,2023-08-18,10,7,3
EL,2023-08-18,10,8,4
EL,2023-08-18,10,9,6
EL,2023-08-18,10,10,-1
EL,2024-08-19,3,1,4
EL,2024-08-19,3,2,3
EL,2024-08-19,3,3,2
EMN,2021-02-22,14,1,8
EMN,2021-02-22,14,2,4
EMN,2021-02-22,14,3,2
EMN,2021-02-22,14,4,2
EMN,2021-02-22,14,5,5
EMN,2021-02-22,14,6,6
EMN,2021-02-22,14,7,8
EMN,2021-02-22,14,8,6
EMN,2021-02-22,14,9,7
EMN,2021-02-22,14,10,4
EMN,2021-02-22,14,11,3
EMN,2021-02-22,14,12,3
EMN,2021-02-22,14,13,8
EMN,2021-02-22,14,14,6
EMN,2022-02-25,7,1,8
EMN,2022-02-25,7,2,4
EMN,2022-02-25,7,3,7
EMN,2022-02-25,7,4,6
EMN,2022-02-25,7,5,6
EMN,2022-02-25,7,6,8
EMN,2022-02-25,7,7,8
EMN,2023-02-15,2,1,7
EMN,2023-02-15,2,2,6
EMN,2024-02-14,1,1,3
EMR,2021-11-15,16,1,4
EMR,2021-11-15,16,2,1
EMR,2021-11-15,16,3,2
EMR,2021-11-15,16,4,6
EMR,2021-11-15,16,5,5
EMR,2021-11-15,16,6,4
EMR,2021-11-15,16,7,5
EMR,2021-11-15,16,8,0
EMR,2021-11-15,16,9,6
EMR,2021-11-15,16,10,5
EMR,2021-11-15,16,11,6
EMR,2021-11-15,16,12,5
EMR,2021-11-15,16,13,4
EMR,2021-11-15,16,14,4
EMR,2021-11-15,16,15,8
EMR,2021-11-15,16,16,6
EMR,2022-11-14,11,1,3
EMR,2022-11-14,11,2,4
EMR,2022-11-14,11,3,7
EMR,2022-11-14,11,4,5
EMR,2022-11-14,11,5,7
EMR,2022-11-14,11,6,0
EMR,2022-11-14,11,7,7
EMR,2022-11-14,11,8,6
EMR,2022-11-14,11,9,8
EMR,2022-11-14,11,10,4
EMR,2022-11-14,11,11,4
EMR,2023-11-13,7,1,6
EMR,2023-11-13,7,2,0
EMR,2023-11-13,7,3,6
EMR,2023-11-13,7,4,7
EMR,2023-11-13,7,5,2
EMR,2023-11-13,7,6,1
EMR,2023-11-13,7,7,2
EMR,2024-11-12,2,1,5
EMR,2024-11-12,2,2,4
ENPH,2021-02-16,8,1,7
ENPH,2021-02-16,8,2,6
ENPH,2021-02-16,8,3,8
ENPH,2021-02-16,8,4,7
ENPH,2021-02-16,8,5,5
ENPH,2021-02-16,8,6,7
ENPH,2021-02-16,8,7,4
ENPH,2021-02-16,8,8,3
ENPH,2022-02-11,13,1,7
ENPH,2022-02-11,13,2,8
ENPH,2022-02-11,13,3,6
ENPH,2022-02-11,13,4,7
ENPH,2022-02-11,13,5,6
ENPH,2022-02-11,13,6,6
ENPH,2022-02-11,13,7,6
ENPH,2022-02-11,13,8,5
ENPH,2022-02-11,13,9,5
ENPH,2022-02-11,13,10,4
ENPH,2022-02-11,13,11,5
ENPH,2022-02-11,13,12,5
ENPH,2022-02-11,13,13,1
ENPH,2023-02-13,14,1,8
ENPH,2023-02-13,14,2,7
ENPH,2023-02-13,14,3,7
ENPH,2023-02-13,14,4,7
ENPH,2023-02-13,14,5,5
ENPH,2023-02-13,14,6,5
ENPH,2023-02-13,14,7,4
ENPH,2023-02-13,14,8,6
ENPH,2023-02-13,14,9,5
ENPH,2023-02-13,14,10,2
ENPH,2023-02-13,14,11,4
ENPH,2023-02-13,14,12,1
ENPH,2023-02-13,14,13,6
ENPH,2023-02-13,14,14,7
ENPH,2024-02-09,3,1,5
ENPH,2024-02-09,3,2,2
ENPH,2024-02-09,3,3,1
EOG,2021-02-25,10,1,5
EOG,2021-02-25,10,2,7
EOG,2021-02-25,10,3,8
EOG,2021-02-25,10,4,7
EOG,2021-02-25,10,5,3
EOG,2021-02-25,10,6,2
EOG,2021-02-25,10,7,3
EOG,2021-02-25,10,8,3
EOG,2021-02-25,10,9,5
EOG,2021-02-25,10,10,3
EOG,2022-02-24,11,1,2
EOG,2022-02-24,11,2,7
EOG,2022-02-24,11,3,8
EOG,2022-02-24,11,4,9
EOG,2022-02-24,11,5,4
EOG,2022-02-24,11,6,7
EOG,2022-02-24,11,7,6
EOG,2022-02-24,11,8,3
EOG,2022-02-24,11,9,7
EOG,2022-02-24,11,10,4
EOG,2022-02-24,11,11,7
EOG,2023-02-23,9,1,5
EOG,2023-02-23,9,2,6
EOG,2023-02-23,9,3,6
EOG,2023-02-23,9,4,7
EOG,2023-02-23,9,5,8
EOG,2023-02-23,9,6,9
EOG,2023-02-23,9,7,7
EOG,2023-02-23,9,8,8
EOG,2023-02-23,9,9,3
EOG,2024-02-22,2,1,1
EOG,2024-02-22,2,2,5
EPAM,2021-02-25,12,1,7
EPAM,2021-02-25,12,2,7
EPAM,2021-02-25,12,3,6
EPAM,2021-02-25,12,4,8
EPAM,2021-02-25,12,5,6
EPAM,2021-02-25,12,6,4
EPAM,2021-02-25,12,7,2
EPAM,2021-02-25,12,8,5
EPAM,2021-02-25,12,9,6
EPAM,2021-02-25,12,10,3
EPAM,2021-02-25,12,11,3
EPAM,2021-02-25,12,12,-3
EPAM,2022-02-25,15,1,7
EPAM,2022-02-25,15,2,7
EPAM,2022-02-25,15,3,8
EPAM,2022-02-25,15,4,5
EPAM,2022-02-25,15,5,5
EPAM,2022-02-25,15,6,5
EPAM,2022-02-25,15,7,6
EPAM,2022-02-25,15,8,0
EPAM,2022-02-25,15,9,0
EPAM,2022-02-25,15,10,3
EPAM,2022-02-25,15,11,3
EPAM,2022-02-25,15,12,5
EPAM,2022-02-25,15,13,3
EPAM,2022-02-25,15,14,5
EPAM,2022-02-25,15,15,6
EPAM,2023-02-24,9,1,7
EPAM,2023-02-24,9,2,7
EPAM,2023-02-24,9,3,3
EPAM,2023-02-24,9,4,6
EPAM,2023-02-24,9,5,7
EPAM,2023-02-24,9,6,4
EPAM,2023-02-24,9,7,3
EPAM,2023-02-24,9,8,-3
EPAM,2023-02-24,9,9,2
EPAM,2024-02-22,3,1,5
EPAM,2024-02-22,3,2,3
EPAM,2024-02-22,3,3,1
EQIX,2021-02-19,18,1,5
EQIX,2021-02-19,18,2,3
EQIX,2021-02-19,18,3,4
EQIX,2021-02-19,18,4,3
EQIX,2021-02-19,18,5,5
EQIX,2021-02-19,18,6,5
EQIX,2021-02-19,18,7,5
EQIX,2021-02-19,18,8,4
EQIX,2021-02-19,18,9,4
EQIX,2021-02-19,18,10,5
EQIX,2021-02-19,18,11,3
EQIX,2021-02-19,18,12,5
EQIX,2021-02-19,18,13,3
EQIX,2021-02-19,18,14,3
EQIX,2021-02-19,18,15,4
EQIX,2021-02-19,18,16,3
EQIX,2021-02-19,18,17,2
EQIX,2021-02-19,18,18,5
EQIX,2022-02-18,22,1,5
EQIX,2022-02-18,22,2,2
EQIX,2022-02-18,22,3,6
EQIX,2022-02-18,22,4,5
EQIX,2022-02-18,22,5,5
EQIX,2022-02-18,22,6,6
EQIX,2022-02-18,22,7,5
EQIX,2022-02-18,22,8,8
EQIX,2022-02-18,22,9,6
EQIX,2022-02-18,22,10,7
EQIX,2022-02-18,22,11,6
EQIX,2022-02-18,22,12,4
EQIX,2022-02-18,22,13,5
EQIX,2022-02-18,22,14,6
EQIX,2022-02-18,22,15,6
EQIX,2022-02-18,22,16,5
EQIX,2022-02-18,22,17,5
EQIX,2022-02-18,22,18,6
EQIX,2022-02-18,22,19,8
EQIX,2022-02-18,22,20,5
EQIX,2022-02-18,22,21,5
EQIX,2022-02-18,22,22,5
EQIX,2023-02-17,8,1,7
EQIX,2023-02-17,8,2,4
EQIX,2023-02-17,8,3,5
EQIX,2023-02-17,8,4,3
EQIX,2023-02-17,8,5,4
EQIX,2023-02-17,8,6,8
EQIX,2023-02-17,8,7,3
EQIX,2023-02-17,8,8,2
EQIX,2024-02-16,4,1,4
EQIX,2024-02-16,4,2,5
EQIX,2024-02-16,4,3,4
EQIX,2024-02-16,4,4,3
EQR,2024-02-15,8,1,3
EQR,2024-02-15,8,2,3
EQR,2024-02-15,8,3,3
EQR,2024-02-15,8,4,6
EQR,2024-02-15,8,5,6
EQR,2024-02-15,8,6,6
EQR,2024-02-15,8,7,4
EQR,2024-02-15,8,8,3
EQT,2021-02-17,8,1,3
EQT,2021-02-17,8,2,6
EQT,2021-02-17,8,3,5
EQT,2021-02-17,8,4,7
EQT,2021-02-17,8,5,4
EQT,2021-02-17,8,6,5
EQT,2021-02-17,8,7,6
EQT,2021-02-17,8,8,3
EQT,2022-02-10,3,1,7
EQT,2022-02-10,3,2,5
EQT,2022-02-10,3,3,5
EQT,2023-02-16,1,1,5
EQT,2024-02-14,4,1,4
EQT,2024-02-14,4,2,3
EQT,2024-02-14,4,3,6
EQT,2024-02-14,4,4,3
ERIE,2021-02-25,18,1,7
ERIE,2021-02-25,18,2,6
ERIE,2021-02-25,18,3,7
ERIE,2021-02-25,18,4,10
ERIE,2021-02-25,18,5,5
ERIE,2021-02-25,18,6,6
ERIE,2021-02-25,18,7,6
ERIE,2021-02-25,18,8,7
ERIE,2021-02-25,18,9,8
ERIE,2021-02-25,18,10,6
ERIE,2021-02-25,18,11,6
ERIE,2021-02-25,18,12,6
ERIE,2021-02-25,18,13,5
ERIE,2021-02-25,18,14,6
ERIE,2021-02-25,18,15,5
ERIE,2021-02-25,18,16,6
ERIE,2021-02-25,18,17,6
ERIE,2021-02-25,18,18,5
ERIE,2022-02-24,16,1,6
ERIE,2022-02-24,16,2,4
ERIE,2022-02-24,16,3,6
ERIE,2022-02-24,16,4,3
ERIE,2022-02-24,16,5,2
ERIE,2022-02-24,16,6,0
ERIE,2022-02-24,16,7,4
ERIE,2022-02-24,16,8,2
ERIE,2022-02-24,16,9,3
ERIE,2022-02-24,16,10,3
ERIE,2022-02-24,16,11,8
ERIE,2022-02-24,16,12,4
ERIE,2022-02-24,16,13,3
ERIE,2022-02-24,16,14,0
ERIE,2022-02-24,16,15,3
ERIE,2022-02-24,16,16,3
ERIE,2023-03-01,14,1,7
ERIE,2023-03-01,14,2,4
ERIE,2023-03-01,14,3,6
ERIE,2023-03-01,14,4,3
ERIE,2023-03-01,14,5,3
ERIE,2023-03-01,14,6,1
ERIE,2023-03-01,14,7,2
ERIE,2023-03-01,14,8,2
ERIE,2023-03-01,14,9,3
ERIE,2023-03-01,14,10,5
ERIE,2023-03-01,14,11,6
ERIE,2023-03-01,14,12,1
ERIE,2023-03-01,14,13,0
ERIE,2023-03-01,14,14,2
ERIE,2024-02-26,11,1,3
ERIE,2024-02-26,11,2,3
ERIE,2024-02-26,11,3,5
ERIE,2024-02-26,11,4,-1
ERIE,2024-02-26,11,5,2
ERIE,2024-02-26,11,6,0
ERIE,2024-02-26,11,7,3
ERIE,2024-02-26,11,8,1
ERIE,2024-02-26,11,9,1
ERIE,2024-02-26,11,10,1
ERIE,2024-02-26,11,11,6
ESS,2021-02-19,12,1,6
ESS,2021-02-19,12,2,8
ESS,2021-02-19,12,3,9
ESS,2021-02-19,12,4,8
ESS,2021-02-19,12,5,7
ESS,2021-02-19,12,6,6
ESS,2021-02-19,12,7,4
ESS,2021-02-19,12,8,6
ESS,2021-02-19,12,9,4
ESS,2021-02-19,12,10,6
ESS,2021-02-19,12,11,3
ESS,2021-02-19,12,12,6
ESS,2022-02-25,10,1,7
ESS,2022-02-25,10,2,6
ESS,2022-02-25,10,3,8
ESS,2022-02-25,10,4,6
ESS,2022-02-25,10,5,4
ESS,2022-02-25,10,6,4
ESS,2022-02-25,10,7,4
ESS,2022-02-25,10,8,4
ESS,2022-02-25,10,9,5
ESS,2022-02-25,10,10,-2
ESS,2023-02-23,11,1,4
ESS,2023-02-23,11,2,0
ESS,2023-02-23,11,3,4
ESS,2023-02-23,11,4,3
ESS,2023-02-23,11,5,3
ESS,2023-02-23,11,6,1
ESS,2023-02-23,11,7,4
ESS,2023-02-23,11,8,8
ESS,2023-02-23,11,9,3
ESS,2023-02-23,11,10,-3
ESS,2023-02-23,11,11,1
ESS,2024-02-23,13,1,4
ESS,2024-02-23,13,2,5
ESS,2024-02-23,13,3,4
ESS,2024-02-23,13,4,4
ESS,2024-02-23,13,5,4
ESS,2024-02-23,13,6,5
ESS,2024-02-23,13,7,4
ESS,2024-02-23,13,8,4
ESS,2024-02-23,13,9,6
ESS,2024-02-23,13,10,4
ESS,2024-02-23,13,11,4
ESS,2024-02-23,13,12,4
ESS,2024-02-23,13,13,4
ES,2021-02-17,12,1,7
ES,2021-02-17,12,2,6
ES,2021-02-17,12,3,5
ES,2021-02-17,12,4,6
ES,2021-02-17,12,5,4
ES,2021-02-17,12,6,4
ES,2021-02-17,12,7,1
ES,2021-02-17,12,8,2
ES,2021-02-17,12,9,4
ES,2021-02-17,12,10,6
ES,2021-02-17,12,11,5
ES,2021-02-17,12,12,5
ES,2022-02-17,8,1,5
ES,2022-02-17,8,2,7
ES,2022-02-17,8,3,4
ES,2022-02-17,8,4,4
ES,2022-02-17,8,5,5
ES,2022-02-17,8,6,4
ES,2022-02-17,8,7,5
ES,2022-02-17,8,8,7
ES,2023-02-15,5,1,4
ES,2023-02-15,5,2,1
ES,2023-02-15,5,3,3
ES,2023-02-15,5,4,-1
ES,2023-02-15,5,5,-2
ETN,2021-02-24,5,1,8
ETN,2021-02-24,5,2,6
ETN,2021-02-24,5,3,4
ETN,2021-02-24,5,4,3
ETN,2021-02-24,5,5,2
ETN,2022-02-23,9,1,3
ETN,2022-02-23,9,2,5
ETN,2022-02-23,9,3,6
ETN,2022-02-23,9,4,1
ETN,2022-02-23,9,5,5
ETN,2022-02-23,9,6,5
ETN,2022-02-23,9,7,3
ETN,2022-02-23,9,8,1
ETN,2022-02-23,9,9,5
ETN,2023-02-23,11,1,4
ETN,2023-02-23,11,2,1
ETN,2023-02-23,11,3,5
ETN,2023-02-23,11,4,0
ETN,2023-02-23,11,5,5
ETN,2023-02-23,11,6,5
ETN,2023-02-23,11,7,3
ETN,2023-02-23,11,8,4
ETN,2023-02-23,11,9,0
ETN,2023-02-23,11,10,3
ETN,2023-02-23,11,11,1
ETN,2024-02-29,9,1,5
ETN,2024-02-29,9,2,3
ETN,2024-02-29,9,3,6
ETN,2024-02-29,9,4,1
ETN,2024-02-29,9,5,6
ETN,2024-02-29,9,6,4
ETN,2024-02-29,9,7,4
ETN,2024-02-29,9,8,4
ETN,2024-02-29,9,9,3
ETR,2022-02-25,12,1,6
ETR,2022-02-25,12,2,5
ETR,2022-02-25,12,3,7
ETR,2022-02-25,12,4,1
ETR,2022-02-25,12,5,1
ETR,2022-02-25,12,6,1
ETR,2022-02-25,12,7,9
ETR,2022-02-25,12,8,5
ETR,2022-02-25,12,9,4
ETR,2022-02-25,12,10,6
ETR,2022-02-25,12,11,4
ETR,2022-02-25,12,12,4
ETR,2023-02-24,10,1,4
ETR,2023-02-24,10,2,6
ETR,2023-02-24,10,3,4
ETR,2023-02-24,10,4,-1
ETR,2023-02-24,10,5,1
ETR,2023-02-24,10,6,8
ETR,2023-02-24,10,7,4
ETR,2023-02-24,10,8,4
ETR,2023-02-24,10,9,6
ETR,2023-02-24,10,10,4
ETR,2024-02-23,11,1,4
ETR,2024-02-23,11,2,5
ETR,2024-02-23,11,3,4
ETR,2024-02-23,11,4,5
ETR,2024-02-23,11,5,3
ETR,2024-02-23,11,6,4
ETR,2024-02-23,11,7,5
ETR,2024-02-23,11,8,4
ETR,2024-02-23,11,9,4
ETR,2024-02-23,11,10,3
ETR,2024-02-23,11,11,2
EVRG,2021-02-26,17,1,6
EVRG,2021-02-26,17,2,5
EVRG,2021-02-26,17,3,6
EVRG,2021-02-26,17,4,4
EVRG,2021-02-26,17,5,5
EVRG,2021-02-26,17,6,2
EVRG,2021-02-26,17,7,5
EVRG,2021-02-26,17,8,2
EVRG,2021-02-26,17,9,4
EVRG,2021-02-26,17,10,3
EVRG,2021-02-26,17,11,3
EVRG,2021-02-26,17,12,3
EVRG,2021-02-26,17,13,3
EVRG,2021-02-26,17,14,6
EVRG,2021-02-26,17,15,3
EVRG,2021-02-26,17,16,6
EVRG,2021-02-26,17,17,2
EVRG,2022-02-25,15,1,7
EVRG,2022-02-25,15,2,5
EVRG,2022-02-25,15,3,5
EVRG,2022-02-25,15,4,4
EVRG,2022-02-25,15,5,3
EVRG,2022-02-25,15,6,2
EVRG,2022-02-25,15,7,4
EVRG,2022-02-25,15,8,5
EVRG,2022-02-25,15,9,3
EVRG,2022-02-25,15,10,3
EVRG,2022-02-25,15,11,2
EVRG,2022-02-25,15,12,3
EVRG,2022-02-25,15,13,4
EVRG,2022-02-25,15,14,2
EVRG,2022-02-25,15,15,4
EVRG,2023-02-24,8,1,4
EVRG,2023-02-24,8,2,5
EVRG,2023-02-24,8,3,4
EVRG,2023-02-24,8,4,4
EVRG,2023-02-24,8,5,4
EVRG,2023-02-24,8,6,4
EVRG,2023-02-24,8,7,1
EVRG,2023-02-24,8,8,6
EVRG,2024-02-29,7,1,4
EVRG,2024-02-29,7,2,4
EVRG,2024-02-29,7,3,2
EVRG,2024-02-29,7,4,4
EVRG,2024-02-29,7,5,3
EVRG,2024-02-29,7,6,-1
EVRG,2024-02-29,7,7,0
EW,2021-02-12,11,1,3
EW,2021-02-12,11,2,6
EW,2021-02-12,11,3,2
EW,2021-02-12,11,4,3
EW,2021-02-12,11,5,2
EW,2021-02-12,11,6,2
EW,2021-02-12,11,7,4
EW,2021-02-12,11,8,5
EW,2021-02-12,11,9,3
EW,2021-02-12,11,10,0
EW,2021-02-12,11,11,0
EW,2022-02-14,19,1,4
EW,2022-02-14,19,2,7
EW,2022-02-14,19,3,3
EW,2022-02-14,19,4,3
EW,2022-02-14,19,5,5
EW,2022-02-14,19,6,2
EW,2022-02-14,19,7,6
EW,2022-02-14,19,8,1
EW,2022-02-14,19,9,5
EW,2022-02-14,19,10,6
EW,2022-02-14,19,11,2
EW,2022-02-14,19,12,5
EW,2022-02-14,19,13,5
EW,2022-02-14,19,14,4
EW,2022-02-14,19,15,6
EW,2022-02-14,19,16,6
EW,2022-02-14,19,17,1
EW,2022-02-14,19,18,3
EW,2022-02-14,19,19,4
EW,2023-02-13,10,1,8
EW,2023-02-13,10,2,4
EW,2023-02-13,10,3,3
EW,2023-02-13,10,4,3
EW,2023-02-13,10,5,5
EW,2023-02-13,10,6,4
EW,2023-02-13,10,7,5
EW,2023-02-13,10,8,2
EW,2023-02-13,10,9,3
EW,2023-02-13,10,10,-3
EW,2024-02-12,5,1,4
EW,2024-02-12,5,2,3
EW,2024-02-12,5,3,3
EW,2024-02-12,5,4,5
EW,2024-02-12,5,5,8
EXC,2021-02-24,15,1,5
EXC,2021-02-24,15,2,3
EXC,2021-02-24,15,3,5
EXC,2021-02-24,15,4,5
EXC,2021-02-24,15,5,7
EXC,2021-02-24,15,6,6
EXC,2021-02-24,15,7,6
EXC,2021-02-24,15,8,9
EXC,2021-02-24,15,9,4
EXC,2021-02-24,15,10,4
EXC,2021-02-24,15,11,-4
EXC,2021-02-24,15,12,-2
EXC,2021-02-24,15,13,5
EXC,2021-02-24,15,14,3
EXC,2021-02-24,15,15,3
EXC,2022-02-25,10,1,6
EXC,2022-02-25,10,2,5
EXC,2022-02-25,10,3,8
EXC,2022-02-25,10,4,5
EXC,2022-02-25,10,5,5
EXC,2022-02-25,10,6,5
EXC,2022-02-25,10,7,5
EXC,2022-02-25,10,8,-1
EXC,2022-02-25,10,9,-2
EXC,2022-02-25,10,10,-4
EXC,2023-02-14,12,1,5
EXC,2023-02-14,12,2,4
EXC,2023-02-14,12,3,-2
EXC,2023-02-14,12,4,9
EXC,2023-02-14,12,5,3
EXC,2023-02-14,12,6,4
EXC,2023-02-14,12,7,-1
EXC,2023-02-14,12,8,-2
EXC,2023-02-14,12,9,-2
EXC,2023-02-14,12,10,-3
EXC,2023-02-14,12,11,-1
EXC,2023-02-14,12,12,-4
EXC,2024-02-21,5,1,5
EXC,2024-02-21,5,2,4
EXC,2024-02-21,5,3,6
EXC,2024-02-21,5,4,-2
EXC,2024-02-21,5,5,8
EXPD,2021-02-19,31,1,7
EXPD,2021-02-19,31,2,6
EXPD,2021-02-19,31,3,3
EXPD,2021-02-19,31,4,4
EXPD,2021-02-19,31,5,5
EXPD,2021-02-19,31,6,5
EXPD,2021-02-19,31,7,4
EXPD,2021-02-19,31,8,5
EXPD,2021-02-19,31,9,5
EXPD,2021-02-19,31,10,3
EXPD,2021-02-19,31,11,3
EXPD,2021-02-19,31,12,5
EXPD,2021-02-19,31,13,6
EXPD,2021-02-19,31,14,5
EXPD,2021-02-19,31,15,4
EXPD,2021-02-19,31,16,4
EXPD,2021-02-19,31,17,3
EXPD,2021-02-19,31,18,3
EXPD,2021-02-19,31,19,3
EXPD,2021-02-19,31,20,5
EXPD,2021-02-19,31,21,4
EXPD,2021-02-19,31,22,6
EXPD,2021-02-19,31,23,4
EXPD,2021-02-19,31,24,4
EXPD,2021-02-19,31,25,3
EXPD,2021-02-19,31,26,3
EXPD,2021-02-19,31,27,5
EXPD,2021-02-19,31,28,3
EXPD,2021-02-19,31,29,3
EXPD,2021-02-19,31,30,4
EXPD,2021-02-19,31,31,4
EXPD,2022-03-15,14,1,7
EXPD,2022-03-15,14,2,6
EXPD,2022-03-15,14,3,5
EXPD,2022-03-15,14,4,5
EXPD,2022-03-15,14,5,4
EXPD,2022-03-15,14,6,4
EXPD,2022-03-15,14,7,4
EXPD,2022-03-15,14,8,5
EXPD,2022-03-15,14,9,5
EXPD,2022-03-15,14,10,6
EXPD,2022-03-15,14,11,3
EXPD,2022-03-15,14,12,3
EXPD,2022-03-15,14,13,2
EXPD,2022-03-15,14,14,6
EXPD,2023-03-01,10,1,9
EXPD,2023-03-01,10,2,7
EXPD,2023-03-01,10,3,6
EXPD,2023-03-01,10,4,6
EXPD,2023-03-01,10,5,6
EXPD,2023-03-01,10,6,3
EXPD,2023-03-01,10,7,1
EXPD,2023-03-01,10,8,5
EXPD,2023-03-01,10,9,7
EXPD,2023-03-01,10,10,7
EXPD,2024-02-23,17,1,5
EXPD,2024-02-23,17,2,3
EXPD,2024-02-23,17,3,4
EXPD,2024-02-23,17,4,3
EXPD,2024-02-23,17,5,6
EXPD,2024-02-23,17,6,1
EXPD,2024-02-23,17,7,1
EXPD,2024-02-23,17,8,4
EXPD,2024-02-23,17,9,4
EXPD,2024-02-23,17,10,7
EXPD,2024-02-23,17,11,2
EXPD,2024-02-23,17,12,2
EXPD,2024-02-23,17,13,6
EXPD,2024-02-23,17,14,2
EXPD,2024-02-23,17,15,4
EXPD,2024-02-23,17,16,3
EXPD,2024-02-23,17,17,5
EXPE,2021-02-12,23,1,8
EXPE,2021-02-12,23,2,7
EXPE,2021-02-12,23,3,5
EXPE,2021-02-12,23,4,6
EXPE,2021-02-12,23,5,8
EXPE,2021-02-12,23,6,4
EXPE,2021-02-12,23,7,4
EXPE,2021-02-12,23,8,2
EXPE,2021-02-12,23,9,5
EXPE,2021-02-12,23,10,5
EXPE,2021-02-12,23,11,5
EXPE,2021-02-12,23,12,3
EXPE,2021-02-12,23,13,6
EXPE,2021-02-12,23,14,5
EXPE,2021-02-12,23,15,5
EXPE,2021-02-12,23,16,6
EXPE,2021-02-12,23,17,4
EXPE,2021-02-12,23,18,3
EXPE,2021-02-12,23,19,2
EXPE,2021-02-12,23,20,1
EXPE,2021-02-12,23,21,5
EXPE,2021-02-12,23,22,4
EXPE,2021-02-12,23,23,3
EXPE,2022-02-11,25,1,9
EXPE,2022-02-11,25,2,9
EXPE,2022-02-11,25,3,6
EXPE,2022-02-11,25,4,5
EXPE,2022-02-11,25,5,5
EXPE,2022-02-11,25,6,4
EXPE,2022-02-11,25,7,6
EXPE,2022-02-11,25,8,0
EXPE,2022-02-11,25,9,9
EXPE,2022-02-11,25,10,4
EXPE,2022-02-11,25,11,2
EXPE,2022-02-11,25,12,4
EXPE,2022-02-11,25,13,2
EXPE,2022-02-11,25,14,2
EXPE,2022-02-11,25,15,2
EXPE,2022-02-11,25,16,5
EXPE,2022-02-11,25,17,7
EXPE,2022-02-11,25,18,2
EXPE,2022-02-11,25,19,1
EXPE,2022-02-11,25,20,3
EXPE,2022-02-11,25,21,5
EXPE,2022-02-11,25,22,6
EXPE,2022-02-11,25,23,2
EXPE,2022-02-11,25,24,2
EXPE,2022-02-11,25,25,6
EXPE,2023-02-10,17,1,8
EXPE,2023-02-10,17,2,7
EXPE,2023-02-10,17,3,6
EXPE,2023-02-10,17,4,7
EXPE,2023-02-10,17,5,8
EXPE,2023-02-10,17,6,9
EXPE,2023-02-10,17,7,6
EXPE,2023-02-10,17,8,6
EXPE,2023-02-10,17,9,5
EXPE,2023-02-10,17,10,4
EXPE,2023-02-10,17,11,4
EXPE,2023-02-10,17,12,4
EXPE,2023-02-10,17,13,7
EXPE,2023-02-10,17,14,3
EXPE,2023-02-10,17,15,6
EXPE,2023-02-10,17,16,3
EXPE,2023-02-10,17,17,2
EXPE,2024-02-09,5,1,5
EXPE,2024-02-09,5,2,3
EXPE,2024-02-09,5,3,4
EXPE,2024-02-09,5,4,4
EXPE,2024-02-09,5,5,-2
EXR,2021-02-26,15,1,2
EXR,2021-02-26,15,2,3
EXR,2021-02-26,15,3,2
EXR,2021-02-26,15,4,1
EXR,2021-02-26,15,5,0
EXR,2021-02-26,15,6,0
EXR,2021-02-26,15,7,0
EXR,2021-02-26,15,8,0
EXR,2021-02-26,15,9,3
EXR,2021-02-26,15,10,7
EXR,2021-02-26,15,11,2
EXR,2021-02-26,15,12,0
EXR,2021-02-26,15,13,0
EXR,2021-02-26,15,14,4
EXR,2021-02-26,15,15,1
EXR,2022-02-28,12,1,2
EXR,2022-02-28,12,2,1
EXR,2022-02-28,12,3,0
EXR,2022-02-28,12,4,0
EXR,2022-02-28,12,5,0
EXR,2022-02-28,12,6,0
EXR,2022-02-28,12,7,7
EXR,2022-02-28,12,8,0
EXR,2022-02-28,12,9,0
EXR,2022-02-28,12,10,5
EXR,2022-02-28,12,11,1
EXR,2022-02-28,12,12,4
EXR,2023-02-28,6,1,4
EXR,2023-02-28,6,2,5
EXR,2023-02-28,6,3,5
EXR,2023-02-28,6,4,2
EXR,2023-02-28,6,5,0
EXR,2023-02-28,6,6,0
EXR,2024-02-29,6,1,0
EXR,2024-02-29,6,2,3
EXR,2024-02-29,6,3,4
EXR,2024-02-29,6,4,5
EXR,2024-02-29,6,5,4
EXR,2024-02-29,6,6,0
FAST,2021-02-08,12,1,6
FAST,2021-02-08,12,2,6
FAST,2021-02-08,12,3,7
FAST,2021-02-08,12,4,7
FAST,2021-02-08,12,5,9
FAST,2021-02-08,12,6,6
FAST,2021-02-08,12,7,5
FAST,2021-02-08,12,8,4
FAST,2021-02-08,12,9,2
FAST,2021-02-08,12,10,6
FAST,2021-02-08,12,11,6
FAST,2021-02-08,12,12,-2
FAST,2022-02-07,9,1,6
FAST,2022-02-07,9,2,5
FAST,2022-02-07,9,3,3
FAST,2022-02-07,9,4,4
FAST,2022-02-07,9,5,5
FAST,2022-02-07,9,6,3
FAST,2022-02-07,9,7,5
FAST,2022-02-07,9,8,8
FAST,2022-02-07,9,9,2
FAST,2023-02-07,13,1,4
FAST,2023-02-07,13,2,2
FAST,2023-02-07,13,3,5
FAST,2023-02-07,13,4,6
FAST,2023-02-07,13,5,3
FAST,2023-02-07,13,6,0
FAST,2023-02-07,13,7,5
FAST,2023-02-07,13,8,3
FAST,2023-02-07,13,9,6
FAST,2023-02-07,13,10,4
FAST,2023-02-07,13,11,7
FAST,2023-02-07,13,12,5
FAST,2023-02-07,13,13,4
FAST,2024-02-06,8,1,5
FAST,2024-02-06,8,2,4
FAST,2024-02-06,8,3,3
FAST,2024-02-06,8,4,5
FAST,2024-02-06,8,5,3
FAST,2024-02-06,8,6,2
FAST,2024-02-06,8,7,4
FAST,2024-02-06,8,8,2
FDS,2021-10-22,11,1,7
FDS,2021-10-22,11,2,4
FDS,2021-10-22,11,3,5
FDS,2021-10-22,11,4,6
FDS,2021-10-22,11,5,0
FDS,2021-10-22,11,6,4
FDS,2021-10-22,11,7,2
FDS,2021-10-22,11,8,1
FDS,2021-10-22,11,9,2
FDS,2021-10-22,11,10,4
FDS,2021-10-22,11,11,-3
FDS,2022-10-21,6,1,5
FDS,2022-10-21,6,2,5
FDS,2022-10-21,6,3,5
FDS,2022-10-21,6,4,-3
FDS,2022-10-21,6,5,0
FDS,2022-10-21,6,6,4
FDS,2023-10-27,8,1,6
FDS,2023-10-27,8,2,7
FDS,2023-10-27,8,3,5
FDS,2023-10-27,8,4,5
FDS,2023-10-27,8,5,5
FDS,2023-10-27,8,6,1
FDS,2023-10-27,8,7,4
FDS,2023-10-27,8,8,3
FDS,2024-10-29,7,1,6
FDS,2024-10-29,7,2,4
FDS,2024-10-29,7,3,5
FDS,2024-10-29,7,4,1
FDS,2024-10-29,7,5,1
FDS,2024-10-29,7,6,2
FDS,2024-10-29,7,7,2
FDX,2021-07-19,18,1,8
FDX,2021-07-19,18,2,8
FDX,2021-07-19,18,3,7
FDX,2021-07-19,18,4,6
FDX,2021-07-19,18,5,4
FDX,2021-07-19,18,6,7
FDX,2021-07-19,18,7,5
FDX,2021-07-19,18,8,5
FDX,2021-07-19,18,9,7
FDX,2021-07-19,18,10,6
FDX,2021-07-19,18,11,4
FDX,2021-07-19,18,12,3
FDX,2021-07-19,18,13,6
FDX,2021-07-19,18,14,6
FDX,2021-07-19,18,15,3
FDX,2021-07-19,18,16,6
FDX,2021-07-19,18,17,6
FDX,2021-07-19,18,18,4
FDX,2022-07-18,7,1,9
FDX,2022-07-18,7,2,8
FDX,2022-07-18,7,3,7
FDX,2022-07-18,7,4,6
FDX,2022-07-18,7,5,4
FDX,2022-07-18,7,6,2
FDX,2022-07-18,7,7,1
FDX,2023-07-17,10,1,2
FDX,2023-07-17,10,2,3
FDX,2023-07-17,10,3,4
FDX,2023-07-17,10,4,4
FDX,2023-07-17,10,5,1
FDX,2023-07-17,10,6,2
FDX,2023-07-17,10,7,3
FDX,2023-07-17,10,8,4
FDX,2023-07-17,10,9,7
FDX,2023-07-17,10,10,8
FDX,2024-07-15,7,1,5
FDX,2024-07-15,7,2,4
FDX,2024-07-15,7,3,4
FDX,2024-07-15,7,4,4
FDX,2024-07-15,7,5,4
FDX,2024-07-15,7,6,4
FDX,2024-07-15,7,7,1
FFIV,2021-11-16,6,1,7
FFIV,2021-11-16,6,2,3
FFIV,2021-11-16,6,3,4
FFIV,2021-11-16,6,4,2
FFIV,2021-11-16,6,5,0
FFIV,2021-11-16,6,6,8
FFIV,2022-11-15,8,1,6
FFIV,2022-11-15,8,2,8
FFIV,2022-11-15,8,3,5
FFIV,2022-11-15,8,4,4
FFIV,2022-11-15,8,5,2
FFIV,2022-11-15,8,6,1
FFIV,2022-11-15,8,7,6
FFIV,2022-11-15,8,8,2
FFIV,2023-11-14,3,1,6
FFIV,2023-11-14,3,2,4
FFIV,2023-11-14,3,3,5
FFIV,2024-11-18,3,1,5
FFIV,2024-11-18,3,2,2
FFIV,2024-11-18,3,3,2
FICO,2021-11-10,16,1,7
FICO,2021-11-10,16,2,4
FICO,2021-11-10,16,3,5
FICO,2021-11-10,16,4,6
FICO,2021-11-10,16,5,3
FICO,2021-11-10,16,6,6
FICO,2021-11-10,16,7,3
FICO,2021-11-10,16,8,3
FICO,2021-11-10,16,9,7
FICO,2021-11-10,16,10,5
FICO,2021-11-10,16,11,5
FICO,2021-11-10,16,12,4
FICO,2021-11-10,16,13,4
FICO,2021-11-10,16,14,4
FICO,2021-11-10,16,15,1
FICO,2021-11-10,16,16,0
FICO,2022-11-09,8,1,5
FICO,2022-11-09,8,2,6
FICO,2022-11-09,8,3,6
FICO,2022-11-09,8,4,3
FICO,2022-11-09,8,5,8
FICO,2022-11-09,8,6,5
FICO,2022-11-09,8,7,2
FICO,2022-11-09,8,8,5
FICO,2023-11-08,6,1,5
FICO,2023-11-08,6,2,7
FICO,2023-11-08,6,3,3
FICO,2023-11-08,6,4,3
FICO,2023-11-08,6,5,2
FICO,2023-11-08,6,6,1
FICO,2024-11-06,4,1,4
FICO,2024-11-06,4,2,5
FICO,2024-11-06,4,3,3
FICO,2024-11-06,4,4,1
FIS,2024-02-26,7,1,4
FIS,2024-02-26,7,2,3
FIS,2024-02-26,7,3,5
FIS,2024-02-26,7,4,2
FIS,2024-02-26,7,5,2
FIS,2024-02-26,7,6,0
FIS,2024-02-26,7,7,1
FITB,2021-02-26,13,1,4
FITB,2021-02-26,13,2,4
FITB,2021-02-26,13,3,5
FITB,2021-02-26,13,4,7
FITB,2021-02-26,13,5,3
FITB,2021-02-26,13,6,5
FITB,2021-02-26,13,7,8
FITB,2021-02-26,13,8,7
FITB,2021-02-26,13,9,6
FITB,2021-02-26,13,10,7
FITB,2021-02-26,13,11,6
FITB,2021-02-26,13,12,3
FITB,2021-02-26,13,13,7
FITB,2022-02-25,5,1,7
FITB,2022-02-25,5,2,9
FITB,2022-02-25,5,3,8
FITB,2022-02-25,5,4,7
FITB,2022-02-25,5,5,9
FITB,2023-02-24,6,1,7
FITB,2023-02-24,6,2,6
FITB,2023-02-24,6,3,5
FITB,2023-02-24,6,4,5
FITB,2023-02-24,6,5,4
FITB,2023-02-24,6,6,6
FITB,2024-02-27,1,1,5
FI,2021-02-26,21,1,6
FI,2021-02-26,21,2,2
FI,2021-02-26,21,3,7
FI,2021-02-26,21,4,6
FI,2021-02-26,21,5,4
FI,2021-02-26,21,6,5
FI,2021-02-26,21,7,5
FI,2021-02-26,21,8,5
FI,2021-02-26,21,9,4
FI,2021-02-26,21,10,5
FI,2021-02-26,21,11,4
FI,2021-02-26,21,12,2
FI,2021-02-26,21,13,3
FI,2021-02-26,21,14,3
FI,2021-02-26,21,15,5
FI,2021-02-26,21,16,4
FI,2021-02-26,21,17,4
FI,2021-02-26,21,18,6
FI,2021-02-26,21,19,2
FI,2021-02-26,21,20,4
FI,2021-02-26,21,21,4
FI,2022-02-24,14,1,7
FI,2022-02-24,14,2,8
FI,2022-02-24,14,3,7
FI,2022-02-24,14,4,6
FI,2022-02-24,14,5,6
FI,2022-02-24,14,6,5
FI,2022-02-24,14,7,4
FI,2022-02-24,14,8,3
FI,2022-02-24,14,9,4
FI,2022-02-24,14,10,4
FI,2022-02-24,14,11,7
FI,2022-02-24,14,12,5
FI,2022-02-24,14,13,7
FI,2022-02-24,14,14,2
FI,2023-02-23,5,1,6
FI,2023-02-23,5,2,6
FI,2023-02-23,5,3,5
FI,2023-02-23,5,4,1
FI,2023-02-23,5,5,1
FI,2024-02-22,4,1,4
FI,2024-02-22,4,2,3
FI,2024-02-22,4,3,3
FI,2024-02-22,4,4,1
FMC,2021-02-25,8,1,8
FMC,2021-02-25,8,2,7
FMC,2021-02-25,8,3,8
FMC,2021-02-25,8,4,7
FMC,2021-02-25,8,5,9
FMC,2021-02-25,8,6,6
FMC,2021-02-25,8,7,6
FMC,2021-02-25,8,8,4
FMC,2022-02-25,14,1,8
FMC,2022-02-25,14,2,6
FMC,2022-02-25,14,3,6
FMC,2022-02-25,14,4,6
FMC,2022-02-25,14,5,5
FMC,2022-02-25,14,6,7
FMC,2022-02-25,14,7,5
FMC,2022-02-25,14,8,3
FMC,2022-02-25,14,9,6
FMC,2022-02-25,14,10,4
FMC,2022-02-25,14,11,5
FMC,2022-02-25,14,12,2
FMC,2022-02-25,14,13,7
FMC,2022-02-25,14,14,6
FMC,2023-02-24,9,1,7
FMC,2023-02-24,9,2,6
FMC,2023-02-24,9,3,4
FMC,2023-02-24,9,4,4
FMC,2023-02-24,9,5,1
FMC,2023-02-24,9,6,4
FMC,2023-02-24,9,7,0
FMC,2023-02-24,9,8,0
FMC,2023-02-24,9,9,1
FMC,2024-02-27,4,1,4
FMC,2024-02-27,4,2,2
FMC,2024-02-27,4,3,4
FMC,2024-02-27,4,4,5
FRT,2021-02-11,11,1,5
FRT,2021-02-11,11,2,7
FRT,2021-02-11,11,3,2
FRT,2021-02-11,11,4,5
FRT,2021-02-11,11,5,2
FRT,2021-02-11,11,6,2
FRT,2021-02-11,11,7,6
FRT,2021-02-11,11,8,8
FRT,2021-02-11,11,9,1
FRT,2021-02-11,11,10,7
FRT,2021-02-11,11,11,3
FRT,2022-02-10,13,1,3
FRT,2022-02-10,13,2,5
FRT,2022-02-10,13,3,3
FRT,2022-02-10,13,4,4
FRT,2022-02-10,13,5,5
FRT,2022-02-10,13,6,3
FRT,2022-02-10,13,7,3
FRT,2022-02-10,13,8,3
FRT,2022-02-10,13,9,3
FRT,2022-02-10,13,10,8
FRT,2022-02-10,13,11,5
FRT,2022-02-10,13,12,2
FRT,2022-02-10,13,13,1
FRT,2023-02-08,13,1,7
FRT,2023-02-08,13,2,6
FRT,2023-02-08,13,3,5
FRT,2023-02-08,13,4,4
FRT,2023-02-08,13,5,6
FRT,2023-02-08,13,6,4
FRT,2023-02-08,13,7,6
FRT,2023-02-08,13,8,4
FRT,2023-02-08,13,9,6
FRT,2023-02-08,13,10,6
FRT,2023-02-08,13,11,7
FRT,2023-02-08,13,12,6
FRT,2023-02-08,13,13,3
FRT,2024-02-12,10,1,5
FRT,2024-02-12,10,2,4
FRT,2024-02-12,10,3,5
FRT,2024-02-12,10,4,4
FRT,2024-02-12,10,5,4
FRT,2024-02-12,10,6,6
FRT,2024-02-12,10,7,4
FRT,2024-02-12,10,8,5
FRT,2024-02-12,10,9,4
FRT,2024-02-12,10,10,5
FSLR,2021-02-26,12,1,4
FSLR,2021-02-26,12,2,1
FSLR,2021-02-26,12,3,5
FSLR,2021-02-26,12,4,5
FSLR,2021-02-26,12,5,7
FSLR,2021-02-26,12,6,7
FSLR,2021-02-26,12,7,5
FSLR,2021-02-26,12,8,5
FSLR,2021-02-26,12,9,3
FSLR,2021-02-26,12,10,5
FSLR,2021-02-26,12,11,4
FSLR,2021-02-26,12,12,5
FSLR,2022-03-01,5,1,5
FSLR,2022-03-01,5,2,6
FSLR,2022-03-01,5,3,9
FSLR,2022-03-01,5,4,7
FSLR,2022-03-01,5,5,4
FSLR,2023-02-28,8,1,3
FSLR,2023-02-28,8,2,4
FSLR,2023-02-28,8,3,0
FSLR,2023-02-28,8,4,2
FSLR,2023-02-28,8,5,3
FSLR,2023-02-28,8,6,3
FSLR,2023-02-28,8,7,3
FSLR,2023-02-28,8,8,6
FSLR,2024-02-27,3,1,5
FSLR,2024-02-27,3,2,4
FSLR,2024-02-27,3,3,5
FTNT,2021-02-19,12,1,6
FTNT,2021-02-19,12,2,8
FTNT,2021-02-19,12,3,9
FTNT,2021-02-19,12,4,8
FTNT,2021-02-19,12,5,7
FTNT,2021-02-19,12,6,7
FTNT,2021-02-19,12,7,7
FTNT,2021-02-19,12,8,6
FTNT,2021-02-19,12,9,6
FTNT,2021-02-19,12,10,3
FTNT,2021-02-19,12,11,6
FTNT,2021-02-19,12,12,1
FTNT,2022-02-25,10,1,7
FTNT,2022-02-25,10,2,8
FTNT,2022-02-25,10,3,6
FTNT,2022-02-25,10,4,9
FTNT,2022-02-25,10,5,8
FTNT,2022-02-25,10,6,6
FTNT,2022-02-25,10,7,8
FTNT,2022-02-25,10,8,7
FTNT,2022-02-25,10,9,5
FTNT,2022-02-25,10,10,8
FTNT,2023-02-24,10,1,8
FTNT,2023-02-24,10,2,8
FTNT,2023-02-24,10,3,8
FTNT,2023-02-24,10,4,4
FTNT,2023-02-24,10,5,7
FTNT,2023-02-24,10,6,7
FTNT,2023-02-24,10,7,4
FTNT,2023-02-24,10,8,2
FTNT,2023-02-24,10,9,2
FTNT,2023-02-24,10,10,3
FTNT,2024-02-26,5,1,3
FTNT,2024-02-26,5,2,3
FTNT,2024-02-26,5,3,3
FTNT,2024-02-26,5,4,5
FTNT,2024-02-26,5,5,5
FTV,2021-02-26,7,1,9
FTV,2021-02-26,7,2,8
FTV,2021-02-26,7,3,5
FTV,2021-02-26,7,4,1
FTV,2021-02-26,7,5,5
FTV,2021-02-26,7,6,6
FTV,2021-02-26,7,7,1
FTV,2022-03-01,9,1,7
FTV,2022-03-01,9,2,7
FTV,2022-03-01,9,3,6
FTV,2022-03-01,9,4,4
FTV,2022-03-01,9,5,4
FTV,2022-03-01,9,6,3
FTV,2022-03-01,9,7,2
FTV,2022-03-01,9,8,3
FTV,2022-03-01,9,9,1
FTV,2023-02-28,8,1,4
FTV,2023-02-28,8,2,4
FTV,2023-02-28,8,3,8
FTV,2023-02-28,8,4,7
FTV,2023-02-28,8,5,6
FTV,2023-02-28,8,6,4
FTV,2023-02-28,8,7,1
FTV,2023-02-28,8,8,6
FTV,2024-02-27,4,1,1
FTV,2024-02-27,4,2,0
FTV,2024-02-27,4,3,4
FTV,2024-02-27,4,4,-1
F,2021-02-05,10,1,6
F,2021-02-05,10,2,6
F,2021-02-05,10,3,5
F,2021-02-05,10,4,5
F,2021-02-05,10,5,5
F,2021-02-05,10,6,6
F,2021-02-05,10,7,7
F,2021-02-05,10,8,6
F,2021-02-05,10,9,6
F,2021-02-05,10,10,2
F,2022-02-04,11,1,7
F,2022-02-04,11,2,6
F,2022-02-04,11,3,8
F,2022-02-04,11,4,7
F,2022-02-04,11,5,3
F,2022-02-04,11,6,7
F,2022-02-04,11,7,7
F,2022-02-04,11,8,1
F,2022-02-04,11,9,4
F,2022-02-04,11,10,4
F,2022-02-04,11,11,1
F,2023-02-03,12,1,5
F,2023-02-03,12,2,4
F,2023-02-03,12,3,7
F,2023-02-03,12,4,3
F,2023-02-03,12,5,4
F,2023-02-03,12,6,6
F,2023-02-03,12,7,3
F,2023-02-03,12,8,5
F,2023-02-03,12,9,7
F,2023-02-03,12,10,4
F,2023-02-03,12,11,5
F,2023-02-03,12,12,4
F,2024-02-07,4,1,6
F,2024-02-07,4,2,6
F,2024-02-07,4,3,5
F,2024-02-07,4,4,1
GDDY,2021-02-19,11,1,4
GDDY,2021-02-19,11,2,4
GDDY,2021-02-19,11,3,7
GDDY,2021-02-19,11,4,8
GDDY,2021-02-19,11,5,7
GDDY,2021-02-19,11,6,4
GDDY,2021-02-19,11,7,5
GDDY,2021-02-19,11,8,2
GDDY,2021-02-19,11,9,6
GDDY,2021-02-19,11,10,3
GDDY,2021-02-19,11,11,7
GDDY,2022-02-17,6,1,6
GDDY,2022-02-17,6,2,6
GDDY,2022-02-17,6,3,4
GDDY,2022-02-17,6,4,8
GDDY,2022-02-17,6,5,2
GDDY,2022-02-17,6,6,1
GDDY,2023-02-16,6,1,4
GDDY,2023-02-16,6,2,6
GDDY,2023-02-16,6,3,7
GDDY,2023-02-16,6,4,3
GDDY,2023-02-16,6,5,5
GDDY,2023-02-16,6,6,5
GDDY,2024-02-29,4,1,7
GDDY,2024-02-29,4,2,5
GDDY,2024-02-29,4,3,4
GDDY,2024-02-29,4,4,1
GD,2021-02-09,17,1,5
GD,2021-02-09,17,2,7
GD,2021-02-09,17,3,8
GD,2021-02-09,17,4,6
GD,2021-02-09,17,5,7
GD,2021-02-09,17,6,6
GD,2021-02-09,17,7,2
GD,2021-02-09,17,8,5
GD,2021-02-09,17,9,8
GD,2021-02-09,17,10,8
GD,2021-02-09,17,11,4
GD,2021-02-09,17,12,6
GD,2021-02-09,17,13,3
GD,2021-02-09,17,14,6
GD,2021-02-09,17,15,7
GD,2021-02-09,17,16,7
GD,2021-02-09,17,17,5
GD,2022-02-09,22,1,4
GD,2022-02-09,22,2,5
GD,2022-02-09,22,3,7
GD,2022-02-09,22,4,3
GD,2022-02-09,22,5,5
GD,2022-02-09,22,6,5
GD,2022-02-09,22,7,5
GD,2022-02-09,22,8,2
GD,2022-02-09,22,9,2
GD,2022-02-09,22,10,1
GD,2022-02-09,22,11,3
GD,2022-02-09,22,12,0
GD,2022-02-09,22,13,2
GD,2022-02-09,22,14,2
GD,2022-02-09,22,15,2
GD,2022-02-09,22,16,0
GD,2022-02-09,22,17,6
GD,2022-02-09,22,18,4
GD,2022-02-09,22,19,6
GD,2022-02-09,22,20,1
GD,2022-02-09,22,21,3
GD,2022-02-09,22,22,6
GD,2023-02-07,13,1,4
GD,2023-02-07,13,2,6
GD,2023-02-07,13,3,6
GD,2023-02-07,13,4,4
GD,2023-02-07,13,5,5
GD,2023-02-07,13,6,3
GD,2023-02-07,13,7,5
GD,2023-02-07,13,8,5
GD,2023-02-07,13,9,3
GD,2023-02-07,13,10,3
GD,2023-02-07,13,11,4
GD,2023-02-07,13,12,0
GD,2023-02-07,13,13,7
GD,2024-02-08,8,1,3
GD,2024-02-08,8,2,6
GD,2024-02-08,8,3,5
GD,2024-02-08,8,4,3
GD,2024-02-08,8,5,3
GD,2024-02-08,8,6,2
GD,2024-02-08,8,7,5
GD,2024-02-08,8,8,5
GEHC,2023-02-15,8,1,9
GEHC,2023-02-15,8,2,7
GEHC,2023-02-15,8,3,6
GEHC,2023-02-15,8,4,7
GEHC,2023-02-15,8,5,3
GEHC,2023-02-15,8,6,5
GEHC,2023-02-15,8,7,5
GEHC,2023-02-15,8,8,1
GEHC,2024-02-06,7,1,7
GEHC,2024-02-06,7,2,4
GEHC,2024-02-06,7,3,2
GEHC,2024-02-06,7,4,6
GEHC,2024-02-06,7,5,5
GEHC,2024-02-06,7,6,5
GEHC,2024-02-06,7,7,5
GEN,2021-05-21,13,1,5
GEN,2021-05-21,13,2,3
GEN,2021-05-21,13,3,4
GEN,2021-05-21,13,4,0
GEN,2021-05-21,13,5,6
GEN,2021-05-21,13,6,4
GEN,2021-05-21,13,7,3
GEN,2021-05-21,13,8,6
GEN,2021-05-21,13,9,2
GEN,2021-05-21,13,10,3
GEN,2021-05-21,13,11,4
GEN,2021-05-21,13,12,3
GEN,2021-05-21,13,13,4
GEN,2022-05-20,18,1,5
GEN,2022-05-20,18,2,5
GEN,2022-05-20,18,3,0
GEN,2022-05-20,18,4,0
GEN,2022-05-20,18,5,0
GEN,2022-05-20,18,6,-3
GEN,2022-05-20,18,7,4
GEN,2022-05-20,18,8,0
GEN,2022-05-20,18,9,6
GEN,2022-05-20,18,10,5
GEN,2022-05-20,18,11,5
GEN,2022-05-20,18,12,4
GEN,2022-05-20,18,13,4
GEN,2022-05-20,18,14,3
GEN,2022-05-20,18,15,1
GEN,2022-05-20,18,16,1
GEN,2022-05-20,18,17,3
GEN,2022-05-20,18,18,1
GEN,2023-05-25,5,1,6
GEN,2023-05-25,5,2,4
GEN,2023-05-25,5,3,5
GEN,2023-05-25,5,4,5
GEN,2023-05-25,5,5,4
GEN,2024-05-16,3,1,2
GEN,2024-05-16,3,2,4
GEN,2024-05-16,3,3,4
GILD,2021-02-25,30,1,7
GILD,2021-02-25,30,2,6
GILD,2021-02-25,30,3,5
GILD,2021-02-25,30,4,4
GILD,2021-02-25,30,5,6
GILD,2021-02-25,30,6,5
GILD,2021-02-25,30,7,5
GILD,2021-02-25,30,8,5
GILD,2021-02-25,30,9,3
GILD,2021-02-25,30,10,5
GILD,2021-02-25,30,11,3
GILD,2021-02-25,30,12,4
GILD,2021-02-25,30,13,3
GILD,2021-02-25,30,14,5
GILD,2021-02-25,30,15,5
GILD,2021-02-25,30,16,3
GILD,2021-02-25,30,17,3
GILD,2021-02-25,30,18,3
GILD,2021-02-25,30,19,4
GILD,2021-02-25,30,20,4
GILD,2021-02-25,30,21,4
GILD,2021-02-25,30,22,4
GILD,2021-02-25,30,23,3
GILD,2021-02-25,30,24,8
GILD,2021-02-25,30,25,3
GILD,2021-02-25,30,26,3
GILD,2021-02-25,30,27,3
GILD,2021-02-25,30,28,3
GILD,2021-02-25,30,29,2
GILD,2021-02-25,30,30,3
GILD,2022-02-23,16,1,4
GILD,2022-02-23,16,2,5
GILD,2022-02-23,16,3,2
GILD,2022-02-23,16,4,5
GILD,2022-02-23,16,5,4
GILD,2022-02-23,16,6,6
GILD,2022-02-23,16,7,6
GILD,2022-02-23,16,8,7
GILD,2022-02-23,16,9,6
GILD,2022-02-23,16,10,6
GILD,2022-02-23,16,11,7
GILD,2022-02-23,16,12,5
GILD,2022-02-23,16,13,4
GILD,2022-02-23,16,14,2
GILD,2022-02-23,16,15,2
GILD,2022-02-23,16,16,1
GILD,2023-02-22,7,1,8
GILD,2023-02-22,7,2,7
GILD,2023-02-22,7,3,9
GILD,2023-02-22,7,4,4
GILD,2023-02-22,7,5,8
GILD,2023-02-22,7,6,7
GILD,2023-02-22,7,7,5
GILD,2024-02-23,5,1,5
GILD,2024-02-23,5,2,3
GILD,2024-02-23,5,3,6
GILD,2024-02-23,5,4,6
GILD,2024-02-23,5,5,3
GIS,2021-06-30,5,1,5
GIS,2021-06-30,5,2,6
GIS,2021-06-30,5,3,7
GIS,2021-06-30,5,4,2
GIS,2021-06-30,5,5,2
GIS,2022-06-30,9,1,5
GIS,2022-06-30,9,2,8
GIS,2022-06-30,9,3,7
GIS,2022-06-30,9,4,9
GIS,2022-06-30,9,5,3
GIS,2022-06-30,9,6,3
GIS,2022-06-30,9,7,4
GIS,2022-06-30,9,8,4
GIS,2022-06-30,9,9,1
GIS,2023-06-28,2,1,4
GIS,2023-06-28,2,2,5
GIS,2024-06-26,2,1,3
GIS,2024-06-26,2,2,5
GLW,2021-02-12,9,1,9
GLW,2021-02-12,9,2,6
GLW,2021-02-12,9,3,4
GLW,2021-02-12,9,4,6
GLW,2021-02-12,9,5,3
GLW,2021-02-12,9,6,0
GLW,2021-02-12,9,7,1
GLW,2021-02-12,9,8,5
GLW,2021-02-12,9,9,6
GLW,2022-02-14,7,1,7
GLW,2022-02-14,7,2,4
GLW,2022-02-14,7,3,3
GLW,2022-02-14,7,4,6
GLW,2022-02-14,7,5,2
GLW,2022-02-14,7,6,7
GLW,2022-02-14,7,7,-1
GLW,2023-02-13,7,1,8
GLW,2023-02-13,7,2,4
GLW,2023-02-13,7,3,2
GLW,2023-02-13,7,4,6
GLW,2023-02-13,7,5,2
GLW,2023-02-13,7,6,6
GLW,2023-02-13,7,7,6
GLW,2024-02-12,6,1,6
GLW,2024-02-12,6,2,6
GLW,2024-02-12,6,3,4
GLW,2024-02-12,6,4,4
GLW,2024-02-12,6,5,2
GLW,2024-02-12,6,6,1
GL,2021-02-25,11,1,6
GL,2021-02-25,11,2,5
GL,2021-02-25,11,3,5
GL,2021-02-25,11,4,5
GL,2021-02-25,11,5,5
GL,2021-02-25,11,6,8
GL,2021-02-25,11,7,8
GL,2021-02-25,11,8,4
GL,2021-02-25,11,9,5
GL,2021-02-25,11,10,5
GL,2021-02-25,11,11,5
GL,2022-02-24,18,1,5
GL,2022-02-24,18,2,4
GL,2022-02-24,18,3,4
GL,2022-02-24,18,4,5
GL,2022-02-24,18,5,3
GL,2022-02-24,18,6,3
GL,2022-02-24,18,7,4
GL,2022-02-24,18,8,3
GL,2022-02-24,18,9,3
GL,2022-02-24,18,10,7
GL,2022-02-24,18,11,4
GL,2022-02-24,18,12,7
GL,2022-02-24,18,13,7
GL,2022-02-24,18,14,2
GL,2022-02-24,18,15,3
GL,2022-02-24,18,16,5
GL,2022-02-24,18,17,5
GL,2022-02-24,18,18,5
GL,2023-02-23,9,1,6
GL,2023-02-23,9,2,4
GL,2023-02-23,9,3,5
GL,2023-02-23,9,4,4
GL,2023-02-23,9,5,4
GL,2023-02-23,9,6,4
GL,2023-02-23,9,7,4
GL,2023-02-23,9,8,8
GL,2023-02-23,9,9,7
GL,2024-02-28,7,1,4
GL,2024-02-28,7,2,5
GL,2024-02-28,7,3,4
GL,2024-02-28,7,4,5
GL,2024-02-28,7,5,4
GL,2024-02-28,7,6,5
GL,2024-02-28,7,7,3
GM,2024-01-30,4,1,4
GM,2024-01-30,4,2,5
GM,2024-01-30,4,3,5
GM,2024-01-30,4,4,5
GNRC,2021-02-23,20,1,9
GNRC,2021-02-23,20,2,7
GNRC,2021-02-23,20,3,8
GNRC,2021-02-23,20,4,8
GNRC,2021-02-23,20,5,7
GNRC,2021-02-23,20,6,10
GNRC,2021-02-23,20,7,9
GNRC,2021-02-23,20,8,8
GNRC,2021-02-23,20,9,9
GNRC,2021-02-23,20,10,9
GNRC,2021-02-23,20,11,9
GNRC,2021-02-23,20,12,10
GNRC,2021-02-23,20,13,8
GNRC,2021-02-23,20,14,7
GNRC,2021-02-23,20,15,8
GNRC,2021-02-23,20,16,3
GNRC,2021-02-23,20,17,5
GNRC,2021-02-23,20,18,7
GNRC,2021-02-23,20,19,-2
GNRC,2021-02-23,20,20,1
GNRC,2022-02-22,8,1,7
GNRC,2022-02-22,8,2,7
GNRC,2022-02-22,8,3,5
GNRC,2022-02-22,8,4,8
GNRC,2022-02-22,8,5,5
GNRC,2022-02-22,8,6,5
GNRC,2022-02-22,8,7,3
GNRC,2022-02-22,8,8,3
GNRC,2023-02-22,5,1,4
GNRC,2023-02-22,5,2,5
GNRC,2023-02-22,5,3,4
GNRC,2023-02-22,5,4,3
GNRC,2023-02-22,5,5,4
GNRC,2024-02-21,3,1,3
GNRC,2024-02-21,3,2,2
GNRC,2024-02-21,3,3,4
GOOG,2021-02-03,14,1,9
GOOG,2021-02-03,14,2,7
GOOG,2021-02-03,14,3,5
GOOG,2021-02-03,14,4,4
GOOG,2021-02-03,14,5,5
GOOG,2021-02-03,14,6,1
GOOG,2021-02-03,14,7,4
GOOG,2021-02-03,14,8,1
GOOG,2021-02-03,14,9,6
GOOG,2021-02-03,14,10,1
GOOG,2021-02-03,14,11,1
GOOG,2021-02-03,14,12,1
GOOG,2021-02-03,14,13,4
GOOG,2021-02-03,14,14,8
GOOG,2022-02-02,9,1,7
GOOG,2022-02-02,9,2,8
GOOG,2022-02-02,9,3,7
GOOG,2022-02-02,9,4,4
GOOG,2022-02-02,9,5,6
GOOG,2022-02-02,9,6,4
GOOG,2022-02-02,9,7,7
GOOG,2022-02-02,9,8,4
GOOG,2022-02-02,9,9,2
GOOG,2023-02-03,8,1,4
GOOG,2023-02-03,8,2,3
GOOG,2023-02-03,8,3,3
GOOG,2023-02-03,8,4,7
GOOG,2023-02-03,8,5,5
GOOG,2023-02-03,8,6,1
GOOG,2023-02-03,8,7,1
GOOG,2023-02-03,8,8,1
GOOG,2024-01-31,6,1,4
GOOG,2024-01-31,6,2,2
GOOG,2024-01-31,6,3,1
GOOG,2024-01-31,6,4,1
GOOG,2024-01-31,6,5,2
GOOG,2024-01-31,6,6,1
GPC,2021-02-19,22,1,8
GPC,2021-02-19,22,2,4
GPC,2021-02-19,22,3,3
GPC,2021-02-19,22,4,3
GPC,2021-02-19,22,5,5
GPC,2021-02-19,22,6,5
GPC,2021-02-19,22,7,3
GPC,2021-02-19,22,8,3
GPC,2021-02-19,22,9,3
GPC,2021-02-19,22,10,2
GPC,2021-02-19,22,11,4
GPC,2021-02-19,22,12,2
GPC,2021-02-19,22,13,3
GPC,2021-02-19,22,14,2
GPC,2021-02-19,22,15,2
GPC,2021-02-19,22,16,4
GPC,2021-02-19,22,17,3
GPC,2021-02-19,22,18,3
GPC,2021-02-19,22,19,1
GPC,2021-02-19,22,20,2
GPC,2021-02-19,22,21,3
GPC,2021-02-19,22,22,1
GPC,2022-02-17,13,1,7
GPC,2022-02-17,13,2,4
GPC,2022-02-17,13,3,4
GPC,2022-02-17,13,4,0
GPC,2022-02-17,13,5,2
GPC,2022-02-17,13,6,2
GPC,2022-02-17,13,7,5
GPC,2022-02-17,13,8,6
GPC,2022-02-17,13,9,5
GPC,2022-02-17,13,10,2
GPC,2022-02-17,13,11,3
GPC,2022-02-17,13,12,2
GPC,2022-02-17,13,13,0
GPC,2023-02-23,4,1,8
GPC,2023-02-23,4,2,1
GPC,2023-02-23,4,3,6
GPC,2023-02-23,4,4,1
GPC,2024-02-22,4,1,1
GPC,2024-02-22,4,2,6
GPC,2024-02-22,4,3,1
GPC,2024-02-22,4,4,3
GPN,2022-02-18,15,1,8
GPN,2022-02-18,15,2,5
GPN,2022-02-18,15,3,3
GPN,2022-02-18,15,4,4
GPN,2022-02-18,15,5,5
GPN,2022-02-18,15,6,3
GPN,2022-02-18,15,7,4
GPN,2022-02-18,15,8,5
GPN,2022-02-18,15,9,2
GPN,2022-02-18,15,10,2
GPN,2022-02-18,15,11,4
GPN,2022-02-18,15,12,3
GPN,2022-02-18,15,13,3
GPN,2022-02-18,15,14,2
GPN,2022-02-18,15,15,1
GPN,2023-02-17,11,1,1
GPN,2023-02-17,11,2,3
GPN,2023-02-17,11,3,3
GPN,2023-02-17,11,4,7
GPN,2023-02-17,11,5,6
GPN,2023-02-17,11,6,5
GPN,2023-02-17,11,7,6
GPN,2023-02-17,11,8,4
GPN,2023-02-17,11,9,7
GPN,2023-02-17,11,10,6
GPN,2023-02-17,11,11,6
GPN,2024-02-14,4,1,4
GPN,2024-02-14,4,2,5
GPN,2024-02-14,4,3,4
GPN,2024-02-14,4,4,3
GRMN,2021-02-17,13,1,7
GRMN,2021-02-17,13,2,7
GRMN,2021-02-17,13,3,6
GRMN,2021-02-17,13,4,5
GRMN,2021-02-17,13,5,4
GRMN,2021-02-17,13,6,5
GRMN,2021-02-17,13,7,2
GRMN,2021-02-17,13,8,5
GRMN,2021-02-17,13,9,4
GRMN,2021-02-17,13,10,2
GRMN,2021-02-17,13,11,7
GRMN,2021-02-17,13,12,0
GRMN,2021-02-17,13,13,0
GRMN,2022-02-16,35,1,6
GRMN,2022-02-16,35,2,6
GRMN,2022-02-16,35,3,6
GRMN,2022-02-16,35,4,6
GRMN,2022-02-16,35,5,4
GRMN,2022-02-16,35,6,6
GRMN,2022-02-16,35,7,6
GRMN,2022-02-16,35,8,5
GRMN,2022-02-16,35,9,4
GRMN,2022-02-16,35,10,4
GRMN,2022-02-16,35,11,0
GRMN,2022-02-16,35,12,5
GRMN,2022-02-16,35,13,4
GRMN,2022-02-16,35,14,7
GRMN,2022-02-16,35,15,6
GRMN,2022-02-16,35,16,6
GRMN,2022-02-16,35,17,6
GRMN,2022-02-16,35,18,6
GRMN,2022-02-16,35,19,3
GRMN,2022-02-16,35,20,3
GRMN,2022-02-16,35,21,4
GRMN,2022-02-16,35,22,3
GRMN,2022-02-16,35,23,3
GRMN,2022-02-16,35,24,3
GRMN,2022-02-16,35,25,2
GRMN,2022-02-16,35,26,3
GRMN,2022-02-16,35,27,4
GRMN,2022-02-16,35,28,5
GRMN,2022-02-16,35,29,-2
GRMN,2022-02-16,35,30,-3
GRMN,2022-02-16,35,31,3
GRMN,2022-02-16,35,32,2
GRMN,2022-02-16,35,33,6
GRMN,2022-02-16,35,34,2
GRMN,2022-02-16,35,35,2
GRMN,2023-02-22,15,1,5
GRMN,2023-02-22,15,2,6
GRMN,2023-02-22,15,3,6
GRMN,2023-02-22,15,4,5
GRMN,2023-02-22,15,5,5
GRMN,2023-02-22,15,6,5
GRMN,2023-02-22,15,7,6
GRMN,2023-02-22,15,8,5
GRMN,2023-02-22,15,9,5
GRMN,2023-02-22,15,10,5
GRMN,2023-02-22,15,11,1
GRMN,2023-02-22,15,12,4
GRMN,2023-02-22,15,13,4
GRMN,2023-02-22,15,14,3
GRMN,2023-02-22,15,15,4
GRMN,2024-02-21,4,1,2
GRMN,2024-02-21,4,2,6
GRMN,2024-02-21,4,3,2
GRMN,2024-02-21,4,4,2
GS,2021-02-22,7,1,7
GS,2021-02-22,7,2,6
GS,2021-02-22,7,3,3
GS,2021-02-22,7,4,8
GS,2021-02-22,7,5,6
GS,2021-02-22,7,6,1
GS,2021-02-22,7,7,4
GS,2022-02-25,8,1,6
GS,2022-02-25,8,2,9
GS,2022-02-25,8,3,4
GS,2022-02-25,8,4,4
GS,2022-02-25,8,5,9
GS,2022-02-25,8,6,6
GS,2022-02-25,8,7,2
GS,2022-02-25,8,8,1
GS,2023-02-24,4,1,8
GS,2023-02-24,4,2,8
GS,2023-02-24,4,3,5
GS,2023-02-24,4,4,0
GS,2024-02-23,3,1,5
GS,2024-02-23,3,2,2
GS,2024-02-23,3,3,1
GWW,2021-02-24,12,1,6
GWW,2021-02-24,12,2,6
GWW,2021-02-24,12,3,6
GWW,2021-02-24,12,4,7
GWW,2021-02-24,12,5,8
GWW,2021-02-24,12,6,5
GWW,2021-02-24,12,7,8
GWW,2021-02-24,12,8,6
GWW,2021-02-24,12,9,6
GWW,2021-02-24,12,10,5
GWW,2021-02-24,12,11,5
GWW,2021-02-24,12,12,1
GWW,2022-02-23,33,1,7
GWW,2022-02-23,33,2,7
GWW,2022-02-23,33,3,8
GWW,2022-02-23,33,4,6
GWW,2022-02-23,33,5,4
GWW,2022-02-23,33,6,8
GWW,2022-02-23,33,7,7
GWW,2022-02-23,33,8,5
GWW,2022-02-23,33,9,6
GWW,2022-02-23,33,10,7
GWW,2022-02-23,33,11,6
GWW,2022-02-23,33,12,5
GWW,2022-02-23,33,13,5
GWW,2022-02-23,33,14,7
GWW,2022-02-23,33,15,6
GWW,2022-02-23,33,16,5
GWW,2022-02-23,33,17,5
GWW,2022-02-23,33,18,6
GWW,2022-02-23,33,19,8
GWW,2022-02-23,33,20,5
GWW,2022-02-23,33,21,6
GWW,2022-02-23,33,22,7
GWW,2022-02-23,33,23,6
GWW,2022-02-23,33,24,4
GWW,2022-02-23,33,25,4
GWW,2022-02-23,33,26,5
GWW,2022-02-23,33,27,6
GWW,2022-02-23,33,28,5
GWW,2022-02-23,33,29,5
GWW,2022-02-23,33,30,7
GWW,2022-02-23,33,31,6
GWW,2022-02-23,33,32,6
GWW,2022-02-23,33,33,5
GWW,2023-02-21,12,1,8
GWW,2023-02-21,12,2,5
GWW,2023-02-21,12,3,6
GWW,2023-02-21,12,4,4
GWW,2023-02-21,12,5,3
GWW,2023-02-21,12,6,4
GWW,2023-02-21,12,7,2
GWW,2023-02-21,12,8,3
GWW,2023-02-21,12,9,7
GWW,2023-02-21,12,10,3
GWW,2023-02-21,12,11,2
GWW,2023-02-21,12,12,5
GWW,2024-02-22,6,1,5
GWW,2024-02-22,6,2,4
GWW,2024-02-22,6,3,5
GWW,2024-02-22,6,4,4
GWW,2024-02-22,6,5,3
GWW,2024-02-22,6,6,4
HAL,2021-02-05,14,1,9
HAL,2021-02-05,14,2,5
HAL,2021-02-05,14,3,6
HAL,2021-02-05,14,4,8
HAL,2021-02-05,14,5,6
HAL,2021-02-05,14,6,5
HAL,2021-02-05,14,7,7
HAL,2021-02-05,14,8,5
HAL,2021-02-05,14,9,4
HAL,2021-02-05,14,10,5
HAL,2021-02-05,14,11,5
HAL,2021-02-05,14,12,3
HAL,2021-02-05,14,13,5
HAL,2021-02-05,14,14,4
HAL,2022-02-04,14,1,7
HAL,2022-02-04,14,2,7
HAL,2022-02-04,14,3,6
HAL,2022-02-04,14,4,6
HAL,2022-02-04,14,5,2
HAL,2022-02-04,14,6,4
HAL,2022-02-04,14,7,2
HAL,2022-02-04,14,8,7
HAL,2022-02-04,14,9,2
HAL,2022-02-04,14,10,8
HAL,2022-02-04,14,11,4
HAL,2022-02-04,14,12,2
HAL,2022-02-04,14,13,2
HAL,2022-02-04,14,14,-2
HAL,2023-02-07,4,1,2
HAL,2023-02-07,4,2,7
HAL,2023-02-07,4,3,6
HAL,2023-02-07,4,4,2
HAL,2024-02-06,2,1,1
HAL,2024-02-06,2,2,4
HAS,2021-02-24,14,1,8
HAS,2021-02-24,14,2,7
HAS,2021-02-24,14,3,6
HAS,2021-02-24,14,4,6
HAS,2021-02-24,14,5,3
HAS,2021-02-24,14,6,5
HAS,2021-02-24,14,7,6
HAS,2021-02-24,14,8,3
HAS,2021-02-24,14,9,3
HAS,2021-02-24,14,10,2
HAS,2021-02-24,14,11,3
HAS,2021-02-24,14,12,4
HAS,2021-02-24,14,13,5
HAS,2021-02-24,14,14,2
HAS,2022-02-23,7,1,7
HAS,2022-02-23,7,2,7
HAS,2022-02-23,7,3,7
HAS,2022-02-23,7,4,6
HAS,2022-02-23,7,5,6
HAS,2022-02-23,7,6,7
HAS,2022-02-23,7,7,8
HAS,2023-02-22,8,1,4
HAS,2023-02-22,8,2,5
HAS,2023-02-22,8,3,5
HAS,2023-02-22,8,4,5
HAS,2023-02-22,8,5,4
HAS,2023-02-22,8,6,3
HAS,2023-02-22,8,7,5
HAS,2023-02-22,8,8,6
HAS,2024-02-28,10,1,6
HAS,2024-02-28,10,2,5
HAS,2024-02-28,10,3,4
HAS,2024-02-28,10,4,4
HAS,2024-02-28,10,5,6
HAS,2024-02-28,10,6,6
HAS,2024-02-28,10,7,5
HAS,2024-02-28,10,8,4
HAS,2024-02-28,10,9,4
HAS,2024-02-28,10,10,3
HBAN,2024-02-16,2,1,4
HBAN,2024-02-16,2,2,4
HCA,2021-02-19,12,1,9
HCA,2021-02-19,12,2,6
HCA,2021-02-19,12,3,7
HCA,2021-02-19,12,4,6
HCA,2021-02-19,12,5,6
HCA,2021-02-19,12,6,7
HCA,2021-02-19,12,7,8
HCA,2021-02-19,12,8,4
HCA,2021-02-19,12,9,5
HCA,2021-02-19,12,10,5
HCA,2021-02-19,12,11,5
HCA,2021-02-19,12,12,3
HCA,2022-02-18,10,1,5
HCA,2022-02-18,10,2,3
HCA,2022-02-18,10,3,7
HCA,2022-02-18,10,4,6
HCA,2022-02-18,10,5,6
HCA,2022-02-18,10,6,6
HCA,2022-02-18,10,7,0
HCA,2022-02-18,10,8,6
HCA,2022-02-18,10,9,3
HCA,2022-02-18,10,10,4
HCA,2023-02-17,10,1,8
HCA,2023-02-17,10,2,4
HCA,2023-02-17,10,3,6
HCA,2023-02-17,10,4,5
HCA,2023-02-17,10,5,6
HCA,2023-02-17,10,6,5
HCA,2023-02-17,10,7,4
HCA,2023-02-17,10,8,4
HCA,2023-02-17,10,9,4
HCA,2023-02-17,10,10,3
HCA,2024-02-16,7,1,4
HCA,2024-02-16,7,2,4
HCA,2024-02-16,7,3,4
HCA,2024-02-16,7,4,5
HCA,2024-02-16,7,5,5
HCA,2024-02-16,7,6,4
HCA,2024-02-16,7,7,4
HD,2021-03-24,14,1,9
HD,2021-03-24,14,2,6
HD,2021-03-24,14,3,8
HD,2021-03-24,14,4,6
HD,2021-03-24,14,5,8
HD,2021-03-24,14,6,7
HD,2021-03-24,14,7,7
HD,2021-03-24,14,8,9
HD,2021-03-24,14,9,4
HD,2021-03-24,14,10,6
HD,2021-03-24,14,11,5
HD,2021-03-24,14,12,3
HD,2021-03-24,14,13,4
HD,2021-03-24,14,14,4
HD,2022-03-23,11,1,6
HD,2022-03-23,11,2,7
HD,2022-03-23,11,3,3
HD,2022-03-23,11,4,3
HD,2022-03-23,11,5,6
HD,2022-03-23,11,6,4
HD,2022-03-23,11,7,9
HD,2022-03-23,11,8,6
HD,2022-03-23,11,9,4
HD,2022-03-23,11,10,1
HD,2022-03-23,11,11,3
HD,2023-03-15,14,1,8
HD,2023-03-15,14,2,7
HD,2023-03-15,14,3,6
HD,2023-03-15,14,4,1
HD,2023-03-15,14,5,3
HD,2023-03-15,14,6,5
HD,2023-03-15,14,7,3
HD,2023-03-15,14,8,4
HD,2023-03-15,14,9,3
HD,2023-03-15,14,10,2
HD,2023-03-15,14,11,4
HD,2023-03-15,14,12,5
HD,2023-03-15,14,13,6
HD,2023-03-15,14,14,5
HD,2024-03-13,6,1,3
HD,2024-03-13,6,2,4
HD,2024-03-13,6,3,6
HD,2024-03-13,6,4,4
HD,2024-03-13,6,5,4
HD,2024-03-13,6,6,1
HES,2022-03-01,24,1,8
HES,2022-03-01,24,2,6
HES,2022-03-01,24,3,9
HES,2022-03-01,24,4,-2
HES,2022-03-01,24,5,5
HES,2022-03-01,24,6,2
HES,2022-03-01,24,7,4
HES,2022-03-01,24,8,4
HES,2022-03-01,24,9,3
HES,2022-03-01,24,10,3
HES,2022-03-01,24,11,3
HES,2022-03-01,24,12,4
HES,2022-03-01,24,13,2
HES,2022-03-01,24,14,2
HES,2022-03-01,24,15,2
HES,2022-03-01,24,16,2
HES,2022-03-01,24,17,4
HES,2022-03-01,24,18,3
HES,2022-03-01,24,19,1
HES,2022-03-01,24,20,1
HES,2022-03-01,24,21,2
HES,2022-03-01,24,22,2
HES,2022-03-01,24,23,3
HES,2022-03-01,24,24,1
HES,2023-02-24,15,1,2
HES,2023-02-24,15,2,5
HES,2023-02-24,15,3,5
HES,2023-02-24,15,4,6
HES,2023-02-24,15,5,8
HES,2023-02-24,15,6,6
HES,2023-02-24,15,7,4
HES,2023-02-24,15,8,4
HES,2023-02-24,15,9,7
HES,2023-02-24,15,10,5
HES,2023-02-24,15,11,6
HES,2023-02-24,15,12,3
HES,2023-02-24,15,13,1
HES,2023-02-24,15,14,2
HES,2023-02-24,15,15,4
HES,2024-02-26,5,1,2
HES,2024-02-26,5,2,3
HES,2024-02-26,5,3,4
HES,2024-02-26,5,4,2
HES,2024-02-26,5,5,6
HII,2021-02-11,18,1,3
HII,2021-02-11,18,2,6
HII,2021-02-11,18,3,7
HII,2021-02-11,18,4,7
HII,2021-02-11,18,5,3
HII,2021-02-11,18,6,4
HII,2021-02-11,18,7,6
HII,2021-02-11,18,8,5
HII,2021-02-11,18,9,5
HII,2021-02-11,18,10,2
HII,2021-02-11,18,11,5
HII,2021-02-11,18,12,5
HII,2021-02-11,18,13,5
HII,2021-02-11,18,14,5
HII,2021-02-11,18,15,5
HII,2021-02-11,18,16,4
HII,2021-02-11,18,17,9
HII,2021-02-11,18,18,3
HII,2022-02-10,8,1,2
HII,2022-02-10,8,2,5
HII,2022-02-10,8,3,7
HII,2022-02-10,8,4,6
HII,2022-02-10,8,5,5
HII,2022-02-10,8,6,6
HII,2022-02-10,8,7,3
HII,2022-02-10,8,8,4
HII,2023-02-09,9,1,3
HII,2023-02-09,9,2,5
HII,2023-02-09,9,3,4
HII,2023-02-09,9,4,3
HII,2023-02-09,9,5,2
HII,2023-02-09,9,6,2
HII,2023-02-09,9,7,3
HII,2023-02-09,9,8,4
HII,2023-02-09,9,9,4
HII,2024-02-01,10,1,3
HII,2024-02-01,10,2,4
HII,2024-02-01,10,3,5
HII,2024-02-01,10,4,4
HII,2024-02-01,10,5,5
HII,2024-02-01,10,6,3
HII,2024-02-01,10,7,2
HII,2024-02-01,10,8,1
HII,2024-02-01,10,9,3
HII,2024-02-01,10,10,3
HLT,2021-02-17,14,1,8
HLT,2021-02-17,14,2,9
HLT,2021-02-17,14,3,9
HLT,2021-02-17,14,4,7
HLT,2021-02-17,14,5,7
HLT,2021-02-17,14,6,7
HLT,2021-02-17,14,7,3
HLT,2021-02-17,14,8,7
HLT,2021-02-17,14,9,6
HLT,2021-02-17,14,10,6
HLT,2021-02-17,14,11,5
HLT,2021-02-17,14,12,9
HLT,2021-02-17,14,13,8
HLT,2021-02-17,14,14,7
HLT,2022-02-16,10,1,8
HLT,2022-02-16,10,2,7
HLT,2022-02-16,10,3,8
HLT,2022-02-16,10,4,7
HLT,2022-02-16,10,5,7
HLT,2022-02-16,10,6,6
HLT,2022-02-16,10,7,5
HLT,2022-02-16,10,8,5
HLT,2022-02-16,10,9,7
HLT,2022-02-16,10,10,4
HLT,2023-02-09,8,1,7
HLT,2023-02-09,8,2,8
HLT,2023-02-09,8,3,6
HLT,2023-02-09,8,4,5
HLT,2023-02-09,8,5,4
HLT,2023-02-09,8,6,4
HLT,2023-02-09,8,7,3
HLT,2023-02-09,8,8,5
HLT,2024-02-07,10,1,5
HLT,2024-02-07,10,2,4
HLT,2024-02-07,10,3,4
HLT,2024-02-07,10,4,4
HLT,2024-02-07,10,5,4
HLT,2024-02-07,10,6,4
HLT,2024-02-07,10,7,3
HLT,2024-02-07,10,8,2
HLT,2024-02-07,10,9,3
HLT,2024-02-07,10,10,3
HOLX,2021-11-16,11,1,4
HOLX,2021-11-16,11,2,6
HOLX,2021-11-16,11,3,6
HOLX,2021-11-16,11,4,7
HOLX,2021-11-16,11,5,2
HOLX,2021-11-16,11,6,6
HOLX,2021-11-16,11,7,2
HOLX,2021-11-16,11,8,2
HOLX,2021-11-16,11,9,2
HOLX,2021-11-16,11,10,2
HOLX,2021-11-16,11,11,3
HOLX,2022-11-15,6,1,8
HOLX,2022-11-15,6,2,6
HOLX,2022-11-15,6,3,6
HOLX,2022-11-15,6,4,4
HOLX,2022-11-15,6,5,3
HOLX,2022-11-15,6,6,3
HOLX,2023-11-21,11,1,7
HOLX,2023-11-21,11,2,6
HOLX,2023-11-21,11,3,6
HOLX,2023-11-21,11,4,8
HOLX,2023-11-21,11,5,5
HOLX,2023-11-21,11,6,6
HOLX,2023-11-21,11,7,5
HOLX,2023-11-21,11,8,4
HOLX,2023-11-21,11,9,4
HOLX,2023-11-21,11,10,6
HOLX,2023-11-21,11,11,5
HOLX,2024-11-27,3,1,4
HOLX,2024-11-27,3,2,2
HOLX,2024-11-27,3,3,4
HPE,2021-12-10,19,1,5
HPE,2021-12-10,19,2,6
HPE,2021-12-10,19,3,6
HPE,2021-12-10,19,4,6
HPE,2021-12-10,19,5,4
HPE,2021-12-10,19,6,0
HPE,2021-12-10,19,7,3
HPE,2021-12-10,19,8,3
HPE,2021-12-10,19,9,5
HPE,2021-12-10,19,10,7
HPE,2021-12-10,19,11,6
HPE,2021-12-10,19,12,7
HPE,2021-12-10,19,13,5
HPE,2021-12-10,19,14,4
HPE,2021-12-10,19,15,5
HPE,2021-12-10,19,16,2
HPE,2021-12-10,19,17,5
HPE,2021-12-10,19,18,3
HPE,2021-12-10,19,19,2
HPE,2022-12-08,10,1,5
HPE,2022-12-08,10,2,7
HPE,2022-12-08,10,3,7
HPE,2022-12-08,10,4,9
HPE,2022-12-08,10,5,6
HPE,2022-12-08,10,6,7
HPE,2022-12-08,10,7,8
HPE,2022-12-08,10,8,2
HPE,2022-12-08,10,9,1
HPE,2022-12-08,10,10,1
HPE,2023-12-22,5,1,1
HPE,2023-12-22,5,2,4
HPE,2023-12-22,5,3,3
HPE,2023-12-22,5,4,0
HPE,2023-12-22,5,5,3
HPE,2024-12-19,2,1,5
HPE,2024-12-19,2,2,4
HPQ,2021-12-09,10,1,6
HPQ,2021-12-09,10,2,8
HPQ,2021-12-09,10,3,7
HPQ,2021-12-09,10,4,6
HPQ,2021-12-09,10,5,7
HPQ,2021-12-09,10,6,7
HPQ,2021-12-09,10,7,9
HPQ,2021-12-09,10,8,6
HPQ,2021-12-09,10,9,5
HPQ,2021-12-09,10,10,9
HPQ,2022-12-06,10,1,8
HPQ,2022-12-06,10,2,2
HPQ,2022-12-06,10,3,4
HPQ,2022-12-06,10,4,6
HPQ,2022-12-06,10,5,7
HPQ,2022-12-06,10,6,7
HPQ,2022-12-06,10,7,3
HPQ,2022-12-06,10,8,2
HPQ,2022-12-06,10,9,3
HPQ,2022-12-06,10,10,4
HPQ,2023-12-18,4,1,5
HPQ,2023-12-18,4,2,6
HPQ,2023-12-18,4,3,5
HPQ,2023-12-18,4,4,1
HPQ,2024-12-13,4,1,2
HPQ,2024-12-13,4,2,5
HPQ,2024-12-13,4,3,4
HPQ,2024-12-13,4,4,1
HRL,2021-12-10,12,1,4
HRL,2021-12-10,12,2,5
HRL,2021-12-10,12,3,6
HRL,2021-12-10,12,4,4
HRL,2021-12-10,12,5,3
HRL,2021-12-10,12,6,3
HRL,2021-12-10,12,7,2
HRL,2021-12-10,12,8,4
HRL,2021-12-10,12,9,2
HRL,2021-12-10,12,10,2
HRL,2021-12-10,12,11,7
HRL,2021-12-10,12,12,7
HRL,2022-12-06,22,1,7
HRL,2022-12-06,22,2,7
HRL,2022-12-06,22,3,4
HRL,2022-12-06,22,4,7
HRL,2022-12-06,22,5,3
HRL,2022-12-06,22,6,3
HRL,2022-12-06,22,7,6
HRL,2022-12-06,22,8,4
HRL,2022-12-06,22,9,4
HRL,2022-12-06,22,10,3
HRL,2022-12-06,22,11,6
HRL,2022-12-06,22,12,3
HRL,2022-12-06,22,13,2
HRL,2022-12-06,22,14,3
HRL,2022-12-06,22,15,3
HRL,2022-12-06,22,16,4
HRL,2022-12-06,22,17,2
HRL,2022-12-06,22,18,2
HRL,2022-12-06,22,19,1
HRL,2022-12-06,22,20,1
HRL,2022-12-06,22,21,2
HRL,2022-12-06,22,22,1
HRL,2023-12-06,4,1,3
HRL,2023-12-06,4,2,-2
HRL,2023-12-06,4,3,2
HRL,2023-12-06,4,4,1
HRL,2024-12-05,3,1,5
HRL,2024-12-05,3,2,0
HRL,2024-12-05,3,3,5
HSIC,2021-02-17,10,1,9
HSIC,2021-02-17,10,2,7
HSIC,2021-02-17,10,3,8
HSIC,2021-02-17,10,4,4
HSIC,2021-02-17,10,5,7
HSIC,2021-02-17,10,6,6
HSIC,2021-02-17,10,7,6
HSIC,2021-02-17,10,8,6
HSIC,2021-02-17,10,9,6
HSIC,2021-02-17,10,10,5
HSIC,2022-02-15,14,1,8
HSIC,2022-02-15,14,2,7
HSIC,2022-02-15,14,3,6
HSIC,2022-02-15,14,4,5
HSIC,2022-02-15,14,5,6
HSIC,2022-02-15,14,6,7
HSIC,2022-02-15,14,7,6
HSIC,2022-02-15,14,8,5
HSIC,2022-02-15,14,9,4
HSIC,2022-02-15,14,10,5
HSIC,2022-02-15,14,11,4
HSIC,2022-02-15,14,12,5
HSIC,2022-02-15,14,13,5
HSIC,2022-02-15,14,14,5
HSIC,2023-02-21,13,1,8
HSIC,2023-02-21,13,2,6
HSIC,2023-02-21,13,3,7
HSIC,2023-02-21,13,4,7
HSIC,2023-02-21,13,5,4
HSIC,2023-02-21,13,6,9
HSIC,2023-02-21,13,7,6
HSIC,2023-02-21,13,8,6
HSIC,2023-02-21,13,9,5
HSIC,2023-02-21,13,10,5
HSIC,2023-02-21,13,11,6
HSIC,2023-02-21,13,12,6
HSIC,2023-02-21,13,13,3
HSIC,2024-02-28,13,1,2
HSIC,2024-02-28,13,2,6
HSIC,2024-02-28,13,3,3
HSIC,2024-02-28,13,4,2
HSIC,2024-02-28,13,5,2
HSIC,2024-02-28,13,6,3
HSIC,2024-02-28,13,7,1
HSIC,2024-02-28,13,8,1
HSIC,2024-02-28,13,9,1
HSIC,2024-02-28,13,10,2
HSIC,2024-02-28,13,11,4
HSIC,2024-02-28,13,12,7
HSIC,2024-02-28,13,13,7
HST,2021-02-25,9,1,8
HST,2021-02-25,9,2,5
HST,2021-02-25,9,3,4
HST,2021-02-25,9,4,7
HST,2021-02-25,9,5,5
HST,2021-02-25,9,6,3
HST,2021-02-25,9,7,3
HST,2021-02-25,9,8,7
HST,2021-02-25,9,9,3
HST,2022-02-24,11,1,9
HST,2022-02-24,11,2,7
HST,2022-02-24,11,3,5
HST,2022-02-24,11,4,5
HST,2022-02-24,11,5,5
HST,2022-02-24,11,6,2
HST,2022-02-24,11,7,2
HST,2022-02-24,11,8,3
HST,2022-02-24,11,9,4
HST,2022-02-24,11,10,2
HST,2022-02-24,11,11,5
HST,2023-02-22,6,1,9
HST,2023-02-22,6,2,6
HST,2023-02-22,6,3,6
HST,2023-02-22,6,4,4
HST,2023-02-22,6,5,6
HST,2023-02-22,6,6,5
HST,2024-02-28,3,1,6
HST,2024-02-28,3,2,5
HST,2024-02-28,3,3,2
HSY,2021-02-17,11,1,7
HSY,2021-02-17,11,2,5
HSY,2021-02-17,11,3,8
HSY,2021-02-17,11,4,6
HSY,2021-02-17,11,5,8
HSY,2021-02-17,11,6,6
HSY,2021-02-17,11,7,7
HSY,2021-02-17,11,8,7
HSY,2021-02-17,11,9,3
HSY,2021-02-17,11,10,9
HSY,2021-02-17,11,11,7
HSY,2022-02-18,11,1,4
HSY,2022-02-18,11,2,2
HSY,2022-02-18,11,3,4
HSY,2022-02-18,11,4,3
HSY,2022-02-18,11,5,3
HSY,2022-02-18,11,6,4
HSY,2022-02-18,11,7,7
HSY,2022-02-18,11,8,4
HSY,2022-02-18,11,9,3
HSY,2022-02-18,11,10,5
HSY,2022-02-18,11,11,-2
HSY,2023-02-17,4,1,6
HSY,2023-02-17,4,2,6
HSY,2023-02-17,4,3,7
HSY,2023-02-17,4,4,4
HSY,2024-02-20,4,1,4
HSY,2024-02-20,4,2,1
HSY,2024-02-20,4,3,4
HSY,2024-02-20,4,4,4
HUBB,2021-02-11,20,1,5
HUBB,2021-02-11,20,2,4
HUBB,2021-02-11,20,3,6
HUBB,2021-02-11,20,4,5
HUBB,2021-02-11,20,5,5
HUBB,2021-02-11,20,6,6
HUBB,2021-02-11,20,7,3
HUBB,2021-02-11,20,8,1
HUBB,2021-02-11,20,9,5
HUBB,2021-02-11,20,10,7
HUBB,2021-02-11,20,11,4
HUBB,2021-02-11,20,12,4
HUBB,2021-02-11,20,13,9
HUBB,2021-02-11,20,14,1
HUBB,2021-02-11,20,15,0
HUBB,2021-02-11,20,16,3
HUBB,2021-02-11,20,17,-2
HUBB,2021-02-11,20,18,2
HUBB,2021-02-11,20,19,3
HUBB,2021-02-11,20,20,0
HUBB,2022-02-11,16,1,7
HUBB,2022-02-11,16,2,6
HUBB,2022-02-11,16,3,5
HUBB,2022-02-11,16,4,4
HUBB,2022-02-11,16,5,5
HUBB,2022-02-11,16,6,4
HUBB,2022-02-11,16,7,6
HUBB,2022-02-11,16,8,4
HUBB,2022-02-11,16,9,6
HUBB,2022-02-11,16,10,5
HUBB,2022-02-11,16,11,4
HUBB,2022-02-11,16,12,3
HUBB,2022-02-11,16,13,6
HUBB,2022-02-11,16,14,3
HUBB,2022-02-11,16,15,4
HUBB,2022-02-11,16,16,6
HUBB,2023-02-09,15,1,8
HUBB,2023-02-09,15,2,8
HUBB,2023-02-09,15,3,8
HUBB,2023-02-09,15,4,6
HUBB,2023-02-09,15,5,5
HUBB,2023-02-09,15,6,5
HUBB,2023-02-09,15,7,6
HUBB,2023-02-09,15,8,2
HUBB,2023-02-09,15,9,6
HUBB,2023-02-09,15,10,2
HUBB,2023-02-09,15,11,7
HUBB,2023-02-09,15,12,5
HUBB,2023-02-09,15,13,6
HUBB,2023-02-09,15,14,7
HUBB,2023-02-09,15,15,6
HUBB,2024-02-08,1,1,6
HUM,2021-02-18,10,1,4
HUM,2021-02-18,10,2,7
HUM,2021-02-18,10,3,4
HUM,2021-02-18,10,4,4
HUM,2021-02-18,10,5,6
HUM,2021-02-18,10,6,5
HUM,2021-02-18,10,7,4
HUM,2021-02-18,10,8,5
HUM,2021-02-18,10,9,4
HUM,2021-02-18,10,10,4
HUM,2022-02-17,10,1,9
HUM,2022-02-17,10,2,8
HUM,2022-02-17,10,3,7
HUM,2022-02-17,10,4,9
HUM,2022-02-17,10,5,7
HUM,2022-02-17,10,6,8
HUM,2022-02-17,10,7,8
HUM,2022-02-17,10,8,7
HUM,2022-02-17,10,9,6
HUM,2022-02-17,10,10,7
HUM,2023-02-16,7,1,8
HUM,2023-02-16,7,2,8
HUM,2023-02-16,7,3,7
HUM,2023-02-16,7,4,6
HUM,2023-02-16,7,5,6
HUM,2023-02-16,7,6,5
HUM,2023-02-16,7,7,3
HUM,2024-02-15,9,1,4
HUM,2024-02-15,9,2,5
HUM,2024-02-15,9,3,7
HUM,2024-02-15,9,4,6
HUM,2024-02-15,9,5,6
HUM,2024-02-15,9,6,5
HUM,2024-02-15,9,7,7
HUM,2024-02-15,9,8,6
HUM,2024-02-15,9,9,0
HWM,2021-02-16,15,1,8
HWM,2021-02-16,15,2,7
HWM,2021-02-16,15,3,8
HWM,2021-02-16,15,4,3
HWM,2021-02-16,15,5,2
HWM,2021-02-16,15,6,5
HWM,2021-02-16,15,7,4
HWM,2021-02-16,15,8,2
HWM,2021-02-16,15,9,5
HWM,2021-02-16,15,10,6
HWM,2021-02-16,15,11,5
HWM,2021-02-16,15,12,2
HWM,2021-02-16,15,13,3
HWM,2021-02-16,15,14,2
HWM,2021-02-16,15,15,0
HWM,2022-02-14,16,1,8
HWM,2022-02-14,16,2,8
HWM,2022-02-14,16,3,5
HWM,2022-02-14,16,4,4
HWM,2022-02-14,16,5,3
HWM,2022-02-14,16,6,4
HWM,2022-02-14,16,7,4
HWM,2022-02-14,16,8,5
HWM,2022-02-14,16,9,2
HWM,2022-02-14,16,10,5
HWM,2022-02-14,16,11,4
HWM,2022-02-14,16,12,5
HWM,2022-02-14,16,13,4
HWM,2022-02-14,16,14,3
HWM,2022-02-14,16,15,4
HWM,2022-02-14,16,16,7
HWM,2023-02-14,12,1,9
HWM,2023-02-14,12,2,7
HWM,2023-02-14,12,3,4
HWM,2023-02-14,12,4,3
HWM,2023-02-14,12,5,6
HWM,2023-02-14,12,6,1
HWM,2023-02-14,12,7,2
HWM,2023-02-14,12,8,-2
HWM,2023-02-14,12,9,3
HWM,2023-02-14,12,10,6
HWM,2023-02-14,12,11,5
HWM,2023-02-14,12,12,6
HWM,2024-02-13,4,1,5
HWM,2024-02-13,4,2,5
HWM,2024-02-13,4,3,4
HWM,2024-02-13,4,4,7
IBM,2021-02-23,10,1,3
IBM,2021-02-23,10,2,3
IBM,2021-02-23,10,3,3
IBM,2021-02-23,10,4,0
IBM,2021-02-23,10,5,4
IBM,2021-02-23,10,6,3
IBM,2021-02-23,10,7,4
IBM,2021-02-23,10,8,3
IBM,2021-02-23,10,9,3
IBM,2021-02-23,10,10,3
IBM,2022-02-22,8,1,4
IBM,2022-02-22,8,2,3
IBM,2022-02-22,8,3,5
IBM,2022-02-22,8,4,6
IBM,2022-02-22,8,5,4
IBM,2022-02-22,8,6,3
IBM,2022-02-22,8,7,3
IBM,2022-02-22,8,8,3
IBM,2023-02-28,2,1,4
IBM,2023-02-28,2,2,3
IBM,2024-02-26,2,1,5
IBM,2024-02-26,2,2,1
ICE,2024-02-08,9,1,4
ICE,2024-02-08,9,2,4
ICE,2024-02-08,9,3,5
ICE,2024-02-08,9,4,5
ICE,2024-02-08,9,5,4
ICE,2024-02-08,9,6,6
ICE,2024-02-08,9,7,5
ICE,2024-02-08,9,8,4
ICE,2024-02-08,9,9,4
IDXX,2021-02-12,9,1,7
IDXX,2021-02-12,9,2,5
IDXX,2021-02-12,9,3,6
IDXX,2021-02-12,9,4,7
IDXX,2021-02-12,9,5,8
IDXX,2021-02-12,9,6,4
IDXX,2021-02-12,9,7,5
IDXX,2021-02-12,9,8,5
IDXX,2021-02-12,9,9,3
IDXX,2022-02-16,11,1,8
IDXX,2022-02-16,11,2,7
IDXX,2022-02-16,11,3,7
IDXX,2022-02-16,11,4,9
IDXX,2022-02-16,11,5,6
IDXX,2022-02-16,11,6,5
IDXX,2022-02-16,11,7,6
IDXX,2022-02-16,11,8,6
IDXX,2022-02-16,11,9,5
IDXX,2022-02-16,11,10,5
IDXX,2022-02-16,11,11,7
IDXX,2023-02-16,7,1,4
IDXX,2023-02-16,7,2,3
IDXX,2023-02-16,7,3,7
IDXX,2023-02-16,7,4,7
IDXX,2023-02-16,7,5,4
IDXX,2023-02-16,7,6,8
IDXX,2023-02-16,7,7,5
IDXX,2024-02-22,5,1,3
IDXX,2024-02-22,5,2,3
IDXX,2024-02-22,5,3,5
IDXX,2024-02-22,5,4,4
IDXX,2024-02-22,5,5,5
IEX,2021-02-25,19,1,8
IEX,2021-02-25,19,2,4
IEX,2021-02-25,19,3,5
IEX,2021-02-25,19,4,7
IEX,2021-02-25,19,5,3
IEX,2021-02-25,19,6,3
IEX,2021-02-25,19,7,2
IEX,2021-02-25,19,8,3
IEX,2021-02-25,19,9,4
IEX,2021-02-25,19,10,5
IEX,2021-02-25,19,11,2
IEX,2021-02-25,19,12,3
IEX,2021-02-25,19,13,6
IEX,2021-02-25,19,14,7
IEX,2021-02-25,19,15,4
IEX,2021-02-25,19,16,5
IEX,2021-02-25,19,17,5
IEX,2021-02-25,19,18,4
IEX,2021-02-25,19,19,5
IEX,2022-02-24,11,1,9
IEX,2022-02-24,11,2,2
IEX,2022-02-24,11,3,4
IEX,2022-02-24,11,4,6
IEX,2022-02-24,11,5,-1
IEX,2022-02-24,11,6,3
IEX,2022-02-24,11,7,3
IEX,2022-02-24,11,8,5
IEX,2022-02-24,11,9,6
IEX,2022-02-24,11,10,2
IEX,2022-02-24,11,11,1
IEX,2023-02-23,14,1,6
IEX,2023-02-23,14,2,3
IEX,2023-02-23,14,3,4
IEX,2023-02-23,14,4,3
IEX,2023-02-23,14,5,3
IEX,2023-02-23,14,6,6
IEX,2023-02-23,14,7,2
IEX,2023-02-23,14,8,2
IEX,2023-02-23,14,9,5
IEX,2023-02-23,14,10,2
IEX,2023-02-23,14,11,3
IEX,2023-02-23,14,12,1
IEX,2023-02-23,14,13,3
IEX,2023-02-23,14,14,2
IEX,2024-02-22,4,1,3
IEX,2024-02-22,4,2,3
IEX,2024-02-22,4,3,6
IEX,2024-02-22,4,4,1
IFF,2021-02-22,13,1,3
IFF,2021-02-22,13,2,6
IFF,2021-02-22,13,3,7
IFF,2021-02-22,13,4,5
IFF,2021-02-22,13,5,2
IFF,2021-02-22,13,6,5
IFF,2021-02-22,13,7,7
IFF,2021-02-22,13,8,6
IFF,2021-02-22,13,9,4
IFF,2021-02-22,13,10,4
IFF,2021-02-22,13,11,7
IFF,2021-02-22,13,12,4
IFF,2021-02-22,13,13,5
IFF,2022-02-28,15,1,7
IFF,2022-02-28,15,2,4
IFF,2022-02-28,15,3,5
IFF,2022-02-28,15,4,5
IFF,2022-02-28,15,5,7
IFF,2022-02-28,15,6,5
IFF,2022-02-28,15,7,4
IFF,2022-02-28,15,8,3
IFF,2022-02-28,15,9,2
IFF,2022-02-28,15,10,4
IFF,2022-02-28,15,11,3
IFF,2022-02-28,15,12,3
IFF,2022-02-28,15,13,1
IFF,2022-02-28,15,14,2
IFF,2022-02-28,15,15,6
IFF,2023-02-27,9,1,7
IFF,2023-02-27,9,2,5
IFF,2023-02-27,9,3,6
IFF,2023-02-27,9,4,5
IFF,2023-02-27,9,5,9
IFF,2023-02-27,9,6,7
IFF,2023-02-27,9,7,6
IFF,2023-02-27,9,8,4
IFF,2023-02-27,9,9,1
IFF,2024-02-28,4,1,3
IFF,2024-02-28,4,2,5
IFF,2024-02-28,4,3,6
IFF,2024-02-28,4,4,1
INCY,2021-02-09,13,1,3
INCY,2021-02-09,13,2,2
INCY,2021-02-09,13,3,5
INCY,2021-02-09,13,4,3
INCY,2021-02-09,13,5,4
INCY,2021-02-09,13,6,3
INCY,2021-02-09,13,7,5
INCY,2021-02-09,13,8,1
INCY,2021-02-09,13,9,0
INCY,2021-02-09,13,10,7
INCY,2021-02-09,13,11,4
INCY,2021-02-09,13,12,4
INCY,2021-02-09,13,13,3
INCY,2022-02-08,14,1,7
INCY,2022-02-08,14,2,7
INCY,2022-02-08,14,3,7
INCY,2022-02-08,14,4,6
INCY,2022-02-08,14,5,5
INCY,2022-02-08,14,6,1
INCY,2022-02-08,14,7,5
INCY,2022-02-08,14,8,-3
INCY,2022-02-08,14,9,7
INCY,2022-02-08,14,10,4
INCY,2022-02-08,14,11,5
INCY,2022-02-08,14,12,5
INCY,2022-02-08,14,13,6
INCY,2022-02-08,14,14,1
INCY,2023-02-07,11,1,7
INCY,2023-02-07,11,2,5
INCY,2023-02-07,11,3,2
INCY,2023-02-07,11,4,4
INCY,2023-02-07,11,5,4
INCY,2023-02-07,11,6,5
INCY,2023-02-07,11,7,5
INCY,2023-02-07,11,8,5
INCY,2023-02-07,11,9,4
INCY,2023-02-07,11,10,1
INCY,2023-02-07,11,11,5
INCY,2024-02-13,5,1,5
INCY,2024-02-13,5,2,5
INCY,2024-02-13,5,3,3
INCY,2024-02-13,5,4,3
INCY,2024-02-13,5,5,2
INTU,2021-09-08,11,1,4
INTU,2021-09-08,11,2,5
INTU,2021-09-08,11,3,4
INTU,2021-09-08,11,4,5
INTU,2021-09-08,11,5,5
INTU,2021-09-08,11,6,4
INTU,2021-09-08,11,7,4
INTU,2021-09-08,11,8,4
INTU,2021-09-08,11,9,3
INTU,2021-09-08,11,10,5
INTU,2021-09-08,11,11,2
INTU,2022-09-02,15,1,4
INTU,2022-09-02,15,2,7
INTU,2022-09-02,15,3,5
INTU,2022-09-02,15,4,4
INTU,2022-09-02,15,5,5
INTU,2022-09-02,15,6,5
INTU,2022-09-02,15,7,6
INTU,2022-09-02,15,8,6
INTU,2022-09-02,15,9,5
INTU,2022-09-02,15,10,4
INTU,2022-09-02,15,11,3
INTU,2022-09-02,15,12,2
INTU,2022-09-02,15,13,1
INTU,2022-09-02,15,14,3
INTU,2022-09-02,15,15,5
INTU,2023-09-01,7,1,6
INTU,2023-09-01,7,2,6
INTU,2023-09-01,7,3,6
INTU,2023-09-01,7,4,5
INTU,2023-09-01,7,5,5
INTU,2023-09-01,7,6,3
INTU,2023-09-01,7,7,0
INTU,2024-09-04,5,1,5
INTU,2024-09-04,5,2,4
INTU,2024-09-04,5,3,3
INTU,2024-09-04,5,4,3
INTU,2024-09-04,5,5,3
INVH,2021-02-19,8,1,5
INVH,2021-02-19,8,2,8
INVH,2021-02-19,8,3,7
INVH,2021-02-19,8,4,8
INVH,2021-02-19,8,5,6
INVH,2021-02-19,8,6,5
INVH,2021-02-19,8,7,9
INVH,2021-02-19,8,8,4
INVH,2022-02-22,18,1,4
INVH,2022-02-22,18,2,6
INVH,2022-02-22,18,3,5
INVH,2022-02-22,18,4,6
INVH,2022-02-22,18,5,6
INVH,2022-02-22,18,6,5
INVH,2022-02-22,18,7,7
INVH,2022-02-22,18,8,5
INVH,2022-02-22,18,9,3
INVH,2022-02-22,18,10,5
INVH,2022-02-22,18,11,4
INVH,2022-02-22,18,12,3
INVH,2022-02-22,18,13,4
INVH,2022-02-22,18,14,5
INVH,2022-02-22,18,15,6
INVH,2022-02-22,18,16,2
INVH,2022-02-22,18,17,6
INVH,2022-02-22,18,18,0
INVH,2023-02-22,7,1,7
INVH,2023-02-22,7,2,7
INVH,2023-02-22,7,3,6
INVH,2023-02-22,7,4,5
INVH,2023-02-22,7,5,4
INVH,2023-02-22,7,6,3
INVH,2023-02-22,7,7,2
INVH,2024-02-21,7,1,7
INVH,2024-02-21,7,2,7
INVH,2024-02-21,7,3,7
INVH,2024-02-21,7,4,6
INVH,2024-02-21,7,5,6
INVH,2024-02-21,7,6,7
INVH,2024-02-21,7,7,4
IPG,2021-02-22,10,1,7
IPG,2021-02-22,10,2,5
IPG,2021-02-22,10,3,5
IPG,2021-02-22,10,4,4
IPG,2021-02-22,10,5,4
IPG,2021-02-22,10,6,4
IPG,2021-02-22,10,7,6
IPG,2021-02-22,10,8,5
IPG,2021-02-22,10,9,5
IPG,2021-02-22,10,10,4
IPG,2022-02-22,12,1,5
IPG,2022-02-22,12,2,5
IPG,2022-02-22,12,3,8
IPG,2022-02-22,12,4,4
IPG,2022-02-22,12,5,4
IPG,2022-02-22,12,6,5
IPG,2022-02-22,12,7,4
IPG,2022-02-22,12,8,3
IPG,2022-02-22,12,9,4
IPG,2022-02-22,12,10,3
IPG,2022-02-22,12,11,3
IPG,2022-02-22,12,12,3
IPG,2023-02-21,11,1,7
IPG,2023-02-21,11,2,7
IPG,2023-02-21,11,3,5
IPG,2023-02-21,11,4,5
IPG,2023-02-21,11,5,7
IPG,2023-02-21,11,6,7
IPG,2023-02-21,11,7,4
IPG,2023-02-21,11,8,5
IPG,2023-02-21,11,9,4
IPG,2023-02-21,11,10,3
IPG,2023-02-21,11,11,5
IPG,2024-02-20,9,1,4
IPG,2024-02-20,9,2,4
IPG,2024-02-20,9,3,5
IPG,2024-02-20,9,4,4
IPG,2024-02-20,9,5,5
IPG,2024-02-20,9,6,5
IPG,2024-02-20,9,7,2
IPG,2024-02-20,9,8,4
IPG,2024-02-20,9,9,3
IQV,2021-02-12,9,1,5
IQV,2021-02-12,9,2,5
IQV,2021-02-12,9,3,5
IQV,2021-02-12,9,4,7
IQV,2021-02-12,9,5,3
IQV,2021-02-12,9,6,2
IQV,2021-02-12,9,7,2
IQV,2021-02-12,9,8,8
IQV,2021-02-12,9,9,3
IQV,2024-02-15,3,1,6
IQV,2024-02-15,3,2,1
IQV,2024-02-15,3,3,0
IRM,2021-02-24,15,1,6
IRM,2021-02-24,15,2,8
IRM,2021-02-24,15,3,5
IRM,2021-02-24,15,4,7
IRM,2021-02-24,15,5,7
IRM,2021-02-24,15,6,8
IRM,2021-02-24,15,7,4
IRM,2021-02-24,15,8,5
IRM,2021-02-24,15,9,7
IRM,2021-02-24,15,10,6
IRM,2021-02-24,15,11,4
IRM,2021-02-24,15,12,1
IRM,2021-02-24,15,13,8
IRM,2021-02-24,15,14,4
IRM,2021-02-24,15,15,7
IRM,2022-02-24,7,1,4
IRM,2022-02-24,7,2,7
IRM,2022-02-24,7,3,3
IRM,2022-02-24,7,4,6
IRM,2022-02-24,7,5,3
IRM,2022-02-24,7,6,3
IRM,2022-02-24,7,7,0
IRM,2023-02-23,2,1,7
IRM,2023-02-23,2,2,3
IRM,2024-02-22,1,1,4
IR,2021-02-26,15,1,8
IR,2021-02-26,15,2,1
IR,2021-02-26,15,3,2
IR,2021-02-26,15,4,6
IR,2021-02-26,15,5,4
IR,2021-02-26,15,6,4
IR,2021-02-26,15,7,2
IR,2021-02-26,15,8,6
IR,2021-02-26,15,9,2
IR,2021-02-26,15,10,2
IR,2021-02-26,15,11,3
IR,2021-02-26,15,12,3
IR,2021-02-26,15,13,2
IR,2021-02-26,15,14,5
IR,2021-02-26,15,15,0
IR,2022-02-25,20,1,4
IR,2022-02-25,20,2,3
IR,2022-02-25,20,3,5
IR,2022-02-25,20,4,4
IR,2022-02-25,20,5,6
IR,2022-02-25,20,6,4
IR,2022-02-25,20,7,6
IR,2022-02-25,20,8,5
IR,2022-02-25,20,9,4
IR,2022-02-25,20,10,3
IR,2022-02-25,20,11,2
IR,2022-02-25,20,12,2
IR,2022-02-25,20,13,7
IR,2022-02-25,20,14,3
IR,2022-02-25,20,15,1
IR,2022-02-25,20,16,2
IR,2022-02-25,20,17,2
IR,2022-02-25,20,18,5
IR,2022-02-25,20,19,7
IR,2022-02-25,20,20,4
IR,2023-02-21,17,1,4
IR,2023-02-21,17,2,5
IR,2023-02-21,17,3,4
IR,2023-02-21,17,4,5
IR,2023-02-21,17,5,5
IR,2023-02-21,17,6,7
IR,2023-02-21,17,7,4
IR,2023-02-21,17,8,7
IR,2023-02-21,17,9,5
IR,2023-02-21,17,10,4
IR,2023-02-21,17,11,4
IR,2023-02-21,17,12,6
IR,2023-02-21,17,13,8
IR,2023-02-21,17,14,5
IR,2023-02-21,17,15,8
IR,2023-02-21,17,16,6
IR,2023-02-21,17,17,7
IR,2024-02-23,4,1,1
IR,2024-02-23,4,2,4
IR,2024-02-23,4,3,5
IR,2024-02-23,4,4,6
ISRG,2021-02-10,10,1,4
ISRG,2021-02-10,10,2,5
ISRG,2021-02-10,10,3,4
ISRG,2021-02-10,10,4,6
ISRG,2021-02-10,10,5,5
ISRG,2021-02-10,10,6,5
ISRG,2021-02-10,10,7,6
ISRG,2021-02-10,10,8,6
ISRG,2021-02-10,10,9,9
ISRG,2021-02-10,10,10,7
ITW,2021-02-12,13,1,7
ITW,2021-02-12,13,2,3
ITW,2021-02-12,13,3,10
ITW,2021-02-12,13,4,9
ITW,2021-02-12,13,5,6
ITW,2021-02-12,13,6,7
ITW,2021-02-12,13,7,1
ITW,2021-02-12,13,8,8
ITW,2021-02-12,13,9,6
ITW,2021-02-12,13,10,5
ITW,2021-02-12,13,11,8
ITW,2021-02-12,13,12,1
ITW,2021-02-12,13,13,5
ITW,2022-02-11,13,1,8
ITW,2022-02-11,13,2,7
ITW,2022-02-11,13,3,6
ITW,2022-02-11,13,4,7
ITW,2022-02-11,13,5,4
ITW,2022-02-11,13,6,6
ITW,2022-02-11,13,7,4
ITW,2022-02-11,13,8,5
ITW,2022-02-11,13,9,5
ITW,2022-02-11,13,10,1
ITW,2022-02-11,13,11,3
ITW,2022-02-11,13,12,3
ITW,2022-02-11,13,13,2
ITW,2023-02-10,12,1,7
ITW,2023-02-10,12,2,1
ITW,2023-02-10,12,3,8
ITW,2023-02-10,12,4,5
ITW,2023-02-10,12,5,2
ITW,2023-02-10,12,6,3
ITW,2023-02-10,12,7,1
ITW,2023-02-10,12,8,7
ITW,2023-02-10,12,9,3
ITW,2023-02-10,12,10,3
ITW,2023-02-10,12,11,3
ITW,2023-02-10,12,12,2
ITW,2024-02-09,6,1,4
ITW,2024-02-09,6,2,2
ITW,2024-02-09,6,3,5
ITW,2024-02-09,6,4,8
ITW,2024-02-09,6,5,4
ITW,2024-02-09,6,6,3
IT,2021-02-24,13,1,7
IT,2021-02-24,13,2,6
IT,2021-02-24,13,3,6
IT,2021-02-24,13,4,5
IT,2021-02-24,13,5,4
IT,2021-02-24,13,6,5
IT,2021-02-24,13,7,4
IT,2021-02-24,13,8,4
IT,2021-02-24,13,9,4
IT,2021-02-24,13,10,3
IT,2021-02-24,13,11,7
IT,2021-02-24,13,12,3
IT,2021-02-24,13,13,3
IT,2022-02-23,15,1,8
IT,2022-02-23,15,2,6
IT,2022-02-23,15,3,6
IT,2022-02-23,15,4,5
IT,2022-02-23,15,5,3
IT,2022-02-23,15,6,5
IT,2022-02-23,15,7,2
IT,2022-02-23,15,8,5
IT,2022-02-23,15,9,6
IT,2022-02-23,15,10,2
IT,2022-02-23,15,11,3
IT,2022-02-23,15,12,3
IT,2022-02-23,15,13,4
IT,2022-02-23,15,14,2
IT,2022-02-23,15,15,2
IT,2023-02-16,18,1,8
IT,2023-02-16,18,2,1
IT,2023-02-16,18,3,6
IT,2023-02-16,18,4,7
IT,2023-02-16,18,5,2
IT,2023-02-16,18,6,8
IT,2023-02-16,18,7,4
IT,2023-02-16,18,8,7
IT,2023-02-16,18,9,7
IT,2023-02-16,18,10,8
IT,2023-02-16,18,11,1
IT,2023-02-16,18,12,1
IT,2023-02-16,18,13,6
IT,2023-02-16,18,14,9
IT,2023-02-16,18,15,6
IT,2023-02-16,18,16,5
IT,2023-02-16,18,17,4
IT,2023-02-16,18,18,2
IT,2024-02-15,8,1,5
IT,2024-02-15,8,2,4
IT,2024-02-15,8,3,2
IT,2024-02-15,8,4,6
IT,2024-02-15,8,5,6
IT,2024-02-15,8,6,4
IT,2024-02-15,8,7,3
IT,2024-02-15,8,8,3
IVZ,2021-02-19,16,1,8
IVZ,2021-02-19,16,2,8
IVZ,2021-02-19,16,3,6
IVZ,2021-02-19,16,4,5
IVZ,2021-02-19,16,5,6
IVZ,2021-02-19,16,6,5
IVZ,2021-02-19,16,7,2
IVZ,2021-02-19,16,8,2
IVZ,2021-02-19,16,9,3
IVZ,2021-02-19,16,10,6
IVZ,2021-02-19,16,11,1
IVZ,2021-02-19,16,12,6
IVZ,2021-02-19,16,13,7
IVZ,2021-02-19,16,14,5
IVZ,2021-02-19,16,15,6
IVZ,2021-02-19,16,16,4
IVZ,2022-02-18,16,1,7
IVZ,2022-02-18,16,2,9
IVZ,2022-02-18,16,3,6
IVZ,2022-02-18,16,4,6
IVZ,2022-02-18,16,5,6
IVZ,2022-02-18,16,6,4
IVZ,2022-02-18,16,7,3
IVZ,2022-02-18,16,8,2
IVZ,2022-02-18,16,9,2
IVZ,2022-02-18,16,10,6
IVZ,2022-02-18,16,11,1
IVZ,2022-02-18,16,12,5
IVZ,2022-02-18,16,13,5
IVZ,2022-02-18,16,14,7
IVZ,2022-02-18,16,15,5
IVZ,2022-02-18,16,16,2
IVZ,2023-02-23,11,1,6
IVZ,2023-02-23,11,2,7
IVZ,2023-02-23,11,3,4
IVZ,2023-02-23,11,4,3
IVZ,2023-02-23,11,5,3
IVZ,2023-02-23,11,6,2
IVZ,2023-02-23,11,7,2
IVZ,2023-02-23,11,8,-2
IVZ,2023-02-23,11,9,3
IVZ,2023-02-23,11,10,4
IVZ,2023-02-23,11,11,2
IVZ,2024-02-21,4,1,4
IVZ,2024-02-21,4,2,3
IVZ,2024-02-21,4,3,3
IVZ,2024-02-21,4,4,1
JBHT,2021-02-23,14,1,4
JBHT,2021-02-23,14,2,6
JBHT,2021-02-23,14,3,1
JBHT,2021-02-23,14,4,6
JBHT,2021-02-23,14,5,2
JBHT,2021-02-23,14,6,7
JBHT,2021-02-23,14,7,1
JBHT,2021-02-23,14,8,4
JBHT,2021-02-23,14,9,1
JBHT,2021-02-23,14,10,7
JBHT,2021-02-23,14,11,1
JBHT,2021-02-23,14,12,0
JBHT,2021-02-23,14,13,2
JBHT,2021-02-23,14,14,1
JBHT,2022-02-25,11,1,5
JBHT,2022-02-25,11,2,6
JBHT,2022-02-25,11,3,7
JBHT,2022-02-25,11,4,6
JBHT,2022-02-25,11,5,9
JBHT,2022-02-25,11,6,7
JBHT,2022-02-25,11,7,4
JBHT,2022-02-25,11,8,4
JBHT,2022-02-25,11,9,6
JBHT,2022-02-25,11,10,2
JBHT,2022-02-25,11,11,4
JBHT,2023-02-24,8,1,5
JBHT,2023-02-24,8,2,8
JBHT,2023-02-24,8,3,3
JBHT,2023-02-24,8,4,6
JBHT,2023-02-24,8,5,2
JBHT,2023-02-24,8,6,7
JBHT,2023-02-24,8,7,4
JBHT,2023-02-24,8,8,5
JBHT,2024-02-23,6,1,4
JBHT,2024-02-23,6,2,3
JBHT,2024-02-23,6,3,4
JBHT,2024-02-23,6,4,3
JBHT,2024-02-23,6,5,5
JBHT,2024-02-23,6,6,3
JBL,2021-10-22,8,1,8
JBL,2021-10-22,8,2,7
JBL,2021-10-22,8,3,7
JBL,2021-10-22,8,4,8
JBL,2021-10-22,8,5,10
JBL,2021-10-22,8,6,5
JBL,2021-10-22,8,7,6
JBL,2021-10-22,8,8,1
JBL,2022-10-25,15,1,7
JBL,2022-10-25,15,2,5
JBL,2022-10-25,15,3,1
JBL,2022-10-25,15,4,6
JBL,2022-10-25,15,5,5
JBL,2022-10-25,15,6,3
JBL,2022-10-25,15,7,3
JBL,2022-10-25,15,8,5
JBL,2022-10-25,15,9,3
JBL,2022-10-25,15,10,3
JBL,2022-10-25,15,11,4
JBL,2022-10-25,15,12,5
JBL,2022-10-25,15,13,3
JBL,2022-10-25,15,14,5
JBL,2022-10-25,15,15,5
JBL,2023-10-20,9,1,9
JBL,2023-10-20,9,2,6
JBL,2023-10-20,9,3,6
JBL,2023-10-20,9,4,3
JBL,2023-10-20,9,5,4
JBL,2023-10-20,9,6,3
JBL,2023-10-20,9,7,4
JBL,2023-10-20,9,8,7
JBL,2023-10-20,9,9,1
JBL,2024-10-28,5,1,5
JBL,2024-10-28,5,2,4
JBL,2024-10-28,5,3,4
JBL,2024-10-28,5,4,1
JBL,2024-10-28,5,5,5
JCI,2021-11-15,10,1,7
JCI,2021-11-15,10,2,3
JCI,2021-11-15,10,3,4
JCI,2021-11-15,10,4,6
JCI,2021-11-15,10,5,5
JCI,2021-11-15,10,6,4
JCI,2021-11-15,10,7,4
JCI,2021-11-15,10,8,5
JCI,2021-11-15,10,9,3
JCI,2021-11-15,10,10,4
JCI,2022-11-15,10,1,3
JCI,2022-11-15,10,2,5
JCI,2022-11-15,10,3,6
JCI,2022-11-15,10,4,4
JCI,2022-11-15,10,5,3
JCI,2022-11-15,10,6,0
JCI,2022-11-15,10,7,3
JCI,2022-11-15,10,8,3
JCI,2022-11-15,10,9,2
JCI,2022-11-15,10,10,3
JCI,2023-12-14,3,1,5
JCI,2023-12-14,3,2,4
JCI,2023-12-14,3,3,4
JCI,2024-11-19,3,1,6
JCI,2024-11-19,3,2,3
JCI,2024-11-19,3,3,4
JKHY,2021-08-25,8,1,3
JKHY,2021-08-25,8,2,6
JKHY,2021-08-25,8,3,5
JKHY,2021-08-25,8,4,3
JKHY,2021-08-25,8,5,2
JKHY,2021-08-25,8,6,2
JKHY,2021-08-25,8,7,1
JKHY,2021-08-25,8,8,5
JKHY,2022-08-25,12,1,3
JKHY,2022-08-25,12,2,6
JKHY,2022-08-25,12,3,6
JKHY,2022-08-25,12,4,5
JKHY,2022-08-25,12,5,2
JKHY,2022-08-25,12,6,2
JKHY,2022-08-25,12,7,2
JKHY,2022-08-25,12,8,-1
JKHY,2022-08-25,12,9,-2
JKHY,2022-08-25,12,10,-4
JKHY,2022-08-25,12,11,7
JKHY,2022-08-25,12,12,5
JKHY,2023-08-24,5,1,3
JKHY,2023-08-24,5,2,5
JKHY,2023-08-24,5,3,6
JKHY,2023-08-24,5,4,3
JKHY,2023-08-24,5,5,1
JKHY,2024-08-26,5,1,3
JKHY,2024-08-26,5,2,4
JKHY,2024-08-26,5,3,4
JKHY,2024-08-26,5,4,3
JKHY,2024-08-26,5,5,1
JNJ,2021-02-22,9,1,6
JNJ,2021-02-22,9,2,6
JNJ,2021-02-22,9,3,2
JNJ,2021-02-22,9,4,1
JNJ,2021-02-22,9,5,2
JNJ,2021-02-22,9,6,4
JNJ,2021-02-22,9,7,1
JNJ,2021-02-22,9,8,5
JNJ,2021-02-22,9,9,1
JNJ,2022-02-17,12,1,5
JNJ,2022-02-17,12,2,2
JNJ,2022-02-17,12,3,5
JNJ,2022-02-17,12,4,2
JNJ,2022-02-17,12,5,4
JNJ,2022-02-17,12,6,1
JNJ,2022-02-17,12,7,2
JNJ,2022-02-17,12,8,7
JNJ,2022-02-17,12,9,2
JNJ,2022-02-17,12,10,5
JNJ,2022-02-17,12,11,1
JNJ,2022-02-17,12,12,1
JNJ,2023-02-16,10,1,5
JNJ,2023-02-16,10,2,4
JNJ,2023-02-16,10,3,8
JNJ,2023-02-16,10,4,3
JNJ,2023-02-16,10,5,1
JNJ,2023-02-16,10,6,3
JNJ,2023-02-16,10,7,3
JNJ,2023-02-16,10,8,5
JNJ,2023-02-16,10,9,2
JNJ,2023-02-16,10,10,4
JNJ,2024-02-16,7,1,2
JNJ,2024-02-16,7,2,1
JNJ,2024-02-16,7,3,5
JNJ,2024-02-16,7,4,1
JNJ,2024-02-16,7,5,1
JNJ,2024-02-16,7,6,2
JNJ,2024-02-16,7,7,1
JNPR,2022-02-11,10,1,5
JNPR,2022-02-11,10,2,6
JNPR,2022-02-11,10,3,2
JNPR,2022-02-11,10,4,5
JNPR,2022-02-11,10,5,4
JNPR,2022-02-11,10,6,5
JNPR,2022-02-11,10,7,3
JNPR,2022-02-11,10,8,2
JNPR,2022-02-11,10,9,4
JNPR,2022-02-11,10,10,-3
JNPR,2023-02-10,10,1,5
JNPR,2023-02-10,10,2,5
JNPR,2023-02-10,10,3,8
JNPR,2023-02-10,10,4,4
JNPR,2023-02-10,10,5,3
JNPR,2023-02-10,10,6,2
JNPR,2023-02-10,10,7,4
JNPR,2023-02-10,10,8,4
JNPR,2023-02-10,10,9,5
JNPR,2023-02-10,10,10,7
JNPR,2024-02-07,6,1,3
JNPR,2024-02-07,6,2,4
JNPR,2024-02-07,6,3,6
JNPR,2024-02-07,6,4,4
JNPR,2024-02-07,6,5,3
JNPR,2024-02-07,6,6,2
JPM,2021-02-23,9,1,8
JPM,2021-02-23,9,2,8
JPM,2021-02-23,9,3,8
JPM,2021-02-23,9,4,4
JPM,2021-02-23,9,5,5
JPM,2021-02-23,9,6,2
JPM,2021-02-23,9,7,3
JPM,2021-02-23,9,8,3
JPM,2021-02-23,9,9,3
JPM,2022-02-22,6,1,5
JPM,2022-02-22,6,2,9
JPM,2022-02-22,6,3,9
JPM,2022-02-22,6,4,8
JPM,2022-02-22,6,5,5
JPM,2022-02-22,6,6,4
JPM,2023-02-21,5,1,3
JPM,2023-02-21,5,2,4
JPM,2023-02-21,5,3,5
JPM,2023-02-21,5,4,2
JPM,2023-02-21,5,5,9
JPM,2024-02-16,5,1,4
JPM,2024-02-16,5,2,4
JPM,2024-02-16,5,3,5
JPM,2024-02-16,5,4,4
JPM,2024-02-16,5,5,5
J,2021-11-23,15,1,9
J,2021-11-23,15,2,5
J,2021-11-23,15,3,5
J,2021-11-23,15,4,6
J,2021-11-23,15,5,6
J,2021-11-23,15,6,4
J,2021-11-23,15,7,1
J,2021-11-23,15,8,2
J,2021-11-23,15,9,2
J,2021-11-23,15,10,6
J,2021-11-23,15,11,5
J,2021-11-23,15,12,5
J,2021-11-23,15,13,3
J,2021-11-23,15,14,3
J,2021-11-23,15,15,4
J,2022-11-21,10,1,6
J,2022-11-21,10,2,4
J,2022-11-21,10,3,4
J,2022-11-21,10,4,4
J,2022-11-21,10,5,5
J,2022-11-21,10,6,5
J,2022-11-21,10,7,2
J,2022-11-21,10,8,5
J,2022-11-21,10,9,4
J,2022-11-21,10,10,6
J,2023-11-21,3,1,6
J,2023-11-21,3,2,4
J,2023-11-21,3,3,6
J,2024-11-25,5,1,5
J,2024-11-25,5,2,5
J,2024-11-25,5,3,5
J,2024-11-25,5,4,4
J,2024-11-25,5,5,4
KDP,2021-02-25,11,1,5
KDP,2021-02-25,11,2,5
KDP,2021-02-25,11,3,5
KDP,2021-02-25,11,4,3
KDP,2021-02-25,11,5,3
KDP,2021-02-25,11,6,-1
KDP,2021-02-25,11,7,0
KDP,2021-02-25,11,8,5
KDP,2021-02-25,11,9,2
KDP,2021-02-25,11,10,2
KDP,2021-02-25,11,11,3
KDP,2022-02-24,17,1,7
KDP,2022-02-24,17,2,8
KDP,2022-02-24,17,3,8
KDP,2022-02-24,17,4,7
KDP,2022-02-24,17,5,5
KDP,2022-02-24,17,6,7
KDP,2022-02-24,17,7,6
KDP,2022-02-24,17,8,1
KDP,2022-02-24,17,9,4
KDP,2022-02-24,17,10,2
KDP,2022-02-24,17,11,8
KDP,2022-02-24,17,12,7
KDP,2022-02-24,17,13,7
KDP,2022-02-24,17,14,8
KDP,2022-02-24,17,15,4
KDP,2022-02-24,17,16,7
KDP,2022-02-24,17,17,5
KDP,2023-02-23,5,1,9
KDP,2023-02-23,5,2,9
KDP,2023-02-23,5,3,2
KDP,2023-02-23,5,4,9
KDP,2023-02-23,5,5,7
KDP,2024-02-22,4,1,3
KDP,2024-02-22,4,2,4
KDP,2024-02-22,4,3,2
KDP,2024-02-22,4,4,2
KEYS,2021-12-17,19,1,7
KEYS,2021-12-17,19,2,3
KEYS,2021-12-17,19,3,1
KEYS,2021-12-17,19,4,3
KEYS,2021-12-17,19,5,2
KEYS,2021-12-17,19,6,4
KEYS,2021-12-17,19,7,4
KEYS,2021-12-17,19,8,3
KEYS,2021-12-17,19,9,4
KEYS,2021-12-17,19,10,4
KEYS,2021-12-17,19,11,2
KEYS,2021-12-17,19,12,2
KEYS,2021-12-17,19,13,1
KEYS,2021-12-17,19,14,2
KEYS,2021-12-17,19,15,5
KEYS,2021-12-17,19,16,4
KEYS,2021-12-17,19,17,2
KEYS,2021-12-17,19,18,1
KEYS,2021-12-17,19,19,1
KEYS,2022-12-15,9,1,2
KEYS,2022-12-15,9,2,6
KEYS,2022-12-15,9,3,4
KEYS,2022-12-15,9,4,7
KEYS,2022-12-15,9,5,3
KEYS,2022-12-15,9,6,2
KEYS,2022-12-15,9,7,1
KEYS,2022-12-15,9,8,4
KEYS,2022-12-15,9,9,0
KEYS,2023-12-15,4,1,6
KEYS,2023-12-15,4,2,5
KEYS,2023-12-15,4,3,2
KEYS,2023-12-15,4,4,2
KEY,2024-02-22,2,1,1
KEY,2024-02-22,2,2,2
KHC,2021-02-17,25,1,4
KHC,2021-02-17,25,2,7
KHC,2021-02-17,25,3,4
KHC,2021-02-17,25,4,5
KHC,2021-02-17,25,5,4
KHC,2021-02-17,25,6,6
KHC,2021-02-17,25,7,6
KHC,2021-02-17,25,8,3
KHC,2021-02-17,25,9,3
KHC,2021-02-17,25,10,5
KHC,2021-02-17,25,11,3
KHC,2021-02-17,25,12,4
KHC,2021-02-17,25,13,5
KHC,2021-02-17,25,14,3
KHC,2021-02-17,25,15,3
KHC,2021-02-17,25,16,2
KHC,2021-02-17,25,17,1
KHC,2021-02-17,25,18,2
KHC,2021-02-17,25,19,1
KHC,2021-02-17,25,20,4
KHC,2021-02-17,25,21,3
KHC,2021-02-17,25,22,1
KHC,2021-02-17,25,23,0
KHC,2021-02-17,25,24,2
KHC,2021-02-17,25,25,4
KHC,2022-02-17,21,1,7
KHC,2022-02-17,21,2,7
KHC,2022-02-17,21,3,7
KHC,2022-02-17,21,4,6
KHC,2022-02-17,21,5,7
KHC,2022-02-17,21,6,5
KHC,2022-02-17,21,7,4
KHC,2022-02-17,21,8,5
KHC,2022-02-17,21,9,6
KHC,2022-02-17,21,10,3
KHC,2022-02-17,21,11,5
KHC,2022-02-17,21,12,6
KHC,2022-02-17,21,13,3
KHC,2022-02-17,21,14,3
KHC,2022-02-17,21,15,4
KHC,2022-02-17,21,16,4
KHC,2022-02-17,21,17,5
KHC,2022-02-17,21,18,3
KHC,2022-02-17,21,19,5
KHC,2022-02-17,21,20,6
KHC,2022-02-17,21,21,7
KHC,2023-02-16,5,1,6
KHC,2023-02-16,5,2,3
KHC,2023-02-16,5,3,4
KHC,2023-02-16,5,4,5
KHC,2023-02-16,5,5,7
KHC,2024-02-15,4,1,4
KHC,2024-02-15,4,2,2
KHC,2024-02-15,4,3,4
KHC,2024-02-15,4,4,0
KIM,2021-02-23,29,1,3
KIM,2021-02-23,29,2,4
KIM,2021-02-23,29,3,5
KIM,2021-02-23,29,4,3
KIM,2021-02-23,29,5,4
KIM,2021-02-23,29,6,5
KIM,2021-02-23,29,7,8
KIM,2021-02-23,29,8,1
KIM,2021-02-23,29,9,4
KIM,2021-02-23,29,10,4
KIM,2021-02-23,29,11,6
KIM,2021-02-23,29,12,7
KIM,2021-02-23,29,13,8
KIM,2021-02-23,29,14,5
KIM,2021-02-23,29,15,4
KIM,2021-02-23,29,16,5
KIM,2021-02-23,29,17,4
KIM,2021-02-23,29,18,4
KIM,2021-02-23,29,19,4
KIM,2021-02-23,29,20,4
KIM,2021-02-23,29,21,4
KIM,2021-02-23,29,22,5
KIM,2021-02-23,29,23,5
KIM,2021-02-23,29,24,6
KIM,2021-02-23,29,25,4
KIM,2021-02-23,29,26,4
KIM,2021-02-23,29,27,4
KIM,2021-02-23,29,28,4
KIM,2021-02-23,29,29,5
KIM,2024-02-26,6,1,4
KIM,2024-02-26,6,2,3
KIM,2024-02-26,6,3,3
KIM,2024-02-26,6,4,4
KIM,2024-02-26,6,5,3
KIM,2024-02-26,6,6,2
KKR,2021-02-19,5,1,6
KKR,2021-02-19,5,2,8
KKR,2021-02-19,5,3,8
KKR,2021-02-19,5,4,4
KKR,2021-02-19,5,5,5
KKR,2022-02-28,7,1,9
KKR,2022-02-28,7,2,8
KKR,2022-02-28,7,3,7
KKR,2022-02-28,7,4,4
KKR,2022-02-28,7,5,4
KKR,2022-02-28,7,6,2
KKR,2022-02-28,7,7,0
KKR,2023-02-27,6,1,7
KKR,2023-02-27,6,2,6
KKR,2023-02-27,6,3,5
KKR,2023-02-27,6,4,4
KKR,2023-02-27,6,5,7
KKR,2023-02-27,6,6,8
KKR,2024-02-29,4,1,6
KKR,2024-02-29,4,2,4
KKR,2024-02-29,4,3,3
KKR,2024-02-29,4,4,2
KLAC,2021-08-06,13,1,7
KLAC,2021-08-06,13,2,7
KLAC,2021-08-06,13,3,7
KLAC,2021-08-06,13,4,3
KLAC,2021-08-06,13,5,4
KLAC,2021-08-06,13,6,4
KLAC,2021-08-06,13,7,7
KLAC,2021-08-06,13,8,5
KLAC,2021-08-06,13,9,1
KLAC,2021-08-06,13,10,2
KLAC,2021-08-06,13,11,4
KLAC,2021-08-06,13,12,4
KLAC,2021-08-06,13,13,6
KLAC,2022-08-05,8,1,9
KLAC,2022-08-05,8,2,3
KLAC,2022-08-05,8,3,7
KLAC,2022-08-05,8,4,3
KLAC,2022-08-05,8,5,1
KLAC,2022-08-05,8,6,6
KLAC,2022-08-05,8,7,5
KLAC,2022-08-05,8,8,1
KLAC,2023-08-04,4,1,5
KLAC,2023-08-04,4,2,5
KLAC,2023-08-04,4,3,6
KLAC,2023-08-04,4,4,5
KLAC,2024-08-05,3,1,5
KLAC,2024-08-05,3,2,6
KLAC,2024-08-05,3,3,1
KMB,2021-02-11,19,1,4
KMB,2021-02-11,19,2,7
KMB,2021-02-11,19,3,2
KMB,2021-02-11,19,4,6
KMB,2021-02-11,19,5,4
KMB,2021-02-11,19,6,2
KMB,2021-02-11,19,7,2
KMB,2021-02-11,19,8,5
KMB,2021-02-11,19,9,5
KMB,2021-02-11,19,10,3
KMB,2021-02-11,19,11,5
KMB,2021-02-11,19,12,6
KMB,2021-02-11,19,13,1
KMB,2021-02-11,19,14,6
KMB,2021-02-11,19,15,7
KMB,2021-02-11,19,16,7
KMB,2021-02-11,19,17,8
KMB,2021-02-11,19,18,9
KMB,2021-02-11,19,19,8
KMB,2022-02-10,16,1,6
KMB,2022-02-10,16,2,4
KMB,2022-02-10,16,3,9
KMB,2022-02-10,16,4,4
KMB,2022-02-10,16,5,5
KMB,2022-02-10,16,6,5
KMB,2022-02-10,16,7,7
KMB,2022-02-10,16,8,6
KMB,2022-02-10,16,9,5
KMB,2022-02-10,16,10,4
KMB,2022-02-10,16,11,7
KMB,2022-02-10,16,12,7
KMB,2022-02-10,16,13,8
KMB,2022-02-10,16,14,8
KMB,2022-02-10,16,15,6
KMB,2022-02-10,16,16,6
KMB,2023-02-09,10,1,3
KMB,2023-02-09,10,2,8
KMB,2023-02-09,10,3,1
KMB,2023-02-09,10,4,3
KMB,2023-02-09,10,5,5
KMB,2023-02-09,10,6,6
KMB,2023-02-09,10,7,3
KMB,2023-02-09,10,8,4
KMB,2023-02-09,10,9,5
KMB,2023-02-09,10,10,5
KMB,2024-02-08,12,1,3
KMB,2024-02-08,12,2,1
KMB,2024-02-08,12,3,6
KMB,2024-02-08,12,4,1
KMB,2024-02-08,12,5,3
KMB,2024-02-08,12,6,1
KMB,2024-02-08,12,7,2
KMB,2024-02-08,12,8,0
KMB,2024-02-08,12,9,2
KMB,2024-02-08,12,10,1
KMB,2024-02-08,12,11,3
KMB,2024-02-08,12,12,1
KMI,2021-02-05,11,1,7
KMI,2021-02-05,11,2,8
KMI,2021-02-05,11,3,9
KMI,2021-02-05,11,4,7
KMI,2021-02-05,11,5,8
KMI,2021-02-05,11,6,3
KMI,2021-02-05,11,7,6
KMI,2021-02-05,11,8,7
KMI,2021-02-05,11,9,4
KMI,2021-02-05,11,10,3
KMI,2021-02-05,11,11,3
KMI,2022-02-07,10,1,6
KMI,2022-02-07,10,2,6
KMI,2022-02-07,10,3,6
KMI,2022-02-07,10,4,6
KMI,2022-02-07,10,5,5
KMI,2022-02-07,10,6,3
KMI,2022-02-07,10,7,2
KMI,2022-02-07,10,8,4
KMI,2022-02-07,10,9,1
KMI,2022-02-07,10,10,4
KMI,2024-02-20,6,1,4
KMI,2024-02-20,6,2,1
KMI,2024-02-20,6,3,4
KMI,2024-02-20,6,4,6
KMI,2024-02-20,6,5,3
KMI,2024-02-20,6,6,6
KMX,2021-04-20,15,1,6
KMX,2021-04-20,15,2,4
KMX,2021-04-20,15,3,5
KMX,2021-04-20,15,4,3
KMX,2021-04-20,15,5,5
KMX,2021-04-20,15,6,6
KMX,2021-04-20,15,7,5
KMX,2021-04-20,15,8,1
KMX,2021-04-20,15,9,5
KMX,2021-04-20,15,10,4
KMX,2021-04-20,15,11,5
KMX,2021-04-20,15,12,6
KMX,2021-04-20,15,13,-2
KMX,2021-04-20,15,14,5
KMX,2021-04-20,15,15,3
KMX,2022-04-14,12,1,6
KMX,2022-04-14,12,2,4
KMX,2022-04-14,12,3,5
KMX,2022-04-14,12,4,4
KMX,2022-04-14,12,5,7
KMX,2022-04-14,12,6,9
KMX,2022-04-14,12,7,8
KMX,2022-04-14,12,8,7
KMX,2022-04-14,12,9,8
KMX,2022-04-14,12,10,3
KMX,2022-04-14,12,11,4
KMX,2022-04-14,12,12,5
KMX,2023-04-13,5,1,8
KMX,2023-04-13,5,2,4
KMX,2023-04-13,5,3,4
KMX,2023-04-13,5,4,5
KMX,2023-04-13,5,5,4
KMX,2024-04-15,1,1,4
KO,2021-02-25,10,1,8
KO,2021-02-25,10,2,7
KO,2021-02-25,10,3,6
KO,2021-02-25,10,4,3
KO,2021-02-25,10,5,5
KO,2021-02-25,10,6,5
KO,2021-02-25,10,7,5
KO,2021-02-25,10,8,5
KO,2021-02-25,10,9,1
KO,2021-02-25,10,10,5
KO,2022-02-22,23,1,8
KO,2022-02-22,23,2,7
KO,2022-02-22,23,3,5
KO,2022-02-22,23,4,3
KO,2022-02-22,23,5,7
KO,2022-02-22,23,6,4
KO,2022-02-22,23,7,4
KO,2022-02-22,23,8,8
KO,2022-02-22,23,9,8
KO,2022-02-22,23,10,5
KO,2022-02-22,23,11,4
KO,2022-02-22,23,12,5
KO,2022-02-22,23,13,2
KO,2022-02-22,23,14,7
KO,2022-02-22,23,15,8
KO,2022-02-22,23,16,7
KO,2022-02-22,23,17,-1
KO,2022-02-22,23,18,1
KO,2022-02-22,23,19,-2
KO,2022-02-22,23,20,1
KO,2022-02-22,23,21,-2
KO,2022-02-22,23,22,-2
KO,2022-02-22,23,23,3
KO,2023-02-21,11,1,6
KO,2023-02-21,11,2,7
KO,2023-02-21,11,3,6
KO,2023-02-21,11,4,3
KO,2023-02-21,11,5,4
KO,2023-02-21,11,6,6
KO,2023-02-21,11,7,6
KO,2023-02-21,11,8,5
KO,2023-02-21,11,9,4
KO,2023-02-21,11,10,5
KO,2023-02-21,11,11,3
KO,2024-02-20,2,1,4
KO,2024-02-20,2,2,4
KR,2021-03-30,13,1,5
KR,2021-03-30,13,2,2
KR,2021-03-30,13,3,4
KR,2021-03-30,13,4,2
KR,2021-03-30,13,5,6
KR,2021-03-30,13,6,5
KR,2021-03-30,13,7,6
KR,2021-03-30,13,8,3
KR,2021-03-30,13,9,2
KR,2021-03-30,13,10,7
KR,2021-03-30,13,11,3
KR,2021-03-30,13,12,4
KR,2021-03-30,13,13,5
KR,2022-03-29,11,1,4
KR,2022-03-29,11,2,4
KR,2022-03-29,11,3,5
KR,2022-03-29,11,4,1
KR,2022-03-29,11,5,7
KR,2022-03-29,11,6,8
KR,2022-03-29,11,7,2
KR,2022-03-29,11,8,8
KR,2022-03-29,11,9,8
KR,2022-03-29,11,10,7
KR,2022-03-29,11,11,5
KR,2023-03-28,8,1,5
KR,2023-03-28,8,2,2
KR,2023-03-28,8,3,8
KR,2023-03-28,8,4,6
KR,2023-03-28,8,5,6
KR,2023-03-28,8,6,5
KR,2023-03-28,8,7,6
KR,2023-03-28,8,8,5
KR,2024-04-02,6,1,2
KR,2024-04-02,6,2,4
KR,2024-04-02,6,3,4
KR,2024-04-02,6,4,3
KR,2024-04-02,6,5,4
KR,2024-04-02,6,6,4
KVUE,2024-03-01,4,1,3
KVUE,2024-03-01,4,2,3
KVUE,2024-03-01,4,3,5
KVUE,2024-03-01,4,4,4
K,2021-02-22,14,1,8
K,2021-02-22,14,2,8
K,2021-02-22,14,3,7
K,2021-02-22,14,4,5
K,2021-02-22,14,5,6
K,2021-02-22,14,6,2
K,2021-02-22,14,7,6
K,2021-02-22,14,8,6
K,2021-02-22,14,9,5
K,2021-02-22,14,10,5
K,2021-02-22,14,11,2
K,2021-02-22,14,12,5
K,2021-02-22,14,13,6
K,2021-02-22,14,14,6
K,2022-02-22,14,1,8
K,2022-02-22,14,2,6
K,2022-02-22,14,3,8
K,2022-02-22,14,4,7
K,2022-02-22,14,5,6
K,2022-02-22,14,6,6
K,2022-02-22,14,7,4
K,2022-02-22,14,8,5
K,2022-02-22,14,9,5
K,2022-02-22,14,10,1
K,2022-02-22,14,11,4
K,2022-02-22,14,12,4
K,2022-02-22,14,13,4
K,2022-02-22,14,14,3
K,2023-02-21,14,1,8
K,2023-02-21,14,2,5
K,2023-02-21,14,3,7
K,2023-02-21,14,4,4
K,2023-02-21,14,5,3
K,2023-02-21,14,6,6
K,2023-02-21,14,7,5
K,2023-02-21,14,8,5
K,2023-02-21,14,9,3
K,2023-02-21,14,10,3
K,2023-02-21,14,11,4
K,2023-02-21,14,12,6
K,2023-02-21,14,13,1
K,2023-02-21,14,14,2
K,2024-02-20,7,1,5
K,2024-02-20,7,2,4
K,2024-02-20,7,3,5
K,2024-02-20,7,4,4
K,2024-02-20,7,5,4
K,2024-02-20,7,6,5
K,2024-02-20,7,7,4
LDOS,2021-02-23,11,1,4
LDOS,2021-02-23,11,2,5
LDOS,2021-02-23,11,3,4
LDOS,2021-02-23,11,4,4
LDOS,2021-02-23,11,5,3
LDOS,2021-02-23,11,6,4
LDOS,2021-02-23,11,7,7
LDOS,2021-02-23,11,8,5
LDOS,2021-02-23,11,9,5
LDOS,2021-02-23,11,10,4
LDOS,2021-02-23,11,11,3
LDOS,2022-02-15,11,1,5
LDOS,2022-02-15,11,2,7
LDOS,2022-02-15,11,3,7
LDOS,2022-02-15,11,4,7
LDOS,2022-02-15,11,5,6
LDOS,2022-02-15,11,6,7
LDOS,2022-02-15,11,7,4
LDOS,2022-02-15,11,8,4
LDOS,2022-02-15,11,9,1
LDOS,2022-02-15,11,10,5
LDOS,2022-02-15,11,11,4
LDOS,2023-02-14,9,1,4
LDOS,2023-02-14,9,2,5
LDOS,2023-02-14,9,3,7
LDOS,2023-02-14,9,4,6
LDOS,2023-02-14,9,5,7
LDOS,2023-02-14,9,6,7
LDOS,2023-02-14,9,7,1
LDOS,2023-02-14,9,8,6
LDOS,2023-02-14,9,9,4
LDOS,2024-02-13,6,1,4
LDOS,2024-02-13,6,2,4
LDOS,2024-02-13,6,3,5
LDOS,2024-02-13,6,4,3
LDOS,2024-02-13,6,5,4
LDOS,2024-02-13,6,6,3
LEN,2021-01-22,12,1,5
LEN,2021-01-22,12,2,4
LEN,2021-01-22,12,3,6
LEN,2021-01-22,12,4,1
LEN,2021-01-22,12,5,4
LEN,2021-01-22,12,6,5
LEN,2021-01-22,12,7,2
LEN,2021-01-22,12,8,4
LEN,2021-01-22,12,9,3
LEN,2021-01-22,12,10,5
LEN,2021-01-22,12,11,2
LEN,2021-01-22,12,12,2
LEN,2022-01-28,11,1,7
LEN,2022-01-28,11,2,4
LEN,2022-01-28,11,3,5
LEN,2022-01-28,11,4,4
LEN,2022-01-28,11,5,3
LEN,2022-01-28,11,6,2
LEN,2022-01-28,11,7,1
LEN,2022-01-28,11,8,5
LEN,2022-01-28,11,9,4
LEN,2022-01-28,11,10,3
LEN,2022-01-28,11,11,3
LEN,2023-01-26,8,1,4
LEN,2023-01-26,8,2,1
LEN,2023-01-26,8,3,6
LEN,2023-01-26,8,4,1
LEN,2023-01-26,8,5,5
LEN,2023-01-26,8,6,4
LEN,2023-01-26,8,7,3
LEN,2023-01-26,8,8,5
LEN,2024-01-26,4,1,5
LEN,2024-01-26,4,2,0
LEN,2024-01-26,4,3,6
LEN,2024-01-26,4,4,4
LHX,2023-02-24,5,1,3
LHX,2023-02-24,5,2,2
LHX,2023-02-24,5,3,4
LHX,2023-02-24,5,4,9
LHX,2023-02-24,5,5,5
LHX,2024-02-20,3,1,4
LHX,2024-02-20,3,2,4
LHX,2024-02-20,3,3,4
LH,2021-02-25,13,1,7
LH,2021-02-25,13,2,6
LH,2021-02-25,13,3,4
LH,2021-02-25,13,4,6
LH,2021-02-25,13,5,5
LH,2021-02-25,13,6,4
LH,2021-02-25,13,7,6
LH,2021-02-25,13,8,4
LH,2021-02-25,13,9,5
LH,2021-02-25,13,10,4
LH,2021-02-25,13,11,2
LH,2021-02-25,13,12,2
LH,2021-02-25,13,13,2
LH,2022-02-25,16,1,7
LH,2022-02-25,16,2,7
LH,2022-02-25,16,3,7
LH,2022-02-25,16,4,4
LH,2022-02-25,16,5,4
LH,2022-02-25,16,6,4
LH,2022-02-25,16,7,5
LH,2022-02-25,16,8,5
LH,2022-02-25,16,9,3
LH,2022-02-25,16,10,3
LH,2022-02-25,16,11,3
LH,2022-02-25,16,12,4
LH,2022-02-25,16,13,4
LH,2022-02-25,16,14,4
LH,2022-02-25,16,15,1
LH,2022-02-25,16,16,3
LH,2023-02-28,16,1,3
LH,2023-02-28,16,2,4
LH,2023-02-28,16,3,8
LH,2023-02-28,16,4,7
LH,2023-02-28,16,5,5
LH,2023-02-28,16,6,7
LH,2023-02-28,16,7,6
LH,2023-02-28,16,8,6
LH,2023-02-28,16,9,7
LH,2023-02-28,16,10,5
LH,2023-02-28,16,11,4
LH,2023-02-28,16,12,5
LH,2023-02-28,16,13,6
LH,2023-02-28,16,14,4
LH,2023-02-28,16,15,6
LH,2023-02-28,16,16,6
LH,2024-02-26,3,1,4
LH,2024-02-26,3,2,4
LH,2024-02-26,3,3,4
LII,2021-02-16,12,1,5
LII,2021-02-16,12,2,6
LII,2021-02-16,12,3,7
LII,2021-02-16,12,4,7
LII,2021-02-16,12,5,5
LII,2021-02-16,12,6,4
LII,2021-02-16,12,7,7
LII,2021-02-16,12,8,2
LII,2021-02-16,12,9,4
LII,2021-02-16,12,10,5
LII,2021-02-16,12,11,3
LII,2021-02-16,12,12,4
LII,2022-02-15,13,1,4
LII,2022-02-15,13,2,5
LII,2022-02-15,13,3,4
LII,2022-02-15,13,4,7
LII,2022-02-15,13,5,5
LII,2022-02-15,13,6,5
LII,2022-02-15,13,7,1
LII,2022-02-15,13,8,3
LII,2022-02-15,13,9,5
LII,2022-02-15,13,10,4
LII,2022-02-15,13,11,2
LII,2022-02-15,13,12,5
LII,2022-02-15,13,13,1
LII,2023-02-21,12,1,7
LII,2023-02-21,12,2,3
LII,2023-02-21,12,3,8
LII,2023-02-21,12,4,5
LII,2023-02-21,12,5,6
LII,2023-02-21,12,6,1
LII,2023-02-21,12,7,5
LII,2023-02-21,12,8,1
LII,2023-02-21,12,9,6
LII,2023-02-21,12,10,2
LII,2023-02-21,12,11,1
LII,2023-02-21,12,12,1
LII,2024-02-13,5,1,8
LII,2024-02-13,5,2,6
LII,2024-02-13,5,3,2
LII,2024-02-13,5,4,2
LII,2024-02-13,5,5,4
LIN,2021-03-01,7,1,7
LIN,2021-03-01,7,2,6
LIN,2021-03-01,7,3,7
LIN,2021-03-01,7,4,7
LIN,2021-03-01,7,5,3
LIN,2021-03-01,7,6,5
LIN,2021-03-01,7,7,8
LIN,2022-02-28,8,1,6
LIN,2022-02-28,8,2,7
LIN,2022-02-28,8,3,5
LIN,2022-02-28,8,4,6
LIN,2022-02-28,8,5,9
LIN,2022-02-28,8,6,4
LIN,2022-02-28,8,7,5
LIN,2022-02-28,8,8,2
LIN,2023-02-28,3,1,6
LIN,2023-02-28,3,2,3
LIN,2023-02-28,3,3,3
LIN,2024-02-28,5,1,4
LIN,2024-02-28,5,2,5
LIN,2024-02-28,5,3,4
LIN,2024-02-28,5,4,-4
LIN,2024-02-28,5,5,5
LKQ,2021-02-26,10,1,7
LKQ,2021-02-26,10,2,4
LKQ,2021-02-26,10,3,8
LKQ,2021-02-26,10,4,1
LKQ,2021-02-26,10,5,4
LKQ,2021-02-26,10,6,3
LKQ,2021-02-26,10,7,4
LKQ,2021-02-26,10,8,5
LKQ,2021-02-26,10,9,5
LKQ,2021-02-26,10,10,3
LKQ,2022-02-25,9,1,8
LKQ,2022-02-25,9,2,5
LKQ,2022-02-25,9,3,6
LKQ,2022-02-25,9,4,6
LKQ,2022-02-25,9,5,5
LKQ,2022-02-25,9,6,9
LKQ,2022-02-25,9,7,2
LKQ,2022-02-25,9,8,2
LKQ,2022-02-25,9,9,5
LKQ,2023-02-23,9,1,5
LKQ,2023-02-23,9,2,4
LKQ,2023-02-23,9,3,4
LKQ,2023-02-23,9,4,4
LKQ,2023-02-23,9,5,4
LKQ,2023-02-23,9,6,3
LKQ,2023-02-23,9,7,8
LKQ,2023-02-23,9,8,-2
LKQ,2023-02-23,9,9,0
LKQ,2024-02-22,7,1,4
LKQ,2024-02-22,7,2,3
LKQ,2024-02-22,7,3,0
LKQ,2024-02-22,7,4,4
LKQ,2024-02-22,7,5,4
LKQ,2024-02-22,7,6,1
LKQ,2024-02-22,7,7,2
LLY,2021-02-17,11,1,4
LLY,2021-02-17,11,2,5
LLY,2021-02-17,11,3,4
LLY,2021-02-17,11,4,4
LLY,2021-02-17,11,5,4
LLY,2021-02-17,11,6,5
LLY,2021-02-17,11,7,1
LLY,2021-02-17,11,8,3
LLY,2021-02-17,11,9,5
LLY,2021-02-17,11,10,4
LLY,2021-02-17,11,11,3
LLY,2022-02-23,12,1,5
LLY,2022-02-23,12,2,6
LLY,2022-02-23,12,3,6
LLY,2022-02-23,12,4,1
LLY,2022-02-23,12,5,5
LLY,2022-02-23,12,6,4
LLY,2022-02-23,12,7,4
LLY,2022-02-23,12,8,2
LLY,2022-02-23,12,9,3
LLY,2022-02-23,12,10,3
LLY,2022-02-23,12,11,4
LLY,2022-02-23,12,12,8
LLY,2023-02-22,12,1,6
LLY,2023-02-22,12,2,7
LLY,2023-02-22,12,3,5
LLY,2023-02-22,12,4,8
LLY,2023-02-22,12,5,9
LLY,2023-02-22,12,6,6
LLY,2023-02-22,12,7,6
LLY,2023-02-22,12,8,7
LLY,2023-02-22,12,9,5
LLY,2023-02-22,12,10,4
LLY,2023-02-22,12,11,5
LLY,2023-02-22,12,12,8
LLY,2024-02-21,3,1,6
LLY,2024-02-21,3,2,4
LLY,2024-02-21,3,3,4
LMT,2021-01-28,20,1,3
LMT,2021-01-28,20,2,8
LMT,2021-01-28,20,3,8
LMT,2021-01-28,20,4,6
LMT,2021-01-28,20,5,4
LMT,2021-01-28,20,6,9
LMT,2021-01-28,20,7,5
LMT,2021-01-28,20,8,7
LMT,2021-01-28,20,9,7
LMT,2021-01-28,20,10,2
LMT,2021-01-28,20,11,3
LMT,2021-01-28,20,12,3
LMT,2021-01-28,20,13,2
LMT,2021-01-28,20,14,5
LMT,2021-01-28,20,15,2
LMT,2021-01-28,20,16,7
LMT,2021-01-28,20,17,5
LMT,2021-01-28,20,18,4
LMT,2021-01-28,20,19,5
LMT,2021-01-28,20,20,2
LMT,2022-01-25,8,1,6
LMT,2022-01-25,8,2,6
LMT,2022-01-25,8,3,8
LMT,2022-01-25,8,4,5
LMT,2022-01-25,8,5,4
LMT,2022-01-25,8,6,5
LMT,2022-01-25,8,7,6
LMT,2022-01-25,8,8,0
LMT,2023-01-26,11,1,5
LMT,2023-01-26,11,2,6
LMT,2023-01-26,11,3,2
LMT,2023-01-26,11,4,6
LMT,2023-01-26,11,5,5
LMT,2023-01-26,11,6,3
LMT,2023-01-26,11,7,4
LMT,2023-01-26,11,8,3
LMT,2023-01-26,11,9,2
LMT,2023-01-26,11,10,5
LMT,2023-01-26,11,11,3
LMT,2024-01-23,5,1,1
LMT,2024-01-23,5,2,4
LMT,2024-01-23,5,3,0
LMT,2024-01-23,5,4,3
LMT,2024-01-23,5,5,2
LNT,2021-02-19,21,1,9
LNT,2021-02-19,21,2,6
LNT,2021-02-19,21,3,6
LNT,2021-02-19,21,4,7
LNT,2021-02-19,21,5,6
LNT,2021-02-19,21,6,5
LNT,2021-02-19,21,7,6
LNT,2021-02-19,21,8,6
LNT,2021-02-19,21,9,8
LNT,2021-02-19,21,10,7
LNT,2021-02-19,21,11,6
LNT,2021-02-19,21,12,5
LNT,2021-02-19,21,13,7
LNT,2021-02-19,21,14,4
LNT,2021-02-19,21,15,4
LNT,2021-02-19,21,16,6
LNT,2021-02-19,21,17,7
LNT,2021-02-19,21,18,8
LNT,2021-02-19,21,19,7
LNT,2021-02-19,21,20,5
LNT,2021-02-19,21,21,5
LNT,2022-02-18,11,1,7
LNT,2022-02-18,11,2,7
LNT,2022-02-18,11,3,5
LNT,2022-02-18,11,4,5
LNT,2022-02-18,11,5,5
LNT,2022-02-18,11,6,6
LNT,2022-02-18,11,7,6
LNT,2022-02-18,11,8,5
LNT,2022-02-18,11,9,4
LNT,2022-02-18,11,10,1
LNT,2022-02-18,11,11,4
LNT,2023-02-24,4,1,7
LNT,2023-02-24,4,2,3
LNT,2023-02-24,4,3,1
LNT,2023-02-24,4,4,3
LNT,2024-02-16,3,1,6
LNT,2024-02-16,3,2,3
LNT,2024-02-16,3,3,4
LOW,2021-03-22,11,1,5
LOW,2021-03-22,11,2,6
LOW,2021-03-22,11,3,4
LOW,2021-03-22,11,4,4
LOW,2021-03-22,11,5,4
LOW,2021-03-22,11,6,3
LOW,2021-03-22,11,7,5
LOW,2021-03-22,11,8,2
LOW,2021-03-22,11,9,3
LOW,2021-03-22,11,10,5
LOW,2021-03-22,11,11,5
LOW,2022-03-21,15,1,8
LOW,2022-03-21,15,2,5
LOW,2022-03-21,15,3,6
LOW,2022-03-21,15,4,5
LOW,2022-03-21,15,5,6
LOW,2022-03-21,15,6,4
LOW,2022-03-21,15,7,5
LOW,2022-03-21,15,8,8
LOW,2022-03-21,15,9,4
LOW,2022-03-21,15,10,-3
LOW,2022-03-21,15,11,4
LOW,2022-03-21,15,12,7
LOW,2022-03-21,15,13,3
LOW,2022-03-21,15,14,2
LOW,2022-03-21,15,15,-2
LOW,2023-03-27,12,1,7
LOW,2023-03-27,12,2,6
LOW,2023-03-27,12,3,6
LOW,2023-03-27,12,4,7
LOW,2023-03-27,12,5,6
LOW,2023-03-27,12,6,2
LOW,2023-03-27,12,7,6
LOW,2023-03-27,12,8,7
LOW,2023-03-27,12,9,8
LOW,2023-03-27,12,10,2
LOW,2023-03-27,12,11,2
LOW,2023-03-27,12,12,2
LOW,2024-03-25,5,1,6
LOW,2024-03-25,5,2,5
LOW,2024-03-25,5,3,4
LOW,2024-03-25,5,4,3
LOW,2024-03-25,5,5,3
LRCX,2021-08-17,7,1,2
LRCX,2021-08-17,7,2,6
LRCX,2021-08-17,7,3,2
LRCX,2021-08-17,7,4,6
LRCX,2021-08-17,7,5,6
LRCX,2021-08-17,7,6,4
LRCX,2021-08-17,7,7,4
LRCX,2022-08-24,9,1,4
LRCX,2022-08-24,9,2,7
LRCX,2022-08-24,9,3,5
LRCX,2022-08-24,9,4,8
LRCX,2022-08-24,9,5,9
LRCX,2022-08-24,9,6,7
LRCX,2022-08-24,9,7,6
LRCX,2022-08-24,9,8,7
LRCX,2022-08-24,9,9,5
LRCX,2023-08-15,5,1,8
LRCX,2023-08-15,5,2,4
LRCX,2023-08-15,5,3,8
LRCX,2023-08-15,5,4,8
LRCX,2023-08-15,5,5,6
LRCX,2024-08-29,6,1,5
LRCX,2024-08-29,6,2,4
LRCX,2024-08-29,6,3,4
LRCX,2024-08-29,6,4,5
LRCX,2024-08-29,6,5,4
LRCX,2024-08-29,6,6,2
LULU,2021-03-30,14,1,9
LULU,2021-03-30,14,2,7
LULU,2021-03-30,14,3,4
LULU,2021-03-30,14,4,7
LULU,2021-03-30,14,5,5
LULU,2021-03-30,14,6,5
LULU,2021-03-30,14,7,2
LULU,2021-03-30,14,8,6
LULU,2021-03-30,14,9,7
LULU,2021-03-30,14,10,7
LULU,2021-03-30,14,11,6
LULU,2021-03-30,14,12,5
LULU,2021-03-30,14,13,6
LULU,2021-03-30,14,14,-3
LULU,2022-03-29,13,1,7
LULU,2022-03-29,13,2,4
LULU,2022-03-29,13,3,5
LULU,2022-03-29,13,4,1
LULU,2022-03-29,13,5,4
LULU,2022-03-29,13,6,5
LULU,2022-03-29,13,7,5
LULU,2022-03-29,13,8,6
LULU,2022-03-29,13,9,6
LULU,2022-03-29,13,10,3
LULU,2022-03-29,13,11,3
LULU,2022-03-29,13,12,2
LULU,2022-03-29,13,13,6
LULU,2023-03-28,8,1,3
LULU,2023-03-28,8,2,7
LULU,2023-03-28,8,3,1
LULU,2023-03-28,8,4,1
LULU,2023-03-28,8,5,1
LULU,2023-03-28,8,6,1
LULU,2023-03-28,8,7,2
LULU,2023-03-28,8,8,1
LULU,2024-03-21,15,1,4
LULU,2024-03-21,15,2,5
LULU,2024-03-21,15,3,4
LULU,2024-03-21,15,4,4
LULU,2024-03-21,15,5,5
LULU,2024-03-21,15,6,5
LULU,2024-03-21,15,7,6
LULU,2024-03-21,15,8,5
LULU,2024-03-21,15,9,4
LULU,2024-03-21,15,10,4
LULU,2024-03-21,15,11,4
LULU,2024-03-21,15,12,5
LULU,2024-03-21,15,13,4
LULU,2024-03-21,15,14,3
LULU,2024-03-21,15,15,5
LUV,2021-02-08,16,1,8
LUV,2021-02-08,16,2,7
LUV,2021-02-08,16,3,6
LUV,2021-02-08,16,4,6
LUV,2021-02-08,16,5,8
LUV,2021-02-08,16,6,5
LUV,2021-02-08,16,7,4
LUV,2021-02-08,16,8,4
LUV,2021-02-08,16,9,5
LUV,2021-02-08,16,10,4
LUV,2021-02-08,16,11,4
LUV,2021-02-08,16,12,4
LUV,2021-02-08,16,13,4
LUV,2021-02-08,16,14,2
LUV,2021-02-08,16,15,2
LUV,2021-02-08,16,16,7
LUV,2022-02-07,14,1,9
LUV,2022-02-07,14,2,8
LUV,2022-02-07,14,3,7
LUV,2022-02-07,14,4,7
LUV,2022-02-07,14,5,6
LUV,2022-02-07,14,6,5
LUV,2022-02-07,14,7,7
LUV,2022-02-07,14,8,6
LUV,2022-02-07,14,9,4
LUV,2022-02-07,14,10,3
LUV,2022-02-07,14,11,4
LUV,2022-02-07,14,12,4
LUV,2022-02-07,14,13,3
LUV,2022-02-07,14,14,1
LUV,2023-02-07,10,1,9
LUV,2023-02-07,10,2,7
LUV,2023-02-07,10,3,8
LUV,2023-02-07,10,4,7
LUV,2023-02-07,10,5,7
LUV,2023-02-07,10,6,8
LUV,2023-02-07,10,7,8
LUV,2023-02-07,10,8,7
LUV,2023-02-07,10,9,6
LUV,2023-02-07,10,10,7
LUV,2024-02-06,11,1,5
LUV,2024-02-06,11,2,5
LUV,2024-02-06,11,3,4
LUV,2024-02-06,11,4,6
LUV,2024-02-06,11,5,4
LUV,2024-02-06,11,6,4
LUV,2024-02-06,11,7,4
LUV,2024-02-06,11,8,2
LUV,2024-02-06,11,9,5
LUV,2024-02-06,11,10,2
LUV,2024-02-06,11,11,4
LVS,2021-02-05,11,1,9
LVS,2021-02-05,11,2,8
LVS,2021-02-05,11,3,7
LVS,2021-02-05,11,4,3
LVS,2021-02-05,11,5,8
LVS,2021-02-05,11,6,3
LVS,2021-02-05,11,7,6
LVS,2021-02-05,11,8,5
LVS,2021-02-05,11,9,4
LVS,2021-02-05,11,10,6
LVS,2021-02-05,11,11,-3
LVS,2022-02-04,13,1,8
LVS,2022-02-04,13,2,5
LVS,2022-02-04,13,3,2
LVS,2022-02-04,13,4,5
LVS,2022-02-04,13,5,4
LVS,2022-02-04,13,6,2
LVS,2022-02-04,13,7,6
LVS,2022-02-04,13,8,6
LVS,2022-02-04,13,9,7
LVS,2022-02-04,13,10,5
LVS,2022-02-04,13,11,8
LVS,2022-02-04,13,12,4
LVS,2022-02-04,13,13,5
LVS,2023-02-03,11,1,7
LVS,2023-02-03,11,2,5
LVS,2023-02-03,11,3,2
LVS,2023-02-03,11,4,3
LVS,2023-02-03,11,5,5
LVS,2023-02-03,11,6,5
LVS,2023-02-03,11,7,4
LVS,2023-02-03,11,8,3
LVS,2023-02-03,11,9,5
LVS,2023-02-03,11,10,5
LVS,2023-02-03,11,11,3
LVS,2024-02-07,4,1,4
LVS,2024-02-07,4,2,4
LVS,2024-02-07,4,3,5
LVS,2024-02-07,4,4,1
LW,2021-07-27,12,1,6
LW,2021-07-27,12,2,8
LW,2021-07-27,12,3,5
LW,2021-07-27,12,4,6
LW,2021-07-27,12,5,6
LW,2021-07-27,12,6,6
LW,2021-07-27,12,7,6
LW,2021-07-27,12,8,4
LW,2021-07-27,12,9,4
LW,2021-07-27,12,10,7
LW,2021-07-27,12,11,7
LW,2021-07-27,12,12,6
LW,2022-07-27,15,1,6
LW,2022-07-27,15,2,8
LW,2022-07-27,15,3,6
LW,2022-07-27,15,4,7
LW,2022-07-27,15,5,5
LW,2022-07-27,15,6,4
LW,2022-07-27,15,7,1
LW,2022-07-27,15,8,1
LW,2022-07-27,15,9,3
LW,2022-07-27,15,10,7
LW,2022-07-27,15,11,3
LW,2022-07-27,15,12,2
LW,2022-07-27,15,13,5
LW,2022-07-27,15,14,3
LW,2022-07-27,15,15,2
LW,2023-07-25,7,1,7
LW,2023-07-25,7,2,6
LW,2023-07-25,7,3,5
LW,2023-07-25,7,4,4
LW,2023-07-25,7,5,5
LW,2023-07-25,7,6,3
LW,2023-07-25,7,7,0
LW,2024-07-24,6,1,6
LW,2024-07-24,6,2,6
LW,2024-07-24,6,3,5
LW,2024-07-24,6,4,5
LW,2024-07-24,6,5,4
LW,2024-07-24,6,6,4
LYB,2021-02-25,11,1,7
LYB,2021-02-25,11,2,3
LYB,2021-02-25,11,3,3
LYB,2021-02-25,11,4,2
LYB,2021-02-25,11,5,5
LYB,2021-02-25,11,6,3
LYB,2021-02-25,11,7,2
LYB,2021-02-25,11,8,4
LYB,2021-02-25,11,9,2
LYB,2021-02-25,11,10,9
LYB,2021-02-25,11,11,9
LYB,2022-02-24,7,1,6
LYB,2022-02-24,7,2,5
LYB,2022-02-24,7,3,5
LYB,2022-02-24,7,4,6
LYB,2022-02-24,7,5,2
LYB,2022-02-24,7,6,7
LYB,2022-02-24,7,7,8
LYB,2023-02-23,6,1,6
LYB,2023-02-23,6,2,3
LYB,2023-02-23,6,3,4
LYB,2023-02-23,6,4,2
LYB,2023-02-23,6,5,5
LYB,2023-02-23,6,6,0
LYB,2024-02-22,1,1,4
LYV,2021-03-01,20,1,8
LYV,2021-03-01,20,2,8
LYV,2021-03-01,20,3,6
LYV,2021-03-01,20,4,3
LYV,2021-03-01,20,5,5
LYV,2021-03-01,20,6,6
LYV,2021-03-01,20,7,3
LYV,2021-03-01,20,8,6
LYV,2021-03-01,20,9,7
LYV,2021-03-01,20,10,7
LYV,2021-03-01,20,11,4
LYV,2021-03-01,20,12,6
LYV,2021-03-01,20,13,5
LYV,2021-03-01,20,14,0
LYV,2021-03-01,20,15,4
LYV,2021-03-01,20,16,5
LYV,2021-03-01,20,17,3
LYV,2021-03-01,20,18,3
LYV,2021-03-01,20,19,3
LYV,2021-03-01,20,20,1
LYV,2022-02-23,12,1,9
LYV,2022-02-23,12,2,8
LYV,2022-02-23,12,3,7
LYV,2022-02-23,12,4,6
LYV,2022-02-23,12,5,6
LYV,2022-02-23,12,6,4
LYV,2022-02-23,12,7,5
LYV,2022-02-23,12,8,1
LYV,2022-02-23,12,9,4
LYV,2022-02-23,12,10,3
LYV,2022-02-23,12,11,3
LYV,2022-02-23,12,12,3
LYV,2023-02-23,17,1,8
LYV,2023-02-23,17,2,3
LYV,2023-02-23,17,3,7
LYV,2023-02-23,17,4,3
LYV,2023-02-23,17,5,1
LYV,2023-02-23,17,6,3
LYV,2023-02-23,17,7,5
LYV,2023-02-23,17,8,3
LYV,2023-02-23,17,9,2
LYV,2023-02-23,17,10,2
LYV,2023-02-23,17,11,2
LYV,2023-02-23,17,12,2
LYV,2023-02-23,17,13,2
LYV,2023-02-23,17,14,2
LYV,2023-02-23,17,15,2
LYV,2023-02-23,17,16,4
LYV,2023-02-23,17,17,2
LYV,2024-02-22,5,1,4
LYV,2024-02-22,5,2,6
LYV,2024-02-22,5,3,5
LYV,2024-02-22,5,4,5
LYV,2024-02-22,5,5,4
L,2021-02-09,20,1,8
L,2021-02-09,20,2,5
L,2021-02-09,20,3,6
L,2021-02-09,20,4,6
L,2021-02-09,20,5,3
L,2021-02-09,20,6,6
L,2021-02-09,20,7,7
L,2021-02-09,20,8,6
L,2021-02-09,20,9,5
L,2021-02-09,20,10,1
L,2021-02-09,20,11,7
L,2021-02-09,20,12,6
L,2021-02-09,20,13,3
L,2021-02-09,20,14,4
L,2021-02-09,20,15,7
L,2021-02-09,20,16,2
L,2021-02-09,20,17,2
L,2021-02-09,20,18,3
L,2021-02-09,20,19,4
L,2021-02-09,20,20,3
L,2022-02-08,11,1,7
L,2022-02-08,11,2,8
L,2022-02-08,11,3,7
L,2022-02-08,11,4,4
L,2022-02-08,11,5,3
L,2022-02-08,11,6,7
L,2022-02-08,11,7,3
L,2022-02-08,11,8,6
L,2022-02-08,11,9,5
L,2022-02-08,11,10,3
L,2022-02-08,11,11,3
L,2023-02-07,16,1,7
L,2023-02-07,16,2,5
L,2023-02-07,16,3,5
L,2023-02-07,16,4,4
L,2023-02-07,16,5,4
L,2023-02-07,16,6,4
L,2023-02-07,16,7,4
L,2023-02-07,16,8,4
L,2023-02-07,16,9,3
L,2023-02-07,16,10,3
L,2023-02-07,16,11,5
L,2023-02-07,16,12,6
L,2023-02-07,16,13,7
L,2023-02-07,16,14,5
L,2023-02-07,16,15,3
L,2023-02-07,16,16,4
L,2024-02-06,11,1,6
L,2024-02-06,11,2,6
L,2024-02-06,11,3,6
L,2024-02-06,11,4,5
L,2024-02-06,11,5,5
L,2024-02-06,11,6,4
L,2024-02-06,11,7,6
L,2024-02-06,11,8,5
L,2024-02-06,11,9,5
L,2024-02-06,11,10,3
L,2024-02-06,11,11,4
MAA,2021-02-18,15,1,8
MAA,2021-02-18,15,2,4
MAA,2021-02-18,15,3,5
MAA,2021-02-18,15,4,5
MAA,2021-02-18,15,5,3
MAA,2021-02-18,15,6,3
MAA,2021-02-18,15,7,3
MAA,2021-02-18,15,8,4
MAA,2021-02-18,15,9,5
MAA,2021-02-18,15,10,3
MAA,2021-02-18,15,11,1
MAA,2021-02-18,15,12,3
MAA,2021-02-18,15,13,4
MAA,2021-02-18,15,14,2
MAA,2021-02-18,15,15,1
MAA,2022-02-17,9,1,8
MAA,2022-02-17,9,2,8
MAA,2022-02-17,9,3,2
MAA,2022-02-17,9,4,4
MAA,2022-02-17,9,5,5
MAA,2022-02-17,9,6,7
MAA,2022-02-17,9,7,6
MAA,2022-02-17,9,8,3
MAA,2022-02-17,9,9,4
MAA,2023-02-14,19,1,7
MAA,2023-02-14,19,2,5
MAA,2023-02-14,19,3,1
MAA,2023-02-14,19,4,3
MAA,2023-02-14,19,5,4
MAA,2023-02-14,19,6,2
MAA,2023-02-14,19,7,2
MAA,2023-02-14,19,8,2
MAA,2023-02-14,19,9,2
MAA,2023-02-14,19,10,2
MAA,2023-02-14,19,11,3
MAA,2023-02-14,19,12,3
MAA,2023-02-14,19,13,3
MAA,2023-02-14,19,14,2
MAA,2023-02-14,19,15,2
MAA,2023-02-14,19,16,2
MAA,2023-02-14,19,17,1
MAA,2023-02-14,19,18,2
MAA,2023-02-14,19,19,2
MAA,2024-02-09,10,1,4
MAA,2024-02-09,10,2,5
MAA,2024-02-09,10,3,3
MAA,2024-02-09,10,4,4
MAA,2024-02-09,10,5,3
MAA,2024-02-09,10,6,3
MAA,2024-02-09,10,7,2
MAA,2024-02-09,10,8,2
MAA,2024-02-09,10,9,3
MAA,2024-02-09,10,10,1
MAS,2021-02-09,13,1,7
MAS,2021-02-09,13,2,8
MAS,2021-02-09,13,3,5
MAS,2021-02-09,13,4,4
MAS,2021-02-09,13,5,3
MAS,2021-02-09,13,6,1
MAS,2021-02-09,13,7,4
MAS,2021-02-09,13,8,3
MAS,2021-02-09,13,9,7
MAS,2021-02-09,13,10,4
MAS,2021-02-09,13,11,4
MAS,2021-02-09,13,12,0
MAS,2021-02-09,13,13,6
MAS,2022-02-08,12,1,7
MAS,2022-02-08,12,2,7
MAS,2022-02-08,12,3,8
MAS,2022-02-08,12,4,4
MAS,2022-02-08,12,5,3
MAS,2022-02-08,12,6,5
MAS,2022-02-08,12,7,4
MAS,2022-02-08,12,8,6
MAS,2022-02-08,12,9,5
MAS,2022-02-08,12,10,5
MAS,2022-02-08,12,11,3
MAS,2022-02-08,12,12,-2
MAS,2023-02-09,7,1,1
MAS,2023-02-09,7,2,2
MAS,2023-02-09,7,3,1
MAS,2023-02-09,7,4,6
MAS,2023-02-09,7,5,9
MAS,2023-02-09,7,6,4
MAS,2023-02-09,7,7,1
MAS,2024-02-08,3,1,2
MAS,2024-02-08,3,2,3
MAS,2024-02-08,3,3,2
MA,2021-02-12,19,1,9
MA,2021-02-12,19,2,7
MA,2021-02-12,19,3,8
MA,2021-02-12,19,4,7
MA,2021-02-12,19,5,8
MA,2021-02-12,19,6,8
MA,2021-02-12,19,7,6
MA,2021-02-12,19,8,7
MA,2021-02-12,19,9,7
MA,2021-02-12,19,10,6
MA,2021-02-12,19,11,6
MA,2021-02-12,19,12,3
MA,2021-02-12,19,13,6
MA,2021-02-12,19,14,4
MA,2021-02-12,19,15,8
MA,2021-02-12,19,16,5
MA,2021-02-12,19,17,6
MA,2021-02-12,19,18,3
MA,2021-02-12,19,19,3
MA,2022-02-11,8,1,7
MA,2022-02-11,8,2,2
MA,2022-02-11,8,3,5
MA,2022-02-11,8,4,1
MA,2022-02-11,8,5,1
MA,2022-02-11,8,6,3
MA,2022-02-11,8,7,1
MA,2022-02-11,8,8,5
MA,2023-02-14,10,1,7
MA,2023-02-14,10,2,6
MA,2023-02-14,10,3,2
MA,2023-02-14,10,4,3
MA,2023-02-14,10,5,3
MA,2023-02-14,10,6,4
MA,2023-02-14,10,7,3
MA,2023-02-14,10,8,4
MA,2023-02-14,10,9,4
MA,2023-02-14,10,10,5
MA,2024-02-13,3,1,4
MA,2024-02-13,3,2,2
MA,2024-02-13,3,3,2
MCHP,2021-05-18,11,1,5
MCHP,2021-05-18,11,2,7
MCHP,2021-05-18,11,3,6
MCHP,2021-05-18,11,4,6
MCHP,2021-05-18,11,5,2
MCHP,2021-05-18,11,6,2
MCHP,2021-05-18,11,7,2
MCHP,2021-05-18,11,8,2
MCHP,2021-05-18,11,9,5
MCHP,2021-05-18,11,10,4
MCHP,2021-05-18,11,11,2
MCHP,2022-05-20,15,1,3
MCHP,2022-05-20,15,2,2
MCHP,2022-05-20,15,3,2
MCHP,2022-05-20,15,4,2
MCHP,2022-05-20,15,5,3
MCHP,2022-05-20,15,6,2
MCHP,2022-05-20,15,7,2
MCHP,2022-05-20,15,8,3
MCHP,2022-05-20,15,9,1
MCHP,2022-05-20,15,10,5
MCHP,2022-05-20,15,11,9
MCHP,2022-05-20,15,12,3
MCHP,2022-05-20,15,13,1
MCHP,2022-05-20,15,14,2
MCHP,2022-05-20,15,15,6
MCHP,2023-05-25,14,1,6
MCHP,2023-05-25,14,2,5
MCHP,2023-05-25,14,3,4
MCHP,2023-05-25,14,4,7
MCHP,2023-05-25,14,5,9
MCHP,2023-05-25,14,6,6
MCHP,2023-05-25,14,7,6
MCHP,2023-05-25,14,8,4
MCHP,2023-05-25,14,9,4
MCHP,2023-05-25,14,10,5
MCHP,2023-05-25,14,11,7
MCHP,2023-05-25,14,12,5
MCHP,2023-05-25,14,13,3
MCHP,2023-05-25,14,14,2
MCHP,2024-05-23,7,1,3
MCHP,2024-05-23,7,2,6
MCHP,2024-05-23,7,3,6
MCHP,2024-05-23,7,4,7
MCHP,2024-05-23,7,5,4
MCHP,2024-05-23,7,6,5
MCHP,2024-05-23,7,7,2
MCK,2021-05-12,15,1,6
MCK,2021-05-12,15,2,5
MCK,2021-05-12,15,3,6
MCK,2021-05-12,15,4,2
MCK,2021-05-12,15,5,5
MCK,2021-05-12,15,6,5
MCK,2021-05-12,15,7,2
MCK,2021-05-12,15,8,2
MCK,2021-05-12,15,9,3
MCK,2021-05-12,15,10,1
MCK,2021-05-12,15,11,3
MCK,2021-05-12,15,12,4
MCK,2021-05-12,15,13,4
MCK,2021-05-12,15,14,4
MCK,2021-05-12,15,15,3
MCK,2022-05-09,6,1,6
MCK,2022-05-09,6,2,3
MCK,2022-05-09,6,3,7
MCK,2022-05-09,6,4,6
MCK,2022-05-09,6,5,5
MCK,2022-05-09,6,6,4
MCK,2023-05-09,12,1,7
MCK,2023-05-09,12,2,5
MCK,2023-05-09,12,3,6
MCK,2023-05-09,12,4,5
MCK,2023-05-09,12,5,3
MCK,2023-05-09,12,6,4
MCK,2023-05-09,12,7,1
MCK,2023-05-09,12,8,3
MCK,2023-05-09,12,9,2
MCK,2023-05-09,12,10,6
MCK,2023-05-09,12,11,2
MCK,2023-05-09,12,12,4
MCK,2024-05-08,4,1,4
MCK,2024-05-08,4,2,5
MCK,2024-05-08,4,3,1
MCK,2024-05-08,4,4,1
MCO,2021-02-22,12,1,6
MCO,2021-02-22,12,2,5
MCO,2021-02-22,12,3,4
MCO,2021-02-22,12,4,4
MCO,2021-02-22,12,5,4
MCO,2021-02-22,12,6,4
MCO,2021-02-22,12,7,4
MCO,2021-02-22,12,8,4
MCO,2021-02-22,12,9,5
MCO,2021-02-22,12,10,2
MCO,2021-02-22,12,11,4
MCO,2021-02-22,12,12,-2
MCO,2022-02-22,15,1,5
MCO,2022-02-22,15,2,8
MCO,2022-02-22,15,3,6
MCO,2022-02-22,15,4,5
MCO,2022-02-22,15,5,5
MCO,2022-02-22,15,6,6
MCO,2022-02-22,15,7,3
MCO,2022-02-22,15,8,3
MCO,2022-02-22,15,9,5
MCO,2022-02-22,15,10,5
MCO,2022-02-22,15,11,2
MCO,2022-02-22,15,12,4
MCO,2022-02-22,15,13,4
MCO,2022-02-22,15,14,2
MCO,2022-02-22,15,15,0
MCO,2023-02-15,8,1,7
MCO,2023-02-15,8,2,4
MCO,2023-02-15,8,3,6
MCO,2023-02-15,8,4,3
MCO,2023-02-15,8,5,2
MCO,2023-02-15,8,6,2
MCO,2023-02-15,8,7,-5
MCO,2023-02-15,8,8,2
MCO,2024-02-14,2,1,5
MCO,2024-02-14,2,2,6
MDLZ,2021-02-05,10,1,6
MDLZ,2021-02-05,10,2,7
MDLZ,2021-02-05,10,3,6
MDLZ,2021-02-05,10,4,5
MDLZ,2021-02-05,10,5,6
MDLZ,2021-02-05,10,6,4
MDLZ,2021-02-05,10,7,6
MDLZ,2021-02-05,10,8,-1
MDLZ,2021-02-05,10,9,6
MDLZ,2021-02-05,10,10,6
MDLZ,2022-02-04,12,1,2
MDLZ,2022-02-04,12,2,1
MDLZ,2022-02-04,12,3,6
MDLZ,2022-02-04,12,4,3
MDLZ,2022-02-04,12,5,5
MDLZ,2022-02-04,12,6,5
MDLZ,2022-02-04,12,7,6
MDLZ,2022-02-04,12,8,3
MDLZ,2022-02-04,12,9,4
MDLZ,2022-02-04,12,10,0
MDLZ,2022-02-04,12,11,4
MDLZ,2022-02-04,12,12,3
MDLZ,2023-02-03,12,1,5
MDLZ,2023-02-03,12,2,4
MDLZ,2023-02-03,12,3,6
MDLZ,2023-02-03,12,4,8
MDLZ,2023-02-03,12,5,8
MDLZ,2023-02-03,12,6,6
MDLZ,2023-02-03,12,7,4
MDLZ,2023-02-03,12,8,6
MDLZ,2023-02-03,12,9,5
MDLZ,2023-02-03,12,10,1
MDLZ,2023-02-03,12,11,2
MDLZ,2023-02-03,12,12,3
MDLZ,2024-02-02,8,1,4
MDLZ,2024-02-02,8,2,5
MDLZ,2024-02-02,8,3,4
MDLZ,2024-02-02,8,4,6
MDLZ,2024-02-02,8,5,5
MDLZ,2024-02-02,8,6,5
MDLZ,2024-02-02,8,7,5
MDLZ,2024-02-02,8,8,4
MDT,2021-06-25,17,1,7
MDT,2021-06-25,17,2,4
MDT,2021-06-25,17,3,6
MDT,2021-06-25,17,4,4
MDT,2021-06-25,17,5,8
MDT,2021-06-25,17,6,5
MDT,2021-06-25,17,7,-1
MDT,2021-06-25,17,8,6
MDT,2021-06-25,17,9,4
MDT,2021-06-25,17,10,4
MDT,2021-06-25,17,11,5
MDT,2021-06-25,17,12,3
MDT,2021-06-25,17,13,3
MDT,2021-06-25,17,14,4
MDT,2021-06-25,17,15,1
MDT,2021-06-25,17,16,3
MDT,2021-06-25,17,17,2
MDT,2022-06-23,12,1,8
MDT,2022-06-23,12,2,7
MDT,2022-06-23,12,3,6
MDT,2022-06-23,12,4,8
MDT,2022-06-23,12,5,5
MDT,2022-06-23,12,6,4
MDT,2022-06-23,12,7,5
MDT,2022-06-23,12,8,5
MDT,2022-06-23,12,9,3
MDT,2022-06-23,12,10,4
MDT,2022-06-23,12,11,4
MDT,2022-06-23,12,12,3
MDT,2023-06-22,10,1,4
MDT,2023-06-22,10,2,6
MDT,2023-06-22,10,3,4
MDT,2023-06-22,10,4,4
MDT,2023-06-22,10,5,5
MDT,2023-06-22,10,6,4
MDT,2023-06-22,10,7,5
MDT,2023-06-22,10,8,4
MDT,2023-06-22,10,9,5
MDT,2023-06-22,10,10,5
MDT,2024-06-20,5,1,5
MDT,2024-06-20,5,2,6
MDT,2024-06-20,5,3,4
MDT,2024-06-20,5,4,4
MDT,2024-06-20,5,5,4
META,2021-01-28,7,1,8
META,2021-01-28,7,2,7
META,2021-01-28,7,3,8
META,2021-01-28,7,4,6
META,2021-01-28,7,5,7
META,2021-01-28,7,6,5
META,2021-01-28,7,7,4
META,2022-02-03,8,1,8
META,2022-02-03,8,2,7
META,2022-02-03,8,3,7
META,2022-02-03,8,4,6
META,2022-02-03,8,5,4
META,2022-02-03,8,6,5
META,2022-02-03,8,7,4
META,2022-02-03,8,8,1
META,2023-02-02,5,1,9
META,2023-02-02,5,2,4
META,2023-02-02,5,3,6
META,2023-02-02,5,4,4
META,2023-02-02,5,5,5
META,2024-02-02,5,1,5
META,2024-02-02,5,2,6
META,2024-02-02,5,3,5
META,2024-02-02,5,4,4
META,2024-02-02,5,5,1
MET,2021-02-19,6,1,8
MET,2021-02-19,6,2,8
MET,2021-02-19,6,3,8
MET,2021-02-19,6,4,9
MET,2021-02-19,6,5,7
MET,2021-02-19,6,6,6
MET,2024-02-16,5,1,4
MET,2024-02-16,5,2,5
MET,2024-02-16,5,3,3
MET,2024-02-16,5,4,2
MET,2024-02-16,5,5,2
MGM,2021-02-26,10,1,9
MGM,2021-02-26,10,2,7
MGM,2021-02-26,10,3,7
MGM,2021-02-26,10,4,5
MGM,2021-02-26,10,5,5
MGM,2021-02-26,10,6,6
MGM,2021-02-26,10,7,4
MGM,2021-02-26,10,8,4
MGM,2021-02-26,10,9,3
MGM,2021-02-26,10,10,4
MGM,2022-02-25,9,1,8
MGM,2022-02-25,9,2,7
MGM,2022-02-25,9,3,6
MGM,2022-02-25,9,4,3
MGM,2022-02-25,9,5,4
MGM,2022-02-25,9,6,4
MGM,2022-02-25,9,7,4
MGM,2022-02-25,9,8,6
MGM,2022-02-25,9,9,5
MGM,2023-02-24,8,1,8
MGM,2023-02-24,8,2,7
MGM,2023-02-24,8,3,4
MGM,2023-02-24,8,4,4
MGM,2023-02-24,8,5,5
MGM,2023-02-24,8,6,6
MGM,2023-02-24,8,7,3
MGM,2023-02-24,8,8,3
MGM,2024-02-23,10,1,1
MGM,2024-02-23,10,2,1
MGM,2024-02-23,10,3,3
MGM,2024-02-23,10,4,3
MGM,2024-02-23,10,5,5
MGM,2024-02-23,10,6,3
MGM,2024-02-23,10,7,2
MGM,2024-02-23,10,8,3
MGM,2024-02-23,10,9,-1
MGM,2024-02-23,10,10,-2
MHK,2021-02-24,18,1,3
MHK,2021-02-24,18,2,7
MHK,2021-02-24,18,3,4
MHK,2021-02-24,18,4,7
MHK,2021-02-24,18,5,2
MHK,2021-02-24,18,6,5
MHK,2021-02-24,18,7,2
MHK,2021-02-24,18,8,0
MHK,2021-02-24,18,9,2
MHK,2021-02-24,18,10,2
MHK,2021-02-24,18,11,7
MHK,2021-02-24,18,12,1
MHK,2021-02-24,18,13,-2
MHK,2021-02-24,18,14,5
MHK,2021-02-24,18,15,3
MHK,2021-02-24,18,16,6
MHK,2021-02-24,18,17,6
MHK,2021-02-24,18,18,7
MHK,2022-02-23,10,1,7
MHK,2022-02-23,10,2,7
MHK,2022-02-23,10,3,7
MHK,2022-02-23,10,4,5
MHK,2022-02-23,10,5,4
MHK,2022-02-23,10,6,2
MHK,2022-02-23,10,7,4
MHK,2022-02-23,10,8,2
MHK,2022-02-23,10,9,5
MHK,2022-02-23,10,10,1
MHK,2023-02-22,16,1,8
MHK,2023-02-22,16,2,4
MHK,2023-02-22,16,3,3
MHK,2023-02-22,16,4,4
MHK,2023-02-22,16,5,4
MHK,2023-02-22,16,6,2
MHK,2023-02-22,16,7,6
MHK,2023-02-22,16,8,0
MHK,2023-02-22,16,9,3
MHK,2023-02-22,16,10,2
MHK,2023-02-22,16,11,2
MHK,2023-02-22,16,12,2
MHK,2023-02-22,16,13,1
MHK,2023-02-22,16,14,1
MHK,2023-02-22,16,15,1
MHK,2023-02-22,16,16,3
MHK,2024-02-23,3,1,4
MHK,2024-02-23,3,2,3
MHK,2024-02-23,3,3,3
MKC,2021-01-28,10,1,3
MKC,2021-01-28,10,2,7
MKC,2021-01-28,10,3,5
MKC,2021-01-28,10,4,3
MKC,2021-01-28,10,5,7
MKC,2021-01-28,10,6,6
MKC,2021-01-28,10,7,5
MKC,2021-01-28,10,8,5
MKC,2021-01-28,10,9,3
MKC,2021-01-28,10,10,6
MKC,2022-01-27,14,1,6
MKC,2022-01-27,14,2,6
MKC,2022-01-27,14,3,1
MKC,2022-01-27,14,4,6
MKC,2022-01-27,14,5,6
MKC,2022-01-27,14,6,6
MKC,2022-01-27,14,7,5
MKC,2022-01-27,14,8,5
MKC,2022-01-27,14,9,2
MKC,2022-01-27,14,10,3
MKC,2022-01-27,14,11,6
MKC,2022-01-27,14,12,6
MKC,2022-01-27,14,13,6
MKC,2022-01-27,14,14,5
MKC,2023-01-26,9,1,4
MKC,2023-01-26,9,2,8
MKC,2023-01-26,9,3,7
MKC,2023-01-26,9,4,4
MKC,2023-01-26,9,5,4
MKC,2023-01-26,9,6,6
MKC,2023-01-26,9,7,4
MKC,2023-01-26,9,8,4
MKC,2023-01-26,9,9,6
MKC,2024-01-25,6,1,5
MKC,2024-01-25,6,2,4
MKC,2024-01-25,6,3,6
MKC,2024-01-25,6,4,5
MKC,2024-01-25,6,5,4
MKC,2024-01-25,6,6,3
MKTX,2021-02-19,8,1,7
MKTX,2021-02-19,8,2,5
MKTX,2021-02-19,8,3,7
MKTX,2021-02-19,8,4,1
MKTX,2021-02-19,8,5,4
MKTX,2021-02-19,8,6,5
MKTX,2021-02-19,8,7,2
MKTX,2021-02-19,8,8,-3
MKTX,2022-02-23,13,1,8
MKTX,2022-02-23,13,2,5
MKTX,2022-02-23,13,3,1
MKTX,2022-02-23,13,4,2
MKTX,2022-02-23,13,5,2
MKTX,2022-02-23,13,6,3
MKTX,2022-02-23,13,7,3
MKTX,2022-02-23,13,8,3
MKTX,2022-02-23,13,9,5
MKTX,2022-02-23,13,10,2
MKTX,2022-02-23,13,11,3
MKTX,2022-02-23,13,12,1
MKTX,2022-02-23,13,13,3
MKTX,2023-02-22,7,1,6
MKTX,2023-02-22,7,2,7
MKTX,2023-02-22,7,3,7
MKTX,2023-02-22,7,4,3
MKTX,2023-02-22,7,5,1
MKTX,2023-02-22,7,6,0
MKTX,2023-02-22,7,7,0
MKTX,2024-02-22,4,1,5
MKTX,2024-02-22,4,2,2
MKTX,2024-02-22,4,3,1
MKTX,2024-02-22,4,4,6
MLM,2021-02-19,11,1,3
MLM,2021-02-19,11,2,2
MLM,2021-02-19,11,3,7
MLM,2021-02-19,11,4,5
MLM,2021-02-19,11,5,2
MLM,2021-02-19,11,6,2
MLM,2021-02-19,11,7,5
MLM,2021-02-19,11,8,4
MLM,2021-02-19,11,9,0
MLM,2021-02-19,11,10,4
MLM,2021-02-19,11,11,3
MLM,2022-02-22,6,1,8
MLM,2022-02-22,6,2,6
MLM,2022-02-22,6,3,6
MLM,2022-02-22,6,4,0
MLM,2022-02-22,6,5,5
MLM,2022-02-22,6,6,4
MLM,2023-02-24,7,1,6
MLM,2023-02-24,7,2,4
MLM,2023-02-24,7,3,4
MLM,2023-02-24,7,4,7
MLM,2023-02-24,7,5,0
MLM,2023-02-24,7,6,1
MLM,2023-02-24,7,7,2
MLM,2024-02-23,7,1,3
MLM,2024-02-23,7,2,3
MLM,2024-02-23,7,3,4
MLM,2024-02-23,7,4,6
MLM,2024-02-23,7,5,0
MLM,2024-02-23,7,6,1
MLM,2024-02-23,7,7,2
MMC,2021-02-17,11,1,7
MMC,2021-02-17,11,2,8
MMC,2021-02-17,11,3,6
MMC,2021-02-17,11,4,7
MMC,2021-02-17,11,5,6
MMC,2021-02-17,11,6,5
MMC,2021-02-17,11,7,6
MMC,2021-02-17,11,8,5
MMC,2021-02-17,11,9,8
MMC,2021-02-17,11,10,4
MMC,2021-02-17,11,11,6
MMC,2022-02-16,15,1,6
MMC,2022-02-16,15,2,6
MMC,2022-02-16,15,3,4
MMC,2022-02-16,15,4,0
MMC,2022-02-16,15,5,4
MMC,2022-02-16,15,6,5
MMC,2022-02-16,15,7,6
MMC,2022-02-16,15,8,5
MMC,2022-02-16,15,9,3
MMC,2022-02-16,15,10,4
MMC,2022-02-16,15,11,3
MMC,2022-02-16,15,12,8
MMC,2022-02-16,15,13,0
MMC,2022-02-16,15,14,3
MMC,2022-02-16,15,15,4
MMC,2023-02-13,8,1,8
MMC,2023-02-13,8,2,5
MMC,2023-02-13,8,3,7
MMC,2023-02-13,8,4,5
MMC,2023-02-13,8,5,4
MMC,2023-02-13,8,6,6
MMC,2023-02-13,8,7,8
MMC,2023-02-13,8,8,3
MMC,2024-02-12,6,1,4
MMC,2024-02-12,6,2,3
MMC,2024-02-12,6,3,2
MMC,2024-02-12,6,4,0
MMC,2024-02-12,6,5,0
MMC,2024-02-12,6,6,2
MMM,2021-02-04,19,1,4
MMM,2021-02-04,19,2,4
MMM,2021-02-04,19,3,6
MMM,2021-02-04,19,4,7
MMM,2021-02-04,19,5,7
MMM,2021-02-04,19,6,8
MMM,2021-02-04,19,7,6
MMM,2021-02-04,19,8,7
MMM,2021-02-04,19,9,6
MMM,2021-02-04,19,10,5
MMM,2021-02-04,19,11,3
MMM,2021-02-04,19,12,5
MMM,2021-02-04,19,13,6
MMM,2021-02-04,19,14,3
MMM,2021-02-04,19,15,4
MMM,2021-02-04,19,16,4
MMM,2021-02-04,19,17,7
MMM,2021-02-04,19,18,2
MMM,2021-02-04,19,19,1
MMM,2022-02-09,16,1,3
MMM,2022-02-09,16,2,5
MMM,2022-02-09,16,3,4
MMM,2022-02-09,16,4,7
MMM,2022-02-09,16,5,5
MMM,2022-02-09,16,6,4
MMM,2022-02-09,16,7,2
MMM,2022-02-09,16,8,4
MMM,2022-02-09,16,9,4
MMM,2022-02-09,16,10,5
MMM,2022-02-09,16,11,3
MMM,2022-02-09,16,12,3
MMM,2022-02-09,16,13,3
MMM,2022-02-09,16,14,4
MMM,2022-02-09,16,15,4
MMM,2022-02-09,16,16,3
MMM,2023-02-08,13,1,4
MMM,2023-02-08,13,2,5
MMM,2023-02-08,13,3,7
MMM,2023-02-08,13,4,9
MMM,2023-02-08,13,5,8
MMM,2023-02-08,13,6,7
MMM,2023-02-08,13,7,6
MMM,2023-02-08,13,8,5
MMM,2023-02-08,13,9,5
MMM,2023-02-08,13,10,5
MMM,2023-02-08,13,11,7
MMM,2023-02-08,13,12,4
MMM,2023-02-08,13,13,6
MMM,2024-02-07,3,1,6
MMM,2024-02-07,3,2,5
MMM,2024-02-07,3,3,4
MNST,2021-03-01,11,1,8
MNST,2021-03-01,11,2,6
MNST,2021-03-01,11,3,6
MNST,2021-03-01,11,4,5
MNST,2021-03-01,11,5,4
MNST,2021-03-01,11,6,5
MNST,2021-03-01,11,7,3
MNST,2021-03-01,11,8,1
MNST,2021-03-01,11,9,-1
MNST,2021-03-01,11,10,5
MNST,2021-03-01,11,11,2
MNST,2022-02-28,9,1,7
MNST,2022-02-28,9,2,6
MNST,2022-02-28,9,3,8
MNST,2022-02-28,9,4,4
MNST,2022-02-28,9,5,5
MNST,2022-02-28,9,6,8
MNST,2022-02-28,9,7,5
MNST,2022-02-28,9,8,5
MNST,2022-02-28,9,9,-3
MNST,2023-03-01,7,1,6
MNST,2023-03-01,7,2,8
MNST,2023-03-01,7,3,7
MNST,2023-03-01,7,4,8
MNST,2023-03-01,7,5,5
MNST,2023-03-01,7,6,5
MNST,2023-03-01,7,7,4
MNST,2024-02-29,7,1,4
MNST,2024-02-29,7,2,5
MNST,2024-02-29,7,3,6
MNST,2024-02-29,7,4,6
MNST,2024-02-29,7,5,6
MNST,2024-02-29,7,6,2
MNST,2024-02-29,7,7,4
MOS,2021-02-22,10,1,5
MOS,2021-02-22,10,2,6
MOS,2021-02-22,10,3,5
MOS,2021-02-22,10,4,4
MOS,2021-02-22,10,5,3
MOS,2021-02-22,10,6,4
MOS,2021-02-22,10,7,5
MOS,2021-02-22,10,8,-4
MOS,2021-02-22,10,9,-2
MOS,2021-02-22,10,10,2
MOS,2022-02-23,11,1,5
MOS,2022-02-23,11,2,7
MOS,2022-02-23,11,3,1
MOS,2022-02-23,11,4,4
MOS,2022-02-23,11,5,6
MOS,2022-02-23,11,6,0
MOS,2022-02-23,11,7,4
MOS,2022-02-23,11,8,2
MOS,2022-02-23,11,9,5
MOS,2022-02-23,11,10,1
MOS,2022-02-23,11,11,3
MOS,2023-02-23,8,1,8
MOS,2023-02-23,8,2,9
MOS,2023-02-23,8,3,3
MOS,2023-02-23,8,4,7
MOS,2023-02-23,8,5,-2
MOS,2023-02-23,8,6,9
MOS,2023-02-23,8,7,2
MOS,2023-02-23,8,8,3
MOS,2024-02-22,6,1,2
MOS,2024-02-22,6,2,4
MOS,2024-02-22,6,3,2
MOS,2024-02-22,6,4,6
MOS,2024-02-22,6,5,2
MOS,2024-02-22,6,6,1
MO,2021-02-26,10,1,7
MO,2021-02-26,10,2,8
MO,2021-02-26,10,3,6
MO,2021-02-26,10,4,6
MO,2021-02-26,10,5,6
MO,2021-02-26,10,6,5
MO,2021-02-26,10,7,6
MO,2021-02-26,10,8,10
MO,2021-02-26,10,9,8
MO,2021-02-26,10,10,-2
MO,2022-02-25,14,1,7
MO,2022-02-25,14,2,5
MO,2022-02-25,14,3,5
MO,2022-02-25,14,4,5
MO,2022-02-25,14,5,3
MO,2022-02-25,14,6,4
MO,2022-02-25,14,7,5
MO,2022-02-25,14,8,1
MO,2022-02-25,14,9,0
MO,2022-02-25,14,10,-2
MO,2022-02-25,14,11,-1
MO,2022-02-25,14,12,0
MO,2022-02-25,14,13,-3
MO,2022-02-25,14,14,0
MO,2023-02-27,9,1,7
MO,2023-02-27,9,2,5
MO,2023-02-27,9,3,3
MO,2023-02-27,9,4,2
MO,2023-02-27,9,5,3
MO,2023-02-27,9,6,10
MO,2023-02-27,9,7,5
MO,2023-02-27,9,8,9
MO,2023-02-27,9,9,3
MO,2024-02-27,6,1,3
MO,2024-02-27,6,2,2
MO,2024-02-27,6,3,2
MO,2024-02-27,6,4,2
MO,2024-02-27,6,5,6
MO,2024-02-27,6,6,2
MPC,2021-02-26,6,1,8
MPC,2021-02-26,6,2,7
MPC,2021-02-26,6,3,6
MPC,2021-02-26,6,4,3
MPC,2021-02-26,6,5,1
MPC,2021-02-26,6,6,2
MPC,2022-02-24,10,1,9
MPC,2022-02-24,10,2,8
MPC,2022-02-24,10,3,7
MPC,2022-02-24,10,4,4
MPC,2022-02-24,10,5,6
MPC,2022-02-24,10,6,5
MPC,2022-02-24,10,7,2
MPC,2022-02-24,10,8,3
MPC,2022-02-24,10,9,2
MPC,2022-02-24,10,10,-1
MPC,2023-02-23,7,1,8
MPC,2023-02-23,7,2,7
MPC,2023-02-23,7,3,5
MPC,2023-02-23,7,4,5
MPC,2023-02-23,7,5,4
MPC,2023-02-23,7,6,3
MPC,2023-02-23,7,7,4
MPC,2024-02-28,1,1,4
MPWR,2021-03-01,17,1,4
MPWR,2021-03-01,17,2,3
MPWR,2021-03-01,17,3,5
MPWR,2021-03-01,17,4,6
MPWR,2021-03-01,17,5,7
MPWR,2021-03-01,17,6,3
MPWR,2021-03-01,17,7,5
MPWR,2021-03-01,17,8,3
MPWR,2021-03-01,17,9,3
MPWR,2021-03-01,17,10,5
MPWR,2021-03-01,17,11,8
MPWR,2021-03-01,17,12,4
MPWR,2021-03-01,17,13,5
MPWR,2021-03-01,17,14,4
MPWR,2021-03-01,17,15,0
MPWR,2021-03-01,17,16,3
MPWR,2021-03-01,17,17,5
MPWR,2022-02-25,10,1,4
MPWR,2022-02-25,10,2,6
MPWR,2022-02-25,10,3,7
MPWR,2022-02-25,10,4,4
MPWR,2022-02-25,10,5,3
MPWR,2022-02-25,10,6,-2
MPWR,2022-02-25,10,7,1
MPWR,2022-02-25,10,8,3
MPWR,2022-02-25,10,9,2
MPWR,2022-02-25,10,10,3
MPWR,2023-02-24,9,1,5
MPWR,2023-02-24,9,2,4
MPWR,2023-02-24,9,3,5
MPWR,2023-02-24,9,4,7
MPWR,2023-02-24,9,5,6
MPWR,2023-02-24,9,6,5
MPWR,2023-02-24,9,7,2
MPWR,2023-02-24,9,8,2
MPWR,2023-02-24,9,9,1
MPWR,2024-02-29,2,1,4
MPWR,2024-02-29,2,2,2
MRK,2021-02-25,7,1,7
MRK,2021-02-25,7,2,10
MRK,2021-02-25,7,3,8
MRK,2021-02-25,7,4,8
MRK,2021-02-25,7,5,7
MRK,2021-02-25,7,6,7
MRK,2021-02-25,7,7,4
MRK,2022-02-25,10,1,8
MRK,2022-02-25,10,2,5
MRK,2022-02-25,10,3,6
MRK,2022-02-25,10,4,6
MRK,2022-02-25,10,5,7
MRK,2022-02-25,10,6,10
MRK,2022-02-25,10,7,2
MRK,2022-02-25,10,8,5
MRK,2022-02-25,10,9,3
MRK,2022-02-25,10,10,2
MRK,2023-02-24,5,1,8
MRK,2023-02-24,5,2,6
MRK,2023-02-24,5,3,7
MRK,2023-02-24,5,4,4
MRK,2023-02-24,5,5,5
MRK,2024-02-26,4,1,3
MRK,2024-02-26,4,2,4
MRK,2024-02-26,4,3,3
MRK,2024-02-26,4,4,1
MRNA,2021-02-26,11,1,8
MRNA,2021-02-26,11,2,7
MRNA,2021-02-26,11,3,5
MRNA,2021-02-26,11,4,6
MRNA,2021-02-26,11,5,7
MRNA,2021-02-26,11,6,6
MRNA,2021-02-26,11,7,7
MRNA,2021-02-26,11,8,1
MRNA,2021-02-26,11,9,5
MRNA,2021-02-26,11,10,7
MRNA,2021-02-26,11,11,5
MRNA,2022-02-25,9,1,8
MRNA,2022-02-25,9,2,7
MRNA,2022-02-25,9,3,7
MRNA,2022-02-25,9,4,7
MRNA,2022-02-25,9,5,7
MRNA,2022-02-25,9,6,8
MRNA,2022-02-25,9,7,8
MRNA,2022-02-25,9,8,6
MRNA,2022-02-25,9,9,5
MRNA,2023-02-24,5,1,8
MRNA,2023-02-24,5,2,6
MRNA,2023-02-24,5,3,6
MRNA,2023-02-24,5,4,5
MRNA,2023-02-24,5,5,5
MRNA,2024-02-23,5,1,5
MRNA,2024-02-23,5,2,5
MRNA,2024-02-23,5,3,5
MRNA,2024-02-23,5,4,3
MRNA,2024-02-23,5,5,1
MSCI,2021-02-12,15,1,2
MSCI,2021-02-12,15,2,4
MSCI,2021-02-12,15,3,7
MSCI,2021-02-12,15,4,2
MSCI,2021-02-12,15,5,2
MSCI,2021-02-12,15,6,2
MSCI,2021-02-12,15,7,2
MSCI,2021-02-12,15,8,0
MSCI,2021-02-12,15,9,1
MSCI,2021-02-12,15,10,1
MSCI,2021-02-12,15,11,0
MSCI,2021-02-12,15,12,2
MSCI,2021-02-12,15,13,2
MSCI,2021-02-12,15,14,1
MSCI,2021-02-12,15,15,2
MSCI,2022-02-11,11,1,3
MSCI,2022-02-11,11,2,2
MSCI,2022-02-11,11,3,6
MSCI,2022-02-11,11,4,4
MSCI,2022-02-11,11,5,2
MSCI,2022-02-11,11,6,1
MSCI,2022-02-11,11,7,2
MSCI,2022-02-11,11,8,4
MSCI,2022-02-11,11,9,4
MSCI,2022-02-11,11,10,1
MSCI,2022-02-11,11,11,1
MSCI,2023-02-10,11,1,6
MSCI,2023-02-10,11,2,6
MSCI,2023-02-10,11,3,4
MSCI,2023-02-10,11,4,4
MSCI,2023-02-10,11,5,4
MSCI,2023-02-10,11,6,1
MSCI,2023-02-10,11,7,0
MSCI,2023-02-10,11,8,3
MSCI,2023-02-10,11,9,2
MSCI,2023-02-10,11,10,5
MSCI,2023-02-10,11,11,1
MSCI,2024-02-09,4,1,5
MSCI,2024-02-09,4,2,4
MSCI,2024-02-09,4,3,5
MSCI,2024-02-09,4,4,2
MSFT,2021-07-29,15,1,4
MSFT,2021-07-29,15,2,5
MSFT,2021-07-29,15,3,2
MSFT,2021-07-29,15,4,2
MSFT,2021-07-29,15,5,7
MSFT,2021-07-29,15,6,5
MSFT,2021-07-29,15,7,5
MSFT,2021-07-29,15,8,4
MSFT,2021-07-29,15,9,5
MSFT,2021-07-29,15,10,6
MSFT,2021-07-29,15,11,0
MSFT,2021-07-29,15,12,0
MSFT,2021-07-29,15,13,1
MSFT,2021-07-29,15,14,5
MSFT,2021-07-29,15,15,2
MSFT,2022-07-28,7,1,5
MSFT,2022-07-28,7,2,5
MSFT,2022-07-28,7,3,3
MSFT,2022-07-28,7,4,2
MSFT,2022-07-28,7,5,2
MSFT,2022-07-28,7,6,2
MSFT,2022-07-28,7,7,1
MSFT,2023-07-27,5,1,5
MSFT,2023-07-27,5,2,4
MSFT,2023-07-27,5,3,3
MSFT,2023-07-27,5,4,3
MSFT,2023-07-27,5,5,2
MSFT,2024-07-30,4,1,5
MSFT,2024-07-30,4,2,3
MSFT,2024-07-30,4,3,1
MSFT,2024-07-30,4,4,1
MSI,2021-02-12,16,1,5
MSI,2021-02-12,16,2,5
MSI,2021-02-12,16,3,1
MSI,2021-02-12,16,4,0
MSI,2021-02-12,16,5,0
MSI,2021-02-12,16,6,0
MSI,2021-02-12,16,7,0
MSI,2021-02-12,16,8,3
MSI,2021-02-12,16,9,6
MSI,2021-02-12,16,10,4
MSI,2021-02-12,16,11,0
MSI,2021-02-12,16,12,0
MSI,2021-02-12,16,13,2
MSI,2021-02-12,16,14,5
MSI,2021-02-12,16,15,3
MSI,2021-02-12,16,16,4
MSI,2022-02-16,11,1,8
MSI,2022-02-16,11,2,6
MSI,2022-02-16,11,3,7
MSI,2022-02-16,11,4,5
MSI,2022-02-16,11,5,4
MSI,2022-02-16,11,6,-1
MSI,2022-02-16,11,7,3
MSI,2022-02-16,11,8,-2
MSI,2022-02-16,11,9,-2
MSI,2022-02-16,11,10,4
MSI,2022-02-16,11,11,-2
MSI,2023-02-16,3,1,3
MSI,2023-02-16,3,2,5
MSI,2023-02-16,3,3,5
MSI,2024-02-15,5,1,3
MSI,2024-02-15,5,2,7
MSI,2024-02-15,5,3,6
MSI,2024-02-15,5,4,4
MSI,2024-02-15,5,5,3
MTB,2021-02-22,10,1,7
MTB,2021-02-22,10,2,6
MTB,2021-02-22,10,3,7
MTB,2021-02-22,10,4,5
MTB,2021-02-22,10,5,5
MTB,2021-02-22,10,6,6
MTB,2021-02-22,10,7,4
MTB,2021-02-22,10,8,4
MTB,2021-02-22,10,9,3
MTB,2021-02-22,10,10,3
MTB,2022-02-16,12,1,8
MTB,2022-02-16,12,2,7
MTB,2022-02-16,12,3,6
MTB,2022-02-16,12,4,6
MTB,2022-02-16,12,5,5
MTB,2022-02-16,12,6,4
MTB,2022-02-16,12,7,1
MTB,2022-02-16,12,8,6
MTB,2022-02-16,12,9,0
MTB,2022-02-16,12,10,3
MTB,2022-02-16,12,11,4
MTB,2022-02-16,12,12,5
MTB,2023-02-22,6,1,7
MTB,2023-02-22,6,2,7
MTB,2023-02-22,6,3,6
MTB,2023-02-22,6,4,8
MTB,2023-02-22,6,5,7
MTB,2023-02-22,6,6,6
MTB,2024-02-21,5,1,4
MTB,2024-02-21,5,2,4
MTB,2024-02-21,5,3,5
MTB,2024-02-21,5,4,4
MTB,2024-02-21,5,5,5
MTCH,2021-02-25,13,1,6
MTCH,2021-02-25,13,2,5
MTCH,2021-02-25,13,3,7
MTCH,2021-02-25,13,4,7
MTCH,2021-02-25,13,5,6
MTCH,2021-02-25,13,6,8
MTCH,2021-02-25,13,7,6
MTCH,2021-02-25,13,8,3
MTCH,2021-02-25,13,9,2
MTCH,2021-02-25,13,10,4
MTCH,2021-02-25,13,11,8
MTCH,2021-02-25,13,12,1
MTCH,2021-02-25,13,13,4
MTCH,2022-02-24,16,1,4
MTCH,2022-02-24,16,2,5
MTCH,2022-02-24,16,3,6
MTCH,2022-02-24,16,4,5
MTCH,2022-02-24,16,5,5
MTCH,2022-02-24,16,6,6
MTCH,2022-02-24,16,7,2
MTCH,2022-02-24,16,8,0
MTCH,2022-02-24,16,9,1
MTCH,2022-02-24,16,10,4
MTCH,2022-02-24,16,11,7
MTCH,2022-02-24,16,12,1
MTCH,2022-02-24,16,13,0
MTCH,2022-02-24,16,14,0
MTCH,2022-02-24,16,15,2
MTCH,2022-02-24,16,16,0
MTCH,2023-02-24,9,1,5
MTCH,2023-02-24,9,2,6
MTCH,2023-02-24,9,3,5
MTCH,2023-02-24,9,4,4
MTCH,2023-02-24,9,5,5
MTCH,2023-02-24,9,6,3
MTCH,2023-02-24,9,7,2
MTCH,2023-02-24,9,8,4
MTCH,2023-02-24,9,9,1
MTCH,2024-02-23,7,1,3
MTCH,2024-02-23,7,2,4
MTCH,2024-02-23,7,3,5
MTCH,2024-02-23,7,4,5
MTCH,2024-02-23,7,5,0
MTCH,2024-02-23,7,6,1
MTCH,2024-02-23,7,7,3
MTD,2021-02-08,9,1,9
MTD,2021-02-08,9,2,8
MTD,2021-02-08,9,3,7
MTD,2021-02-08,9,4,8
MTD,2021-02-08,9,5,4
MTD,2021-02-08,9,6,4
MTD,2021-02-08,9,7,7
MTD,2021-02-08,9,8,4
MTD,2021-02-08,9,9,0
MTD,2022-02-11,9,1,8
MTD,2022-02-11,9,2,5
MTD,2022-02-11,9,3,5
MTD,2022-02-11,9,4,5
MTD,2022-02-11,9,5,7
MTD,2022-02-11,9,6,3
MTD,2022-02-11,9,7,5
MTD,2022-02-11,9,8,3
MTD,2022-02-11,9,9,5
MTD,2023-02-10,25,1,8
MTD,2023-02-10,25,2,4
MTD,2023-02-10,25,3,4
MTD,2023-02-10,25,4,6
MTD,2023-02-10,25,5,5
MTD,2023-02-10,25,6,5
MTD,2023-02-10,25,7,6
MTD,2023-02-10,25,8,6
MTD,2023-02-10,25,9,6
MTD,2023-02-10,25,10,6
MTD,2023-02-10,25,11,6
MTD,2023-02-10,25,12,3
MTD,2023-02-10,25,13,4
MTD,2023-02-10,25,14,4
MTD,2023-02-10,25,15,6
MTD,2023-02-10,25,16,5
MTD,2023-02-10,25,17,2
MTD,2023-02-10,25,18,2
MTD,2023-02-10,25,19,5
MTD,2023-02-10,25,20,1
MTD,2023-02-10,25,21,1
MTD,2023-02-10,25,22,1
MTD,2023-02-10,25,23,5
MTD,2023-02-10,25,24,3
MTD,2023-02-10,25,25,1
MTD,2024-02-09,10,1,6
MTD,2024-02-09,10,2,1
MTD,2024-02-09,10,3,3
MTD,2024-02-09,10,4,3
MTD,2024-02-09,10,5,2
MTD,2024-02-09,10,6,2
MTD,2024-02-09,10,7,5
MTD,2024-02-09,10,8,2
MTD,2024-02-09,10,9,2
MTD,2024-02-09,10,10,2
MU,2021-10-08,18,1,3
MU,2021-10-08,18,2,6
MU,2021-10-08,18,3,7
MU,2021-10-08,18,4,6
MU,2021-10-08,18,5,6
MU,2021-10-08,18,6,6
MU,2021-10-08,18,7,5
MU,2021-10-08,18,8,8
MU,2021-10-08,18,9,5
MU,2021-10-08,18,10,7
MU,2021-10-08,18,11,3
MU,2021-10-08,18,12,4
MU,2021-10-08,18,13,3
MU,2021-10-08,18,14,2
MU,2021-10-08,18,15,4
MU,2021-10-08,18,16,7
MU,2021-10-08,18,17,6
MU,2021-10-08,18,18,7
MU,2022-10-07,10,1,3
MU,2022-10-07,10,2,4
MU,2022-10-07,10,3,4
MU,2022-10-07,10,4,5
MU,2022-10-07,10,5,4
MU,2022-10-07,10,6,5
MU,2022-10-07,10,7,4
MU,2022-10-07,10,8,6
MU,2022-10-07,10,9,4
MU,2022-10-07,10,10,3
MU,2023-10-06,4,1,4
MU,2023-10-06,4,2,5
MU,2023-10-06,4,3,2
MU,2023-10-06,4,4,3
MU,2024-10-04,4,1,6
MU,2024-10-04,4,2,3
MU,2024-10-04,4,3,1
MU,2024-10-04,4,4,3
NCLH,2021-02-26,13,1,9
NCLH,2021-02-26,13,2,9
NCLH,2021-02-26,13,3,10
NCLH,2021-02-26,13,4,8
NCLH,2021-02-26,13,5,6
NCLH,2021-02-26,13,6,7
NCLH,2021-02-26,13,7,10
NCLH,2021-02-26,13,8,7
NCLH,2021-02-26,13,9,6
NCLH,2021-02-26,13,10,8
NCLH,2021-02-26,13,11,8
NCLH,2021-02-26,13,12,7
NCLH,2021-02-26,13,13,8
NCLH,2022-03-01,12,1,7
NCLH,2022-03-01,12,2,7
NCLH,2022-03-01,12,3,7
NCLH,2022-03-01,12,4,7
NCLH,2022-03-01,12,5,8
NCLH,2022-03-01,12,6,5
NCLH,2022-03-01,12,7,5
NCLH,2022-03-01,12,8,6
NCLH,2022-03-01,12,9,5
NCLH,2022-03-01,12,10,5
NCLH,2022-03-01,12,11,4
NCLH,2022-03-01,12,12,5
NCLH,2023-02-28,12,1,6
NCLH,2023-02-28,12,2,7
NCLH,2023-02-28,12,3,8
NCLH,2023-02-28,12,4,4
NCLH,2023-02-28,12,5,4
NCLH,2023-02-28,12,6,4
NCLH,2023-02-28,12,7,4
NCLH,2023-02-28,12,8,5
NCLH,2023-02-28,12,9,4
NCLH,2023-02-28,12,10,4
NCLH,2023-02-28,12,11,4
NCLH,2023-02-28,12,12,-2
NCLH,2024-02-28,13,1,3
NCLH,2024-02-28,13,2,3
NCLH,2024-02-28,13,3,3
NCLH,2024-02-28,13,4,4
NCLH,2024-02-28,13,5,2
NCLH,2024-02-28,13,6,3
NCLH,2024-02-28,13,7,5
NCLH,2024-02-28,13,8,3
NCLH,2024-02-28,13,9,4
NCLH,2024-02-28,13,10,2
NCLH,2024-02-28,13,11,1
NCLH,2024-02-28,13,12,2
NCLH,2024-02-28,13,13,2
NDAQ,2021-02-23,13,1,4
NDAQ,2021-02-23,13,2,5
NDAQ,2021-02-23,13,3,6
NDAQ,2021-02-23,13,4,4
NDAQ,2021-02-23,13,5,1
NDAQ,2021-02-23,13,6,6
NDAQ,2021-02-23,13,7,4
NDAQ,2021-02-23,13,8,2
NDAQ,2021-02-23,13,9,3
NDAQ,2021-02-23,13,10,3
NDAQ,2021-02-23,13,11,5
NDAQ,2021-02-23,13,12,5
NDAQ,2021-02-23,13,13,3
NDAQ,2022-02-23,12,1,3
NDAQ,2022-02-23,12,2,2
NDAQ,2022-02-23,12,3,2
NDAQ,2022-02-23,12,4,3
NDAQ,2022-02-23,12,5,3
NDAQ,2022-02-23,12,6,4
NDAQ,2022-02-23,12,7,3
NDAQ,2022-02-23,12,8,3
NDAQ,2022-02-23,12,9,1
NDAQ,2022-02-23,12,10,2
NDAQ,2022-02-23,12,11,5
NDAQ,2022-02-23,12,12,2
NDAQ,2023-02-23,4,1,4
NDAQ,2023-02-23,4,2,5
NDAQ,2023-02-23,4,3,3
NDAQ,2023-02-23,4,4,3
NDAQ,2024-02-21,4,1,4
NDAQ,2024-02-21,4,2,4
NDAQ,2024-02-21,4,3,4
NDAQ,2024-02-21,4,4,3
NDSN,2021-12-17,11,1,9
NDSN,2021-12-17,11,2,8
NDSN,2021-12-17,11,3,4
NDSN,2021-12-17,11,4,3
NDSN,2021-12-17,11,5,4
NDSN,2021-12-17,11,6,5
NDSN,2021-12-17,11,7,4
NDSN,2021-12-17,11,8,3
NDSN,2021-12-17,11,9,6
NDSN,2021-12-17,11,10,3
NDSN,2021-12-17,11,11,1
NDSN,2022-12-19,10,1,7
NDSN,2022-12-19,10,2,5
NDSN,2022-12-19,10,3,7
NDSN,2022-12-19,10,4,4
NDSN,2022-12-19,10,5,6
NDSN,2022-12-19,10,6,5
NDSN,2022-12-19,10,7,7
NDSN,2022-12-19,10,8,6
NDSN,2022-12-19,10,9,2
NDSN,2022-12-19,10,10,1
NDSN,2023-12-20,4,1,6
NDSN,2023-12-20,4,2,3
NDSN,2023-12-20,4,3,1
NDSN,2023-12-20,4,4,1
NDSN,2024-12-18,2,1,6
NDSN,2024-12-18,2,2,3
NEE,2021-02-12,9,1,6
NEE,2021-02-12,9,2,5
NEE,2021-02-12,9,3,5
NEE,2021-02-12,9,4,3
NEE,2021-02-12,9,5,1
NEE,2021-02-12,9,6,2
NEE,2021-02-12,9,7,0
NEE,2021-02-12,9,8,3
NEE,2021-02-12,9,9,0
NEE,2022-02-18,6,1,7
NEE,2022-02-18,6,2,7
NEE,2022-02-18,6,3,5
NEE,2022-02-18,6,4,2
NEE,2022-02-18,6,5,2
NEE,2022-02-18,6,6,5
NEE,2023-02-17,6,1,4
NEE,2023-02-17,6,2,4
NEE,2023-02-17,6,3,2
NEE,2023-02-17,6,4,1
NEE,2023-02-17,6,5,2
NEE,2023-02-17,6,6,4
NEE,2024-02-16,6,1,5
NEE,2024-02-16,6,2,4
NEE,2024-02-16,6,3,3
NEE,2024-02-16,6,4,1
NEE,2024-02-16,6,5,1
NEE,2024-02-16,6,6,3
NFLX,2021-01-28,19,1,7
NFLX,2021-01-28,19,2,7
NFLX,2021-01-28,19,3,5
NFLX,2021-01-28,19,4,2
NFLX,2021-01-28,19,5,6
NFLX,2021-01-28,19,6,5
NFLX,2021-01-28,19,7,2
NFLX,2021-01-28,19,8,6
NFLX,2021-01-28,19,9,6
NFLX,2021-01-28,19,10,5
NFLX,2021-01-28,19,11,7
NFLX,2021-01-28,19,12,5
NFLX,2021-01-28,19,13,3
NFLX,2021-01-28,19,14,1
NFLX,2021-01-28,19,15,3
NFLX,2021-01-28,19,16,1
NFLX,2021-01-28,19,17,2
NFLX,2021-01-28,19,18,3
NFLX,2021-01-28,19,19,5
NFLX,2022-01-27,16,1,9
NFLX,2022-01-27,16,2,4
NFLX,2022-01-27,16,3,6
NFLX,2022-01-27,16,4,4
NFLX,2022-01-27,16,5,1
NFLX,2022-01-27,16,6,3
NFLX,2022-01-27,16,7,3
NFLX,2022-01-27,16,8,3
NFLX,2022-01-27,16,9,2
NFLX,2022-01-27,16,10,3
NFLX,2022-01-27,16,11,4
NFLX,2022-01-27,16,12,4
NFLX,2022-01-27,16,13,2
NFLX,2022-01-27,16,14,2
NFLX,2022-01-27,16,15,3
NFLX,2022-01-27,16,16,3
NFLX,2023-01-26,7,1,5
NFLX,2023-01-26,7,2,7
NFLX,2023-01-26,7,3,4
NFLX,2023-01-26,7,4,-1
NFLX,2023-01-26,7,5,3
NFLX,2023-01-26,7,6,2
NFLX,2023-01-26,7,7,4
NFLX,2024-01-26,1,1,5
NI,2021-02-17,17,1,7
NI,2021-02-17,17,2,6
NI,2021-02-17,17,3,7
NI,2021-02-17,17,4,3
NI,2021-02-17,17,5,3
NI,2021-02-17,17,6,3
NI,2021-02-17,17,7,3
NI,2021-02-17,17,8,3
NI,2021-02-17,17,9,3
NI,2021-02-17,17,10,2
NI,2021-02-17,17,11,2
NI,2021-02-17,17,12,4
NI,2021-02-17,17,13,2
NI,2021-02-17,17,14,2
NI,2021-02-17,17,15,3
NI,2021-02-17,17,16,4
NI,2021-02-17,17,17,4
NI,2022-02-23,6,1,8
NI,2022-02-23,6,2,7
NI,2022-02-23,6,3,5
NI,2022-02-23,6,4,4
NI,2022-02-23,6,5,1
NI,2022-02-23,6,6,2
NI,2023-02-22,7,1,7
NI,2023-02-22,7,2,1
NI,2023-02-22,7,3,2
NI,2023-02-22,7,4,3
NI,2023-02-22,7,5,1
NI,2023-02-22,7,6,0
NI,2023-02-22,7,7,2
NI,2024-02-21,2,1,6
NI,2024-02-21,2,2,2
NKE,2021-07-20,13,1,5
NKE,2021-07-20,13,2,5
NKE,2021-07-20,13,3,5
NKE,2021-07-20,13,4,0
NKE,2021-07-20,13,5,4
NKE,2021-07-20,13,6,7
NKE,2021-07-20,13,7,5
NKE,2021-07-20,13,8,6
NKE,2021-07-20,13,9,6
NKE,2021-07-20,13,10,7
NKE,2021-07-20,13,11,6
NKE,2021-07-20,13,12,5
NKE,2021-07-20,13,13,4
NKE,2022-07-21,12,1,8
NKE,2022-07-21,12,2,7
NKE,2022-07-21,12,3,9
NKE,2022-07-21,12,4,8
NKE,2022-07-21,12,5,6
NKE,2022-07-21,12,6,4
NKE,2022-07-21,12,7,6
NKE,2022-07-21,12,8,5
NKE,2022-07-21,12,9,6
NKE,2022-07-21,12,10,8
NKE,2022-07-21,12,11,5
NKE,2022-07-21,12,12,7
NKE,2023-07-20,5,1,7
NKE,2023-07-20,5,2,4
NKE,2023-07-20,5,3,4
NKE,2023-07-20,5,4,8
NKE,2023-07-20,5,5,7
NKE,2024-07-25,13,1,4
NKE,2024-07-25,13,2,4
NKE,2024-07-25,13,3,6
NKE,2024-07-25,13,4,2
NKE,2024-07-25,13,5,5
NKE,2024-07-25,13,6,3
NKE,2024-07-25,13,7,4
NKE,2024-07-25,13,8,4
NKE,2024-07-25,13,9,5
NKE,2024-07-25,13,10,3
NKE,2024-07-25,13,11,4
NKE,2024-07-25,13,12,3
NKE,2024-07-25,13,13,4
NOC,2021-01-28,20,1,6
NOC,2021-01-28,20,2,7
NOC,2021-01-28,20,3,5
NOC,2021-01-28,20,4,6
NOC,2021-01-28,20,5,6
NOC,2021-01-28,20,6,5
NOC,2021-01-28,20,7,3
NOC,2021-01-28,20,8,4
NOC,2021-01-28,20,9,6
NOC,2021-01-28,20,10,5
NOC,2021-01-28,20,11,6
NOC,2021-01-28,20,12,3
NOC,2021-01-28,20,13,4
NOC,2021-01-28,20,14,5
NOC,2021-01-28,20,15,-2
NOC,2021-01-28,20,16,4
NOC,2021-01-28,20,17,4
NOC,2021-01-28,20,18,-2
NOC,2021-01-28,20,19,-4
NOC,2021-01-28,20,20,3
NOC,2022-01-27,13,1,3
NOC,2022-01-27,13,2,7
NOC,2022-01-27,13,3,5
NOC,2022-01-27,13,4,5
NOC,2022-01-27,13,5,3
NOC,2022-01-27,13,6,5
NOC,2022-01-27,13,7,3
NOC,2022-01-27,13,8,3
NOC,2022-01-27,13,9,3
NOC,2022-01-27,13,10,3
NOC,2022-01-27,13,11,2
NOC,2022-01-27,13,12,2
NOC,2022-01-27,13,13,3
NOC,2023-01-26,9,1,4
NOC,2023-01-26,9,2,3
NOC,2023-01-26,9,3,8
NOC,2023-01-26,9,4,5
NOC,2023-01-26,9,5,-1
NOC,2023-01-26,9,6,5
NOC,2023-01-26,9,7,3
NOC,2023-01-26,9,8,3
NOC,2023-01-26,9,9,2
NOC,2024-01-25,5,1,6
NOC,2024-01-25,5,2,5
NOC,2024-01-25,5,3,4
NOC,2024-01-25,5,4,1
NOC,2024-01-25,5,5,0
NOW,2021-02-12,14,1,4
NOW,2021-02-12,14,2,8
NOW,2021-02-12,14,3,7
NOW,2021-02-12,14,4,6
NOW,2021-02-12,14,5,2
NOW,2021-02-12,14,6,5
NOW,2021-02-12,14,7,7
NOW,2021-02-12,14,8,3
NOW,2021-02-12,14,9,6
NOW,2021-02-12,14,10,6
NOW,2021-02-12,14,11,7
NOW,2021-02-12,14,12,-3
NOW,2021-02-12,14,13,1
NOW,2021-02-12,14,14,2
NOW,2022-02-03,10,1,4
NOW,2022-02-03,10,2,4
NOW,2022-02-03,10,3,7
NOW,2022-02-03,10,4,8
NOW,2022-02-03,10,5,4
NOW,2022-02-03,10,6,2
NOW,2022-02-03,10,7,1
NOW,2022-02-03,10,8,4
NOW,2022-02-03,10,9,6
NOW,2022-02-03,10,10,2
NOW,2023-01-31,3,1,4
NOW,2023-01-31,3,2,5
NOW,2023-01-31,3,3,4
NOW,2024-01-25,2,1,4
NOW,2024-01-25,2,2,2
NRG,2021-03-01,9,1,8
NRG,2021-03-01,9,2,2
NRG,2021-03-01,9,3,2
NRG,2021-03-01,9,4,6
NRG,2021-03-01,9,5,2
NRG,2021-03-01,9,6,1
NRG,2021-03-01,9,7,4
NRG,2021-03-01,9,8,2
NRG,2021-03-01,9,9,1
NRG,2022-02-24,13,1,7
NRG,2022-02-24,13,2,3
NRG,2022-02-24,13,3,3
NRG,2022-02-24,13,4,3
NRG,2022-02-24,13,5,3
NRG,2022-02-24,13,6,2
NRG,2022-02-24,13,7,1
NRG,2022-02-24,13,8,2
NRG,2022-02-24,13,9,1
NRG,2022-02-24,13,10,4
NRG,2022-02-24,13,11,3
NRG,2022-02-24,13,12,2
NRG,2022-02-24,13,13,-3
NRG,2023-02-23,9,1,4
NRG,2023-02-23,9,2,8
NRG,2023-02-23,9,3,5
NRG,2023-02-23,9,4,4
NRG,2023-02-23,9,5,4
NRG,2023-02-23,9,6,3
NRG,2023-02-23,9,7,5
NRG,2023-02-23,9,8,5
NRG,2023-02-23,9,9,-2
NTAP,2021-06-21,21,1,4
NTAP,2021-06-21,21,2,6
NTAP,2021-06-21,21,3,1
NTAP,2021-06-21,21,4,2
NTAP,2021-06-21,21,5,3
NTAP,2021-06-21,21,6,2
NTAP,2021-06-21,21,7,6
NTAP,2021-06-21,21,8,2
NTAP,2021-06-21,21,9,2
NTAP,2021-06-21,21,10,2
NTAP,2021-06-21,21,11,7
NTAP,2021-06-21,21,12,6
NTAP,2021-06-21,21,13,5
NTAP,2021-06-21,21,14,5
NTAP,2021-06-21,21,15,5
NTAP,2021-06-21,21,16,3
NTAP,2021-06-21,21,17,3
NTAP,2021-06-21,21,18,3
NTAP,2021-06-21,21,19,3
NTAP,2021-06-21,21,20,2
NTAP,2021-06-21,21,21,4
NTAP,2022-06-16,8,1,9
NTAP,2022-06-16,8,2,7
NTAP,2022-06-16,8,3,8
NTAP,2022-06-16,8,4,10
NTAP,2022-06-16,8,5,8
NTAP,2022-06-16,8,6,4
NTAP,2022-06-16,8,7,4
NTAP,2022-06-16,8,8,2
NTAP,2023-06-14,3,1,4
NTAP,2023-06-14,3,2,5
NTAP,2023-06-14,3,3,5
NTAP,2024-06-10,3,1,4
NTAP,2024-06-10,3,2,3
NTAP,2024-06-10,3,3,2
NTRS,2021-02-23,11,1,8
NTRS,2021-02-23,11,2,7
NTRS,2021-02-23,11,3,7
NTRS,2021-02-23,11,4,4
NTRS,2021-02-23,11,5,5
NTRS,2021-02-23,11,6,5
NTRS,2021-02-23,11,7,3
NTRS,2021-02-23,11,8,3
NTRS,2021-02-23,11,9,4
NTRS,2021-02-23,11,10,2
NTRS,2021-02-23,11,11,2
NTRS,2022-02-28,8,1,7
NTRS,2022-02-28,8,2,6
NTRS,2022-02-28,8,3,7
NTRS,2022-02-28,8,4,4
NTRS,2022-02-28,8,5,4
NTRS,2022-02-28,8,6,4
NTRS,2022-02-28,8,7,4
NTRS,2022-02-28,8,8,1
NTRS,2023-02-28,4,1,6
NTRS,2023-02-28,4,2,5
NTRS,2023-02-28,4,3,4
NTRS,2023-02-28,4,4,1
NTRS,2024-02-27,4,1,4
NTRS,2024-02-27,4,2,4
NTRS,2024-02-27,4,3,3
NTRS,2024-02-27,4,4,5
NUE,2021-02-26,8,1,6
NUE,2021-02-26,8,2,9
NUE,2021-02-26,8,3,7
NUE,2021-02-26,8,4,5
NUE,2021-02-26,8,5,8
NUE,2021-02-26,8,6,6
NUE,2021-02-26,8,7,9
NUE,2021-02-26,8,8,8
NUE,2022-02-28,13,1,5
NUE,2022-02-28,13,2,3
NUE,2022-02-28,13,3,5
NUE,2022-02-28,13,4,4
NUE,2022-02-28,13,5,8
NUE,2022-02-28,13,6,6
NUE,2022-02-28,13,7,5
NUE,2022-02-28,13,8,4
NUE,2022-02-28,13,9,6
NUE,2022-02-28,13,10,4
NUE,2022-02-28,13,11,3
NUE,2022-02-28,13,12,2
NUE,2022-02-28,13,13,1
NUE,2023-03-01,12,1,2
NUE,2023-03-01,12,2,5
NUE,2023-03-01,12,3,3
NUE,2023-03-01,12,4,5
NUE,2023-03-01,12,5,2
NUE,2023-03-01,12,6,7
NUE,2023-03-01,12,7,4
NUE,2023-03-01,12,8,4
NUE,2023-03-01,12,9,3
NUE,2023-03-01,12,10,7
NUE,2023-03-01,12,11,2
NUE,2023-03-01,12,12,1
NUE,2024-02-27,7,1,4
NUE,2024-02-27,7,2,3
NUE,2024-02-27,7,3,1
NUE,2024-02-27,7,4,6
NUE,2024-02-27,7,5,2
NUE,2024-02-27,7,6,2
NUE,2024-02-27,7,7,6
NVDA,2021-02-26,16,1,5
NVDA,2021-02-26,16,2,2
NVDA,2021-02-26,16,3,7
NVDA,2021-02-26,16,4,2
NVDA,2021-02-26,16,5,7
NVDA,2021-02-26,16,6,7
NVDA,2021-02-26,16,7,3
NVDA,2021-02-26,16,8,7
NVDA,2021-02-26,16,9,7
NVDA,2021-02-26,16,10,5
NVDA,2021-02-26,16,11,5
NVDA,2021-02-26,16,12,2
NVDA,2021-02-26,16,13,6
NVDA,2021-02-26,16,14,8
NVDA,2021-02-26,16,15,7
NVDA,2021-02-26,16,16,5
NVDA,2022-03-18,17,1,1
NVDA,2022-03-18,17,2,7
NVDA,2022-03-18,17,3,5
NVDA,2022-03-18,17,4,8
NVDA,2022-03-18,17,5,1
NVDA,2022-03-18,17,6,6
NVDA,2022-03-18,17,7,3
NVDA,2022-03-18,17,8,5
NVDA,2022-03-18,17,9,0
NVDA,2022-03-18,17,10,6
NVDA,2022-03-18,17,11,2
NVDA,2022-03-18,17,12,4
NVDA,2022-03-18,17,13,7
NVDA,2022-03-18,17,14,4
NVDA,2022-03-18,17,15,1
NVDA,2022-03-18,17,16,0
NVDA,2022-03-18,17,17,6
NVDA,2023-02-24,13,1,8
NVDA,2023-02-24,13,2,7
NVDA,2023-02-24,13,3,8
NVDA,2023-02-24,13,4,5
NVDA,2023-02-24,13,5,8
NVDA,2023-02-24,13,6,7
NVDA,2023-02-24,13,7,6
NVDA,2023-02-24,13,8,1
NVDA,2023-02-24,13,9,6
NVDA,2023-02-24,13,10,5
NVDA,2023-02-24,13,11,4
NVDA,2023-02-24,13,12,4
NVDA,2023-02-24,13,13,5
NVDA,2024-02-21,4,1,4
NVDA,2024-02-21,4,2,4
NVDA,2024-02-21,4,3,3
NVDA,2024-02-21,4,4,4
NVR,2021-02-12,10,1,6
NVR,2021-02-12,10,2,4
NVR,2021-02-12,10,3,5
NVR,2021-02-12,10,4,3
NVR,2021-02-12,10,5,5
NVR,2021-02-12,10,6,4
NVR,2021-02-12,10,7,5
NVR,2021-02-12,10,8,3
NVR,2021-02-12,10,9,4
NVR,2021-02-12,10,10,3
NVR,2022-02-16,14,1,6
NVR,2022-02-16,14,2,4
NVR,2022-02-16,14,3,3
NVR,2022-02-16,14,4,4
NVR,2022-02-16,14,5,7
NVR,2022-02-16,14,6,1
NVR,2022-02-16,14,7,2
NVR,2022-02-16,14,8,4
NVR,2022-02-16,14,9,6
NVR,2022-02-16,14,10,4
NVR,2022-02-16,14,11,6
NVR,2022-02-16,14,12,2
NVR,2022-02-16,14,13,4
NVR,2022-02-16,14,14,1
NVR,2023-02-15,9,1,8
NVR,2023-02-15,9,2,5
NVR,2023-02-15,9,3,9
NVR,2023-02-15,9,4,5
NVR,2023-02-15,9,5,2
NVR,2023-02-15,9,6,1
NVR,2023-02-15,9,7,2
NVR,2023-02-15,9,8,6
NVR,2023-02-15,9,9,5
NVR,2024-02-14,7,1,5
NVR,2024-02-14,7,2,1
NVR,2024-02-14,7,3,5
NVR,2024-02-14,7,4,1
NVR,2024-02-14,7,5,3
NVR,2024-02-14,7,6,2
NVR,2024-02-14,7,7,3
NWS,2021-08-10,14,1,4
NWS,2021-08-10,14,2,9
NWS,2021-08-10,14,3,4
NWS,2021-08-10,14,4,5
NWS,2021-08-10,14,5,4
NWS,2021-08-10,14,6,6
NWS,2021-08-10,14,7,2
NWS,2021-08-10,14,8,7
NWS,2021-08-10,14,9,2
NWS,2021-08-10,14,10,0
NWS,2021-08-10,14,11,1
NWS,2021-08-10,14,12,2
NWS,2021-08-10,14,13,4
NWS,2021-08-10,14,14,1
NWS,2022-08-12,6,1,8
NWS,2022-08-12,6,2,8
NWS,2022-08-12,6,3,6
NWS,2022-08-12,6,4,3
NWS,2022-08-12,6,5,5
NWS,2022-08-12,6,6,3
NWS,2023-08-15,5,1,6
NWS,2023-08-15,5,2,1
NWS,2023-08-15,5,3,2
NWS,2023-08-15,5,4,3
NWS,2023-08-15,5,5,0
NWS,2024-08-13,4,1,4
NWS,2024-08-13,4,2,5
NWS,2024-08-13,4,3,6
NWS,2024-08-13,4,4,4
NXPI,2021-02-25,15,1,4
NXPI,2021-02-25,15,2,5
NXPI,2021-02-25,15,3,4
NXPI,2021-02-25,15,4,3
NXPI,2021-02-25,15,5,7
NXPI,2021-02-25,15,6,2
NXPI,2021-02-25,15,7,5
NXPI,2021-02-25,15,8,3
NXPI,2021-02-25,15,9,2
NXPI,2021-02-25,15,10,4
NXPI,2021-02-25,15,11,3
NXPI,2021-02-25,15,12,5
NXPI,2021-02-25,15,13,5
NXPI,2021-02-25,15,14,7
NXPI,2021-02-25,15,15,1
NXPI,2022-02-24,10,1,6
NXPI,2022-02-24,10,2,6
NXPI,2022-02-24,10,3,3
NXPI,2022-02-24,10,4,7
NXPI,2022-02-24,10,5,2
NXPI,2022-02-24,10,6,3
NXPI,2022-02-24,10,7,5
NXPI,2022-02-24,10,8,3
NXPI,2022-02-24,10,9,4
NXPI,2022-02-24,10,10,3
NXPI,2023-03-01,6,1,8
NXPI,2023-03-01,6,2,7
NXPI,2023-03-01,6,3,3
NXPI,2023-03-01,6,4,8
NXPI,2023-03-01,6,5,3
NXPI,2023-03-01,6,6,1
NXPI,2024-02-22,3,1,7
NXPI,2024-02-22,3,2,3
NXPI,2024-02-22,3,3,2
ODFL,2021-02-24,13,1,7
ODFL,2021-02-24,13,2,7
ODFL,2021-02-24,13,3,6
ODFL,2021-02-24,13,4,4
ODFL,2021-02-24,13,5,7
ODFL,2021-02-24,13,6,7
ODFL,2021-02-24,13,7,3
ODFL,2021-02-24,13,8,4
ODFL,2021-02-24,13,9,4
ODFL,2021-02-24,13,10,3
ODFL,2021-02-24,13,11,3
ODFL,2021-02-24,13,12,5
ODFL,2021-02-24,13,13,0
ODFL,2022-02-23,12,1,4
ODFL,2022-02-23,12,2,7
ODFL,2022-02-23,12,3,4
ODFL,2022-02-23,12,4,2
ODFL,2022-02-23,12,5,5
ODFL,2022-02-23,12,6,5
ODFL,2022-02-23,12,7,2
ODFL,2022-02-23,12,8,2
ODFL,2022-02-23,12,9,1
ODFL,2022-02-23,12,10,1
ODFL,2022-02-23,12,11,3
ODFL,2022-02-23,12,12,1
ODFL,2023-02-22,6,1,5
ODFL,2023-02-22,6,2,1
ODFL,2023-02-22,6,3,8
ODFL,2023-02-22,6,4,3
ODFL,2023-02-22,6,5,2
ODFL,2023-02-22,6,6,1
ODFL,2024-02-26,1,1,5
OKE,2021-02-23,13,1,8
OKE,2021-02-23,13,2,7
OKE,2021-02-23,13,3,7
OKE,2021-02-23,13,4,7
OKE,2021-02-23,13,5,4
OKE,2021-02-23,13,6,8
OKE,2021-02-23,13,7,5
OKE,2021-02-23,13,8,5
OKE,2021-02-23,13,9,6
OKE,2021-02-23,13,10,2
OKE,2021-02-23,13,11,4
OKE,2021-02-23,13,12,3
OKE,2021-02-23,13,13,2
OKE,2022-03-01,9,1,5
OKE,2022-03-01,9,2,7
OKE,2022-03-01,9,3,7
OKE,2022-03-01,9,4,1
OKE,2022-03-01,9,5,5
OKE,2022-03-01,9,6,1
OKE,2022-03-01,9,7,1
OKE,2022-03-01,9,8,1
OKE,2022-03-01,9,9,4
OKE,2023-02-28,9,1,6
OKE,2023-02-28,9,2,2
OKE,2023-02-28,9,3,2
OKE,2023-02-28,9,4,4
OKE,2023-02-28,9,5,6
OKE,2023-02-28,9,6,6
OKE,2023-02-28,9,7,2
OKE,2023-02-28,9,8,6
OKE,2023-02-28,9,9,2
OKE,2024-02-27,3,1,3
OKE,2024-02-27,3,2,1
OKE,2024-02-27,3,3,2
ON,2021-02-16,10,1,4
ON,2021-02-16,10,2,7
ON,2021-02-16,10,3,4
ON,2021-02-16,10,4,6
ON,2021-02-16,10,5,6
ON,2021-02-16,10,6,9
ON,2021-02-16,10,7,2
ON,2021-02-16,10,8,5
ON,2021-02-16,10,9,-2
ON,2021-02-16,10,10,2
ON,2022-02-14,14,1,8
ON,2022-02-14,14,2,7
ON,2022-02-14,14,3,8
ON,2022-02-14,14,4,10
ON,2022-02-14,14,5,8
ON,2022-02-14,14,6,6
ON,2022-02-14,14,7,5
ON,2022-02-14,14,8,6
ON,2022-02-14,14,9,8
ON,2022-02-14,14,10,7
ON,2022-02-14,14,11,1
ON,2022-02-14,14,12,1
ON,2022-02-14,14,13,7
ON,2022-02-14,14,14,6
ON,2023-02-06,10,1,4
ON,2023-02-06,10,2,3
ON,2023-02-06,10,3,7
ON,2023-02-06,10,4,8
ON,2023-02-06,10,5,6
ON,2023-02-06,10,6,3
ON,2023-02-06,10,7,1
ON,2023-02-06,10,8,0
ON,2023-02-06,10,9,0
ON,2023-02-06,10,10,5
ON,2024-02-05,5,1,4
ON,2024-02-05,5,2,5
ON,2024-02-05,5,3,2
ON,2024-02-05,5,4,3
ON,2024-02-05,5,5,1
ORCL,2021-06-21,11,1,8
ORCL,2021-06-21,11,2,6
ORCL,2021-06-21,11,3,5
ORCL,2021-06-21,11,4,2
ORCL,2021-06-21,11,5,4
ORCL,2021-06-21,11,6,5
ORCL,2021-06-21,11,7,7
ORCL,2021-06-21,11,8,3
ORCL,2021-06-21,11,9,1
ORCL,2021-06-21,11,10,1
ORCL,2021-06-21,11,11,5
ORCL,2022-06-21,14,1,8
ORCL,2022-06-21,14,2,7
ORCL,2022-06-21,14,3,8
ORCL,2022-06-21,14,4,4
ORCL,2022-06-21,14,5,5
ORCL,2022-06-21,14,6,5
ORCL,2022-06-21,14,7,6
ORCL,2022-06-21,14,8,3
ORCL,2022-06-21,14,9,3
ORCL,2022-06-21,14,10,5
ORCL,2022-06-21,14,11,4
ORCL,2022-06-21,14,12,5
ORCL,2022-06-21,14,13,3
ORCL,2022-06-21,14,14,2
ORCL,2023-06-20,6,1,6
ORCL,2023-06-20,6,2,7
ORCL,2023-06-20,6,3,5
ORCL,2023-06-20,6,4,1
ORCL,2023-06-20,6,5,1
ORCL,2023-06-20,6,6,2
ORCL,2024-06-20,4,1,4
ORCL,2024-06-20,4,2,2
ORCL,2024-06-20,4,3,4
ORCL,2024-06-20,4,4,1
ORLY,2021-02-26,14,1,5
ORLY,2021-02-26,14,2,4
ORLY,2021-02-26,14,3,5
ORLY,2021-02-26,14,4,5
ORLY,2021-02-26,14,5,4
ORLY,2021-02-26,14,6,5
ORLY,2021-02-26,14,7,6
ORLY,2021-02-26,14,8,4
ORLY,2021-02-26,14,9,5
ORLY,2021-02-26,14,10,6
ORLY,2021-02-26,14,11,5
ORLY,2021-02-26,14,12,0
ORLY,2021-02-26,14,13,1
ORLY,2021-02-26,14,14,2
ORLY,2022-02-28,17,1,6
ORLY,2022-02-28,17,2,4
ORLY,2022-02-28,17,3,5
ORLY,2022-02-28,17,4,2
ORLY,2022-02-28,17,5,5
ORLY,2022-02-28,17,6,2
ORLY,2022-02-28,17,7,4
ORLY,2022-02-28,17,8,4
ORLY,2022-02-28,17,9,5
ORLY,2022-02-28,17,10,4
ORLY,2022-02-28,17,11,5
ORLY,2022-02-28,17,12,1
ORLY,2022-02-28,17,13,0
ORLY,2022-02-28,17,14,3
ORLY,2022-02-28,17,15,0
ORLY,2022-02-28,17,16,1
ORLY,2022-02-28,17,17,5
ORLY,2023-02-28,5,1,4
ORLY,2023-02-28,5,2,5
ORLY,2023-02-28,5,3,4
ORLY,2023-02-28,5,4,5
ORLY,2023-02-28,5,5,8
ORLY,2024-02-28,5,1,4
ORLY,2024-02-28,5,2,5
ORLY,2024-02-28,5,3,5
ORLY,2024-02-28,5,4,5
ORLY,2024-02-28,5,5,6
OTIS,2021-02-05,8,1,2
OTIS,2021-02-05,8,2,1
OTIS,2021-02-05,8,3,8
OTIS,2021-02-05,8,4,5
OTIS,2021-02-05,8,5,7
OTIS,2021-02-05,8,6,6
OTIS,2021-02-05,8,7,1
OTIS,2021-02-05,8,8,3
OTIS,2022-02-04,14,1,4
OTIS,2022-02-04,14,2,8
OTIS,2022-02-04,14,3,6
OTIS,2022-02-04,14,4,8
OTIS,2022-02-04,14,5,7
OTIS,2022-02-04,14,6,5
OTIS,2022-02-04,14,7,6
OTIS,2022-02-04,14,8,4
OTIS,2022-02-04,14,9,6
OTIS,2022-02-04,14,10,7
OTIS,2022-02-04,14,11,7
OTIS,2022-02-04,14,12,8
OTIS,2022-02-04,14,13,0
OTIS,2022-02-04,14,14,5
OTIS,2023-02-03,9,1,4
OTIS,2023-02-03,9,2,9
OTIS,2023-02-03,9,3,7
OTIS,2023-02-03,9,4,9
OTIS,2023-02-03,9,5,8
OTIS,2023-02-03,9,6,5
OTIS,2023-02-03,9,7,5
OTIS,2023-02-03,9,8,3
OTIS,2023-02-03,9,9,1
OTIS,2024-02-02,2,1,3
OTIS,2024-02-02,2,2,4
O,2021-02-23,17,1,6
O,2021-02-23,17,2,3
O,2021-02-23,17,3,3
O,2021-02-23,17,4,4
O,2021-02-23,17,5,6
O,2021-02-23,17,6,4
O,2021-02-23,17,7,6
O,2021-02-23,17,8,6
O,2021-02-23,17,9,4
O,2021-02-23,17,10,5
O,2021-02-23,17,11,5
O,2021-02-23,17,12,3
O,2021-02-23,17,13,4
O,2021-02-23,17,14,2
O,2021-02-23,17,15,6
O,2021-02-23,17,16,1
O,2021-02-23,17,17,3
O,2022-02-23,13,1,7
O,2022-02-23,13,2,4
O,2022-02-23,13,3,5
O,2022-02-23,13,4,6
O,2022-02-23,13,5,5
O,2022-02-23,13,6,6
O,2022-02-23,13,7,7
O,2022-02-23,13,8,7
O,2022-02-23,13,9,5
O,2022-02-23,13,10,7
O,2022-02-23,13,11,6
O,2022-02-23,13,12,5
O,2022-02-23,13,13,7
O,2023-02-22,6,1,9
O,2023-02-22,6,2,7
O,2023-02-22,6,3,8
O,2023-02-22,6,4,5
O,2023-02-22,6,5,6
O,2023-02-22,6,6,4
O,2024-02-21,3,1,4
O,2024-02-21,3,2,6
O,2024-02-21,3,3,4
PANW,2021-09-03,15,1,7
PANW,2021-09-03,15,2,9
PANW,2021-09-03,15,3,2
PANW,2021-09-03,15,4,8
PANW,2021-09-03,15,5,7
PANW,2021-09-03,15,6,8
PANW,2021-09-03,15,7,5
PANW,2021-09-03,15,8,6
PANW,2021-09-03,15,9,4
PANW,2021-09-03,15,10,5
PANW,2021-09-03,15,11,3
PANW,2021-09-03,15,12,7
PANW,2021-09-03,15,13,5
PANW,2021-09-03,15,14,3
PANW,2021-09-03,15,15,3
PANW,2022-09-06,14,1,4
PANW,2022-09-06,14,2,5
PANW,2022-09-06,14,3,5
PANW,2022-09-06,14,4,0
PANW,2022-09-06,14,5,1
PANW,2022-09-06,14,6,4
PANW,2022-09-06,14,7,6
PANW,2022-09-06,14,8,7
PANW,2022-09-06,14,9,6
PANW,2022-09-06,14,10,4
PANW,2022-09-06,14,11,2
PANW,2022-09-06,14,12,5
PANW,2022-09-06,14,13,3
PANW,2022-09-06,14,14,5
PANW,2023-09-01,3,1,6
PANW,2023-09-01,3,2,6
PANW,2023-09-01,3,3,6
PANW,2024-09-06,3,1,4
PANW,2024-09-06,3,2,4
PANW,2024-09-06,3,3,1
PARA,2021-02-24,18,1,9
PARA,2021-02-24,18,2,4
PARA,2021-02-24,18,3,9
PARA,2021-02-24,18,4,2
PARA,2021-02-24,18,5,1
PARA,2021-02-24,18,6,5
PARA,2021-02-24,18,7,5
PARA,2021-02-24,18,8,1
PARA,2021-02-24,18,9,2
PARA,2021-02-24,18,10,4
PARA,2021-02-24,18,11,6
PARA,2021-02-24,18,12,-2
PARA,2021-02-24,18,13,3
PARA,2021-02-24,18,14,7
PARA,2021-02-24,18,15,3
PARA,2021-02-24,18,16,4
PARA,2021-02-24,18,17,1
PARA,2021-02-24,18,18,1
PARA,2022-02-15,16,1,4
PARA,2022-02-15,16,2,5
PARA,2022-02-15,16,3,2
PARA,2022-02-15,16,4,6
PARA,2022-02-15,16,5,1
PARA,2022-02-15,16,6,9
PARA,2022-02-15,16,7,3
PARA,2022-02-15,16,8,5
PARA,2022-02-15,16,9,2
PARA,2022-02-15,16,10,1
PARA,2022-02-15,16,11,5
PARA,2022-02-15,16,12,3
PARA,2022-02-15,16,13,4
PARA,2022-02-15,16,14,2
PARA,2022-02-15,16,15,3
PARA,2022-02-15,16,16,2
PARA,2023-02-16,11,1,2
PARA,2023-02-16,11,2,1
PARA,2023-02-16,11,3,2
PARA,2023-02-16,11,4,1
PARA,2023-02-16,11,5,6
PARA,2023-02-16,11,6,5
PARA,2023-02-16,11,7,4
PARA,2023-02-16,11,8,2
PARA,2023-02-16,11,9,1
PARA,2023-02-16,11,10,1
PARA,2023-02-16,11,11,0
PARA,2024-02-28,4,1,4
PARA,2024-02-28,4,2,4
PARA,2024-02-28,4,3,4
PARA,2024-02-28,4,4,3
PAYC,2021-02-18,12,1,6
PAYC,2021-02-18,12,2,6
PAYC,2021-02-18,12,3,7
PAYC,2021-02-18,12,4,3
PAYC,2021-02-18,12,5,2
PAYC,2021-02-18,12,6,6
PAYC,2021-02-18,12,7,8
PAYC,2021-02-18,12,8,3
PAYC,2021-02-18,12,9,3
PAYC,2021-02-18,12,10,3
PAYC,2021-02-18,12,11,7
PAYC,2021-02-18,12,12,2
PAYC,2022-02-17,15,1,3
PAYC,2022-02-17,15,2,3
PAYC,2022-02-17,15,3,6
PAYC,2022-02-17,15,4,5
PAYC,2022-02-17,15,5,4
PAYC,2022-02-17,15,6,2
PAYC,2022-02-17,15,7,4
PAYC,2022-02-17,15,8,4
PAYC,2022-02-17,15,9,4
PAYC,2022-02-17,15,10,4
PAYC,2022-02-17,15,11,3
PAYC,2022-02-17,15,12,2
PAYC,2022-02-17,15,13,3
PAYC,2022-02-17,15,14,-2
PAYC,2022-02-17,15,15,-2
PAYC,2023-02-16,4,1,4
PAYC,2023-02-16,4,2,3
PAYC,2023-02-16,4,3,1
PAYC,2023-02-16,4,4,1
PAYC,2024-02-15,3,1,4
PAYC,2024-02-15,3,2,0
PAYC,2024-02-15,3,3,0
PAYX,2021-07-16,8,1,6
PAYX,2021-07-16,8,2,2
PAYX,2021-07-16,8,3,7
PAYX,2021-07-16,8,4,8
PAYX,2021-07-16,8,5,4
PAYX,2021-07-16,8,6,6
PAYX,2021-07-16,8,7,5
PAYX,2021-07-16,8,8,4
PAYX,2022-07-15,10,1,7
PAYX,2022-07-15,10,2,9
PAYX,2022-07-15,10,3,5
PAYX,2022-07-15,10,4,5
PAYX,2022-07-15,10,5,4
PAYX,2022-07-15,10,6,5
PAYX,2022-07-15,10,7,2
PAYX,2022-07-15,10,8,7
PAYX,2022-07-15,10,9,4
PAYX,2022-07-15,10,10,5
PAYX,2023-07-14,1,1,5
PAYX,2024-07-11,1,1,4
PCAR,2021-02-17,17,1,4
PCAR,2021-02-17,17,2,3
PCAR,2021-02-17,17,3,3
PCAR,2021-02-17,17,4,0
PCAR,2021-02-17,17,5,6
PCAR,2021-02-17,17,6,8
PCAR,2021-02-17,17,7,3
PCAR,2021-02-17,17,8,5
PCAR,2021-02-17,17,9,1
PCAR,2021-02-17,17,10,6
PCAR,2021-02-17,17,11,7
PCAR,2021-02-17,17,12,0
PCAR,2021-02-17,17,13,0
PCAR,2021-02-17,17,14,9
PCAR,2021-02-17,17,15,4
PCAR,2021-02-17,17,16,0
PCAR,2021-02-17,17,17,5
PCAR,2022-02-23,10,1,2
PCAR,2022-02-23,10,2,4
PCAR,2022-02-23,10,3,5
PCAR,2022-02-23,10,4,2
PCAR,2022-02-23,10,5,2
PCAR,2022-02-23,10,6,1
PCAR,2022-02-23,10,7,5
PCAR,2022-02-23,10,8,1
PCAR,2022-02-23,10,9,2
PCAR,2022-02-23,10,10,4
PCAR,2023-02-22,6,1,3
PCAR,2023-02-22,6,2,3
PCAR,2023-02-22,6,3,7
PCAR,2023-02-22,6,4,6
PCAR,2023-02-22,6,5,2
PCAR,2023-02-22,6,6,3
PCAR,2024-02-21,2,1,4
PCAR,2024-02-21,2,2,3
PCG,2021-02-25,8,1,5
PCG,2021-02-25,8,2,3
PCG,2021-02-25,8,3,7
PCG,2021-02-25,8,4,8
PCG,2021-02-25,8,5,4
PCG,2021-02-25,8,6,1
PCG,2021-02-25,8,7,1
PCG,2021-02-25,8,8,1
PCG,2022-02-10,8,1,5
PCG,2022-02-10,8,2,3
PCG,2022-02-10,8,3,8
PCG,2022-02-10,8,4,3
PCG,2022-02-10,8,5,2
PCG,2022-02-10,8,6,4
PCG,2022-02-10,8,7,1
PCG,2022-02-10,8,8,2
PCG,2023-02-23,6,1,8
PCG,2023-02-23,6,2,7
PCG,2023-02-23,6,3,9
PCG,2023-02-23,6,4,6
PCG,2023-02-23,6,5,6
PCG,2023-02-23,6,6,5
PCG,2024-02-22,4,1,4
PCG,2024-02-22,4,2,2
PCG,2024-02-22,4,3,4
PCG,2024-02-22,4,4,4
PEG,2024-02-26,6,1,4
PEG,2024-02-26,6,2,4
PEG,2024-02-26,6,3,6
PEG,2024-02-26,6,4,4
PEG,2024-02-26,6,5,2
PEG,2024-02-26,6,6,1
PEP,2022-02-10,10,1,7
PEP,2022-02-10,10,2,9
PEP,2022-02-10,10,3,7
PEP,2022-02-10,10,4,6
PEP,2022-02-10,10,5,6
PEP,2022-02-10,10,6,6
PEP,2022-02-10,10,7,6
PEP,2022-02-10,10,8,5
PEP,2022-02-10,10,9,6
PEP,2022-02-10,10,10,3
PEP,2023-02-09,4,1,6
PEP,2023-02-09,4,2,5
PEP,2023-02-09,4,3,5
PEP,2023-02-09,4,4,7
PEP,2024-02-09,3,1,6
PEP,2024-02-09,3,2,4
PEP,2024-02-09,3,3,6
PFE,2024-02-22,7,1,4
PFE,2024-02-22,7,2,5
PFE,2024-02-22,7,3,5
PFE,2024-02-22,7,4,3
PFE,2024-02-22,7,5,3
PFE,2024-02-22,7,6,3
PFE,2024-02-22,7,7,1
PFG,2021-02-12,6,1,4
PFG,2021-02-12,6,2,7
PFG,2021-02-12,6,3,9
PFG,2021-02-12,6,4,7
PFG,2021-02-12,6,5,6
PFG,2021-02-12,6,6,4
PFG,2022-02-11,8,1,2
PFG,2022-02-11,8,2,6
PFG,2022-02-11,8,3,3
PFG,2022-02-11,8,4,6
PFG,2022-02-11,8,5,6
PFG,2022-02-11,8,6,4
PFG,2022-02-11,8,7,3
PFG,2022-02-11,8,8,2
PFG,2023-02-16,4,1,3
PFG,2023-02-16,4,2,1
PFG,2023-02-16,4,3,1
PFG,2023-02-16,4,4,1
PFG,2024-02-20,4,1,4
PFG,2024-02-20,4,2,3
PFG,2024-02-20,4,3,1
PFG,2024-02-20,4,4,1
PGR,2021-03-01,14,1,8
PGR,2021-03-01,14,2,6
PGR,2021-03-01,14,3,7
PGR,2021-03-01,14,4,6
PGR,2021-03-01,14,5,7
PGR,2021-03-01,14,6,6
PGR,2021-03-01,14,7,7
PGR,2021-03-01,14,8,7
PGR,2021-03-01,14,9,5
PGR,2021-03-01,14,10,6
PGR,2021-03-01,14,11,6
PGR,2021-03-01,14,12,5
PGR,2021-03-01,14,13,6
PGR,2021-03-01,14,14,7
PGR,2022-02-28,18,1,7
PGR,2022-02-28,18,2,4
PGR,2022-02-28,18,3,5
PGR,2022-02-28,18,4,3
PGR,2022-02-28,18,5,6
PGR,2022-02-28,18,6,4
PGR,2022-02-28,18,7,5
PGR,2022-02-28,18,8,6
PGR,2022-02-28,18,9,1
PGR,2022-02-28,18,10,5
PGR,2022-02-28,18,11,5
PGR,2022-02-28,18,12,2
PGR,2022-02-28,18,13,4
PGR,2022-02-28,18,14,6
PGR,2022-02-28,18,15,5
PGR,2022-02-28,18,16,1
PGR,2022-02-28,18,17,4
PGR,2022-02-28,18,18,2
PGR,2023-02-27,19,1,4
PGR,2023-02-27,19,2,4
PGR,2023-02-27,19,3,5
PGR,2023-02-27,19,4,3
PGR,2023-02-27,19,5,5
PGR,2023-02-27,19,6,5
PGR,2023-02-27,19,7,4
PGR,2023-02-27,19,8,6
PGR,2023-02-27,19,9,5
PGR,2023-02-27,19,10,6
PGR,2023-02-27,19,11,4
PGR,2023-02-27,19,12,6
PGR,2023-02-27,19,13,6
PGR,2023-02-27,19,14,4
PGR,2023-02-27,19,15,5
PGR,2023-02-27,19,16,4
PGR,2023-02-27,19,17,4
PGR,2023-02-27,19,18,3
PGR,2023-02-27,19,19,5
PGR,2024-02-26,10,1,5
PGR,2024-02-26,10,2,4
PGR,2024-02-26,10,3,4
PGR,2024-02-26,10,4,3
PGR,2024-02-26,10,5,3
PGR,2024-02-26,10,6,4
PGR,2024-02-26,10,7,0
PGR,2024-02-26,10,8,-3
PGR,2024-02-26,10,9,4
PGR,2024-02-26,10,10,3
PG,2021-08-06,12,1,3
PG,2021-08-06,12,2,5
PG,2021-08-06,12,3,8
PG,2021-08-06,12,4,7
PG,2021-08-06,12,5,3
PG,2021-08-06,12,6,7
PG,2021-08-06,12,7,1
PG,2021-08-06,12,8,4
PG,2021-08-06,12,9,5
PG,2021-08-06,12,10,5
PG,2021-08-06,12,11,5
PG,2021-08-06,12,12,3
PG,2022-08-05,17,1,8
PG,2022-08-05,17,2,8
PG,2022-08-05,17,3,3
PG,2022-08-05,17,4,7
PG,2022-08-05,17,5,5
PG,2022-08-05,17,6,3
PG,2022-08-05,17,7,8
PG,2022-08-05,17,8,3
PG,2022-08-05,17,9,7
PG,2022-08-05,17,10,7
PG,2022-08-05,17,11,7
PG,2022-08-05,17,12,3
PG,2022-08-05,17,13,4
PG,2022-08-05,17,14,6
PG,2022-08-05,17,15,2
PG,2022-08-05,17,16,6
PG,2022-08-05,17,17,-6
PG,2023-08-04,6,1,5
PG,2023-08-04,6,2,4
PG,2023-08-04,6,3,5
PG,2023-08-04,6,4,3
PG,2023-08-04,6,5,0
PG,2023-08-04,6,6,1
PG,2024-08-05,7,1,6
PG,2024-08-05,7,2,3
PG,2024-08-05,7,3,4
PG,2024-08-05,7,4,2
PG,2024-08-05,7,5,2
PG,2024-08-05,7,6,0
PG,2024-08-05,7,7,2
PHM,2021-02-02,24,1,9
PHM,2021-02-02,24,2,8
PHM,2021-02-02,24,3,7
PHM,2021-02-02,24,4,7
PHM,2021-02-02,24,5,2
PHM,2021-02-02,24,6,5
PHM,2021-02-02,24,7,6
PHM,2021-02-02,24,8,5
PHM,2021-02-02,24,9,1
PHM,2021-02-02,24,10,5
PHM,2021-02-02,24,11,4
PHM,2021-02-02,24,12,5
PHM,2021-02-02,24,13,3
PHM,2021-02-02,24,14,8
PHM,2021-02-02,24,15,4
PHM,2021-02-02,24,16,5
PHM,2021-02-02,24,17,5
PHM,2021-02-02,24,18,5
PHM,2021-02-02,24,19,3
PHM,2021-02-02,24,20,1
PHM,2021-02-02,24,21,1
PHM,2021-02-02,24,22,4
PHM,2021-02-02,24,23,5
PHM,2021-02-02,24,24,0
PHM,2022-02-07,16,1,8
PHM,2022-02-07,16,2,7
PHM,2022-02-07,16,3,5
PHM,2022-02-07,16,4,7
PHM,2022-02-07,16,5,9
PHM,2022-02-07,16,6,8
PHM,2022-02-07,16,7,7
PHM,2022-02-07,16,8,7
PHM,2022-02-07,16,9,4
PHM,2022-02-07,16,10,4
PHM,2022-02-07,16,11,8
PHM,2022-02-07,16,12,6
PHM,2022-02-07,16,13,6
PHM,2022-02-07,16,14,8
PHM,2022-02-07,16,15,6
PHM,2022-02-07,16,16,4
PHM,2023-02-06,15,1,7
PHM,2023-02-06,15,2,6
PHM,2023-02-06,15,3,7
PHM,2023-02-06,15,4,8
PHM,2023-02-06,15,5,5
PHM,2023-02-06,15,6,5
PHM,2023-02-06,15,7,3
PHM,2023-02-06,15,8,3
PHM,2023-02-06,15,9,-3
PHM,2023-02-06,15,10,7
PHM,2023-02-06,15,11,3
PHM,2023-02-06,15,12,4
PHM,2023-02-06,15,13,5
PHM,2023-02-06,15,14,5
PHM,2023-02-06,15,15,6
PHM,2024-02-05,8,1,6
PHM,2024-02-05,8,2,4
PHM,2024-02-05,8,3,4
PHM,2024-02-05,8,4,1
PHM,2024-02-05,8,5,3
PHM,2024-02-05,8,6,2
PHM,2024-02-05,8,7,2
PHM,2024-02-05,8,8,2
PKG,2021-02-24,10,1,7
PKG,2021-02-24,10,2,8
PKG,2021-02-24,10,3,4
PKG,2021-02-24,10,4,1
PKG,2021-02-24,10,5,4
PKG,2021-02-24,10,6,5
PKG,2021-02-24,10,7,2
PKG,2021-02-24,10,8,7
PKG,2021-02-24,10,9,-4
PKG,2021-02-24,10,10,-4
PKG,2022-02-24,22,1,2
PKG,2022-02-24,22,2,3
PKG,2022-02-24,22,3,4
PKG,2022-02-24,22,4,1
PKG,2022-02-24,22,5,8
PKG,2022-02-24,22,6,7
PKG,2022-02-24,22,7,6
PKG,2022-02-24,22,8,5
PKG,2022-02-24,22,9,4
PKG,2022-02-24,22,10,3
PKG,2022-02-24,22,11,4
PKG,2022-02-24,22,12,9
PKG,2022-02-24,22,13,1
PKG,2022-02-24,22,14,3
PKG,2022-02-24,22,15,2
PKG,2022-02-24,22,16,4
PKG,2022-02-24,22,17,5
PKG,2022-02-24,22,18,8
PKG,2022-02-24,22,19,7
PKG,2022-02-24,22,20,8
PKG,2022-02-24,22,21,7
PKG,2022-02-24,22,22,1
PKG,2023-02-23,5,1,5
PKG,2023-02-23,5,2,7
PKG,2023-02-23,5,3,6
PKG,2023-02-23,5,4,5
PKG,2023-02-23,5,5,3
PKG,2024-02-29,1,1,3
PLD,2021-02-11,15,1,7
PLD,2021-02-11,15,2,1
PLD,2021-02-11,15,3,4
PLD,2021-02-11,15,4,2
PLD,2021-02-11,15,5,4
PLD,2021-02-11,15,6,3
PLD,2021-02-11,15,7,6
PLD,2021-02-11,15,8,4
PLD,2021-02-11,15,9,0
PLD,2021-02-11,15,10,3
PLD,2021-02-11,15,11,0
PLD,2021-02-11,15,12,2
PLD,2021-02-11,15,13,0
PLD,2021-02-11,15,14,0
PLD,2021-02-11,15,15,0
PLD,2022-02-09,8,1,7
PLD,2022-02-09,8,2,2
PLD,2022-02-09,8,3,7
PLD,2022-02-09,8,4,6
PLD,2022-02-09,8,5,3
PLD,2022-02-09,8,6,5
PLD,2022-02-09,8,7,8
PLD,2022-02-09,8,8,9
PLD,2023-02-14,2,1,5
PLD,2023-02-14,2,2,6
PLD,2024-02-13,5,1,4
PLD,2024-02-13,5,2,5
PLD,2024-02-13,5,3,6
PLD,2024-02-13,5,4,6
PLD,2024-02-13,5,5,5
PLTR,2021-02-26,8,1,4
PLTR,2021-02-26,8,2,8
PLTR,2021-02-26,8,3,6
PLTR,2021-02-26,8,4,9
PLTR,2021-02-26,8,5,3
PLTR,2021-02-26,8,6,4
PLTR,2021-02-26,8,7,3
PLTR,2021-02-26,8,8,4
PLTR,2022-02-24,6,1,8
PLTR,2022-02-24,6,2,10
PLTR,2022-02-24,6,3,6
PLTR,2022-02-24,6,4,5
PLTR,2022-02-24,6,5,7
PLTR,2022-02-24,6,6,6
PLTR,2023-02-21,6,1,6
PLTR,2023-02-21,6,2,5
PLTR,2023-02-21,6,3,6
PLTR,2023-02-21,6,4,7
PLTR,2023-02-21,6,5,4
PLTR,2023-02-21,6,6,5
PLTR,2024-02-20,2,1,4
PLTR,2024-02-20,2,2,4
PM,2021-02-09,10,1,8
PM,2021-02-09,10,2,9
PM,2021-02-09,10,3,8
PM,2021-02-09,10,4,4
PM,2021-02-09,10,5,5
PM,2021-02-09,10,6,3
PM,2021-02-09,10,7,1
PM,2021-02-09,10,8,4
PM,2021-02-09,10,9,3
PM,2021-02-09,10,10,0
PM,2022-02-11,13,1,5
PM,2022-02-11,13,2,7
PM,2022-02-11,13,3,3
PM,2022-02-11,13,4,5
PM,2022-02-11,13,5,1
PM,2022-02-11,13,6,3
PM,2022-02-11,13,7,3
PM,2022-02-11,13,8,6
PM,2022-02-11,13,9,2
PM,2022-02-11,13,10,3
PM,2022-02-11,13,11,3
PM,2022-02-11,13,12,5
PM,2022-02-11,13,13,4
PM,2023-02-10,8,1,7
PM,2023-02-10,8,2,9
PM,2023-02-10,8,3,8
PM,2023-02-10,8,4,7
PM,2023-02-10,8,5,6
PM,2023-02-10,8,6,8
PM,2023-02-10,8,7,4
PM,2023-02-10,8,8,4
PM,2024-02-08,4,1,5
PM,2024-02-08,4,2,4
PM,2024-02-08,4,3,3
PM,2024-02-08,4,4,5
PNC,2021-02-26,6,1,6
PNC,2021-02-26,6,2,6
PNC,2021-02-26,6,3,8
PNC,2021-02-26,6,4,6
PNC,2021-02-26,6,5,5
PNC,2021-02-26,6,6,2
PNC,2022-02-25,10,1,8
PNC,2022-02-25,10,2,6
PNC,2022-02-25,10,3,3
PNC,2022-02-25,10,4,6
PNC,2022-02-25,10,5,6
PNC,2022-02-25,10,6,4
PNC,2022-02-25,10,7,5
PNC,2022-02-25,10,8,5
PNC,2022-02-25,10,9,1
PNC,2022-02-25,10,10,2
PNC,2023-02-22,7,1,7
PNC,2023-02-22,7,2,6
PNC,2023-02-22,7,3,6
PNC,2023-02-22,7,4,5
PNC,2023-02-22,7,5,7
PNC,2023-02-22,7,6,4
PNC,2023-02-22,7,7,2
PNC,2024-02-21,3,1,4
PNC,2024-02-21,3,2,4
PNC,2024-02-21,3,3,3
PNR,2021-02-16,10,1,8
PNR,2021-02-16,10,2,7
PNR,2021-02-16,10,3,8
PNR,2021-02-16,10,4,7
PNR,2021-02-16,10,5,5
PNR,2021-02-16,10,6,6
PNR,2021-02-16,10,7,8
PNR,2021-02-16,10,8,6
PNR,2021-02-16,10,9,5
PNR,2021-02-16,10,10,5
PNR,2022-02-22,24,1,7
PNR,2022-02-22,24,2,5
PNR,2022-02-22,24,3,7
PNR,2022-02-22,24,4,5
PNR,2022-02-22,24,5,6
PNR,2022-02-22,24,6,5
PNR,2022-02-22,24,7,5
PNR,2022-02-22,24,8,6
PNR,2022-02-22,24,9,4
PNR,2022-02-22,24,10,5
PNR,2022-02-22,24,11,3
PNR,2022-02-22,24,12,6
PNR,2022-02-22,24,13,5
PNR,2022-02-22,24,14,5
PNR,2022-02-22,24,15,6
PNR,2022-02-22,24,16,3
PNR,2022-02-22,24,17,4
PNR,2022-02-22,24,18,3
PNR,2022-02-22,24,19,6
PNR,2022-02-22,24,20,5
PNR,2022-02-22,24,21,5
PNR,2022-02-22,24,22,5
PNR,2022-02-22,24,23,6
PNR,2022-02-22,24,24,3
PNR,2023-02-21,20,1,5
PNR,2023-02-21,20,2,6
PNR,2023-02-21,20,3,5
PNR,2023-02-21,20,4,6
PNR,2023-02-21,20,5,6
PNR,2023-02-21,20,6,6
PNR,2023-02-21,20,7,6
PNR,2023-02-21,20,8,5
PNR,2023-02-21,20,9,5
PNR,2023-02-21,20,10,4
PNR,2023-02-21,20,11,4
PNR,2023-02-21,20,12,5
PNR,2023-02-21,20,13,4
PNR,2023-02-21,20,14,5
PNR,2023-02-21,20,15,4
PNR,2023-02-21,20,16,5
PNR,2023-02-21,20,17,5
PNR,2023-02-21,20,18,3
PNR,2023-02-21,20,19,4
PNR,2023-02-21,20,20,4
PNR,2024-02-20,2,1,4
PNR,2024-02-20,2,2,4
PNW,2022-02-25,10,1,3
PNW,2022-02-25,10,2,4
PNW,2022-02-25,10,3,5
PNW,2022-02-25,10,4,4
PNW,2022-02-25,10,5,4
PNW,2022-02-25,10,6,1
PNW,2022-02-25,10,7,3
PNW,2022-02-25,10,8,2
PNW,2022-02-25,10,9,2
PNW,2022-02-25,10,10,3
PNW,2023-02-27,3,1,2
PNW,2023-02-27,3,2,4
PNW,2023-02-27,3,3,8
PNW,2024-02-27,2,1,4
PNW,2024-02-27,2,2,4
PODD,2021-02-24,12,1,4
PODD,2021-02-24,12,2,4
PODD,2021-02-24,12,3,4
PODD,2021-02-24,12,4,2
PODD,2021-02-24,12,5,3
PODD,2021-02-24,12,6,4
PODD,2021-02-24,12,7,3
PODD,2021-02-24,12,8,2
PODD,2021-02-24,12,9,3
PODD,2021-02-24,12,10,2
PODD,2021-02-24,12,11,4
PODD,2021-02-24,12,12,3
PODD,2022-02-24,17,1,6
PODD,2022-02-24,17,2,3
PODD,2022-02-24,17,3,3
PODD,2022-02-24,17,4,3
PODD,2022-02-24,17,5,3
PODD,2022-02-24,17,6,3
PODD,2022-02-24,17,7,2
PODD,2022-02-24,17,8,1
PODD,2022-02-24,17,9,1
PODD,2022-02-24,17,10,6
PODD,2022-02-24,17,11,1
PODD,2022-02-24,17,12,0
PODD,2022-02-24,17,13,1
PODD,2022-02-24,17,14,-2
PODD,2022-02-24,17,15,0
PODD,2022-02-24,17,16,3
PODD,2022-02-24,17,17,2
PODD,2023-02-24,11,1,7
PODD,2023-02-24,11,2,8
PODD,2023-02-24,11,3,5
PODD,2023-02-24,11,4,4
PODD,2023-02-24,11,5,1
PODD,2023-02-24,11,6,3
PODD,2023-02-24,11,7,2
PODD,2023-02-24,11,8,2
PODD,2023-02-24,11,9,5
PODD,2023-02-24,11,10,3
PODD,2023-02-24,11,11,1
PODD,2024-02-23,7,1,4
PODD,2024-02-23,7,2,4
PODD,2024-02-23,7,3,6
PODD,2024-02-23,7,4,3
PODD,2024-02-23,7,5,5
PODD,2024-02-23,7,6,4
PODD,2024-02-23,7,7,3
POOL,2021-02-25,14,1,3
POOL,2021-02-25,14,2,9
POOL,2021-02-25,14,3,4
POOL,2021-02-25,14,4,1
POOL,2021-02-25,14,5,0
POOL,2021-02-25,14,6,3
POOL,2021-02-25,14,7,1
POOL,2021-02-25,14,8,4
POOL,2021-02-25,14,9,0
POOL,2021-02-25,14,10,-2
POOL,2021-02-25,14,11,3
POOL,2021-02-25,14,12,2
POOL,2021-02-25,14,13,1
POOL,2021-02-25,14,14,2
POOL,2022-02-25,15,1,6
POOL,2022-02-25,15,2,4
POOL,2022-02-25,15,3,3
POOL,2022-02-25,15,4,5
POOL,2022-02-25,15,5,1
POOL,2022-02-25,15,6,3
POOL,2022-02-25,15,7,5
POOL,2022-02-25,15,8,5
POOL,2022-02-25,15,9,3
POOL,2022-02-25,15,10,5
POOL,2022-02-25,15,11,-2
POOL,2022-02-25,15,12,2
POOL,2022-02-25,15,13,5
POOL,2022-02-25,15,14,4
POOL,2022-02-25,15,15,4
POOL,2023-02-24,13,1,3
POOL,2023-02-24,13,2,1
POOL,2023-02-24,13,3,1
POOL,2023-02-24,13,4,0
POOL,2023-02-24,13,5,1
POOL,2023-02-24,13,6,7
POOL,2023-02-24,13,7,4
POOL,2023-02-24,13,8,2
POOL,2023-02-24,13,9,0
POOL,2023-02-24,13,10,5
POOL,2023-02-24,13,11,3
POOL,2023-02-24,13,12,1
POOL,2023-02-24,13,13,2
POOL,2024-02-27,9,1,4
POOL,2024-02-27,9,2,5
POOL,2024-02-27,9,3,1
POOL,2024-02-27,9,4,4
POOL,2024-02-27,9,5,5
POOL,2024-02-27,9,6,6
POOL,2024-02-27,9,7,2
POOL,2024-02-27,9,8,1
POOL,2024-02-27,9,9,6
PPG,2021-02-18,14,1,5
PPG,2021-02-18,14,2,5
PPG,2021-02-18,14,3,2
PPG,2021-02-18,14,4,5
PPG,2021-02-18,14,5,3
PPG,2021-02-18,14,6,3
PPG,2021-02-18,14,7,4
PPG,2021-02-18,14,8,4
PPG,2021-02-18,14,9,2
PPG,2021-02-18,14,10,3
PPG,2021-02-18,14,11,7
PPG,2021-02-18,14,12,-1
PPG,2021-02-18,14,13,1
PPG,2021-02-18,14,14,1
PPG,2022-02-17,10,1,8
PPG,2022-02-17,10,2,8
PPG,2022-02-17,10,3,5
PPG,2022-02-17,10,4,9
PPG,2022-02-17,10,5,7
PPG,2022-02-17,10,6,6
PPG,2022-02-17,10,7,5
PPG,2022-02-17,10,8,4
PPG,2022-02-17,10,9,8
PPG,2022-02-17,10,10,6
PPG,2023-02-16,18,1,7
PPG,2023-02-16,18,2,5
PPG,2023-02-16,18,3,2
PPG,2023-02-16,18,4,8
PPG,2023-02-16,18,5,5
PPG,2023-02-16,18,6,5
PPG,2023-02-16,18,7,2
PPG,2023-02-16,18,8,1
PPG,2023-02-16,18,9,0
PPG,2023-02-16,18,10,3
PPG,2023-02-16,18,11,2
PPG,2023-02-16,18,12,0
PPG,2023-02-16,18,13,3
PPG,2023-02-16,18,14,1
PPG,2023-02-16,18,15,2
PPG,2023-02-16,18,16,3
PPG,2023-02-16,18,17,1
PPG,2023-02-16,18,18,0
PPG,2024-02-15,7,1,4
PPG,2024-02-15,7,2,6
PPG,2024-02-15,7,3,5
PPG,2024-02-15,7,4,4
PPG,2024-02-15,7,5,3
PPG,2024-02-15,7,6,3
PPG,2024-02-15,7,7,3
PRU,2021-02-19,13,1,9
PRU,2021-02-19,13,2,8
PRU,2021-02-19,13,3,9
PRU,2021-02-19,13,4,10
PRU,2021-02-19,13,5,7
PRU,2021-02-19,13,6,7
PRU,2021-02-19,13,7,7
PRU,2021-02-19,13,8,7
PRU,2021-02-19,13,9,7
PRU,2021-02-19,13,10,4
PRU,2021-02-19,13,11,7
PRU,2021-02-19,13,12,8
PRU,2021-02-19,13,13,6
PRU,2022-02-17,6,1,7
PRU,2022-02-17,6,2,8
PRU,2022-02-17,6,3,5
PRU,2022-02-17,6,4,4
PRU,2022-02-17,6,5,4
PRU,2022-02-17,6,6,4
PRU,2023-02-16,9,1,3
PRU,2023-02-16,9,2,2
PRU,2023-02-16,9,3,5
PRU,2023-02-16,9,4,5
PRU,2023-02-16,9,5,7
PRU,2023-02-16,9,6,0
PRU,2023-02-16,9,7,2
PRU,2023-02-16,9,8,1
PRU,2023-02-16,9,9,4
PRU,2024-02-21,2,1,8
PRU,2024-02-21,2,2,4
PSA,2022-02-22,11,1,5
PSA,2022-02-22,11,2,4
PSA,2022-02-22,11,3,6
PSA,2022-02-22,11,4,7
PSA,2022-02-22,11,5,8
PSA,2022-02-22,11,6,6
PSA,2022-02-22,11,7,7
PSA,2022-02-22,11,8,6
PSA,2022-02-22,11,9,7
PSA,2022-02-22,11,10,3
PSA,2022-02-22,11,11,6
PSA,2024-02-20,11,1,3
PSA,2024-02-20,11,2,1
PSA,2024-02-20,11,3,2
PSA,2024-02-20,11,4,2
PSA,2024-02-20,11,5,2
PSA,2024-02-20,11,6,6
PSA,2024-02-20,11,7,3
PSA,2024-02-20,11,8,1
PSA,2024-02-20,11,9,4
PSA,2024-02-20,11,10,5
PSA,2024-02-20,11,11,1
PSX,2021-02-24,16,1,9
PSX,2021-02-24,16,2,6
PSX,2021-02-24,16,3,7
PSX,2021-02-24,16,4,6
PSX,2021-02-24,16,5,4
PSX,2021-02-24,16,6,6
PSX,2021-02-24,16,7,5
PSX,2021-02-24,16,8,4
PSX,2021-02-24,16,9,3
PSX,2021-02-24,16,10,6
PSX,2021-02-24,16,11,6
PSX,2021-02-24,16,12,6
PSX,2021-02-24,16,13,5
PSX,2021-02-24,16,14,5
PSX,2021-02-24,16,15,6
PSX,2021-02-24,16,16,5
PSX,2022-02-18,9,1,8
PSX,2022-02-18,9,2,8
PSX,2022-02-18,9,3,7
PSX,2022-02-18,9,4,7
PSX,2022-02-18,9,5,6
PSX,2022-02-18,9,6,6
PSX,2022-02-18,9,7,3
PSX,2022-02-18,9,8,6
PSX,2022-02-18,9,9,7
PSX,2023-02-22,9,1,8
PSX,2023-02-22,9,2,3
PSX,2023-02-22,9,3,3
PSX,2023-02-22,9,4,9
PSX,2023-02-22,9,5,5
PSX,2023-02-22,9,6,5
PSX,2023-02-22,9,7,3
PSX,2023-02-22,9,8,4
PSX,2023-02-22,9,9,0
PSX,2024-02-21,6,1,5
PSX,2024-02-21,6,2,6
PSX,2024-02-21,6,3,4
PSX,2024-02-21,6,4,4
PSX,2024-02-21,6,5,4
PSX,2024-02-21,6,6,4
PTC,2021-11-22,11,1,3
PTC,2021-11-22,11,2,7
PTC,2021-11-22,11,3,6
PTC,2021-11-22,11,4,6
PTC,2021-11-22,11,5,3
PTC,2021-11-22,11,6,3
PTC,2021-11-22,11,7,8
PTC,2021-11-22,11,8,8
PTC,2021-11-22,11,9,5
PTC,2021-11-22,11,10,4
PTC,2021-11-22,11,11,3
PTC,2022-11-15,5,1,7
PTC,2022-11-15,5,2,2
PTC,2022-11-15,5,3,2
PTC,2022-11-15,5,4,2
PTC,2022-11-15,5,5,5
PTC,2023-11-20,1,1,2
PTC,2024-11-14,2,1,4
PTC,2024-11-14,2,2,2
PWR,2021-03-01,10,1,9
PWR,2021-03-01,10,2,8
PWR,2021-03-01,10,3,7
PWR,2021-03-01,10,4,8
PWR,2021-03-01,10,5,8
PWR,2021-03-01,10,6,5
PWR,2021-03-01,10,7,7
PWR,2021-03-01,10,8,5
PWR,2021-03-01,10,9,3
PWR,2021-03-01,10,10,5
PWR,2022-02-25,10,1,6
PWR,2022-02-25,10,2,6
PWR,2022-02-25,10,3,4
PWR,2022-02-25,10,4,6
PWR,2022-02-25,10,5,6
PWR,2022-02-25,10,6,6
PWR,2022-02-25,10,7,5
PWR,2022-02-25,10,8,5
PWR,2022-02-25,10,9,3
PWR,2022-02-25,10,10,5
PWR,2023-02-23,5,1,7
PWR,2023-02-23,5,2,6
PWR,2023-02-23,5,3,1
PWR,2023-02-23,5,4,1
PWR,2023-02-23,5,5,0
PWR,2024-02-22,5,1,4
PWR,2024-02-22,5,2,3
PWR,2024-02-22,5,3,3
PWR,2024-02-22,5,4,2
PWR,2024-02-22,5,5,2
PYPL,2021-02-05,12,1,7
PYPL,2021-02-05,12,2,8
PYPL,2021-02-05,12,3,6
PYPL,2021-02-05,12,4,6
PYPL,2021-02-05,12,5,8
PYPL,2021-02-05,12,6,8
PYPL,2021-02-05,12,7,7
PYPL,2021-02-05,12,8,6
PYPL,2021-02-05,12,9,4
PYPL,2021-02-05,12,10,6
PYPL,2021-02-05,12,11,8
PYPL,2021-02-05,12,12,5
PYPL,2022-02-03,10,1,4
PYPL,2022-02-03,10,2,2
PYPL,2022-02-03,10,3,5
PYPL,2022-02-03,10,4,4
PYPL,2022-02-03,10,5,9
PYPL,2022-02-03,10,6,1
PYPL,2022-02-03,10,7,4
PYPL,2022-02-03,10,8,1
PYPL,2022-02-03,10,9,4
PYPL,2022-02-03,10,10,4
PYPL,2023-02-10,2,1,5
PYPL,2023-02-10,2,2,3
PYPL,2024-02-08,1,1,4
QCOM,2021-11-03,17,1,8
QCOM,2021-11-03,17,2,7
QCOM,2021-11-03,17,3,8
QCOM,2021-11-03,17,4,6
QCOM,2021-11-03,17,5,3
QCOM,2021-11-03,17,6,2
QCOM,2021-11-03,17,7,5
QCOM,2021-11-03,17,8,3
QCOM,2021-11-03,17,9,2
QCOM,2021-11-03,17,10,4
QCOM,2021-11-03,17,11,2
QCOM,2021-11-03,17,12,2
QCOM,2021-11-03,17,13,3
QCOM,2021-11-03,17,14,4
QCOM,2021-11-03,17,15,3
QCOM,2021-11-03,17,16,2
QCOM,2021-11-03,17,17,3
QCOM,2022-11-02,8,1,4
QCOM,2022-11-02,8,2,5
QCOM,2022-11-02,8,3,6
QCOM,2022-11-02,8,4,5
QCOM,2022-11-02,8,5,5
QCOM,2022-11-02,8,6,2
QCOM,2022-11-02,8,7,4
QCOM,2022-11-02,8,8,3
QCOM,2023-11-01,4,1,6
QCOM,2023-11-01,4,2,6
QCOM,2023-11-01,4,3,6
QCOM,2023-11-01,4,4,6
QCOM,2024-11-06,5,1,4
QCOM,2024-11-06,5,2,4
QCOM,2024-11-06,5,3,2
QCOM,2024-11-06,5,4,4
QCOM,2024-11-06,5,5,3
RCL,2024-02-21,7,1,4
RCL,2024-02-21,7,2,6
RCL,2024-02-21,7,3,4
RCL,2024-02-21,7,4,4
RCL,2024-02-21,7,5,3
RCL,2024-02-21,7,6,2
RCL,2024-02-21,7,7,4
REGN,2021-02-08,9,1,8
REGN,2021-02-08,9,2,6
REGN,2021-02-08,9,3,7
REGN,2021-02-08,9,4,9
REGN,2021-02-08,9,5,8
REGN,2021-02-08,9,6,4
REGN,2021-02-08,9,7,3
REGN,2021-02-08,9,8,5
REGN,2021-02-08,9,9,7
REGN,2022-02-07,10,1,7
REGN,2022-02-07,10,2,6
REGN,2022-02-07,10,3,3
REGN,2022-02-07,10,4,4
REGN,2022-02-07,10,5,9
REGN,2022-02-07,10,6,7
REGN,2022-02-07,10,7,5
REGN,2022-02-07,10,8,4
REGN,2022-02-07,10,9,5
REGN,2022-02-07,10,10,5
REGN,2023-02-06,14,1,7
REGN,2023-02-06,14,2,7
REGN,2023-02-06,14,3,5
REGN,2023-02-06,14,4,6
REGN,2023-02-06,14,5,5
REGN,2023-02-06,14,6,4
REGN,2023-02-06,14,7,8
REGN,2023-02-06,14,8,5
REGN,2023-02-06,14,9,6
REGN,2023-02-06,14,10,5
REGN,2023-02-06,14,11,3
REGN,2023-02-06,14,12,4
REGN,2023-02-06,14,13,5
REGN,2023-02-06,14,14,3
REGN,2024-02-05,3,1,4
REGN,2024-02-05,3,2,5
REGN,2024-02-05,3,3,6
REG,2021-02-17,25,1,6
REG,2021-02-17,25,2,6
REG,2021-02-17,25,3,6
REG,2021-02-17,25,4,4
REG,2021-02-17,25,5,4
REG,2021-02-17,25,6,5
REG,2021-02-17,25,7,5
REG,2021-02-17,25,8,5
REG,2021-02-17,25,9,4
REG,2021-02-17,25,10,7
REG,2021-02-17,25,11,4
REG,2021-02-17,25,12,5
REG,2021-02-17,25,13,5
REG,2021-02-17,25,14,2
REG,2021-02-17,25,15,4
REG,2021-02-17,25,16,3
REG,2021-02-17,25,17,3
REG,2021-02-17,25,18,5
REG,2021-02-17,25,19,3
REG,2021-02-17,25,20,2
REG,2021-02-17,25,21,4
REG,2021-02-17,25,22,3
REG,2021-02-17,25,23,4
REG,2021-02-17,25,24,3
REG,2021-02-17,25,25,10
REG,2022-02-17,16,1,6
REG,2022-02-17,16,2,6
REG,2022-02-17,16,3,5
REG,2022-02-17,16,4,5
REG,2022-02-17,16,5,6
REG,2022-02-17,16,6,1
REG,2022-02-17,16,7,6
REG,2022-02-17,16,8,4
REG,2022-02-17,16,9,6
REG,2022-02-17,16,10,4
REG,2022-02-17,16,11,3
REG,2022-02-17,16,12,9
REG,2022-02-17,16,13,3
REG,2022-02-17,16,14,6
REG,2022-02-17,16,15,3
REG,2022-02-17,16,16,5
REG,2023-02-17,14,1,7
REG,2023-02-17,14,2,5
REG,2023-02-17,14,3,5
REG,2023-02-17,14,4,5
REG,2023-02-17,14,5,5
REG,2023-02-17,14,6,3
REG,2023-02-17,14,7,3
REG,2023-02-17,14,8,3
REG,2023-02-17,14,9,2
REG,2023-02-17,14,10,3
REG,2023-02-17,14,11,2
REG,2023-02-17,14,12,2
REG,2023-02-17,14,13,2
REG,2023-02-17,14,14,2
REG,2024-02-16,10,1,5
REG,2024-02-16,10,2,4
REG,2024-02-16,10,3,3
REG,2024-02-16,10,4,3
REG,2024-02-16,10,5,3
REG,2024-02-16,10,6,0
REG,2024-02-16,10,7,-1
REG,2024-02-16,10,8,0
REG,2024-02-16,10,9,-1
REG,2024-02-16,10,10,-1
RF,2022-02-24,6,1,8
RF,2022-02-24,6,2,8
RF,2022-02-24,6,3,5
RF,2022-02-24,6,4,4
RF,2022-02-24,6,5,7
RF,2022-02-24,6,6,5
RF,2023-02-24,6,1,7
RF,2023-02-24,6,2,5
RF,2023-02-24,6,3,6
RF,2023-02-24,6,4,3
RF,2023-02-24,6,5,1
RF,2023-02-24,6,6,2
RF,2024-02-23,4,1,4
RF,2024-02-23,4,2,2
RF,2024-02-23,4,3,2
RF,2024-02-23,4,4,2
RJF,2021-11-23,10,1,7
RJF,2021-11-23,10,2,9
RJF,2021-11-23,10,3,7
RJF,2021-11-23,10,4,5
RJF,2021-11-23,10,5,5
RJF,2021-11-23,10,6,4
RJF,2021-11-23,10,7,3
RJF,2021-11-23,10,8,5
RJF,2021-11-23,10,9,1
RJF,2021-11-23,10,10,3
RJF,2022-11-22,3,1,8
RJF,2022-11-22,3,2,3
RJF,2022-11-22,3,3,2
RL,2021-05-20,11,1,7
RL,2021-05-20,11,2,8
RL,2021-05-20,11,3,6
RL,2021-05-20,11,4,7
RL,2021-05-20,11,5,6
RL,2021-05-20,11,6,6
RL,2021-05-20,11,7,5
RL,2021-05-20,11,8,7
RL,2021-05-20,11,9,6
RL,2021-05-20,11,10,4
RL,2021-05-20,11,11,6
RL,2022-05-24,11,1,7
RL,2022-05-24,11,2,8
RL,2022-05-24,11,3,8
RL,2022-05-24,11,4,4
RL,2022-05-24,11,5,6
RL,2022-05-24,11,6,4
RL,2022-05-24,11,7,6
RL,2022-05-24,11,8,5
RL,2022-05-24,11,9,2
RL,2022-05-24,11,10,6
RL,2022-05-24,11,11,4
RL,2023-05-25,10,1,8
RL,2023-05-25,10,2,8
RL,2023-05-25,10,3,9
RL,2023-05-25,10,4,9
RL,2023-05-25,10,5,4
RL,2023-05-25,10,6,7
RL,2023-05-25,10,7,5
RL,2023-05-25,10,8,4
RL,2023-05-25,10,9,4
RL,2023-05-25,10,10,5
RL,2024-05-23,9,1,4
RL,2024-05-23,9,2,5
RL,2024-05-23,9,3,4
RL,2024-05-23,9,4,4
RL,2024-05-23,9,5,4
RL,2024-05-23,9,6,4
RL,2024-05-23,9,7,3
RL,2024-05-23,9,8,3
RL,2024-05-23,9,9,3
RMD,2021-08-17,19,1,3
RMD,2021-08-17,19,2,7
RMD,2021-08-17,19,3,6
RMD,2021-08-17,19,4,3
RMD,2021-08-17,19,5,1
RMD,2021-08-17,19,6,2
RMD,2021-08-17,19,7,2
RMD,2021-08-17,19,8,3
RMD,2021-08-17,19,9,2
RMD,2021-08-17,19,10,3
RMD,2021-08-17,19,11,2
RMD,2021-08-17,19,12,2
RMD,2021-08-17,19,13,3
RMD,2021-08-17,19,14,5
RMD,2021-08-17,19,15,2
RMD,2021-08-17,19,16,2
RMD,2021-08-17,19,17,4
RMD,2021-08-17,19,18,2
RMD,2021-08-17,19,19,2
RMD,2022-08-12,7,1,6
RMD,2022-08-12,7,2,6
RMD,2022-08-12,7,3,6
RMD,2022-08-12,7,4,7
RMD,2022-08-12,7,5,6
RMD,2022-08-12,7,6,6
RMD,2022-08-12,7,7,8
RMD,2023-08-11,5,1,5
RMD,2023-08-11,5,2,6
RMD,2023-08-11,5,3,2
RMD,2023-08-11,5,4,1
RMD,2023-08-11,5,5,4
RMD,2024-08-09,6,1,4
RMD,2024-08-09,6,2,5
RMD,2024-08-09,6,3,2
RMD,2024-08-09,6,4,2
RMD,2024-08-09,6,5,1
RMD,2024-08-09,6,6,4
ROK,2021-11-09,16,1,8
ROK,2021-11-09,16,2,6
ROK,2021-11-09,16,3,2
ROK,2021-11-09,16,4,7
ROK,2021-11-09,16,5,6
ROK,2021-11-09,16,6,6
ROK,2021-11-09,16,7,7
ROK,2021-11-09,16,8,4
ROK,2021-11-09,16,9,6
ROK,2021-11-09,16,10,6
ROK,2021-11-09,16,11,3
ROK,2021-11-09,16,12,2
ROK,2021-11-09,16,13,4
ROK,2021-11-09,16,14,6
ROK,2021-11-09,16,15,3
ROK,2021-11-09,16,16,-2
ROK,2022-11-08,12,1,5
ROK,2022-11-08,12,2,8
ROK,2022-11-08,12,3,2
ROK,2022-11-08,12,4,7
ROK,2022-11-08,12,5,8
ROK,2022-11-08,12,6,4
ROK,2022-11-08,12,7,6
ROK,2022-11-08,12,8,6
ROK,2022-11-08,12,9,5
ROK,2022-11-08,12,10,2
ROK,2022-11-08,12,11,4
ROK,2022-11-08,12,12,1
ROK,2023-11-08,4,1,4
ROK,2023-11-08,4,2,3
ROK,2023-11-08,4,3,5
ROK,2023-11-08,4,4,4
ROK,2024-11-12,2,1,4
ROK,2024-11-12,2,2,5
ROL,2021-02-26,17,1,6
ROL,2021-02-26,17,2,1
ROL,2021-02-26,17,3,3
ROL,2021-02-26,17,4,1
ROL,2021-02-26,17,5,5
ROL,2021-02-26,17,6,5
ROL,2021-02-26,17,7,2
ROL,2021-02-26,17,8,0
ROL,2021-02-26,17,9,4
ROL,2021-02-26,17,10,1
ROL,2021-02-26,17,11,0
ROL,2021-02-26,17,12,5
ROL,2021-02-26,17,13,2
ROL,2021-02-26,17,14,3
ROL,2021-02-26,17,15,3
ROL,2021-02-26,17,16,2
ROL,2021-02-26,17,17,0
ROL,2022-02-25,10,1,8
ROL,2022-02-25,10,2,2
ROL,2022-02-25,10,3,6
ROL,2022-02-25,10,4,7
ROL,2022-02-25,10,5,4
ROL,2022-02-25,10,6,5
ROL,2022-02-25,10,7,3
ROL,2022-02-25,10,8,4
ROL,2022-02-25,10,9,3
ROL,2022-02-25,10,10,5
ROL,2023-02-16,15,1,6
ROL,2023-02-16,15,2,6
ROL,2023-02-16,15,3,6
ROL,2023-02-16,15,4,5
ROL,2023-02-16,15,5,4
ROL,2023-02-16,15,6,6
ROL,2023-02-16,15,7,6
ROL,2023-02-16,15,8,3
ROL,2023-02-16,15,9,6
ROL,2023-02-16,15,10,2
ROL,2023-02-16,15,11,4
ROL,2023-02-16,15,12,4
ROL,2023-02-16,15,13,4
ROL,2023-02-16,15,14,4
ROL,2023-02-16,15,15,6
ROL,2024-02-15,8,1,2
ROL,2024-02-15,8,2,3
ROL,2024-02-15,8,3,4
ROL,2024-02-15,8,4,4
ROL,2024-02-15,8,5,0
ROL,2024-02-15,8,6,0
ROL,2024-02-15,8,7,4
ROL,2024-02-15,8,8,4
ROP,2021-02-22,18,1,4
ROP,2021-02-22,18,2,2
ROP,2021-02-22,18,3,5
ROP,2021-02-22,18,4,4
ROP,2021-02-22,18,5,3
ROP,2021-02-22,18,6,6
ROP,2021-02-22,18,7,7
ROP,2021-02-22,18,8,6
ROP,2021-02-22,18,9,3
ROP,2021-02-22,18,10,4
ROP,2021-02-22,18,11,6
ROP,2021-02-22,18,12,3
ROP,2021-02-22,18,13,4
ROP,2021-02-22,18,14,2
ROP,2021-02-22,18,15,5
ROP,2021-02-22,18,16,5
ROP,2021-02-22,18,17,3
ROP,2021-02-22,18,18,4
ROP,2022-02-22,19,1,4
ROP,2022-02-22,19,2,2
ROP,2022-02-22,19,3,7
ROP,2022-02-22,19,4,8
ROP,2022-02-22,19,5,4
ROP,2022-02-22,19,6,5
ROP,2022-02-22,19,7,6
ROP,2022-02-22,19,8,6
ROP,2022-02-22,19,9,2
ROP,2022-02-22,19,10,2
ROP,2022-02-22,19,11,5
ROP,2022-02-22,19,12,3
ROP,2022-02-22,19,13,1
ROP,2022-02-22,19,14,1
ROP,2022-02-22,19,15,1
ROP,2022-02-22,19,16,1
ROP,2022-02-22,19,17,4
ROP,2022-02-22,19,18,3
ROP,2022-02-22,19,19,4
ROP,2023-02-27,11,1,3
ROP,2023-02-27,11,2,2
ROP,2023-02-27,11,3,6
ROP,2023-02-27,11,4,6
ROP,2023-02-27,11,5,4
ROP,2023-02-27,11,6,4
ROP,2023-02-27,11,7,5
ROP,2023-02-27,11,8,6
ROP,2023-02-27,11,9,3
ROP,2023-02-27,11,10,2
ROP,2023-02-27,11,11,3
ROP,2024-02-22,2,1,4
ROP,2024-02-22,2,2,5
ROST,2021-03-30,16,1,9
ROST,2021-03-30,16,2,9
ROST,2021-03-30,16,3,6
ROST,2021-03-30,16,4,7
ROST,2021-03-30,16,5,5
ROST,2021-03-30,16,6,5
ROST,2021-03-30,16,7,5
ROST,2021-03-30,16,8,6
ROST,2021-03-30,16,9,4
ROST,2021-03-30,16,10,2
ROST,2021-03-30,16,11,5
ROST,2021-03-30,16,12,4
ROST,2021-03-30,16,13,5
ROST,2021-03-30,16,14,3
ROST,2021-03-30,16,15,6
ROST,2021-03-30,16,16,4
ROST,2022-03-29,14,1,9
ROST,2022-03-29,14,2,8
ROST,2022-03-29,14,3,4
ROST,2022-03-29,14,4,7
ROST,2022-03-29,14,5,7
ROST,2022-03-29,14,6,5
ROST,2022-03-29,14,7,6
ROST,2022-03-29,14,8,7
ROST,2022-03-29,14,9,7
ROST,2022-03-29,14,10,5
ROST,2022-03-29,14,11,4
ROST,2022-03-29,14,12,5
ROST,2022-03-29,14,13,5
ROST,2022-03-29,14,14,7
ROST,2023-03-28,19,1,6
ROST,2023-03-28,19,2,3
ROST,2023-03-28,19,3,4
ROST,2023-03-28,19,4,4
ROST,2023-03-28,19,5,5
ROST,2023-03-28,19,6,5
ROST,2023-03-28,19,7,5
ROST,2023-03-28,19,8,6
ROST,2023-03-28,19,9,4
ROST,2023-03-28,19,10,3
ROST,2023-03-28,19,11,3
ROST,2023-03-28,19,12,4
ROST,2023-03-28,19,13,3
ROST,2023-03-28,19,14,5
ROST,2023-03-28,19,15,5
ROST,2023-03-28,19,16,8
ROST,2023-03-28,19,17,5
ROST,2023-03-28,19,18,6
ROST,2023-03-28,19,19,-1
ROST,2024-04-02,12,1,4
ROST,2024-04-02,12,2,6
ROST,2024-04-02,12,3,4
ROST,2024-04-02,12,4,4
ROST,2024-04-02,12,5,5
ROST,2024-04-02,12,6,3
ROST,2024-04-02,12,7,3
ROST,2024-04-02,12,8,6
ROST,2024-04-02,12,9,5
ROST,2024-04-02,12,10,3
ROST,2024-04-02,12,11,4
ROST,2024-04-02,12,12,2
RSG,2021-02-23,12,1,7
RSG,2021-02-23,12,2,2
RSG,2021-02-23,12,3,4
RSG,2021-02-23,12,4,1
RSG,2021-02-23,12,5,5
RSG,2021-02-23,12,6,2
RSG,2021-02-23,12,7,3
RSG,2021-02-23,12,8,4
RSG,2021-02-23,12,9,3
RSG,2021-02-23,12,10,8
RSG,2021-02-23,12,11,2
RSG,2021-02-23,12,12,3
RSG,2022-02-11,14,1,6
RSG,2022-02-11,14,2,8
RSG,2022-02-11,14,3,4
RSG,2022-02-11,14,4,4
RSG,2022-02-11,14,5,6
RSG,2022-02-11,14,6,4
RSG,2022-02-11,14,7,5
RSG,2022-02-11,14,8,4
RSG,2022-02-11,14,9,6
RSG,2022-02-11,14,10,6
RSG,2022-02-11,14,11,0
RSG,2022-02-11,14,12,5
RSG,2022-02-11,14,13,0
RSG,2022-02-11,14,14,2
RSG,2023-02-23,6,1,6
RSG,2023-02-23,6,2,6
RSG,2023-02-23,6,3,0
RSG,2023-02-23,6,4,0
RSG,2023-02-23,6,5,5
RSG,2023-02-23,6,6,6
RSG,2024-02-29,2,1,4
RSG,2024-02-29,2,2,3
RTX,2021-02-08,14,1,8
RTX,2021-02-08,14,2,7
RTX,2021-02-08,14,3,9
RTX,2021-02-08,14,4,8
RTX,2021-02-08,14,5,8
RTX,2021-02-08,14,6,7
RTX,2021-02-08,14,7,7
RTX,2021-02-08,14,8,8
RTX,2021-02-08,14,9,7
RTX,2021-02-08,14,10,8
RTX,2021-02-08,14,11,7
RTX,2021-02-08,14,12,9
RTX,2021-02-08,14,13,8
RTX,2021-02-08,14,14,7
RTX,2022-02-11,26,1,6
RTX,2022-02-11,26,2,7
RTX,2022-02-11,26,3,6
RTX,2022-02-11,26,4,6
RTX,2022-02-11,26,5,4
RTX,2022-02-11,26,6,6
RTX,2022-02-11,26,7,6
RTX,2022-02-11,26,8,6
RTX,2022-02-11,26,9,6
RTX,2022-02-11,26,10,6
RTX,2022-02-11,26,11,4
RTX,2022-02-11,26,12,5
RTX,2022-02-11,26,13,6
RTX,2022-02-11,26,14,3
RTX,2022-02-11,26,15,4
RTX,2022-02-11,26,16,4
RTX,2022-02-11,26,17,4
RTX,2022-02-11,26,18,4
RTX,2022-02-11,26,19,6
RTX,2022-02-11,26,20,3
RTX,2022-02-11,26,21,6
RTX,2022-02-11,26,22,5
RTX,2022-02-11,26,23,3
RTX,2022-02-11,26,24,4
RTX,2022-02-11,26,25,4
RTX,2022-02-11,26,26,1
RTX,2023-02-07,14,1,5
RTX,2023-02-07,14,2,8
RTX,2023-02-07,14,3,7
RTX,2023-02-07,14,4,8
RTX,2023-02-07,14,5,5
RTX,2023-02-07,14,6,5
RTX,2023-02-07,14,7,8
RTX,2023-02-07,14,8,7
RTX,2023-02-07,14,9,2
RTX,2023-02-07,14,10,7
RTX,2023-02-07,14,11,3
RTX,2023-02-07,14,12,4
RTX,2023-02-07,14,13,3
RTX,2023-02-07,14,14,3
RTX,2024-02-05,3,1,5
RTX,2024-02-05,3,2,4
RTX,2024-02-05,3,3,4
RVTY,2021-03-02,13,1,8
RVTY,2021-03-02,13,2,5
RVTY,2021-03-02,13,3,7
RVTY,2021-03-02,13,4,4
RVTY,2021-03-02,13,5,4
RVTY,2021-03-02,13,6,9
RVTY,2021-03-02,13,7,3
RVTY,2021-03-02,13,8,7
RVTY,2021-03-02,13,9,2
RVTY,2021-03-02,13,10,5
RVTY,2021-03-02,13,11,4
RVTY,2021-03-02,13,12,4
RVTY,2021-03-02,13,13,4
RVTY,2022-03-03,15,1,9
RVTY,2022-03-03,15,2,2
RVTY,2022-03-03,15,3,7
RVTY,2022-03-03,15,4,4
RVTY,2022-03-03,15,5,4
RVTY,2022-03-03,15,6,10
RVTY,2022-03-03,15,7,2
RVTY,2022-03-03,15,8,7
RVTY,2022-03-03,15,9,0
RVTY,2022-03-03,15,10,7
RVTY,2022-03-03,15,11,2
RVTY,2022-03-03,15,12,4
RVTY,2022-03-03,15,13,3
RVTY,2022-03-03,15,14,1
RVTY,2022-03-03,15,15,3
RVTY,2023-03-01,9,1,9
RVTY,2023-03-01,9,2,2
RVTY,2023-03-01,9,3,6
RVTY,2023-03-01,9,4,3
RVTY,2023-03-01,9,5,4
RVTY,2023-03-01,9,6,8
RVTY,2023-03-01,9,7,7
RVTY,2023-03-01,9,8,6
RVTY,2023-03-01,9,9,2
RVTY,2024-02-27,6,1,4
RVTY,2024-02-27,6,2,2
RVTY,2024-02-27,6,3,3
RVTY,2024-02-27,6,4,1
RVTY,2024-02-27,6,5,4
RVTY,2024-02-27,6,6,4
SBAC,2022-03-01,8,1,7
SBAC,2022-03-01,8,2,5
SBAC,2022-03-01,8,3,5
SBAC,2022-03-01,8,4,5
SBAC,2022-03-01,8,5,5
SBAC,2022-03-01,8,6,4
SBAC,2022-03-01,8,7,-2
SBAC,2022-03-01,8,8,4
SBUX,2021-11-19,11,1,7
SBUX,2021-11-19,11,2,7
SBUX,2021-11-19,11,3,7
SBUX,2021-11-19,11,4,7
SBUX,2021-11-19,11,5,4
SBUX,2021-11-19,11,6,3
SBUX,2021-11-19,11,7,7
SBUX,2021-11-19,11,8,6
SBUX,2021-11-19,11,9,7
SBUX,2021-11-19,11,10,6
SBUX,2021-11-19,11,11,6
SBUX,2022-11-18,10,1,7
SBUX,2022-11-18,10,2,6
SBUX,2022-11-18,10,3,4
SBUX,2022-11-18,10,4,3
SBUX,2022-11-18,10,5,6
SBUX,2022-11-18,10,6,6
SBUX,2022-11-18,10,7,5
SBUX,2022-11-18,10,8,5
SBUX,2022-11-18,10,9,3
SBUX,2022-11-18,10,10,5
SBUX,2023-11-17,9,1,5
SBUX,2023-11-17,9,2,8
SBUX,2023-11-17,9,3,1
SBUX,2023-11-17,9,4,4
SBUX,2023-11-17,9,5,1
SBUX,2023-11-17,9,6,3
SBUX,2023-11-17,9,7,5
SBUX,2023-11-17,9,8,2
SBUX,2023-11-17,9,9,2
SBUX,2024-11-20,5,1,5
SBUX,2024-11-20,5,2,5
SBUX,2024-11-20,5,3,5
SBUX,2024-11-20,5,4,4
SBUX,2024-11-20,5,5,4
SCHW,2021-02-24,17,1,7
SCHW,2021-02-24,17,2,7
SCHW,2021-02-24,17,3,7
SCHW,2021-02-24,17,4,8
SCHW,2021-02-24,17,5,5
SCHW,2021-02-24,17,6,7
SCHW,2021-02-24,17,7,6
SCHW,2021-02-24,17,8,5
SCHW,2021-02-24,17,9,4
SCHW,2021-02-24,17,10,5
SCHW,2021-02-24,17,11,4
SCHW,2021-02-24,17,12,3
SCHW,2021-02-24,17,13,3
SCHW,2021-02-24,17,14,5
SCHW,2021-02-24,17,15,3
SCHW,2021-02-24,17,16,3
SCHW,2021-02-24,17,17,6
SCHW,2022-02-24,13,1,7
SCHW,2022-02-24,13,2,7
SCHW,2022-02-24,13,3,6
SCHW,2022-02-24,13,4,8
SCHW,2022-02-24,13,5,4
SCHW,2022-02-24,13,6,5
SCHW,2022-02-24,13,7,6
SCHW,2022-02-24,13,8,6
SCHW,2022-02-24,13,9,5
SCHW,2022-02-24,13,10,7
SCHW,2022-02-24,13,11,6
SCHW,2022-02-24,13,12,5
SCHW,2022-02-24,13,13,3
SCHW,2023-02-24,2,1,4
SCHW,2023-02-24,2,2,5
SCHW,2024-02-23,3,1,6
SCHW,2024-02-23,3,2,5
SCHW,2024-02-23,3,3,2
SHW,2021-02-19,10,1,7
SHW,2021-02-19,10,2,3
SHW,2021-02-19,10,3,5
SHW,2021-02-19,10,4,3
SHW,2021-02-19,10,5,7
SHW,2021-02-19,10,6,3
SHW,2021-02-19,10,7,1
SHW,2021-02-19,10,8,3
SHW,2021-02-19,10,9,5
SHW,2021-02-19,10,10,3
SHW,2022-02-17,21,1,8
SHW,2022-02-17,21,2,6
SHW,2022-02-17,21,3,0
SHW,2022-02-17,21,4,2
SHW,2022-02-17,21,5,-1
SHW,2022-02-17,21,6,5
SHW,2022-02-17,21,7,3
SHW,2022-02-17,21,8,3
SHW,2022-02-17,21,9,6
SHW,2022-02-17,21,10,3
SHW,2022-02-17,21,11,2
SHW,2022-02-17,21,12,1
SHW,2022-02-17,21,13,5
SHW,2022-02-17,21,14,2
SHW,2022-02-17,21,15,1
SHW,2022-02-17,21,16,3
SHW,2022-02-17,21,17,3
SHW,2022-02-17,21,18,2
SHW,2022-02-17,21,19,3
SHW,2022-02-17,21,20,2
SHW,2022-02-17,21,21,3
SHW,2023-02-22,10,1,3
SHW,2023-02-22,10,2,5
SHW,2023-02-22,10,3,1
SHW,2023-02-22,10,4,3
SHW,2023-02-22,10,5,8
SHW,2023-02-22,10,6,3
SHW,2023-02-22,10,7,4
SHW,2023-02-22,10,8,6
SHW,2023-02-22,10,9,3
SHW,2023-02-22,10,10,4
SHW,2024-02-20,3,1,5
SHW,2024-02-20,3,2,5
SHW,2024-02-20,3,3,4
SJM,2021-06-17,29,1,4
SJM,2021-06-17,29,2,6
SJM,2021-06-17,29,3,1
SJM,2021-06-17,29,4,2
SJM,2021-06-17,29,5,5
SJM,2021-06-17,29,6,4
SJM,2021-06-17,29,7,2
SJM,2021-06-17,29,8,4
SJM,2021-06-17,29,9,3
SJM,2021-06-17,29,10,2
SJM,2021-06-17,29,11,4
SJM,2021-06-17,29,12,3
SJM,2021-06-17,29,13,2
SJM,2021-06-17,29,14,1
SJM,2021-06-17,29,15,2
SJM,2021-06-17,29,16,1
SJM,2021-06-17,29,17,1
SJM,2021-06-17,29,18,2
SJM,2021-06-17,29,19,2
SJM,2021-06-17,29,20,2
SJM,2021-06-17,29,21,4
SJM,2021-06-17,29,22,6
SJM,2021-06-17,29,23,3
SJM,2021-06-17,29,24,3
SJM,2021-06-17,29,25,1
SJM,2021-06-17,29,26,6
SJM,2021-06-17,29,27,0
SJM,2021-06-17,29,28,4
SJM,2021-06-17,29,29,1
SJM,2022-06-16,13,1,8
SJM,2022-06-16,13,2,0
SJM,2022-06-16,13,3,7
SJM,2022-06-16,13,4,6
SJM,2022-06-16,13,5,6
SJM,2022-06-16,13,6,2
SJM,2022-06-16,13,7,7
SJM,2022-06-16,13,8,7
SJM,2022-06-16,13,9,5
SJM,2022-06-16,13,10,2
SJM,2022-06-16,13,11,3
SJM,2022-06-16,13,12,3
SJM,2022-06-16,13,13,-1
SJM,2023-06-20,7,1,3
SJM,2023-06-20,7,2,5
SJM,2023-06-20,7,3,3
SJM,2023-06-20,7,4,4
SJM,2023-06-20,7,5,2
SJM,2023-06-20,7,6,8
SJM,2023-06-20,7,7,3
SJM,2024-06-18,5,1,5
SJM,2024-06-18,5,2,5
SJM,2024-06-18,5,3,4
SJM,2024-06-18,5,4,4
SJM,2024-06-18,5,5,4
SLB,2021-01-27,15,1,8
SLB,2021-01-27,15,2,6
SLB,2021-01-27,15,3,6
SLB,2021-01-27,15,4,5
SLB,2021-01-27,15,5,9
SLB,2021-01-27,15,6,8
SLB,2021-01-27,15,7,6
SLB,2021-01-27,15,8,5
SLB,2021-01-27,15,9,6
SLB,2021-01-27,15,10,7
SLB,2021-01-27,15,11,6
SLB,2021-01-27,15,12,6
SLB,2021-01-27,15,13,8
SLB,2021-01-27,15,14,8
SLB,2021-01-27,15,15,4
SLB,2022-01-26,7,1,8
SLB,2022-01-26,7,2,7
SLB,2022-01-26,7,3,6
SLB,2022-01-26,7,4,3
SLB,2022-01-26,7,5,3
SLB,2022-01-26,7,6,3
SLB,2022-01-26,7,7,0
SLB,2023-01-25,6,1,7
SLB,2023-01-25,6,2,7
SLB,2023-01-25,6,3,8
SLB,2023-01-25,6,4,2
SLB,2023-01-25,6,5,3
SLB,2023-01-25,6,6,-3
SLB,2024-01-24,6,1,6
SLB,2024-01-24,6,2,5
SLB,2024-01-24,6,3,4
SLB,2024-01-24,6,4,2
SLB,2024-01-24,6,5,1
SLB,2024-01-24,6,6,1
SMCI,2021-08-27,19,1,8
SMCI,2021-08-27,19,2,5
SMCI,2021-08-27,19,3,6
SMCI,2021-08-27,19,4,4
SMCI,2021-08-27,19,5,2
SMCI,2021-08-27,19,6,1
SMCI,2021-08-27,19,7,5
SMCI,2021-08-27,19,8,2
SMCI,2021-08-27,19,9,4
SMCI,2021-08-27,19,10,3
SMCI,2021-08-27,19,11,-2
SMCI,2021-08-27,19,12,0
SMCI,2021-08-27,19,13,4
SMCI,2021-08-27,19,14,2
SMCI,2021-08-27,19,15,-1
SMCI,2021-08-27,19,16,3
SMCI,2021-08-27,19,17,4
SMCI,2021-08-27,19,18,2
SMCI,2021-08-27,19,19,1
SMCI,2022-08-29,12,1,7
SMCI,2022-08-29,12,2,4
SMCI,2022-08-29,12,3,3
SMCI,2022-08-29,12,4,5
SMCI,2022-08-29,12,5,5
SMCI,2022-08-29,12,6,4
SMCI,2022-08-29,12,7,2
SMCI,2022-08-29,12,8,4
SMCI,2022-08-29,12,9,4
SMCI,2022-08-29,12,10,2
SMCI,2022-08-29,12,11,4
SMCI,2022-08-29,12,12,2
SMCI,2023-08-28,6,1,4
SMCI,2023-08-28,6,2,4
SMCI,2023-08-28,6,3,6
SMCI,2023-08-28,6,4,1
SMCI,2023-08-28,6,5,4
SMCI,2023-08-28,6,6,3
SNA,2021-02-11,22,1,8
SNA,2021-02-11,22,2,6
SNA,2021-02-11,22,3,7
SNA,2021-02-11,22,4,5
SNA,2021-02-11,22,5,6
SNA,2021-02-11,22,6,4
SNA,2021-02-11,22,7,4
SNA,2021-02-11,22,8,3
SNA,2021-02-11,22,9,5
SNA,2021-02-11,22,10,4
SNA,2021-02-11,22,11,5
SNA,2021-02-11,22,12,3
SNA,2021-02-11,22,13,5
SNA,2021-02-11,22,14,3
SNA,2021-02-11,22,15,5
SNA,2021-02-11,22,16,6
SNA,2021-02-11,22,17,6
SNA,2021-02-11,22,18,1
SNA,2021-02-11,22,19,0
SNA,2021-02-11,22,20,0
SNA,2021-02-11,22,21,3
SNA,2021-02-11,22,22,1
SNA,2022-02-11,11,1,7
SNA,2022-02-11,11,2,3
SNA,2022-02-11,11,3,3
SNA,2022-02-11,11,4,2
SNA,2022-02-11,11,5,7
SNA,2022-02-11,11,6,3
SNA,2022-02-11,11,7,2
SNA,2022-02-11,11,8,6
SNA,2022-02-11,11,9,3
SNA,2022-02-11,11,10,1
SNA,2022-02-11,11,11,2
SNA,2023-02-09,11,1,8
SNA,2023-02-09,11,2,4
SNA,2023-02-09,11,3,7
SNA,2023-02-09,11,4,2
SNA,2023-02-09,11,5,4
SNA,2023-02-09,11,6,2
SNA,2023-02-09,11,7,6
SNA,2023-02-09,11,8,2
SNA,2023-02-09,11,9,-2
SNA,2023-02-09,11,10,-4
SNA,2023-02-09,11,11,2
SNA,2024-02-16,3,1,5
SNA,2024-02-16,3,2,3
SNA,2024-02-16,3,3,1
SNPS,2022-12-12,6,1,7
SNPS,2022-12-12,6,2,4
SNPS,2022-12-12,6,3,4
SNPS,2022-12-12,6,4,4
SNPS,2022-12-12,6,5,4
SNPS,2022-12-12,6,6,5
SNPS,2023-12-12,3,1,1
SNPS,2023-12-12,3,2,2
SNPS,2023-12-12,3,3,5
SNPS,2024-12-19,4,1,2
SNPS,2024-12-19,4,2,4
SNPS,2024-12-19,4,3,3
SNPS,2024-12-19,4,4,5
SPGI,2021-02-09,28,1,8
SPGI,2021-02-09,28,2,7
SPGI,2021-02-09,28,3,8
SPGI,2021-02-09,28,4,7
SPGI,2021-02-09,28,5,7
SPGI,2021-02-09,28,6,8
SPGI,2021-02-09,28,7,5
SPGI,2021-02-09,28,8,5
SPGI,2021-02-09,28,9,7
SPGI,2021-02-09,28,10,5
SPGI,2021-02-09,28,11,5
SPGI,2021-02-09,28,12,4
SPGI,2021-02-09,28,13,4
SPGI,2021-02-09,28,14,4
SPGI,2021-02-09,28,15,3
SPGI,2021-02-09,28,16,5
SPGI,2021-02-09,28,17,4
SPGI,2021-02-09,28,18,3
SPGI,2021-02-09,28,19,4
SPGI,2021-02-09,28,20,4
SPGI,2021-02-09,28,21,6
SPGI,2021-02-09,28,22,5
SPGI,2021-02-09,28,23,4
SPGI,2021-02-09,28,24,-2
SPGI,2021-02-09,28,25,2
SPGI,2021-02-09,28,26,-3
SPGI,2021-02-09,28,27,3
SPGI,2021-02-09,28,28,5
SPGI,2022-02-08,8,1,8
SPGI,2022-02-08,8,2,7
SPGI,2022-02-08,8,3,3
SPGI,2022-02-08,8,4,7
SPGI,2022-02-08,8,5,6
SPGI,2022-02-08,8,6,8
SPGI,2022-02-08,8,7,4
SPGI,2022-02-08,8,8,4
SPGI,2023-02-10,10,1,7
SPGI,2023-02-10,10,2,6
SPGI,2023-02-10,10,3,7
SPGI,2023-02-10,10,4,5
SPGI,2023-02-10,10,5,6
SPGI,2023-02-10,10,6,7
SPGI,2023-02-10,10,7,5
SPGI,2023-02-10,10,8,4
SPGI,2023-02-10,10,9,1
SPGI,2023-02-10,10,10,0
SPGI,2024-02-09,8,1,4
SPGI,2024-02-09,8,2,4
SPGI,2024-02-09,8,3,5
SPGI,2024-02-09,8,4,4
SPGI,2024-02-09,8,5,4
SPGI,2024-02-09,8,6,4
SPGI,2024-02-09,8,7,5
SPGI,2024-02-09,8,8,0
SPG,2021-02-25,12,1,8
SPG,2021-02-25,12,2,8
SPG,2021-02-25,12,3,8
SPG,2021-02-25,12,4,8
SPG,2021-02-25,12,5,9
SPG,2021-02-25,12,6,7
SPG,2021-02-25,12,7,5
SPG,2021-02-25,12,8,5
SPG,2021-02-25,12,9,4
SPG,2021-02-25,12,10,4
SPG,2021-02-25,12,11,7
SPG,2021-02-25,12,12,5
SPG,2022-02-24,10,1,6
SPG,2022-02-24,10,2,6
SPG,2022-02-24,10,3,7
SPG,2022-02-24,10,4,4
SPG,2022-02-24,10,5,8
SPG,2022-02-24,10,6,4
SPG,2022-02-24,10,7,2
SPG,2022-02-24,10,8,5
SPG,2022-02-24,10,9,5
SPG,2022-02-24,10,10,0
SPG,2023-02-23,13,1,9
SPG,2023-02-23,13,2,8
SPG,2023-02-23,13,3,7
SPG,2023-02-23,13,4,0
SPG,2023-02-23,13,5,8
SPG,2023-02-23,13,6,7
SPG,2023-02-23,13,7,9
SPG,2023-02-23,13,8,1
SPG,2023-02-23,13,9,7
SPG,2023-02-23,13,10,8
SPG,2023-02-23,13,11,9
SPG,2023-02-23,13,12,10
SPG,2023-02-23,13,13,-4
SPG,2024-02-22,9,1,5
SPG,2024-02-22,9,2,5
SPG,2024-02-22,9,3,4
SPG,2024-02-22,9,4,1
SPG,2024-02-22,9,5,1
SPG,2024-02-22,9,6,4
SPG,2024-02-22,9,7,3
SPG,2024-02-22,9,8,3
SPG,2024-02-22,9,9,4
SRE,2021-02-25,11,1,9
SRE,2021-02-25,11,2,-1
SRE,2021-02-25,11,3,5
SRE,2021-02-25,11,4,8
SRE,2021-02-25,11,5,7
SRE,2021-02-25,11,6,8
SRE,2021-02-25,11,7,7
SRE,2021-02-25,11,8,5
SRE,2021-02-25,11,9,6
SRE,2021-02-25,11,10,5
SRE,2021-02-25,11,11,2
SRE,2022-02-25,6,1,3
SRE,2022-02-25,6,2,-2
SRE,2022-02-25,6,3,6
SRE,2022-02-25,6,4,5
SRE,2022-02-25,6,5,5
SRE,2022-02-25,6,6,2
SRE,2023-02-28,7,1,3
SRE,2023-02-28,7,2,4
SRE,2023-02-28,7,3,0
SRE,2023-02-28,7,4,6
SRE,2023-02-28,7,5,7
SRE,2023-02-28,7,6,5
SRE,2023-02-28,7,7,4
STE,2022-05-31,20,1,5
STE,2022-05-31,20,2,6
STE,2022-05-31,20,3,7
STE,2022-05-31,20,4,4
STE,2022-05-31,20,5,5
STE,2022-05-31,20,6,6
STE,2022-05-31,20,7,4
STE,2022-05-31,20,8,5
STE,2022-05-31,20,9,4
STE,2022-05-31,20,10,3
STE,2022-05-31,20,11,2
STE,2022-05-31,20,12,3
STE,2022-05-31,20,13,3
STE,2022-05-31,20,14,4
STE,2022-05-31,20,15,4
STE,2022-05-31,20,16,4
STE,2022-05-31,20,17,3
STE,2022-05-31,20,18,3
STE,2022-05-31,20,19,-3
STE,2022-05-31,20,20,-2
STE,2023-05-26,13,1,5
STE,2023-05-26,13,2,7
STE,2023-05-26,13,3,6
STE,2023-05-26,13,4,7
STE,2023-05-26,13,5,7
STE,2023-05-26,13,6,7
STE,2023-05-26,13,7,5
STE,2023-05-26,13,8,2
STE,2023-05-26,13,9,-2
STE,2023-05-26,13,10,6
STE,2023-05-26,13,11,5
STE,2023-05-26,13,12,2
STE,2023-05-26,13,13,6
STE,2024-05-29,7,1,5
STE,2024-05-29,7,2,5
STE,2024-05-29,7,3,4
STE,2024-05-29,7,4,4
STE,2024-05-29,7,5,2
STE,2024-05-29,7,6,1
STE,2024-05-29,7,7,-1
STLD,2021-03-01,23,1,5
STLD,2021-03-01,23,2,7
STLD,2021-03-01,23,3,6
STLD,2021-03-01,23,4,8
STLD,2021-03-01,23,5,4
STLD,2021-03-01,23,6,7
STLD,2021-03-01,23,7,5
STLD,2021-03-01,23,8,4
STLD,2021-03-01,23,9,0
STLD,2021-03-01,23,10,1
STLD,2021-03-01,23,11,8
STLD,2021-03-01,23,12,5
STLD,2021-03-01,23,13,5
STLD,2021-03-01,23,14,4
STLD,2021-03-01,23,15,4
STLD,2021-03-01,23,16,3
STLD,2021-03-01,23,17,3
STLD,2021-03-01,23,18,4
STLD,2021-03-01,23,19,2
STLD,2021-03-01,23,20,3
STLD,2021-03-01,23,21,5
STLD,2021-03-01,23,22,5
STLD,2021-03-01,23,23,5
STLD,2022-02-28,14,1,5
STLD,2022-02-28,14,2,5
STLD,2022-02-28,14,3,6
STLD,2022-02-28,14,4,4
STLD,2022-02-28,14,5,2
STLD,2022-02-28,14,6,3
STLD,2022-02-28,14,7,3
STLD,2022-02-28,14,8,3
STLD,2022-02-28,14,9,4
STLD,2022-02-28,14,10,2
STLD,2022-02-28,14,11,3
STLD,2022-02-28,14,12,3
STLD,2022-02-28,14,13,2
STLD,2022-02-28,14,14,5
STLD,2023-02-28,6,1,6
STLD,2023-02-28,6,2,5
STLD,2023-02-28,6,3,5
STLD,2023-02-28,6,4,8
STLD,2023-02-28,6,5,9
STLD,2023-02-28,6,6,5
STLD,2024-02-29,4,1,3
STLD,2024-02-29,4,2,5
STLD,2024-02-29,4,3,5
STLD,2024-02-29,4,4,0
STT,2021-02-19,13,1,7
STT,2021-02-19,13,2,8
STT,2021-02-19,13,3,6
STT,2021-02-19,13,4,6
STT,2021-02-19,13,5,7
STT,2021-02-19,13,6,4
STT,2021-02-19,13,7,6
STT,2021-02-19,13,8,6
STT,2021-02-19,13,9,6
STT,2021-02-19,13,10,5
STT,2021-02-19,13,11,6
STT,2021-02-19,13,12,0
STT,2021-02-19,13,13,3
STT,2022-02-17,7,1,7
STT,2022-02-17,7,2,8
STT,2022-02-17,7,3,7
STT,2022-02-17,7,4,7
STT,2022-02-17,7,5,7
STT,2022-02-17,7,6,3
STT,2022-02-17,7,7,4
STT,2024-02-15,3,1,4
STT,2024-02-15,3,2,3
STT,2024-02-15,3,3,3
STX,2021-08-06,12,1,7
STX,2021-08-06,12,2,3
STX,2021-08-06,12,3,5
STX,2021-08-06,12,4,5
STX,2021-08-06,12,5,5
STX,2021-08-06,12,6,3
STX,2021-08-06,12,7,3
STX,2021-08-06,12,8,4
STX,2021-08-06,12,9,4
STX,2021-08-06,12,10,3
STX,2021-08-06,12,11,6
STX,2021-08-06,12,12,5
STX,2022-08-05,17,1,9
STX,2022-08-05,17,2,4
STX,2022-08-05,17,3,7
STX,2022-08-05,17,4,7
STX,2022-08-05,17,5,4
STX,2022-08-05,17,6,3
STX,2022-08-05,17,7,3
STX,2022-08-05,17,8,5
STX,2022-08-05,17,9,2
STX,2022-08-05,17,10,2
STX,2022-08-05,17,11,3
STX,2022-08-05,17,12,6
STX,2022-08-05,17,13,5
STX,2022-08-05,17,14,4
STX,2022-08-05,17,15,2
STX,2022-08-05,17,16,1
STX,2022-08-05,17,17,6
STX,2023-08-04,14,1,6
STX,2023-08-04,14,2,2
STX,2023-08-04,14,3,6
STX,2023-08-04,14,4,3
STX,2023-08-04,14,5,2
STX,2023-08-04,14,6,3
STX,2023-08-04,14,7,5
STX,2023-08-04,14,8,2
STX,2023-08-04,14,9,2
STX,2023-08-04,14,10,1
STX,2023-08-04,14,11,3
STX,2023-08-04,14,12,2
STX,2023-08-04,14,13,1
STX,2023-08-04,14,14,3
STX,2024-08-02,4,1,4
STX,2024-08-02,4,2,5
STX,2024-08-02,4,3,4
STX,2024-08-02,4,4,4
STZ,2024-04-23,9,1,6
STZ,2024-04-23,9,2,3
STZ,2024-04-23,9,3,4
STZ,2024-04-23,9,4,1
STZ,2024-04-23,9,5,2
STZ,2024-04-23,9,6,2
STZ,2024-04-23,9,7,2
STZ,2024-04-23,9,8,1
STZ,2024-04-23,9,9,1
SWKS,2021-11-24,14,1,3
SWKS,2021-11-24,14,2,5
SWKS,2021-11-24,14,3,5
SWKS,2021-11-24,14,4,5
SWKS,2021-11-24,14,5,6
SWKS,2021-11-24,14,6,2
SWKS,2021-11-24,14,7,1
SWKS,2021-11-24,14,8,4
SWKS,2021-11-24,14,9,5
SWKS,2021-11-24,14,10,1
SWKS,2021-11-24,14,11,1
SWKS,2021-11-24,14,12,1
SWKS,2021-11-24,14,13,1
SWKS,2021-11-24,14,14,2
SWKS,2022-11-23,21,1,7
SWKS,2022-11-23,21,2,8
SWKS,2022-11-23,21,3,9
SWKS,2022-11-23,21,4,6
SWKS,2022-11-23,21,5,5
SWKS,2022-11-23,21,6,4
SWKS,2022-11-23,21,7,7
SWKS,2022-11-23,21,8,7
SWKS,2022-11-23,21,9,4
SWKS,2022-11-23,21,10,7
SWKS,2022-11-23,21,11,6
SWKS,2022-11-23,21,12,5
SWKS,2022-11-23,21,13,4
SWKS,2022-11-23,21,14,8
SWKS,2022-11-23,21,15,4
SWKS,2022-11-23,21,16,2
SWKS,2022-11-23,21,17,4
SWKS,2022-11-23,21,18,2
SWKS,2022-11-23,21,19,4
SWKS,2022-11-23,21,20,4
SWKS,2022-11-23,21,21,5
SWKS,2023-11-17,10,1,3
SWKS,2023-11-17,10,2,6
SWKS,2023-11-17,10,3,6
SWKS,2023-11-17,10,4,3
SWKS,2023-11-17,10,5,2
SWKS,2023-11-17,10,6,4
SWKS,2023-11-17,10,7,6
SWKS,2023-11-17,10,8,4
SWKS,2023-11-17,10,9,2
SWKS,2023-11-17,10,10,4
SWKS,2024-11-15,4,1,6
SWKS,2024-11-15,4,2,5
SWKS,2024-11-15,4,3,3
SWKS,2024-11-15,4,4,3
SWK,2021-02-18,13,1,8
SWK,2021-02-18,13,2,5
SWK,2021-02-18,13,3,6
SWK,2021-02-18,13,4,2
SWK,2021-02-18,13,5,7
SWK,2021-02-18,13,6,5
SWK,2021-02-18,13,7,0
SWK,2021-02-18,13,8,3
SWK,2021-02-18,13,9,4
SWK,2021-02-18,13,10,4
SWK,2021-02-18,13,11,3
SWK,2021-02-18,13,12,-2
SWK,2021-02-18,13,13,2
SWK,2022-02-22,15,1,7
SWK,2022-02-22,15,2,7
SWK,2022-02-22,15,3,7
SWK,2022-02-22,15,4,4
SWK,2022-02-22,15,5,6
SWK,2022-02-22,15,6,4
SWK,2022-02-22,15,7,4
SWK,2022-02-22,15,8,4
SWK,2022-02-22,15,9,7
SWK,2022-02-22,15,10,3
SWK,2022-02-22,15,11,4
SWK,2022-02-22,15,12,3
SWK,2022-02-22,15,13,1
SWK,2022-02-22,15,14,4
SWK,2022-02-22,15,15,3
SWK,2023-02-23,10,1,3
SWK,2023-02-23,10,2,8
SWK,2023-02-23,10,3,7
SWK,2023-02-23,10,4,5
SWK,2023-02-23,10,5,5
SWK,2023-02-23,10,6,7
SWK,2023-02-23,10,7,4
SWK,2023-02-23,10,8,6
SWK,2023-02-23,10,9,4
SWK,2023-02-23,10,10,7
SWK,2024-02-27,2,1,4
SWK,2024-02-27,2,2,6
SYK,2021-02-11,15,1,9
SYK,2021-02-11,15,2,7
SYK,2021-02-11,15,3,7
SYK,2021-02-11,15,4,5
SYK,2021-02-11,15,5,8
SYK,2021-02-11,15,6,5
SYK,2021-02-11,15,7,5
SYK,2021-02-11,15,8,6
SYK,2021-02-11,15,9,4
SYK,2021-02-11,15,10,7
SYK,2021-02-11,15,11,5
SYK,2021-02-11,15,12,5
SYK,2021-02-11,15,13,4
SYK,2021-02-11,15,14,6
SYK,2021-02-11,15,15,5
SYK,2022-02-11,16,1,9
SYK,2022-02-11,16,2,7
SYK,2022-02-11,16,3,6
SYK,2022-02-11,16,4,7
SYK,2022-02-11,16,5,3
SYK,2022-02-11,16,6,6
SYK,2022-02-11,16,7,7
SYK,2022-02-11,16,8,5
SYK,2022-02-11,16,9,5
SYK,2022-02-11,16,10,4
SYK,2022-02-11,16,11,5
SYK,2022-02-11,16,12,5
SYK,2022-02-11,16,13,6
SYK,2022-02-11,16,14,4
SYK,2022-02-11,16,15,6
SYK,2022-02-11,16,16,6
SYK,2023-02-10,13,1,7
SYK,2023-02-10,13,2,7
SYK,2023-02-10,13,3,6
SYK,2023-02-10,13,4,5
SYK,2023-02-10,13,5,7
SYK,2023-02-10,13,6,4
SYK,2023-02-10,13,7,4
SYK,2023-02-10,13,8,6
SYK,2023-02-10,13,9,3
SYK,2023-02-10,13,10,7
SYK,2023-02-10,13,11,7
SYK,2023-02-10,13,12,5
SYK,2023-02-10,13,13,3
SYK,2024-02-14,12,1,6
SYK,2024-02-14,12,2,8
SYK,2024-02-14,12,3,5
SYK,2024-02-14,12,4,4
SYK,2024-02-14,12,5,0
SYK,2024-02-14,12,6,5
SYK,2024-02-14,12,7,3
SYK,2024-02-14,12,8,4
SYK,2024-02-14,12,9,5
SYK,2024-02-14,12,10,3
SYK,2024-02-14,12,11,8
SYK,2024-02-14,12,12,2
SYY,2021-08-30,12,1,6
SYY,2021-08-30,12,2,7
SYY,2021-08-30,12,3,6
SYY,2021-08-30,12,4,5
SYY,2021-08-30,12,5,5
SYY,2021-08-30,12,6,7
SYY,2021-08-30,12,7,4
SYY,2021-08-30,12,8,3
SYY,2021-08-30,12,9,5
SYY,2021-08-30,12,10,4
SYY,2021-08-30,12,11,3
SYY,2021-08-30,12,12,4
SYY,2022-08-26,11,1,9
SYY,2022-08-26,11,2,7
SYY,2022-08-26,11,3,7
SYY,2022-08-26,11,4,8
SYY,2022-08-26,11,5,5
SYY,2022-08-26,11,6,5
SYY,2022-08-26,11,7,6
SYY,2022-08-26,11,8,4
SYY,2022-08-26,11,9,4
SYY,2022-08-26,11,10,5
SYY,2022-08-26,11,11,3
SYY,2023-08-25,7,1,4
SYY,2023-08-25,7,2,5
SYY,2023-08-25,7,3,2
SYY,2023-08-25,7,4,3
SYY,2023-08-25,7,5,4
SYY,2023-08-25,7,6,2
SYY,2023-08-25,7,7,3
SYY,2024-08-28,6,1,6
SYY,2024-08-28,6,2,4
SYY,2024-08-28,6,3,5
SYY,2024-08-28,6,4,4
SYY,2024-08-28,6,5,4
SYY,2024-08-28,6,6,3
TAP,2021-02-11,12,1,9
TAP,2021-02-11,12,2,8
TAP,2021-02-11,12,3,9
TAP,2021-02-11,12,4,8
TAP,2021-02-11,12,5,7
TAP,2021-02-11,12,6,7
TAP,2021-02-11,12,7,8
TAP,2021-02-11,12,8,7
TAP,2021-02-11,12,9,7
TAP,2021-02-11,12,10,8
TAP,2021-02-11,12,11,9
TAP,2021-02-11,12,12,8
TAP,2022-02-23,12,1,7
TAP,2022-02-23,12,2,7
TAP,2022-02-23,12,3,5
TAP,2022-02-23,12,4,7
TAP,2022-02-23,12,5,5
TAP,2022-02-23,12,6,5
TAP,2022-02-23,12,7,6
TAP,2022-02-23,12,8,7
TAP,2022-02-23,12,9,5
TAP,2022-02-23,12,10,4
TAP,2022-02-23,12,11,6
TAP,2022-02-23,12,12,5
TAP,2023-02-21,9,1,8
TAP,2023-02-21,9,2,6
TAP,2023-02-21,9,3,5
TAP,2023-02-21,9,4,6
TAP,2023-02-21,9,5,6
TAP,2023-02-21,9,6,3
TAP,2023-02-21,9,7,5
TAP,2023-02-21,9,8,5
TAP,2023-02-21,9,9,4
TAP,2024-02-20,4,1,4
TAP,2024-02-20,4,2,5
TAP,2024-02-20,4,3,3
TAP,2024-02-20,4,4,1
TDG,2021-11-16,13,1,8
TDG,2021-11-16,13,2,4
TDG,2021-11-16,13,3,7
TDG,2021-11-16,13,4,6
TDG,2021-11-16,13,5,7
TDG,2021-11-16,13,6,9
TDG,2021-11-16,13,7,4
TDG,2021-11-16,13,8,7
TDG,2021-11-16,13,9,5
TDG,2021-11-16,13,10,6
TDG,2021-11-16,13,11,8
TDG,2021-11-16,13,12,8
TDG,2021-11-16,13,13,7
TDG,2022-11-10,14,1,9
TDG,2022-11-10,14,2,6
TDG,2022-11-10,14,3,5
TDG,2022-11-10,14,4,4
TDG,2022-11-10,14,5,4
TDG,2022-11-10,14,6,6
TDG,2022-11-10,14,7,5
TDG,2022-11-10,14,8,4
TDG,2022-11-10,14,9,7
TDG,2022-11-10,14,10,5
TDG,2022-11-10,14,11,1
TDG,2022-11-10,14,12,5
TDG,2022-11-10,14,13,2
TDG,2022-11-10,14,14,1
TDG,2023-11-09,12,1,3
TDG,2023-11-09,12,2,1
TDG,2023-11-09,12,3,1
TDG,2023-11-09,12,4,1
TDG,2023-11-09,12,5,6
TDG,2023-11-09,12,6,5
TDG,2023-11-09,12,7,3
TDG,2023-11-09,12,8,4
TDG,2023-11-09,12,9,4
TDG,2023-11-09,12,10,5
TDG,2023-11-09,12,11,0
TDG,2023-11-09,12,12,1
TDG,2024-11-07,9,1,5
TDG,2024-11-07,9,2,4
TDG,2024-11-07,9,3,4
TDG,2024-11-07,9,4,6
TDG,2024-11-07,9,5,5
TDG,2024-11-07,9,6,5
TDG,2024-11-07,9,7,4
TDG,2024-11-07,9,8,5
TDG,2024-11-07,9,9,1
TDY,2021-02-26,8,1,4
TDY,2021-02-26,8,2,6
TDY,2021-02-26,8,3,6
TDY,2021-02-26,8,4,5
TDY,2021-02-26,8,5,3
TDY,2021-02-26,8,6,-5
TDY,2021-02-26,8,7,4
TDY,2021-02-26,8,8,2
TDY,2022-02-25,12,1,7
TDY,2022-02-25,12,2,3
TDY,2022-02-25,12,3,3
TDY,2022-02-25,12,4,7
TDY,2022-02-25,12,5,7
TDY,2022-02-25,12,6,4
TDY,2022-02-25,12,7,5
TDY,2022-02-25,12,8,4
TDY,2022-02-25,12,9,3
TDY,2022-02-25,12,10,1
TDY,2022-02-25,12,11,-1
TDY,2022-02-25,12,12,-1
TDY,2023-02-24,12,1,7
TDY,2023-02-24,12,2,4
TDY,2023-02-24,12,3,1
TDY,2023-02-24,12,4,8
TDY,2023-02-24,12,5,6
TDY,2023-02-24,12,6,3
TDY,2023-02-24,12,7,6
TDY,2023-02-24,12,8,1
TDY,2023-02-24,12,9,4
TDY,2023-02-24,12,10,1
TDY,2023-02-24,12,11,3
TDY,2023-02-24,12,12,2
TDY,2024-02-23,3,1,4
TDY,2024-02-23,3,2,5
TDY,2024-02-23,3,3,1
TECH,2021-08-25,13,1,9
TECH,2021-08-25,13,2,3
TECH,2021-08-25,13,3,4
TECH,2021-08-25,13,4,-1
TECH,2021-08-25,13,5,9
TECH,2021-08-25,13,6,4
TECH,2021-08-25,13,7,2
TECH,2021-08-25,13,8,5
TECH,2021-08-25,13,9,1
TECH,2021-08-25,13,10,1
TECH,2021-08-25,13,11,6
TECH,2021-08-25,13,12,-2
TECH,2021-08-25,13,13,0
TECH,2022-08-24,5,1,5
TECH,2022-08-24,5,2,7
TECH,2022-08-24,5,3,7
TECH,2022-08-24,5,4,2
TECH,2022-08-24,5,5,1
TECH,2023-08-23,11,1,6
TECH,2023-08-23,11,2,6
TECH,2023-08-23,11,3,4
TECH,2023-08-23,11,4,4
TECH,2023-08-23,11,5,4
TECH,2023-08-23,11,6,4
TECH,2023-08-23,11,7,3
TECH,2023-08-23,11,8,2
TECH,2023-08-23,11,9,3
TECH,2023-08-23,11,10,2
TECH,2023-08-23,11,11,3
TECH,2024-08-22,5,1,5
TECH,2024-08-22,5,2,4
TECH,2024-08-22,5,3,6
TECH,2024-08-22,5,4,4
TECH,2024-08-22,5,5,6
TEL,2021-11-09,9,1,8
TEL,2021-11-09,9,2,2
TEL,2021-11-09,9,3,7
TEL,2021-11-09,9,4,4
TEL,2021-11-09,9,5,5
TEL,2021-11-09,9,6,1
TEL,2021-11-09,9,7,2
TEL,2021-11-09,9,8,-3
TEL,2021-11-09,9,9,9
TEL,2022-11-15,8,1,6
TEL,2022-11-15,8,2,8
TEL,2022-11-15,8,3,5
TEL,2022-11-15,8,4,8
TEL,2022-11-15,8,5,1
TEL,2022-11-15,8,6,3
TEL,2022-11-15,8,7,2
TEL,2022-11-15,8,8,7
TEL,2023-11-13,7,1,3
TEL,2023-11-13,7,2,3
TEL,2023-11-13,7,3,6
TEL,2023-11-13,7,4,3
TEL,2023-11-13,7,5,1
TEL,2023-11-13,7,6,2
TEL,2023-11-13,7,7,1
TEL,2024-11-12,3,1,6
TEL,2024-11-12,3,2,6
TEL,2024-11-12,3,3,4
TER,2021-02-22,10,1,7
TER,2021-02-22,10,2,7
TER,2021-02-22,10,3,8
TER,2021-02-22,10,4,5
TER,2021-02-22,10,5,1
TER,2021-02-22,10,6,5
TER,2021-02-22,10,7,4
TER,2021-02-22,10,8,6
TER,2021-02-22,10,9,2
TER,2021-02-22,10,10,5
TER,2022-02-23,15,1,7
TER,2022-02-23,15,2,5
TER,2022-02-23,15,3,3
TER,2022-02-23,15,4,6
TER,2022-02-23,15,5,3
TER,2022-02-23,15,6,5
TER,2022-02-23,15,7,2
TER,2022-02-23,15,8,3
TER,2022-02-23,15,9,6
TER,2022-02-23,15,10,4
TER,2022-02-23,15,11,3
TER,2022-02-23,15,12,3
TER,2022-02-23,15,13,5
TER,2022-02-23,15,14,4
TER,2022-02-23,15,15,1
TER,2023-02-22,8,1,7
TER,2023-02-22,8,2,4
TER,2023-02-22,8,3,6
TER,2023-02-22,8,4,4
TER,2023-02-22,8,5,6
TER,2023-02-22,8,6,5
TER,2023-02-22,8,7,4
TER,2023-02-22,8,8,5
TER,2024-02-22,4,1,4
TER,2024-02-22,4,2,6
TER,2024-02-22,4,3,4
TER,2024-02-22,4,4,6
TFX,2021-02-25,13,1,8
TFX,2021-02-25,13,2,8
TFX,2021-02-25,13,3,1
TFX,2021-02-25,13,4,6
TFX,2021-02-25,13,5,5
TFX,2021-02-25,13,6,3
TFX,2021-02-25,13,7,4
TFX,2021-02-25,13,8,5
TFX,2021-02-25,13,9,3
TFX,2021-02-25,13,10,3
TFX,2021-02-25,13,11,5
TFX,2021-02-25,13,12,1
TFX,2021-02-25,13,13,3
TFX,2022-03-01,16,1,3
TFX,2022-03-01,16,2,5
TFX,2022-03-01,16,3,6
TFX,2022-03-01,16,4,1
TFX,2022-03-01,16,5,5
TFX,2022-03-01,16,6,6
TFX,2022-03-01,16,7,3
TFX,2022-03-01,16,8,1
TFX,2022-03-01,16,9,6
TFX,2022-03-01,16,10,2
TFX,2022-03-01,16,11,3
TFX,2022-03-01,16,12,4
TFX,2022-03-01,16,13,7
TFX,2022-03-01,16,14,4
TFX,2022-03-01,16,15,5
TFX,2022-03-01,16,16,1
TFX,2023-02-23,18,1,5
TFX,2023-02-23,18,2,3
TFX,2023-02-23,18,3,8
TFX,2023-02-23,18,4,4
TFX,2023-02-23,18,5,6
TFX,2023-02-23,18,6,5
TFX,2023-02-23,18,7,7
TFX,2023-02-23,18,8,5
TFX,2023-02-23,18,9,6
TFX,2023-02-23,18,10,5
TFX,2023-02-23,18,11,5
TFX,2023-02-23,18,12,2
TFX,2023-02-23,18,13,3
TFX,2023-02-23,18,14,6
TFX,2023-02-23,18,15,7
TFX,2023-02-23,18,16,7
TFX,2023-02-23,18,17,8
TFX,2023-02-23,18,18,6
TFX,2024-02-23,7,1,4
TFX,2024-02-23,7,2,3
TFX,2024-02-23,7,3,3
TFX,2024-02-23,7,4,4
TFX,2024-02-23,7,5,0
TFX,2024-02-23,7,6,2
TFX,2024-02-23,7,7,2
TGT,2021-03-10,16,1,8
TGT,2021-03-10,16,2,6
TGT,2021-03-10,16,3,5
TGT,2021-03-10,16,4,7
TGT,2021-03-10,16,5,6
TGT,2021-03-10,16,6,4
TGT,2021-03-10,16,7,7
TGT,2021-03-10,16,8,0
TGT,2021-03-10,16,9,7
TGT,2021-03-10,16,10,6
TGT,2021-03-10,16,11,7
TGT,2021-03-10,16,12,8
TGT,2021-03-10,16,13,6
TGT,2021-03-10,16,14,5
TGT,2021-03-10,16,15,6
TGT,2021-03-10,16,16,7
TGT,2022-03-09,16,1,6
TGT,2022-03-09,16,2,5
TGT,2022-03-09,16,3,6
TGT,2022-03-09,16,4,7
TGT,2022-03-09,16,5,6
TGT,2022-03-09,16,6,5
TGT,2022-03-09,16,7,4
TGT,2022-03-09,16,8,6
TGT,2022-03-09,16,9,6
TGT,2022-03-09,16,10,7
TGT,2022-03-09,16,11,6
TGT,2022-03-09,16,12,7
TGT,2022-03-09,16,13,5
TGT,2022-03-09,16,14,5
TGT,2022-03-09,16,15,5
TGT,2022-03-09,16,16,4
TGT,2023-03-08,9,1,5
TGT,2023-03-08,9,2,3
TGT,2023-03-08,9,3,3
TGT,2023-03-08,9,4,3
TGT,2023-03-08,9,5,4
TGT,2023-03-08,9,6,7
TGT,2023-03-08,9,7,5
TGT,2023-03-08,9,8,3
TGT,2023-03-08,9,9,-1
TGT,2024-03-13,5,1,6
TGT,2024-03-13,5,2,5
TGT,2024-03-13,5,3,4
TGT,2024-03-13,5,4,5
TGT,2024-03-13,5,5,3
TJX,2021-03-31,14,1,7
TJX,2021-03-31,14,2,8
TJX,2021-03-31,14,3,7
TJX,2021-03-31,14,4,4
TJX,2021-03-31,14,5,5
TJX,2021-03-31,14,6,6
TJX,2021-03-31,14,7,5
TJX,2021-03-31,14,8,3
TJX,2021-03-31,14,9,2
TJX,2021-03-31,14,10,7
TJX,2021-03-31,14,11,7
TJX,2021-03-31,14,12,4
TJX,2021-03-31,14,13,3
TJX,2021-03-31,14,14,2
TJX,2022-03-30,20,1,5
TJX,2022-03-30,20,2,5
TJX,2022-03-30,20,3,8
TJX,2022-03-30,20,4,5
TJX,2022-03-30,20,5,7
TJX,2022-03-30,20,6,3
TJX,2022-03-30,20,7,3
TJX,2022-03-30,20,8,3
TJX,2022-03-30,20,9,4
TJX,2022-03-30,20,10,5
TJX,2022-03-30,20,11,2
TJX,2022-03-30,20,12,4
TJX,2022-03-30,20,13,2
TJX,2022-03-30,20,14,2
TJX,2022-03-30,20,15,2
TJX,2022-03-30,20,16,2
TJX,2022-03-30,20,17,3
TJX,2022-03-30,20,18,1
TJX,2022-03-30,20,19,6
TJX,2022-03-30,20,20,6
TJX,2023-03-29,8,1,7
TJX,2023-03-29,8,2,9
TJX,2023-03-29,8,3,7
TJX,2023-03-29,8,4,7
TJX,2023-03-29,8,5,6
TJX,2023-03-29,8,6,7
TJX,2023-03-29,8,7,6
TJX,2023-03-29,8,8,4
TJX,2024-04-03,5,1,6
TJX,2024-04-03,5,2,4
TJX,2024-04-03,5,3,2
TJX,2024-04-03,5,4,5
TJX,2024-04-03,5,5,1
TMO,2021-02-25,18,1,6
TMO,2021-02-25,18,2,6
TMO,2021-02-25,18,3,4
TMO,2021-02-25,18,4,5
TMO,2021-02-25,18,5,6
TMO,2021-02-25,18,6,5
TMO,2021-02-25,18,7,3
TMO,2021-02-25,18,8,3
TMO,2021-02-25,18,9,4
TMO,2021-02-25,18,10,2
TMO,2021-02-25,18,11,1
TMO,2021-02-25,18,12,2
TMO,2021-02-25,18,13,4
TMO,2021-02-25,18,14,6
TMO,2021-02-25,18,15,2
TMO,2021-02-25,18,16,0
TMO,2021-02-25,18,17,1
TMO,2021-02-25,18,18,3
TMO,2022-02-24,13,1,6
TMO,2022-02-24,13,2,3
TMO,2022-02-24,13,3,7
TMO,2022-02-24,13,4,8
TMO,2022-02-24,13,5,5
TMO,2022-02-24,13,6,6
TMO,2022-02-24,13,7,2
TMO,2022-02-24,13,8,5
TMO,2022-02-24,13,9,4
TMO,2022-02-24,13,10,8
TMO,2022-02-24,13,11,4
TMO,2022-02-24,13,12,5
TMO,2022-02-24,13,13,2
TMO,2023-02-23,14,1,5
TMO,2023-02-23,14,2,7
TMO,2023-02-23,14,3,4
TMO,2023-02-23,14,4,4
TMO,2023-02-23,14,5,3
TMO,2023-02-23,14,6,4
TMO,2023-02-23,14,7,5
TMO,2023-02-23,14,8,2
TMO,2023-02-23,14,9,5
TMO,2023-02-23,14,10,4
TMO,2023-02-23,14,11,4
TMO,2023-02-23,14,12,7
TMO,2023-02-23,14,13,5
TMO,2023-02-23,14,14,3
TMO,2024-02-22,8,1,5
TMO,2024-02-22,8,2,4
TMO,2024-02-22,8,3,0
TMO,2024-02-22,8,4,1
TMO,2024-02-22,8,5,6
TMO,2024-02-22,8,6,4
TMO,2024-02-22,8,7,3
TMO,2024-02-22,8,8,1
TMUS,2021-02-23,11,1,8
TMUS,2021-02-23,11,2,6
TMUS,2021-02-23,11,3,4
TMUS,2021-02-23,11,4,3
TMUS,2021-02-23,11,5,4
TMUS,2021-02-23,11,6,4
TMUS,2021-02-23,11,7,7
TMUS,2021-02-23,11,8,1
TMUS,2021-02-23,11,9,7
TMUS,2021-02-23,11,10,3
TMUS,2021-02-23,11,11,3
TMUS,2022-02-11,13,1,6
TMUS,2022-02-11,13,2,7
TMUS,2022-02-11,13,3,8
TMUS,2022-02-11,13,4,4
TMUS,2022-02-11,13,5,6
TMUS,2022-02-11,13,6,2
TMUS,2022-02-11,13,7,4
TMUS,2022-02-11,13,8,4
TMUS,2022-02-11,13,9,1
TMUS,2022-02-11,13,10,3
TMUS,2022-02-11,13,11,3
TMUS,2022-02-11,13,12,4
TMUS,2022-02-11,13,13,3
TMUS,2023-02-14,4,1,6
TMUS,2023-02-14,4,2,4
TMUS,2023-02-14,4,3,5
TMUS,2023-02-14,4,4,1
TMUS,2024-02-02,2,1,4
TMUS,2024-02-02,2,2,1
TPL,2021-02-25,20,1,3
TPL,2021-02-25,20,2,3
TPL,2021-02-25,20,3,4
TPL,2021-02-25,20,4,5
TPL,2021-02-25,20,5,7
TPL,2021-02-25,20,6,2
TPL,2021-02-25,20,7,3
TPL,2021-02-25,20,8,4
TPL,2021-02-25,20,9,6
TPL,2021-02-25,20,10,4
TPL,2021-02-25,20,11,2
TPL,2021-02-25,20,12,7
TPL,2021-02-25,20,13,1
TPL,2021-02-25,20,14,0
TPL,2021-02-25,20,15,0
TPL,2021-02-25,20,16,3
TPL,2021-02-25,20,17,6
TPL,2021-02-25,20,18,3
TPL,2021-02-25,20,19,0
TPL,2021-02-25,20,20,0
TPL,2022-02-23,15,1,8
TPL,2022-02-23,15,2,7
TPL,2022-02-23,15,3,6
TPL,2022-02-23,15,4,6
TPL,2022-02-23,15,5,6
TPL,2022-02-23,15,6,3
TPL,2022-02-23,15,7,3
TPL,2022-02-23,15,8,2
TPL,2022-02-23,15,9,-3
TPL,2022-02-23,15,10,1
TPL,2022-02-23,15,11,4
TPL,2022-02-23,15,12,1
TPL,2022-02-23,15,13,1
TPL,2022-02-23,15,14,2
TPL,2022-02-23,15,15,2
TPL,2023-02-22,12,1,5
TPL,2023-02-22,12,2,5
TPL,2023-02-22,12,3,7
TPL,2023-02-22,12,4,10
TPL,2023-02-22,12,5,2
TPL,2023-02-22,12,6,5
TPL,2023-02-22,12,7,2
TPL,2023-02-22,12,8,5
TPL,2023-02-22,12,9,4
TPL,2023-02-22,12,10,0
TPL,2023-02-22,12,11,1
TPL,2023-02-22,12,12,3
TPL,2024-02-21,5,1,2
TPL,2024-02-21,5,2,4
TPL,2024-02-21,5,3,4
TPL,2024-02-21,5,4,4
TPL,2024-02-21,5,5,2
TPR,2021-08-19,15,1,9
TPR,2021-08-19,15,2,8
TPR,2021-08-19,15,3,8
TPR,2021-08-19,15,4,7
TPR,2021-08-19,15,5,3
TPR,2021-08-19,15,6,4
TPR,2021-08-19,15,7,5
TPR,2021-08-19,15,8,4
TPR,2021-08-19,15,9,1
TPR,2021-08-19,15,10,7
TPR,2021-08-19,15,11,8
TPR,2021-08-19,15,12,6
TPR,2021-08-19,15,13,4
TPR,2021-08-19,15,14,2
TPR,2021-08-19,15,15,5
TPR,2022-08-18,10,1,10
TPR,2022-08-18,10,2,4
TPR,2022-08-18,10,3,3
TPR,2022-08-18,10,4,5
TPR,2022-08-18,10,5,1
TPR,2022-08-18,10,6,5
TPR,2022-08-18,10,7,7
TPR,2022-08-18,10,8,5
TPR,2022-08-18,10,9,3
TPR,2022-08-18,10,10,2
TPR,2023-08-17,10,1,4
TPR,2023-08-17,10,2,5
TPR,2023-08-17,10,3,7
TPR,2023-08-17,10,4,3
TPR,2023-08-17,10,5,4
TPR,2023-08-17,10,6,2
TPR,2023-08-17,10,7,4
TPR,2023-08-17,10,8,3
TPR,2023-08-17,10,9,2
TPR,2023-08-17,10,10,1
TPR,2024-08-15,6,1,6
TPR,2024-08-15,6,2,6
TPR,2024-08-15,6,3,5
TPR,2024-08-15,6,4,2
TPR,2024-08-15,6,5,4
TPR,2024-08-15,6,6,0
TRGP,2021-02-18,14,1,6
TRGP,2021-02-18,14,2,4
TRGP,2021-02-18,14,3,5
TRGP,2021-02-18,14,4,4
TRGP,2021-02-18,14,5,4
TRGP,2021-02-18,14,6,4
TRGP,2021-02-18,14,7,4
TRGP,2021-02-18,14,8,4
TRGP,2021-02-18,14,9,1
TRGP,2021-02-18,14,10,2
TRGP,2021-02-18,14,11,4
TRGP,2021-02-18,14,12,4
TRGP,2021-02-18,14,13,4
TRGP,2021-02-18,14,14,3
TRGP,2022-02-24,8,1,8
TRGP,2022-02-24,8,2,7
TRGP,2022-02-24,8,3,8
TRGP,2022-02-24,8,4,9
TRGP,2022-02-24,8,5,6
TRGP,2022-02-24,8,6,7
TRGP,2022-02-24,8,7,7
TRGP,2022-02-24,8,8,7
TRGP,2023-02-22,6,1,4
TRGP,2023-02-22,6,2,4
TRGP,2023-02-22,6,3,7
TRGP,2023-02-22,6,4,7
TRGP,2023-02-22,6,5,3
TRGP,2023-02-22,6,6,2
TRGP,2024-02-15,3,1,2
TRGP,2024-02-15,3,2,2
TRGP,2024-02-15,3,3,5
TRMB,2021-02-26,9,1,6
TRMB,2021-02-26,9,2,9
TRMB,2021-02-26,9,3,6
TRMB,2021-02-26,9,4,4
TRMB,2021-02-26,9,5,5
TRMB,2021-02-26,9,6,5
TRMB,2021-02-26,9,7,6
TRMB,2021-02-26,9,8,2
TRMB,2021-02-26,9,9,3
TRMB,2022-02-23,21,1,6
TRMB,2022-02-23,21,2,4
TRMB,2022-02-23,21,3,5
TRMB,2022-02-23,21,4,4
TRMB,2022-02-23,21,5,7
TRMB,2022-02-23,21,6,9
TRMB,2022-02-23,21,7,7
TRMB,2022-02-23,21,8,4
TRMB,2022-02-23,21,9,6
TRMB,2022-02-23,21,10,5
TRMB,2022-02-23,21,11,4
TRMB,2022-02-23,21,12,1
TRMB,2022-02-23,21,13,2
TRMB,2022-02-23,21,14,2
TRMB,2022-02-23,21,15,1
TRMB,2022-02-23,21,16,1
TRMB,2022-02-23,21,17,-1
TRMB,2022-02-23,21,18,1
TRMB,2022-02-23,21,19,1
TRMB,2022-02-23,21,20,2
TRMB,2022-02-23,21,21,3
TRMB,2023-02-17,6,1,8
TRMB,2023-02-17,6,2,7
TRMB,2023-02-17,6,3,4
TRMB,2023-02-17,6,4,1
TRMB,2023-02-17,6,5,0
TRMB,2023-02-17,6,6,0
TRMB,2024-02-26,2,1,4
TRMB,2024-02-26,2,2,3
TROW,2021-02-11,10,1,2
TROW,2021-02-11,10,2,5
TROW,2021-02-11,10,3,5
TROW,2021-02-11,10,4,4
TROW,2021-02-11,10,5,4
TROW,2021-02-11,10,6,1
TROW,2021-02-11,10,7,4
TROW,2021-02-11,10,8,4
TROW,2021-02-11,10,9,3
TROW,2021-02-11,10,10,4
TROW,2022-02-24,11,1,3
TROW,2022-02-24,11,2,4
TROW,2022-02-24,11,3,2
TROW,2022-02-24,11,4,5
TROW,2022-02-24,11,5,3
TROW,2022-02-24,11,6,6
TROW,2022-02-24,11,7,5
TROW,2022-02-24,11,8,1
TROW,2022-02-24,11,9,3
TROW,2022-02-24,11,10,4
TROW,2022-02-24,11,11,1
TROW,2023-02-15,8,1,3
TROW,2023-02-15,8,2,4
TROW,2023-02-15,8,3,5
TROW,2023-02-15,8,4,6
TROW,2023-02-15,8,5,4
TROW,2023-02-15,8,6,1
TROW,2023-02-15,8,7,2
TROW,2023-02-15,8,8,4
TROW,2024-02-16,9,1,4
TROW,2024-02-16,9,2,4
TROW,2024-02-16,9,3,5
TROW,2024-02-16,9,4,6
TROW,2024-02-16,9,5,5
TROW,2024-02-16,9,6,4
TROW,2024-02-16,9,7,1
TROW,2024-02-16,9,8,3
TROW,2024-02-16,9,9,4
TRV,2021-02-11,8,1,6
TRV,2021-02-11,8,2,4
TRV,2021-02-11,8,3,6
TRV,2021-02-11,8,4,6
TRV,2021-02-11,8,5,7
TRV,2021-02-11,8,6,5
TRV,2021-02-11,8,7,5
TRV,2021-02-11,8,8,6
TRV,2022-02-17,9,1,7
TRV,2022-02-17,9,2,6
TRV,2022-02-17,9,3,6
TRV,2022-02-17,9,4,7
TRV,2022-02-17,9,5,3
TRV,2022-02-17,9,6,2
TRV,2022-02-17,9,7,2
TRV,2022-02-17,9,8,4
TRV,2022-02-17,9,9,3
TRV,2023-02-16,5,1,6
TRV,2023-02-16,5,2,3
TRV,2023-02-16,5,3,8
TRV,2023-02-16,5,4,5
TRV,2023-02-16,5,5,4
TRV,2024-02-15,6,1,6
TRV,2024-02-15,6,2,5
TRV,2024-02-15,6,3,3
TRV,2024-02-15,6,4,4
TRV,2024-02-15,6,5,2
TRV,2024-02-15,6,6,2
TSCO,2021-02-18,11,1,7
TSCO,2021-02-18,11,2,4
TSCO,2021-02-18,11,3,7
TSCO,2021-02-18,11,4,5
TSCO,2021-02-18,11,5,4
TSCO,2021-02-18,11,6,6
TSCO,2021-02-18,11,7,4
TSCO,2021-02-18,11,8,5
TSCO,2021-02-18,11,9,6
TSCO,2021-02-18,11,10,6
TSCO,2021-02-18,11,11,5
TSCO,2022-02-17,17,1,5
TSCO,2022-02-17,17,2,4
TSCO,2022-02-17,17,3,4
TSCO,2022-02-17,17,4,4
TSCO,2022-02-17,17,5,8
TSCO,2022-02-17,17,6,7
TSCO,2022-02-17,17,7,5
TSCO,2022-02-17,17,8,6
TSCO,2022-02-17,17,9,5
TSCO,2022-02-17,17,10,6
TSCO,2022-02-17,17,11,6
TSCO,2022-02-17,17,12,6
TSCO,2022-02-17,17,13,6
TSCO,2022-02-17,17,14,6
TSCO,2022-02-17,17,15,5
TSCO,2022-02-17,17,16,5
TSCO,2022-02-17,17,17,3
TSCO,2023-02-23,6,1,2
TSCO,2023-02-23,6,2,5
TSCO,2023-02-23,6,3,7
TSCO,2023-02-23,6,4,7
TSCO,2023-02-23,6,5,4
TSCO,2023-02-23,6,6,4
TSCO,2024-02-23,4,1,4
TSCO,2024-02-23,4,2,4
TSCO,2024-02-23,4,3,4
TSCO,2024-02-23,4,4,3
TSLA,2021-02-08,9,1,4
TSLA,2021-02-08,9,2,9
TSLA,2021-02-08,9,3,6
TSLA,2021-02-08,9,4,5
TSLA,2021-02-08,9,5,7
TSLA,2021-02-08,9,6,7
TSLA,2021-02-08,9,7,4
TSLA,2021-02-08,9,8,1
TSLA,2021-02-08,9,9,5
TSLA,2022-02-07,11,1,4
TSLA,2022-02-07,11,2,9
TSLA,2022-02-07,11,3,6
TSLA,2022-02-07,11,4,4
TSLA,2022-02-07,11,5,4
TSLA,2022-02-07,11,6,8
TSLA,2022-02-07,11,7,4
TSLA,2022-02-07,11,8,4
TSLA,2022-02-07,11,9,2
TSLA,2022-02-07,11,10,7
TSLA,2022-02-07,11,11,1
TSLA,2023-01-31,12,1,4
TSLA,2023-01-31,12,2,4
TSLA,2023-01-31,12,3,7
TSLA,2023-01-31,12,4,4
TSLA,2023-01-31,12,5,7
TSLA,2023-01-31,12,6,4
TSLA,2023-01-31,12,7,9
TSLA,2023-01-31,12,8,2
TSLA,2023-01-31,12,9,8
TSLA,2023-01-31,12,10,2
TSLA,2023-01-31,12,11,1
TSLA,2023-01-31,12,12,4
TSLA,2024-01-29,2,1,4
TSLA,2024-01-29,2,2,5
TSN,2021-11-15,15,1,5
TSN,2021-11-15,15,2,7
TSN,2021-11-15,15,3,6
TSN,2021-11-15,15,4,7
TSN,2021-11-15,15,5,4
TSN,2021-11-15,15,6,2
TSN,2021-11-15,15,7,6
TSN,2021-11-15,15,8,5
TSN,2021-11-15,15,9,4
TSN,2021-11-15,15,10,4
TSN,2021-11-15,15,11,1
TSN,2021-11-15,15,12,2
TSN,2021-11-15,15,13,5
TSN,2021-11-15,15,14,2
TSN,2021-11-15,15,15,6
TSN,2022-11-14,10,1,5
TSN,2022-11-14,10,2,7
TSN,2022-11-14,10,3,6
TSN,2022-11-14,10,4,5
TSN,2022-11-14,10,5,5
TSN,2022-11-14,10,6,3
TSN,2022-11-14,10,7,3
TSN,2022-11-14,10,8,2
TSN,2022-11-14,10,9,4
TSN,2022-11-14,10,10,5
TSN,2023-11-13,15,1,5
TSN,2023-11-13,15,2,7
TSN,2023-11-13,15,3,6
TSN,2023-11-13,15,4,3
TSN,2023-11-13,15,5,8
TSN,2023-11-13,15,6,6
TSN,2023-11-13,15,7,6
TSN,2023-11-13,15,8,4
TSN,2023-11-13,15,9,2
TSN,2023-11-13,15,10,3
TSN,2023-11-13,15,11,7
TSN,2023-11-13,15,12,3
TSN,2023-11-13,15,13,2
TSN,2023-11-13,15,14,2
TSN,2023-11-13,15,15,3
TSN,2024-11-12,7,1,6
TSN,2024-11-12,7,2,4
TSN,2024-11-12,7,3,4
TSN,2024-11-12,7,4,4
TSN,2024-11-12,7,5,2
TSN,2024-11-12,7,6,1
TSN,2024-11-12,7,7,2
TTWO,2021-05-19,10,1,6
TTWO,2021-05-19,10,2,5
TTWO,2021-05-19,10,3,7
TTWO,2021-05-19,10,4,4
TTWO,2021-05-19,10,5,5
TTWO,2021-05-19,10,6,4
TTWO,2021-05-19,10,7,4
TTWO,2021-05-19,10,8,3
TTWO,2021-05-19,10,9,1
TTWO,2021-05-19,10,10,5
TTWO,2022-05-17,12,1,8
TTWO,2022-05-17,12,2,7
TTWO,2022-05-17,12,3,6
TTWO,2022-05-17,12,4,4
TTWO,2022-05-17,12,5,3
TTWO,2022-05-17,12,6,4
TTWO,2022-05-17,12,7,2
TTWO,2022-05-17,12,8,2
TTWO,2022-05-17,12,9,5
TTWO,2022-05-17,12,10,3
TTWO,2022-05-17,12,11,4
TTWO,2022-05-17,12,12,4
TTWO,2023-05-26,18,1,8
TTWO,2023-05-26,18,2,8
TTWO,2023-05-26,18,3,5
TTWO,2023-05-26,18,4,8
TTWO,2023-05-26,18,5,5
TTWO,2023-05-26,18,6,3
TTWO,2023-05-26,18,7,3
TTWO,2023-05-26,18,8,1
TTWO,2023-05-26,18,9,4
TTWO,2023-05-26,18,10,5
TTWO,2023-05-26,18,11,4
TTWO,2023-05-26,18,12,0
TTWO,2023-05-26,18,13,0
TTWO,2023-05-26,18,14,5
TTWO,2023-05-26,18,15,5
TTWO,2023-05-26,18,16,3
TTWO,2023-05-26,18,17,4
TTWO,2023-05-26,18,18,3
TTWO,2024-05-22,2,1,4
TTWO,2024-05-22,2,2,2
TT,2021-02-09,21,1,9
TT,2021-02-09,21,2,3
TT,2021-02-09,21,3,8
TT,2021-02-09,21,4,6
TT,2021-02-09,21,5,7
TT,2021-02-09,21,6,6
TT,2021-02-09,21,7,5
TT,2021-02-09,21,8,5
TT,2021-02-09,21,9,9
TT,2021-02-09,21,10,7
TT,2021-02-09,21,11,6
TT,2021-02-09,21,12,4
TT,2021-02-09,21,13,6
TT,2021-02-09,21,14,4
TT,2021-02-09,21,15,3
TT,2021-02-09,21,16,6
TT,2021-02-09,21,17,7
TT,2021-02-09,21,18,7
TT,2021-02-09,21,19,-1
TT,2021-02-09,21,20,4
TT,2021-02-09,21,21,-2
TT,2022-02-07,12,1,8
TT,2022-02-07,12,2,6
TT,2022-02-07,12,3,7
TT,2022-02-07,12,4,7
TT,2022-02-07,12,5,8
TT,2022-02-07,12,6,4
TT,2022-02-07,12,7,4
TT,2022-02-07,12,8,3
TT,2022-02-07,12,9,4
TT,2022-02-07,12,10,2
TT,2022-02-07,12,11,4
TT,2022-02-07,12,12,6
TT,2023-02-10,12,1,7
TT,2023-02-10,12,2,3
TT,2023-02-10,12,3,2
TT,2023-02-10,12,4,6
TT,2023-02-10,12,5,1
TT,2023-02-10,12,6,-1
TT,2023-02-10,12,7,1
TT,2023-02-10,12,8,0
TT,2023-02-10,12,9,1
TT,2023-02-10,12,10,6
TT,2023-02-10,12,11,0
TT,2023-02-10,12,12,0
TT,2024-02-08,8,1,5
TT,2024-02-08,8,2,4
TT,2024-02-08,8,3,5
TT,2024-02-08,8,4,4
TT,2024-02-08,8,5,2
TT,2024-02-08,8,6,2
TT,2024-02-08,8,7,2
TT,2024-02-08,8,8,1
TXN,2021-02-05,16,1,6
TXN,2021-02-05,16,2,7
TXN,2021-02-05,16,3,5
TXN,2021-02-05,16,4,7
TXN,2021-02-05,16,5,7
TXN,2021-02-05,16,6,2
TXN,2021-02-05,16,7,8
TXN,2021-02-05,16,8,2
TXN,2021-02-05,16,9,1
TXN,2021-02-05,16,10,6
TXN,2021-02-05,16,11,4
TXN,2021-02-05,16,12,1
TXN,2021-02-05,16,13,1
TXN,2021-02-05,16,14,1
TXN,2021-02-05,16,15,-1
TXN,2021-02-05,16,16,1
TXN,2022-02-04,6,1,7
TXN,2022-02-04,6,2,4
TXN,2022-02-04,6,3,4
TXN,2022-02-04,6,4,4
TXN,2022-02-04,6,5,6
TXN,2022-02-04,6,6,8
TXN,2023-02-03,9,1,4
TXN,2023-02-03,9,2,8
TXN,2023-02-03,9,3,6
TXN,2023-02-03,9,4,5
TXN,2023-02-03,9,5,7
TXN,2023-02-03,9,6,1
TXN,2023-02-03,9,7,1
TXN,2023-02-03,9,8,1
TXN,2023-02-03,9,9,2
TXN,2024-02-02,5,1,4
TXN,2024-02-02,5,2,4
TXN,2024-02-02,5,3,4
TXN,2024-02-02,5,4,4
TXN,2024-02-02,5,5,3
TXT,2021-02-19,12,1,6
TXT,2021-02-19,12,2,5
TXT,2021-02-19,12,3,6
TXT,2021-02-19,12,4,4
TXT,2021-02-19,12,5,3
TXT,2021-02-19,12,6,5
TXT,2021-02-19,12,7,5
TXT,2021-02-19,12,8,5
TXT,2021-02-19,12,9,7
TXT,2021-02-19,12,10,7
TXT,2021-02-19,12,11,9
TXT,2021-02-19,12,12,6
TXT,2022-02-17,18,1,7
TXT,2022-02-17,18,2,4
TXT,2022-02-17,18,3,6
TXT,2022-02-17,18,4,5
TXT,2022-02-17,18,5,6
TXT,2022-02-17,18,6,3
TXT,2022-02-17,18,7,2
TXT,2022-02-17,18,8,1
TXT,2022-02-17,18,9,5
TXT,2022-02-17,18,10,5
TXT,2022-02-17,18,11,3
TXT,2022-02-17,18,12,3
TXT,2022-02-17,18,13,1
TXT,2022-02-17,18,14,1
TXT,2022-02-17,18,15,2
TXT,2022-02-17,18,16,8
TXT,2022-02-17,18,17,6
TXT,2022-02-17,18,18,1
TXT,2023-02-16,10,1,6
TXT,2023-02-16,10,2,5
TXT,2023-02-16,10,3,8
TXT,2023-02-16,10,4,7
TXT,2023-02-16,10,5,5
TXT,2023-02-16,10,6,6
TXT,2023-02-16,10,7,4
TXT,2023-02-16,10,8,3
TXT,2023-02-16,10,9,4
TXT,2023-02-16,10,10,3
TXT,2024-02-12,4,1,4
TXT,2024-02-12,4,2,1
TXT,2024-02-12,4,3,0
TXT,2024-02-12,4,4,0
TYL,2021-02-19,10,1,7
TYL,2021-02-19,10,2,6
TYL,2021-02-19,10,3,4
TYL,2021-02-19,10,4,4
TYL,2021-02-19,10,5,4
TYL,2021-02-19,10,6,3
TYL,2021-02-19,10,7,0
TYL,2021-02-19,10,8,6
TYL,2021-02-19,10,9,4
TYL,2021-02-19,10,10,0
TYL,2022-02-23,15,1,4
TYL,2022-02-23,15,2,6
TYL,2022-02-23,15,3,5
TYL,2022-02-23,15,4,3
TYL,2022-02-23,15,5,3
TYL,2022-02-23,15,6,1
TYL,2022-02-23,15,7,2
TYL,2022-02-23,15,8,2
TYL,2022-02-23,15,9,5
TYL,2022-02-23,15,10,3
TYL,2022-02-23,15,11,-3
TYL,2022-02-23,15,12,3
TYL,2022-02-23,15,13,1
TYL,2022-02-23,15,14,-3
TYL,2022-02-23,15,15,2
TYL,2023-02-22,16,1,6
TYL,2023-02-22,16,2,6
TYL,2023-02-22,16,3,6
TYL,2023-02-22,16,4,5
TYL,2023-02-22,16,5,0
TYL,2023-02-22,16,6,5
TYL,2023-02-22,16,7,3
TYL,2023-02-22,16,8,0
TYL,2023-02-22,16,9,4
TYL,2023-02-22,16,10,5
TYL,2023-02-22,16,11,3
TYL,2023-02-22,16,12,6
TYL,2023-02-22,16,13,4
TYL,2023-02-22,16,14,4
TYL,2023-02-22,16,15,3
TYL,2023-02-22,16,16,3
TYL,2024-02-21,9,1,3
TYL,2024-02-21,9,2,3
TYL,2024-02-21,9,3,3
TYL,2024-02-21,9,4,1
TYL,2024-02-21,9,5,1
TYL,2024-02-21,9,6,2
TYL,2024-02-21,9,7,1
TYL,2024-02-21,9,8,2
TYL,2024-02-21,9,9,2
T,2021-02-25,23,1,3
T,2021-02-25,23,2,6
T,2021-02-25,23,3,7
T,2021-02-25,23,4,7
T,2021-02-25,23,5,6
T,2021-02-25,23,6,4
T,2021-02-25,23,7,4
T,2021-02-25,23,8,2
T,2021-02-25,23,9,5
T,2021-02-25,23,10,5
T,2021-02-25,23,11,1
T,2021-02-25,23,12,4
T,2021-02-25,23,13,4
T,2021-02-25,23,14,3
T,2021-02-25,23,15,4
T,2021-02-25,23,16,3
T,2021-02-25,23,17,5
T,2021-02-25,23,18,5
T,2021-02-25,23,19,5
T,2021-02-25,23,20,7
T,2021-02-25,23,21,9
T,2021-02-25,23,22,4
T,2021-02-25,23,23,4
T,2022-02-16,16,1,3
T,2022-02-16,16,2,5
T,2022-02-16,16,3,8
T,2022-02-16,16,4,5
T,2022-02-16,16,5,5
T,2022-02-16,16,6,3
T,2022-02-16,16,7,3
T,2022-02-16,16,8,2
T,2022-02-16,16,9,5
T,2022-02-16,16,10,6
T,2022-02-16,16,11,5
T,2022-02-16,16,12,4
T,2022-02-16,16,13,3
T,2022-02-16,16,14,4
T,2022-02-16,16,15,4
T,2022-02-16,16,16,6
T,2023-02-13,7,1,5
T,2023-02-13,7,2,7
T,2023-02-13,7,3,8
T,2023-02-13,7,4,8
T,2023-02-13,7,5,6
T,2023-02-13,7,6,5
T,2023-02-13,7,7,5
T,2024-02-23,6,1,6
T,2024-02-23,6,2,1
T,2024-02-23,6,3,2
T,2024-02-23,6,4,5
T,2024-02-23,6,5,3
T,2024-02-23,6,6,4
UAL,2022-02-18,10,1,9
UAL,2022-02-18,10,2,6
UAL,2022-02-18,10,3,7
UAL,2022-02-18,10,4,7
UAL,2022-02-18,10,5,6
UAL,2022-02-18,10,6,5
UAL,2022-02-18,10,7,5
UAL,2022-02-18,10,8,6
UAL,2022-02-18,10,9,6
UAL,2022-02-18,10,10,7
UAL,2023-02-16,10,1,8
UAL,2023-02-16,10,2,8
UAL,2023-02-16,10,3,6
UAL,2023-02-16,10,4,3
UAL,2023-02-16,10,5,4
UAL,2023-02-16,10,6,5
UAL,2023-02-16,10,7,3
UAL,2023-02-16,10,8,3
UAL,2023-02-16,10,9,5
UAL,2023-02-16,10,10,2
UAL,2024-02-29,5,1,5
UAL,2024-02-29,5,2,5
UAL,2024-02-29,5,3,3
UAL,2024-02-29,5,4,5
UAL,2024-02-29,5,5,1
UBER,2021-03-01,8,1,8
UBER,2021-03-01,8,2,7
UBER,2021-03-01,8,3,6
UBER,2021-03-01,8,4,5
UBER,2021-03-01,8,5,6
UBER,2021-03-01,8,6,5
UBER,2021-03-01,8,7,7
UBER,2021-03-01,8,8,2
UBER,2022-02-24,12,1,9
UBER,2022-02-24,12,2,9
UBER,2022-02-24,12,3,7
UBER,2022-02-24,12,4,8
UBER,2022-02-24,12,5,8
UBER,2022-02-24,12,6,5
UBER,2022-02-24,12,7,6
UBER,2022-02-24,12,8,5
UBER,2022-02-24,12,9,-1
UBER,2022-02-24,12,10,7
UBER,2022-02-24,12,11,5
UBER,2022-02-24,12,12,5
UBER,2023-02-21,7,1,7
UBER,2023-02-21,7,2,5
UBER,2023-02-21,7,3,6
UBER,2023-02-21,7,4,8
UBER,2023-02-21,7,5,4
UBER,2023-02-21,7,6,3
UBER,2023-02-21,7,7,4
UBER,2024-02-15,6,1,5
UBER,2024-02-15,6,2,5
UBER,2024-02-15,6,3,4
UBER,2024-02-15,6,4,4
UBER,2024-02-15,6,5,3
UBER,2024-02-15,6,6,4
UDR,2021-02-18,12,1,6
UDR,2021-02-18,12,2,8
UDR,2021-02-18,12,3,7
UDR,2021-02-18,12,4,8
UDR,2021-02-18,12,5,4
UDR,2021-02-18,12,6,4
UDR,2021-02-18,12,7,7
UDR,2021-02-18,12,8,5
UDR,2021-02-18,12,9,3
UDR,2021-02-18,12,10,4
UDR,2021-02-18,12,11,7
UDR,2021-02-18,12,12,3
UDR,2022-02-15,9,1,9
UDR,2022-02-15,9,2,8
UDR,2022-02-15,9,3,7
UDR,2022-02-15,9,4,5
UDR,2022-02-15,9,5,7
UDR,2022-02-15,9,6,7
UDR,2022-02-15,9,7,7
UDR,2022-02-15,9,8,4
UDR,2022-02-15,9,9,4
UDR,2023-02-13,9,1,4
UDR,2023-02-13,9,2,8
UDR,2023-02-13,9,3,6
UDR,2023-02-13,9,4,9
UDR,2023-02-13,9,5,4
UDR,2023-02-13,9,6,2
UDR,2023-02-13,9,7,6
UDR,2023-02-13,9,8,1
UDR,2023-02-13,9,9,0
UDR,2024-02-20,12,1,6
UDR,2024-02-20,12,2,3
UDR,2024-02-20,12,3,6
UDR,2024-02-20,12,4,-1
UDR,2024-02-20,12,5,3
UDR,2024-02-20,12,6,2
UDR,2024-02-20,12,7,3
UDR,2024-02-20,12,8,2
UDR,2024-02-20,12,9,1
UDR,2024-02-20,12,10,4
UDR,2024-02-20,12,11,2
UDR,2024-02-20,12,12,2
UHS,2021-02-25,5,1,8
UHS,2021-02-25,5,2,7
UHS,2021-02-25,5,3,8
UHS,2021-02-25,5,4,2
UHS,2021-02-25,5,5,5
UHS,2022-02-24,8,1,4
UHS,2022-02-24,8,2,8
UHS,2022-02-24,8,3,6
UHS,2022-02-24,8,4,7
UHS,2022-02-24,8,5,4
UHS,2022-02-24,8,6,5
UHS,2022-02-24,8,7,5
UHS,2022-02-24,8,8,5
UHS,2023-02-27,8,1,8
UHS,2023-02-27,8,2,8
UHS,2023-02-27,8,3,9
UHS,2023-02-27,8,4,5
UHS,2023-02-27,8,5,4
UHS,2023-02-27,8,6,5
UHS,2023-02-27,8,7,5
UHS,2023-02-27,8,8,1
UHS,2024-02-27,8,1,6
UHS,2024-02-27,8,2,6
UHS,2024-02-27,8,3,6
UHS,2024-02-27,8,4,6
UHS,2024-02-27,8,5,6
UHS,2024-02-27,8,6,6
UHS,2024-02-27,8,7,6
UHS,2024-02-27,8,8,5
ULTA,2021-03-26,15,1,7
ULTA,2021-03-26,15,2,6
ULTA,2021-03-26,15,3,8
ULTA,2021-03-26,15,4,5
ULTA,2021-03-26,15,5,4
ULTA,2021-03-26,15,6,6
ULTA,2021-03-26,15,7,3
ULTA,2021-03-26,15,8,3
ULTA,2021-03-26,15,9,2
ULTA,2021-03-26,15,10,5
ULTA,2021-03-26,15,11,2
ULTA,2021-03-26,15,12,2
ULTA,2021-03-26,15,13,6
ULTA,2021-03-26,15,14,5
ULTA,2021-03-26,15,15,5
ULTA,2022-03-25,17,1,6
ULTA,2022-03-25,17,2,6
ULTA,2022-03-25,17,3,1
ULTA,2022-03-25,17,4,9
ULTA,2022-03-25,17,5,6
ULTA,2022-03-25,17,6,7
ULTA,2022-03-25,17,7,5
ULTA,2022-03-25,17,8,5
ULTA,2022-03-25,17,9,5
ULTA,2022-03-25,17,10,6
ULTA,2022-03-25,17,11,6
ULTA,2022-03-25,17,12,1
ULTA,2022-03-25,17,13,3
ULTA,2022-03-25,17,14,1
ULTA,2022-03-25,17,15,2
ULTA,2022-03-25,17,16,4
ULTA,2022-03-25,17,17,5
ULTA,2023-03-24,9,1,7
ULTA,2023-03-24,9,2,7
ULTA,2023-03-24,9,3,6
ULTA,2023-03-24,9,4,4
ULTA,2023-03-24,9,5,5
ULTA,2023-03-24,9,6,6
ULTA,2023-03-24,9,7,5
ULTA,2023-03-24,9,8,4
ULTA,2023-03-24,9,9,6
ULTA,2024-03-26,6,1,5
ULTA,2024-03-26,6,2,0
ULTA,2024-03-26,6,3,1
ULTA,2024-03-26,6,4,0
ULTA,2024-03-26,6,5,1
ULTA,2024-03-26,6,6,0
UNH,2021-03-01,16,1,7
UNH,2021-03-01,16,2,4
UNH,2021-03-01,16,3,2
UNH,2021-03-01,16,4,6
UNH,2021-03-01,16,5,5
UNH,2021-03-01,16,6,6
UNH,2021-03-01,16,7,5
UNH,2021-03-01,16,8,5
UNH,2021-03-01,16,9,6
UNH,2021-03-01,16,10,5
UNH,2021-03-01,16,11,4
UNH,2021-03-01,16,12,8
UNH,2021-03-01,16,13,3
UNH,2021-03-01,16,14,6
UNH,2021-03-01,16,15,3
UNH,2021-03-01,16,16,3
UNH,2022-02-15,30,1,7
UNH,2022-02-15,30,2,3
UNH,2022-02-15,30,3,3
UNH,2022-02-15,30,4,3
UNH,2022-02-15,30,5,3
UNH,2022-02-15,30,6,4
UNH,2022-02-15,30,7,4
UNH,2022-02-15,30,8,5
UNH,2022-02-15,30,9,6
UNH,2022-02-15,30,10,3
UNH,2022-02-15,30,11,5
UNH,2022-02-15,30,12,5
UNH,2022-02-15,30,13,4
UNH,2022-02-15,30,14,4
UNH,2022-02-15,30,15,4
UNH,2022-02-15,30,16,3
UNH,2022-02-15,30,17,5
UNH,2022-02-15,30,18,3
UNH,2022-02-15,30,19,4
UNH,2022-02-15,30,20,2
UNH,2022-02-15,30,21,1
UNH,2022-02-15,30,22,1
UNH,2022-02-15,30,23,2
UNH,2022-02-15,30,24,4
UNH,2022-02-15,30,25,3
UNH,2022-02-15,30,26,3
UNH,2022-02-15,30,27,2
UNH,2022-02-15,30,28,4
UNH,2022-02-15,30,29,3
UNH,2022-02-15,30,30,2
UNH,2023-02-24,8,1,6
UNH,2023-02-24,8,2,8
UNH,2023-02-24,8,3,5
UNH,2023-02-24,8,4,7
UNH,2023-02-24,8,5,8
UNH,2023-02-24,8,6,5
UNH,2023-02-24,8,7,4
UNH,2023-02-24,8,8,4
UNH,2024-02-28,5,1,5
UNH,2024-02-28,5,2,4
UNH,2024-02-28,5,3,5
UNH,2024-02-28,5,4,2
UNH,2024-02-28,5,5,1
UNP,2021-02-05,12,1,7
UNP,2021-02-05,12,2,6
UNP,2021-02-05,12,3,3
UNP,2021-02-05,12,4,6
UNP,2021-02-05,12,5,5
UNP,2021-02-05,12,6,3
UNP,2021-02-05,12,7,5
UNP,2021-02-05,12,8,4
UNP,2021-02-05,12,9,4
UNP,2021-02-05,12,10,5
UNP,2021-02-05,12,11,3
UNP,2021-02-05,12,12,3
UNP,2022-02-04,12,1,7
UNP,2022-02-04,12,2,7
UNP,2022-02-04,12,3,2
UNP,2022-02-04,12,4,2
UNP,2022-02-04,12,5,6
UNP,2022-02-04,12,6,5
UNP,2022-02-04,12,7,2
UNP,2022-02-04,12,8,4
UNP,2022-02-04,12,9,3
UNP,2022-02-04,12,10,1
UNP,2022-02-04,12,11,1
UNP,2022-02-04,12,12,1
UNP,2023-02-10,7,1,7
UNP,2023-02-10,7,2,6
UNP,2023-02-10,7,3,5
UNP,2023-02-10,7,4,4
UNP,2023-02-10,7,5,1
UNP,2023-02-10,7,6,2
UNP,2023-02-10,7,7,1
UNP,2024-02-09,7,1,3
UNP,2024-02-09,7,2,6
UNP,2024-02-09,7,3,5
UNP,2024-02-09,7,4,4
UNP,2024-02-09,7,5,1
UNP,2024-02-09,7,6,4
UNP,2024-02-09,7,7,2
UPS,2021-02-22,7,1,6
UPS,2021-02-22,7,2,6
UPS,2021-02-22,7,3,5
UPS,2021-02-22,7,4,4
UPS,2021-02-22,7,5,4
UPS,2021-02-22,7,6,3
UPS,2021-02-22,7,7,0
UPS,2022-02-22,14,1,8
UPS,2022-02-22,14,2,3
UPS,2022-02-22,14,3,5
UPS,2022-02-22,14,4,5
UPS,2022-02-22,14,5,3
UPS,2022-02-22,14,6,3
UPS,2022-02-22,14,7,9
UPS,2022-02-22,14,8,3
UPS,2022-02-22,14,9,2
UPS,2022-02-22,14,10,2
UPS,2022-02-22,14,11,1
UPS,2022-02-22,14,12,4
UPS,2022-02-22,14,13,4
UPS,2022-02-22,14,14,6
UPS,2023-02-21,8,1,7
UPS,2023-02-21,8,2,8
UPS,2023-02-21,8,3,6
UPS,2023-02-21,8,4,2
UPS,2023-02-21,8,5,3
UPS,2023-02-21,8,6,6
UPS,2023-02-21,8,7,6
UPS,2023-02-21,8,8,1
UPS,2024-02-20,1,1,4
URI,2021-01-27,8,1,6
URI,2021-01-27,8,2,6
URI,2021-01-27,8,3,4
URI,2021-01-27,8,4,6
URI,2021-01-27,8,5,3
URI,2021-01-27,8,6,4
URI,2021-01-27,8,7,4
URI,2021-01-27,8,8,4
URI,2022-01-26,16,1,1
URI,2022-01-26,16,2,6
URI,2022-01-26,16,3,2
URI,2022-01-26,16,4,7
URI,2022-01-26,16,5,4
URI,2022-01-26,16,6,4
URI,2022-01-26,16,7,5
URI,2022-01-26,16,8,2
URI,2022-01-26,16,9,5
URI,2022-01-26,16,10,1
URI,2022-01-26,16,11,3
URI,2022-01-26,16,12,1
URI,2022-01-26,16,13,1
URI,2022-01-26,16,14,2
URI,2022-01-26,16,15,1
URI,2022-01-26,16,16,-2
URI,2023-01-25,8,1,7
URI,2023-01-25,8,2,4
URI,2023-01-25,8,3,7
URI,2023-01-25,8,4,5
URI,2023-01-25,8,5,6
URI,2023-01-25,8,6,5
URI,2023-01-25,8,7,1
URI,2023-01-25,8,8,0
URI,2024-01-24,7,1,3
URI,2024-01-24,7,2,2
URI,2024-01-24,7,3,3
URI,2024-01-24,7,4,1
URI,2024-01-24,7,5,0
URI,2024-01-24,7,6,0
URI,2024-01-24,7,7,0
VICI,2021-02-18,10,1,9
VICI,2021-02-18,10,2,7
VICI,2021-02-18,10,3,7
VICI,2021-02-18,10,4,8
VICI,2021-02-18,10,5,3
VICI,2021-02-18,10,6,7
VICI,2021-02-18,10,7,6
VICI,2021-02-18,10,8,6
VICI,2021-02-18,10,9,6
VICI,2021-02-18,10,10,6
VICI,2022-02-23,22,1,9
VICI,2022-02-23,22,2,8
VICI,2022-02-23,22,3,4
VICI,2022-02-23,22,4,6
VICI,2022-02-23,22,5,7
VICI,2022-02-23,22,6,2
VICI,2022-02-23,22,7,5
VICI,2022-02-23,22,8,5
VICI,2022-02-23,22,9,5
VICI,2022-02-23,22,10,6
VICI,2022-02-23,22,11,5
VICI,2022-02-23,22,12,5
VICI,2022-02-23,22,13,3
VICI,2022-02-23,22,14,5
VICI,2022-02-23,22,15,3
VICI,2022-02-23,22,16,4
VICI,2022-02-23,22,17,4
VICI,2022-02-23,22,18,4
VICI,2022-02-23,22,19,4
VICI,2022-02-23,22,20,3
VICI,2022-02-23,22,21,3
VICI,2022-02-23,22,22,3
VICI,2023-02-23,4,1,7
VICI,2023-02-23,4,2,6
VICI,2023-02-23,4,3,5
VICI,2023-02-23,4,4,5
VICI,2024-02-22,1,1,5
VLTO,2024-02-28,6,1,4
VLTO,2024-02-28,6,2,1
VLTO,2024-02-28,6,3,3
VLTO,2024-02-28,6,4,3
VLTO,2024-02-28,6,5,2
VLTO,2024-02-28,6,6,1
VMC,2021-02-25,12,1,5
VMC,2021-02-25,12,2,9
VMC,2021-02-25,12,3,8
VMC,2021-02-25,12,4,4
VMC,2021-02-25,12,5,4
VMC,2021-02-25,12,6,5
VMC,2021-02-25,12,7,5
VMC,2021-02-25,12,8,5
VMC,2021-02-25,12,9,8
VMC,2021-02-25,12,10,0
VMC,2021-02-25,12,11,-1
VMC,2021-02-25,12,12,1
VMC,2022-02-25,8,1,6
VMC,2022-02-25,8,2,4
VMC,2022-02-25,8,3,6
VMC,2022-02-25,8,4,4
VMC,2022-02-25,8,5,3
VMC,2022-02-25,8,6,3
VMC,2022-02-25,8,7,3
VMC,2022-02-25,8,8,6
VMC,2023-02-24,5,1,4
VMC,2023-02-24,5,2,0
VMC,2023-02-24,5,3,4
VMC,2023-02-24,5,4,4
VMC,2023-02-24,5,5,9
VMC,2024-02-22,1,1,2
VRSK,2021-02-23,11,1,1
VRSK,2021-02-23,11,2,1
VRSK,2021-02-23,11,3,0
VRSK,2021-02-23,11,4,0
VRSK,2021-02-23,11,5,-3
VRSK,2021-02-23,11,6,3
VRSK,2021-02-23,11,7,8
VRSK,2021-02-23,11,8,5
VRSK,2021-02-23,11,9,-1
VRSK,2021-02-23,11,10,4
VRSK,2021-02-23,11,11,3
VRSK,2022-02-22,9,1,4
VRSK,2022-02-22,9,2,2
VRSK,2022-02-22,9,3,5
VRSK,2022-02-22,9,4,6
VRSK,2022-02-22,9,5,5
VRSK,2022-02-22,9,6,6
VRSK,2022-02-22,9,7,4
VRSK,2022-02-22,9,8,2
VRSK,2022-02-22,9,9,1
VRSK,2023-02-28,4,1,4
VRSK,2023-02-28,4,2,6
VRSK,2023-02-28,4,3,2
VRSK,2023-02-28,4,4,1
VRSK,2024-02-21,2,1,3
VRSK,2024-02-21,2,2,1
VRSN,2021-02-19,7,1,4
VRSN,2021-02-19,7,2,5
VRSN,2021-02-19,7,3,3
VRSN,2021-02-19,7,4,3
VRSN,2021-02-19,7,5,4
VRSN,2021-02-19,7,6,4
VRSN,2021-02-19,7,7,2
VRSN,2022-02-18,15,1,2
VRSN,2022-02-18,15,2,3
VRSN,2022-02-18,15,3,5
VRSN,2022-02-18,15,4,1
VRSN,2022-02-18,15,5,3
VRSN,2022-02-18,15,6,0
VRSN,2022-02-18,15,7,2
VRSN,2022-02-18,15,8,0
VRSN,2022-02-18,15,9,5
VRSN,2022-02-18,15,10,0
VRSN,2022-02-18,15,11,0
VRSN,2022-02-18,15,12,0
VRSN,2022-02-18,15,13,3
VRSN,2022-02-18,15,14,5
VRSN,2022-02-18,15,15,1
VRSN,2023-02-17,3,1,6
VRSN,2023-02-17,3,2,3
VRSN,2023-02-17,3,3,1
VRTX,2021-02-11,11,1,2
VRTX,2021-02-11,11,2,5
VRTX,2021-02-11,11,3,5
VRTX,2021-02-11,11,4,3
VRTX,2021-02-11,11,5,2
VRTX,2021-02-11,11,6,5
VRTX,2021-02-11,11,7,2
VRTX,2021-02-11,11,8,6
VRTX,2021-02-11,11,9,2
VRTX,2021-02-11,11,10,4
VRTX,2021-02-11,11,11,4
VRTX,2022-02-09,10,1,6
VRTX,2022-02-09,10,2,7
VRTX,2022-02-09,10,3,8
VRTX,2022-02-09,10,4,6
VRTX,2022-02-09,10,5,6
VRTX,2022-02-09,10,6,7
VRTX,2022-02-09,10,7,6
VRTX,2022-02-09,10,8,5
VRTX,2022-02-09,10,9,7
VRTX,2022-02-09,10,10,6
VRTX,2023-02-10,10,1,6
VRTX,2023-02-10,10,2,5
VRTX,2023-02-10,10,3,7
VRTX,2023-02-10,10,4,4
VRTX,2023-02-10,10,5,6
VRTX,2023-02-10,10,6,7
VRTX,2023-02-10,10,7,8
VRTX,2023-02-10,10,8,6
VRTX,2023-02-10,10,9,5
VRTX,2023-02-10,10,10,4
VRTX,2024-02-15,2,1,4
VRTX,2024-02-15,2,2,0
VST,2021-02-26,5,1,5
VST,2021-02-26,5,2,7
VST,2021-02-26,5,3,4
VST,2021-02-26,5,4,4
VST,2021-02-26,5,5,4
VST,2022-02-25,4,1,6
VST,2022-02-25,4,2,4
VST,2022-02-25,4,3,5
VST,2022-02-25,4,4,6
VST,2023-03-01,4,1,7
VST,2023-03-01,4,2,7
VST,2023-03-01,4,3,9
VST,2023-03-01,4,4,1
VST,2024-02-29,4,1,4
VST,2024-02-29,4,2,5
VST,2024-02-29,4,3,5
VST,2024-02-29,4,4,1
VTRS,2021-03-01,10,1,6
VTRS,2021-03-01,10,2,8
VTRS,2021-03-01,10,3,4
VTRS,2021-03-01,10,4,6
VTRS,2021-03-01,10,5,7
VTRS,2021-03-01,10,6,6
VTRS,2021-03-01,10,7,5
VTRS,2021-03-01,10,8,7
VTRS,2021-03-01,10,9,2
VTRS,2021-03-01,10,10,5
VTRS,2022-02-28,10,1,9
VTRS,2022-02-28,10,2,8
VTRS,2022-02-28,10,3,6
VTRS,2022-02-28,10,4,8
VTRS,2022-02-28,10,5,7
VTRS,2022-02-28,10,6,8
VTRS,2022-02-28,10,7,6
VTRS,2022-02-28,10,8,7
VTRS,2022-02-28,10,9,6
VTRS,2022-02-28,10,10,9
VTRS,2023-02-27,8,1,8
VTRS,2023-02-27,8,2,6
VTRS,2023-02-27,8,3,5
VTRS,2023-02-27,8,4,3
VTRS,2023-02-27,8,5,3
VTRS,2023-02-27,8,6,3
VTRS,2023-02-27,8,7,2
VTRS,2023-02-27,8,8,2
VTRS,2024-02-28,2,1,5
VTRS,2024-02-28,2,2,1
VTR,2021-02-23,20,1,8
VTR,2021-02-23,20,2,7
VTR,2021-02-23,20,3,7
VTR,2021-02-23,20,4,6
VTR,2021-02-23,20,5,4
VTR,2021-02-23,20,6,3
VTR,2021-02-23,20,7,4
VTR,2021-02-23,20,8,5
VTR,2021-02-23,20,9,5
VTR,2021-02-23,20,10,3
VTR,2021-02-23,20,11,3
VTR,2021-02-23,20,12,3
VTR,2021-02-23,20,13,5
VTR,2021-02-23,20,14,6
VTR,2021-02-23,20,15,3
VTR,2021-02-23,20,16,3
VTR,2021-02-23,20,17,3
VTR,2021-02-23,20,18,5
VTR,2021-02-23,20,19,5
VTR,2021-02-23,20,20,4
VTR,2022-02-18,14,1,7
VTR,2022-02-18,14,2,7
VTR,2022-02-18,14,3,6
VTR,2022-02-18,14,4,3
VTR,2022-02-18,14,5,5
VTR,2022-02-18,14,6,4
VTR,2022-02-18,14,7,3
VTR,2022-02-18,14,8,6
VTR,2022-02-18,14,9,6
VTR,2022-02-18,14,10,6
VTR,2022-02-18,14,11,4
VTR,2022-02-18,14,12,4
VTR,2022-02-18,14,13,5
VTR,2022-02-18,14,14,3
VTR,2023-02-10,11,1,8
VTR,2023-02-10,11,2,8
VTR,2023-02-10,11,3,7
VTR,2023-02-10,11,4,4
VTR,2023-02-10,11,5,1
VTR,2023-02-10,11,6,5
VTR,2023-02-10,11,7,6
VTR,2023-02-10,11,8,7
VTR,2023-02-10,11,9,5
VTR,2023-02-10,11,10,5
VTR,2023-02-10,11,11,5
VTR,2024-02-15,10,1,5
VTR,2024-02-15,10,2,5
VTR,2024-02-15,10,3,6
VTR,2024-02-15,10,4,6
VTR,2024-02-15,10,5,3
VTR,2024-02-15,10,6,3
VTR,2024-02-15,10,7,0
VTR,2024-02-15,10,8,3
VTR,2024-02-15,10,9,3
VTR,2024-02-15,10,10,3
VZ,2021-02-25,9,1,5
VZ,2021-02-25,9,2,6
VZ,2021-02-25,9,3,7
VZ,2021-02-25,9,4,7
VZ,2021-02-25,9,5,1
VZ,2021-02-25,9,6,6
VZ,2021-02-25,9,7,2
VZ,2021-02-25,9,8,3
VZ,2021-02-25,9,9,4
VZ,2022-02-11,11,1,6
VZ,2022-02-11,11,2,5
VZ,2022-02-11,11,3,6
VZ,2022-02-11,11,4,8
VZ,2022-02-11,11,5,4
VZ,2022-02-11,11,6,1
VZ,2022-02-11,11,7,0
VZ,2022-02-11,11,8,4
VZ,2022-02-11,11,9,5
VZ,2022-02-11,11,10,3
VZ,2022-02-11,11,11,0
VZ,2023-02-10,7,1,2
VZ,2023-02-10,7,2,6
VZ,2023-02-10,7,3,1
VZ,2023-02-10,7,4,2
VZ,2023-02-10,7,5,5
VZ,2023-02-10,7,6,2
VZ,2023-02-10,7,7,2
VZ,2024-02-09,5,1,3
VZ,2024-02-09,5,2,6
VZ,2024-02-09,5,3,4
VZ,2024-02-09,5,4,6
VZ,2024-02-09,5,5,2
V,2021-11-18,12,1,4
V,2021-11-18,12,2,6
V,2021-11-18,12,3,7
V,2021-11-18,12,4,5
V,2021-11-18,12,5,4
V,2021-11-18,12,6,4
V,2021-11-18,12,7,5
V,2021-11-18,12,8,5
V,2021-11-18,12,9,3
V,2021-11-18,12,10,7
V,2021-11-18,12,11,4
V,2021-11-18,12,12,5
V,2022-11-16,6,1,4
V,2022-11-16,6,2,8
V,2022-11-16,6,3,5
V,2022-11-16,6,4,1
V,2022-11-16,6,5,6
V,2022-11-16,6,6,5
V,2023-11-15,5,1,7
V,2023-11-15,5,2,5
V,2023-11-15,5,3,3
V,2023-11-15,5,4,3
V,2023-11-15,5,5,7
V,2024-11-13,1,1,5
WAB,2024-02-14,7,1,7
WAB,2024-02-14,7,2,5
WAB,2024-02-14,7,3,1
WAB,2024-02-14,7,4,6
WAB,2024-02-14,7,5,1
WAB,2024-02-14,7,6,5
WAB,2024-02-14,7,7,2
WAT,2022-02-24,13,1,8
WAT,2022-02-24,13,2,7
WAT,2022-02-24,13,3,8
WAT,2022-02-24,13,4,9
WAT,2022-02-24,13,5,6
WAT,2022-02-24,13,6,5
WAT,2022-02-24,13,7,1
WAT,2022-02-24,13,8,5
WAT,2022-02-24,13,9,5
WAT,2022-02-24,13,10,6
WAT,2022-02-24,13,11,5
WAT,2022-02-24,13,12,-4
WAT,2022-02-24,13,13,-1
WAT,2024-02-27,6,1,5
WAT,2024-02-27,6,2,4
WAT,2024-02-27,6,3,3
WAT,2024-02-27,6,4,1
WAT,2024-02-27,6,5,1
WAT,2024-02-27,6,6,4
WBA,2021-10-14,11,1,4
WBA,2021-10-14,11,2,7
WBA,2021-10-14,11,3,7
WBA,2021-10-14,11,4,9
WBA,2021-10-14,11,5,6
WBA,2021-10-14,11,6,4
WBA,2021-10-14,11,7,6
WBA,2021-10-14,11,8,6
WBA,2021-10-14,11,9,4
WBA,2021-10-14,11,10,7
WBA,2021-10-14,11,11,7
WBA,2022-10-13,12,1,7
WBA,2022-10-13,12,2,4
WBA,2022-10-13,12,3,5
WBA,2022-10-13,12,4,7
WBA,2022-10-13,12,5,4
WBA,2022-10-13,12,6,5
WBA,2022-10-13,12,7,3
WBA,2022-10-13,12,8,4
WBA,2022-10-13,12,9,3
WBA,2022-10-13,12,10,5
WBA,2022-10-13,12,11,3
WBA,2022-10-13,12,12,5
WBA,2023-10-12,8,1,4
WBA,2023-10-12,8,2,6
WBA,2023-10-12,8,3,6
WBA,2023-10-12,8,4,4
WBA,2023-10-12,8,5,5
WBA,2023-10-12,8,6,6
WBA,2023-10-12,8,7,6
WBA,2023-10-12,8,8,4
WBA,2024-10-15,8,1,1
WBA,2024-10-15,8,2,2
WBA,2024-10-15,8,3,2
WBA,2024-10-15,8,4,2
WBA,2024-10-15,8,5,1
WBA,2024-10-15,8,6,4
WBA,2024-10-15,8,7,1
WBA,2024-10-15,8,8,2
WBD,2021-02-22,12,1,6
WBD,2021-02-22,12,2,9
WBD,2021-02-22,12,3,7
WBD,2021-02-22,12,4,7
WBD,2021-02-22,12,5,8
WBD,2021-02-22,12,6,6
WBD,2021-02-22,12,7,7
WBD,2021-02-22,12,8,4
WBD,2021-02-22,12,9,-1
WBD,2021-02-22,12,10,1
WBD,2021-02-22,12,11,0
WBD,2021-02-22,12,12,3
WBD,2022-02-24,10,1,6
WBD,2022-02-24,10,2,7
WBD,2022-02-24,10,3,5
WBD,2022-02-24,10,4,5
WBD,2022-02-24,10,5,-2
WBD,2022-02-24,10,6,3
WBD,2022-02-24,10,7,4
WBD,2022-02-24,10,8,3
WBD,2022-02-24,10,9,4
WBD,2022-02-24,10,10,5
WBD,2023-02-24,9,1,2
WBD,2023-02-24,9,2,3
WBD,2023-02-24,9,3,6
WBD,2023-02-24,9,4,6
WBD,2023-02-24,9,5,3
WBD,2023-02-24,9,6,6
WBD,2023-02-24,9,7,4
WBD,2023-02-24,9,8,3
WBD,2023-02-24,9,9,8
WBD,2024-02-23,3,1,1
WBD,2024-02-23,3,2,3
WBD,2024-02-23,3,3,5
WDAY,2021-03-02,12,1,5
WDAY,2021-03-02,12,2,5
WDAY,2021-03-02,12,3,6
WDAY,2021-03-02,12,4,6
WDAY,2021-03-02,12,5,7
WDAY,2021-03-02,12,6,5
WDAY,2021-03-02,12,7,7
WDAY,2021-03-02,12,8,6
WDAY,2021-03-02,12,9,6
WDAY,2021-03-02,12,10,4
WDAY,2021-03-02,12,11,1
WDAY,2021-03-02,12,12,7
WDAY,2022-02-28,24,1,4
WDAY,2022-02-28,24,2,5
WDAY,2022-02-28,24,3,5
WDAY,2022-02-28,24,4,5
WDAY,2022-02-28,24,5,3
WDAY,2022-02-28,24,6,3
WDAY,2022-02-28,24,7,3
WDAY,2022-02-28,24,8,3
WDAY,2022-02-28,24,9,4
WDAY,2022-02-28,24,10,5
WDAY,2022-02-28,24,11,6
WDAY,2022-02-28,24,12,6
WDAY,2022-02-28,24,13,4
WDAY,2022-02-28,24,14,3
WDAY,2022-02-28,24,15,4
WDAY,2022-02-28,24,16,5
WDAY,2022-02-28,24,17,4
WDAY,2022-02-28,24,18,3
WDAY,2022-02-28,24,19,4
WDAY,2022-02-28,24,20,3
WDAY,2022-02-28,24,21,4
WDAY,2022-02-28,24,22,3
WDAY,2022-02-28,24,23,2
WDAY,2022-02-28,24,24,3
WDAY,2023-02-27,7,1,7
WDAY,2023-02-27,7,2,3
WDAY,2023-02-27,7,3,4
WDAY,2023-02-27,7,4,5
WDAY,2023-02-27,7,5,4
WDAY,2023-02-27,7,6,3
WDAY,2023-02-27,7,7,3
WDAY,2024-03-08,3,1,4
WDAY,2024-03-08,3,2,6
WDAY,2024-03-08,3,3,4
WDC,2021-08-27,12,1,7
WDC,2021-08-27,12,2,9
WDC,2021-08-27,12,3,3
WDC,2021-08-27,12,4,8
WDC,2021-08-27,12,5,7
WDC,2021-08-27,12,6,6
WDC,2021-08-27,12,7,6
WDC,2021-08-27,12,8,4
WDC,2021-08-27,12,9,7
WDC,2021-08-27,12,10,10
WDC,2021-08-27,12,11,-4
WDC,2021-08-27,12,12,5
WDC,2022-08-25,18,1,4
WDC,2022-08-25,18,2,5
WDC,2022-08-25,18,3,3
WDC,2022-08-25,18,4,3
WDC,2022-08-25,18,5,2
WDC,2022-08-25,18,6,0
WDC,2022-08-25,18,7,5
WDC,2022-08-25,18,8,3
WDC,2022-08-25,18,9,2
WDC,2022-08-25,18,10,3
WDC,2022-08-25,18,11,2
WDC,2022-08-25,18,12,0
WDC,2022-08-25,18,13,3
WDC,2022-08-25,18,14,0
WDC,2022-08-25,18,15,4
WDC,2022-08-25,18,16,7
WDC,2022-08-25,18,17,4
WDC,2022-08-25,18,18,3
WDC,2023-08-22,9,1,3
WDC,2023-08-22,9,2,4
WDC,2023-08-22,9,3,5
WDC,2023-08-22,9,4,2
WDC,2023-08-22,9,5,3
WDC,2023-08-22,9,6,1
WDC,2023-08-22,9,7,1
WDC,2023-08-22,9,8,1
WDC,2023-08-22,9,9,1
WDC,2024-08-20,4,1,6
WDC,2024-08-20,4,2,4
WDC,2024-08-20,4,3,4
WDC,2024-08-20,4,4,2
WEC,2021-02-25,12,1,4
WEC,2021-02-25,12,2,4
WEC,2021-02-25,12,3,4
WEC,2021-02-25,12,4,6
WEC,2021-02-25,12,5,7
WEC,2021-02-25,12,6,4
WEC,2021-02-25,12,7,2
WEC,2021-02-25,12,8,2
WEC,2021-02-25,12,9,1
WEC,2021-02-25,12,10,-2
WEC,2021-02-25,12,11,4
WEC,2021-02-25,12,12,4
WEC,2022-02-24,13,1,8
WEC,2022-02-24,13,2,6
WEC,2022-02-24,13,3,1
WEC,2022-02-24,13,4,2
WEC,2022-02-24,13,5,5
WEC,2022-02-24,13,6,4
WEC,2022-02-24,13,7,5
WEC,2022-02-24,13,8,2
WEC,2022-02-24,13,9,3
WEC,2022-02-24,13,10,1
WEC,2022-02-24,13,11,0
WEC,2022-02-24,13,12,5
WEC,2022-02-24,13,13,3
WEC,2023-02-23,6,1,4
WEC,2023-02-23,6,2,3
WEC,2023-02-23,6,3,2
WEC,2023-02-23,6,4,4
WEC,2023-02-23,6,5,2
WEC,2023-02-23,6,6,1
WEC,2024-02-22,6,1,4
WEC,2024-02-22,6,2,6
WEC,2024-02-22,6,3,5
WEC,2024-02-22,6,4,5
WEC,2024-02-22,6,5,5
WEC,2024-02-22,6,6,0
WELL,2021-02-10,10,1,4
WELL,2021-02-10,10,2,2
WELL,2021-02-10,10,3,9
WELL,2021-02-10,10,4,6
WELL,2021-02-10,10,5,5
WELL,2021-02-10,10,6,3
WELL,2021-02-10,10,7,6
WELL,2021-02-10,10,8,4
WELL,2021-02-10,10,9,4
WELL,2021-02-10,10,10,2
WELL,2022-02-16,9,1,3
WELL,2022-02-16,9,2,3
WELL,2022-02-16,9,3,9
WELL,2022-02-16,9,4,6
WELL,2022-02-16,9,5,5
WELL,2022-02-16,9,6,6
WELL,2022-02-16,9,7,3
WELL,2022-02-16,9,8,4
WELL,2022-02-16,9,9,6
WELL,2023-02-21,8,1,6
WELL,2023-02-21,8,2,10
WELL,2023-02-21,8,3,7
WELL,2023-02-21,8,4,6
WELL,2023-02-21,8,5,7
WELL,2023-02-21,8,6,2
WELL,2023-02-21,8,7,3
WELL,2023-02-21,8,8,5
WELL,2024-02-15,5,1,5
WELL,2024-02-15,5,2,4
WELL,2024-02-15,5,3,4
WELL,2024-02-15,5,4,8
WELL,2024-02-15,5,5,9
WMB,2021-02-24,9,1,7
WMB,2021-02-24,9,2,5
WMB,2021-02-24,9,3,6
WMB,2021-02-24,9,4,4
WMB,2021-02-24,9,5,5
WMB,2021-02-24,9,6,4
WMB,2021-02-24,9,7,4
WMB,2021-02-24,9,8,8
WMB,2021-02-24,9,9,0
WMB,2022-02-28,6,1,6
WMB,2022-02-28,6,2,7
WMB,2022-02-28,6,3,5
WMB,2022-02-28,6,4,4
WMB,2022-02-28,6,5,5
WMB,2022-02-28,6,6,7
WMB,2023-02-27,2,1,3
WMB,2023-02-27,2,2,5
WMB,2024-02-21,1,1,2
WMT,2021-03-19,10,1,5
WMT,2021-03-19,10,2,6
WMT,2021-03-19,10,3,5
WMT,2021-03-19,10,4,5
WMT,2021-03-19,10,5,4
WMT,2021-03-19,10,6,5
WMT,2021-03-19,10,7,5
WMT,2021-03-19,10,8,6
WMT,2021-03-19,10,9,3
WMT,2021-03-19,10,10,4
WMT,2022-03-18,18,1,7
WMT,2022-03-18,18,2,5
WMT,2022-03-18,18,3,8
WMT,2022-03-18,18,4,3
WMT,2022-03-18,18,5,7
WMT,2022-03-18,18,6,5
WMT,2022-03-18,18,7,8
WMT,2022-03-18,18,8,4
WMT,2022-03-18,18,9,0
WMT,2022-03-18,18,10,2
WMT,2022-03-18,18,11,5
WMT,2022-03-18,18,12,7
WMT,2022-03-18,18,13,3
WMT,2022-03-18,18,14,6
WMT,2022-03-18,18,15,4
WMT,2022-03-18,18,16,4
WMT,2022-03-18,18,17,7
WMT,2022-03-18,18,18,6
WMT,2023-03-17,11,1,3
WMT,2023-03-17,11,2,5
WMT,2023-03-17,11,3,4
WMT,2023-03-17,11,4,4
WMT,2023-03-17,11,5,4
WMT,2023-03-17,11,6,4
WMT,2023-03-17,11,7,2
WMT,2023-03-17,11,8,4
WMT,2023-03-17,11,9,2
WMT,2023-03-17,11,10,3
WMT,2023-03-17,11,11,1
WMT,2024-03-15,5,1,4
WMT,2024-03-15,5,2,6
WMT,2024-03-15,5,3,4
WMT,2024-03-15,5,4,5
WMT,2024-03-15,5,5,5
WM,2021-02-22,10,1,7
WM,2021-02-22,10,2,7
WM,2021-02-22,10,3,4
WM,2021-02-22,10,4,3
WM,2021-02-22,10,5,5
WM,2021-02-22,10,6,7
WM,2021-02-22,10,7,10
WM,2021-02-22,10,8,4
WM,2021-02-22,10,9,4
WM,2021-02-22,10,10,5
WM,2022-02-15,10,1,7
WM,2022-02-15,10,2,5
WM,2022-02-15,10,3,4
WM,2022-02-15,10,4,4
WM,2022-02-15,10,5,5
WM,2022-02-15,10,6,4
WM,2022-02-15,10,7,5
WM,2022-02-15,10,8,4
WM,2022-02-15,10,9,5
WM,2022-02-15,10,10,4
WM,2023-02-07,10,1,8
WM,2023-02-07,10,2,4
WM,2023-02-07,10,3,9
WM,2023-02-07,10,4,7
WM,2023-02-07,10,5,6
WM,2023-02-07,10,6,6
WM,2023-02-07,10,7,4
WM,2023-02-07,10,8,5
WM,2023-02-07,10,9,3
WM,2023-02-07,10,10,1
WM,2024-02-13,3,1,6
WM,2024-02-13,3,2,1
WM,2024-02-13,3,3,2
WRB,2021-02-18,12,1,9
WRB,2021-02-18,12,2,5
WRB,2021-02-18,12,3,4
WRB,2021-02-18,12,4,7
WRB,2021-02-18,12,5,4
WRB,2021-02-18,12,6,10
WRB,2021-02-18,12,7,4
WRB,2021-02-18,12,8,2
WRB,2021-02-18,12,9,6
WRB,2021-02-18,12,10,4
WRB,2021-02-18,12,11,4
WRB,2021-02-18,12,12,6
WRB,2022-02-24,15,1,7
WRB,2022-02-24,15,2,4
WRB,2022-02-24,15,3,4
WRB,2022-02-24,15,4,5
WRB,2022-02-24,15,5,5
WRB,2022-02-24,15,6,7
WRB,2022-02-24,15,7,3
WRB,2022-02-24,15,8,3
WRB,2022-02-24,15,9,4
WRB,2022-02-24,15,10,3
WRB,2022-02-24,15,11,3
WRB,2022-02-24,15,12,5
WRB,2022-02-24,15,13,3
WRB,2022-02-24,15,14,5
WRB,2022-02-24,15,15,2
WRB,2023-02-24,10,1,7
WRB,2023-02-24,10,2,5
WRB,2023-02-24,10,3,2
WRB,2023-02-24,10,4,9
WRB,2023-02-24,10,5,4
WRB,2023-02-24,10,6,3
WRB,2023-02-24,10,7,3
WRB,2023-02-24,10,8,4
WRB,2023-02-24,10,9,4
WRB,2023-02-24,10,10,4
WRB,2024-02-23,18,1,4
WRB,2024-02-23,18,2,5
WRB,2024-02-23,18,3,4
WRB,2024-02-23,18,4,4
WRB,2024-02-23,18,5,4
WRB,2024-02-23,18,6,4
WRB,2024-02-23,18,7,6
WRB,2024-02-23,18,8,4
WRB,2024-02-23,18,9,3
WRB,2024-02-23,18,10,4
WRB,2024-02-23,18,11,4
WRB,2024-02-23,18,12,4
WRB,2024-02-23,18,13,4
WRB,2024-02-23,18,14,3
WRB,2024-02-23,18,15,4
WRB,2024-02-23,18,16,3
WRB,2024-02-23,18,17,5
WRB,2024-02-23,18,18,3
WST,2021-02-23,12,1,4
WST,2021-02-23,12,2,4
WST,2021-02-23,12,3,2
WST,2021-02-23,12,4,6
WST,2021-02-23,12,5,1
WST,2021-02-23,12,6,6
WST,2021-02-23,12,7,3
WST,2021-02-23,12,8,4
WST,2021-02-23,12,9,0
WST,2021-02-23,12,10,3
WST,2021-02-23,12,11,1
WST,2021-02-23,12,12,2
WST,2022-02-22,13,1,2
WST,2022-02-22,13,2,1
WST,2022-02-22,13,3,4
WST,2022-02-22,13,4,3
WST,2022-02-22,13,5,2
WST,2022-02-22,13,6,3
WST,2022-02-22,13,7,4
WST,2022-02-22,13,8,1
WST,2022-02-22,13,9,0
WST,2022-02-22,13,10,-3
WST,2022-02-22,13,11,1
WST,2022-02-22,13,12,2
WST,2022-02-22,13,13,1
WST,2023-02-21,10,1,5
WST,2023-02-21,10,2,1
WST,2023-02-21,10,3,9
WST,2023-02-21,10,4,1
WST,2023-02-21,10,5,1
WST,2023-02-21,10,6,2
WST,2023-02-21,10,7,8
WST,2023-02-21,10,8,0
WST,2023-02-21,10,9,5
WST,2023-02-21,10,10,0
WST,2024-02-20,3,1,4
WST,2024-02-20,3,2,6
WST,2024-02-20,3,3,5
WTW,2021-02-23,10,1,7
WTW,2021-02-23,10,2,5
WTW,2021-02-23,10,3,5
WTW,2021-02-23,10,4,2
WTW,2021-02-23,10,5,6
WTW,2021-02-23,10,6,5
WTW,2021-02-23,10,7,5
WTW,2021-02-23,10,8,3
WTW,2021-02-23,10,9,2
WTW,2021-02-23,10,10,3
WTW,2022-02-24,12,1,7
WTW,2022-02-24,12,2,8
WTW,2022-02-24,12,3,7
WTW,2022-02-24,12,4,6
WTW,2022-02-24,12,5,6
WTW,2022-02-24,12,6,5
WTW,2022-02-24,12,7,6
WTW,2022-02-24,12,8,5
WTW,2022-02-24,12,9,3
WTW,2022-02-24,12,10,6
WTW,2022-02-24,12,11,6
WTW,2022-02-24,12,12,5
WTW,2023-02-24,8,1,7
WTW,2023-02-24,8,2,7
WTW,2023-02-24,8,3,5
WTW,2023-02-24,8,4,5
WTW,2023-02-24,8,5,3
WTW,2023-02-24,8,6,3
WTW,2023-02-24,8,7,4
WTW,2023-02-24,8,8,5
WTW,2024-02-22,5,1,4
WTW,2024-02-22,5,2,4
WTW,2024-02-22,5,3,6
WTW,2024-02-22,5,4,4
WTW,2024-02-22,5,5,3
WYNN,2021-02-26,13,1,7
WYNN,2021-02-26,13,2,6
WYNN,2021-02-26,13,3,7
WYNN,2021-02-26,13,4,7
WYNN,2021-02-26,13,5,8
WYNN,2021-02-26,13,6,4
WYNN,2021-02-26,13,7,6
WYNN,2021-02-26,13,8,3
WYNN,2021-02-26,13,9,4
WYNN,2021-02-26,13,10,6
WYNN,2021-02-26,13,11,6
WYNN,2021-02-26,13,12,5
WYNN,2021-02-26,13,13,7
WYNN,2022-02-28,6,1,7
WYNN,2022-02-28,6,2,6
WYNN,2022-02-28,6,3,4
WYNN,2022-02-28,6,4,5
WYNN,2022-02-28,6,5,4
WYNN,2022-02-28,6,6,3
WYNN,2023-02-27,8,1,4
WYNN,2023-02-27,8,2,4
WYNN,2023-02-27,8,3,3
WYNN,2023-02-27,8,4,3
WYNN,2023-02-27,8,5,4
WYNN,2023-02-27,8,6,1
WYNN,2023-02-27,8,7,4
WYNN,2023-02-27,8,8,2
WYNN,2024-02-23,5,1,6
WYNN,2024-02-23,5,2,4
WYNN,2024-02-23,5,3,3
WYNN,2024-02-23,5,4,1
WYNN,2024-02-23,5,5,3
XEL,2021-02-17,12,1,4
XEL,2021-02-17,12,2,4
XEL,2021-02-17,12,3,2
XEL,2021-02-17,12,4,1
XEL,2021-02-17,12,5,2
XEL,2021-02-17,12,6,3
XEL,2021-02-17,12,7,3
XEL,2021-02-17,12,8,1
XEL,2021-02-17,12,9,4
XEL,2021-02-17,12,10,5
XEL,2021-02-17,12,11,2
XEL,2021-02-17,12,12,-2
XEL,2022-02-23,12,1,3
XEL,2022-02-23,12,2,7
XEL,2022-02-23,12,3,7
XEL,2022-02-23,12,4,6
XEL,2022-02-23,12,5,-3
XEL,2022-02-23,12,6,3
XEL,2022-02-23,12,7,-1
XEL,2022-02-23,12,8,-3
XEL,2022-02-23,12,9,1
XEL,2022-02-23,12,10,5
XEL,2022-02-23,12,11,4
XEL,2022-02-23,12,12,1
XEL,2023-02-23,6,1,4
XEL,2023-02-23,6,2,4
XEL,2023-02-23,6,3,3
XEL,2023-02-23,6,4,0
XEL,2023-02-23,6,5,0
XEL,2023-02-23,6,6,1
XEL,2024-02-21,6,1,5
XEL,2024-02-21,6,2,4
XEL,2024-02-21,6,3,4
XEL,2024-02-21,6,4,1
XEL,2024-02-21,6,5,1
XEL,2024-02-21,6,6,1
XOM,2021-02-24,3,1,8
XOM,2021-02-24,3,2,4
XOM,2021-02-24,3,3,1
XOM,2022-02-23,3,1,9
XOM,2022-02-23,3,2,5
XOM,2022-02-23,3,3,2
XOM,2023-02-22,3,1,8
XOM,2023-02-22,3,2,1
XOM,2023-02-22,3,3,2
XOM,2024-02-28,3,1,7
XOM,2024-02-28,3,2,2
XOM,2024-02-28,3,3,2
XYL,2021-02-26,15,1,9
XYL,2021-02-26,15,2,7
XYL,2021-02-26,15,3,7
XYL,2021-02-26,15,4,8
XYL,2021-02-26,15,5,4
XYL,2021-02-26,15,6,7
XYL,2021-02-26,15,7,2
XYL,2021-02-26,15,8,5
XYL,2021-02-26,15,9,1
XYL,2021-02-26,15,10,5
XYL,2021-02-26,15,11,5
XYL,2021-02-26,15,12,5
XYL,2021-02-26,15,13,1
XYL,2021-02-26,15,14,2
XYL,2021-02-26,15,15,0
XYL,2022-02-25,15,1,9
XYL,2022-02-25,15,2,8
XYL,2022-02-25,15,3,7
XYL,2022-02-25,15,4,9
XYL,2022-02-25,15,5,6
XYL,2022-02-25,15,6,8
XYL,2022-02-25,15,7,6
XYL,2022-02-25,15,8,6
XYL,2022-02-25,15,9,7
XYL,2022-02-25,15,10,5
XYL,2022-02-25,15,11,2
XYL,2022-02-25,15,12,7
XYL,2022-02-25,15,13,8
XYL,2022-02-25,15,14,6
XYL,2022-02-25,15,15,2
XYL,2023-02-24,6,1,6
XYL,2023-02-24,6,2,4
XYL,2023-02-24,6,3,4
XYL,2023-02-24,6,4,1
XYL,2023-02-24,6,5,1
XYL,2023-02-24,6,6,2
XYL,2024-02-28,4,1,2
XYL,2024-02-28,4,2,4
XYL,2024-02-28,4,3,3
XYL,2024-02-28,4,4,3
YUM,2021-02-22,14,1,8
YUM,2021-02-22,14,2,7
YUM,2021-02-22,14,3,9
YUM,2021-02-22,14,4,7
YUM,2021-02-22,14,5,7
YUM,2021-02-22,14,6,6
YUM,2021-02-22,14,7,5
YUM,2021-02-22,14,8,5
YUM,2021-02-22,14,9,7
YUM,2021-02-22,14,10,-1
YUM,2021-02-22,14,11,4
YUM,2021-02-22,14,12,5
YUM,2021-02-22,14,13,3
YUM,2021-02-22,14,14,5
YUM,2022-02-23,12,1,8
YUM,2022-02-23,12,2,7
YUM,2022-02-23,12,3,3
YUM,2022-02-23,12,4,-2
YUM,2022-02-23,12,5,3
YUM,2022-02-23,12,6,5
YUM,2022-02-23,12,7,6
YUM,2022-02-23,12,8,5
YUM,2022-02-23,12,9,6
YUM,2022-02-23,12,10,5
YUM,2022-02-23,12,11,6
YUM,2022-02-23,12,12,4
YUM,2023-02-27,13,1,6
YUM,2023-02-27,13,2,5
YUM,2023-02-27,13,3,5
YUM,2023-02-27,13,4,4
YUM,2023-02-27,13,5,7
YUM,2023-02-27,13,6,5
YUM,2023-02-27,13,7,7
YUM,2023-02-27,13,8,6
YUM,2023-02-27,13,9,4
YUM,2023-02-27,13,10,3
YUM,2023-02-27,13,11,8
YUM,2023-02-27,13,12,7
YUM,2023-02-27,13,13,3
YUM,2024-02-20,8,1,4
YUM,2024-02-20,8,2,4
YUM,2024-02-20,8,3,3
YUM,2024-02-20,8,4,4
YUM,2024-02-20,8,5,3
YUM,2024-02-20,8,6,3
YUM,2024-02-20,8,7,3
YUM,2024-02-20,8,8,1
ZBH,2022-02-25,12,1,8
ZBH,2022-02-25,12,2,7
ZBH,2022-02-25,12,3,8
ZBH,2022-02-25,12,4,7
ZBH,2022-02-25,12,5,8
ZBH,2022-02-25,12,6,6
ZBH,2022-02-25,12,7,7
ZBH,2022-02-25,12,8,6
ZBH,2022-02-25,12,9,7
ZBH,2022-02-25,12,10,7
ZBH,2022-02-25,12,11,10
ZBH,2022-02-25,12,12,9
ZBH,2024-02-23,5,1,5
ZBH,2024-02-23,5,2,6
ZBH,2024-02-23,5,3,4
ZBH,2024-02-23,5,4,2
ZBH,2024-02-23,5,5,1
ZBRA,2021-02-11,22,1,6
ZBRA,2021-02-11,22,2,6
ZBRA,2021-02-11,22,3,5
ZBRA,2021-02-11,22,4,4
ZBRA,2021-02-11,22,5,0
ZBRA,2021-02-11,22,6,4
ZBRA,2021-02-11,22,7,5
ZBRA,2021-02-11,22,8,-1
ZBRA,2021-02-11,22,9,4
ZBRA,2021-02-11,22,10,-2
ZBRA,2021-02-11,22,11,4
ZBRA,2021-02-11,22,12,6
ZBRA,2021-02-11,22,13,6
ZBRA,2021-02-11,22,14,5
ZBRA,2021-02-11,22,15,1
ZBRA,2021-02-11,22,16,4
ZBRA,2021-02-11,22,17,3
ZBRA,2021-02-11,22,18,3
ZBRA,2021-02-11,22,19,3
ZBRA,2021-02-11,22,20,7
ZBRA,2021-02-11,22,21,1
ZBRA,2021-02-11,22,22,1
ZBRA,2022-02-10,13,1,6
ZBRA,2022-02-10,13,2,7
ZBRA,2022-02-10,13,3,4
ZBRA,2022-02-10,13,4,-1
ZBRA,2022-02-10,13,5,5
ZBRA,2022-02-10,13,6,4
ZBRA,2022-02-10,13,7,5
ZBRA,2022-02-10,13,8,6
ZBRA,2022-02-10,13,9,4
ZBRA,2022-02-10,13,10,4
ZBRA,2022-02-10,13,11,5
ZBRA,2022-02-10,13,12,2
ZBRA,2022-02-10,13,13,4
ZBRA,2023-02-16,22,1,7
ZBRA,2023-02-16,22,2,8
ZBRA,2023-02-16,22,3,5
ZBRA,2023-02-16,22,4,6
ZBRA,2023-02-16,22,5,1
ZBRA,2023-02-16,22,6,1
ZBRA,2023-02-16,22,7,6
ZBRA,2023-02-16,22,8,5
ZBRA,2023-02-16,22,9,6
ZBRA,2023-02-16,22,10,5
ZBRA,2023-02-16,22,11,5
ZBRA,2023-02-16,22,12,4
ZBRA,2023-02-16,22,13,3
ZBRA,2023-02-16,22,14,3
ZBRA,2023-02-16,22,15,5
ZBRA,2023-02-16,22,16,3
ZBRA,2023-02-16,22,17,4
ZBRA,2023-02-16,22,18,2
ZBRA,2023-02-16,22,19,2
ZBRA,2023-02-16,22,20,7
ZBRA,2023-02-16,22,21,8
ZBRA,2023-02-16,22,22,1
ZBRA,2024-02-15,9,1,2
ZBRA,2024-02-15,9,2,2
ZBRA,2024-02-15,9,3,1
ZBRA,2024-02-15,9,4,6
ZBRA,2024-02-15,9,5,2
ZBRA,2024-02-15,9,6,5
ZBRA,2024-02-15,9,7,5
ZBRA,2024-02-15,9,8,5
ZBRA,2024-02-15,9,9,1
ZTS,2021-02-16,14,1,10
ZTS,2021-02-16,14,2,6
ZTS,2021-02-16,14,3,9
ZTS,2021-02-16,14,4,7
ZTS,2021-02-16,14,5,9
ZTS,2021-02-16,14,6,8
ZTS,2021-02-16,14,7,6
ZTS,2021-02-16,14,8,4
ZTS,2021-02-16,14,9,6
ZTS,2021-02-16,14,10,4
ZTS,2021-02-16,14,11,5
ZTS,2021-02-16,14,12,7
ZTS,2021-02-16,14,13,4
ZTS,2021-02-16,14,14,6
ZTS,2022-02-15,11,1,8
ZTS,2022-02-15,11,2,7
ZTS,2022-02-15,11,3,7
ZTS,2022-02-15,11,4,7
ZTS,2022-02-15,11,5,6
ZTS,2022-02-15,11,6,6
ZTS,2022-02-15,11,7,7
ZTS,2022-02-15,11,8,3
ZTS,2022-02-15,11,9,4
ZTS,2022-02-15,11,10,4
ZTS,2022-02-15,11,11,4
ZTS,2023-02-14,21,1,9
ZTS,2023-02-14,21,2,8
ZTS,2023-02-14,21,3,5
ZTS,2023-02-14,21,4,5
ZTS,2023-02-14,21,5,6
ZTS,2023-02-14,21,6,7
ZTS,2023-02-14,21,7,1
ZTS,2023-02-14,21,8,4
ZTS,2023-02-14,21,9,9
ZTS,2023-02-14,21,10,3
ZTS,2023-02-14,21,11,1
ZTS,2023-02-14,21,12,1
ZTS,2023-02-14,21,13,2
ZTS,2023-02-14,21,14,3
ZTS,2023-02-14,21,15,1
ZTS,2023-02-14,21,16,2
ZTS,2023-02-14,21,17,1
ZTS,2023-02-14,21,18,1
ZTS,2023-02-14,21,19,1
ZTS,2023-02-14,21,20,1
ZTS,2023-02-14,21,21,1
ZTS,2024-02-13,5,1,3
ZTS,2024-02-13,5,2,2
ZTS,2024-02-13,5,3,3
ZTS,2024-02-13,5,4,4
ZTS,2024-02-13,5,5,6
