date,gpr_index
1985-01-01,230.04
1985-01-02,115.68
1985-01-03,97.43
1985-01-04,157.37
1985-01-05,81.36
1985-01-06,167.3
1985-01-07,105.31
1985-01-08,87.4
1985-01-09,121.4
1985-01-10,140.63
1985-01-11,94.85
1985-01-12,95.55
1985-01-13,91.78
1985-01-14,211.64
1985-01-15,97.17
1985-01-16,106.33
1985-01-17,54.69
1985-01-18,111.21
1985-01-19,51.6
1985-01-20,77.84
1985-01-21,138.41
1985-01-22,51.76
1985-01-23,124.85
1985-01-24,83.65
1985-01-25,70.18
1985-01-26,54.13
1985-01-27,63.7
1985-01-28,101.5
1985-01-29,76.81
1985-01-30,16.16
1985-01-31,111.48
1985-02-01,106.61
1985-02-02,119.37
1985-02-03,112.16
1985-02-04,80.36
1985-02-05,174.89
1985-02-06,124.22
1985-02-07,130.96
1985-02-08,147.88
1985-02-09,123.83
1985-02-10,133.99
1985-02-11,139.18
1985-02-12,153.86
1985-02-13,109.64
1985-02-14,80.21
1985-02-15,83.96
1985-02-16,63.1
1985-02-17,68.3
1985-02-18,128.76
1985-02-19,100.11
1985-02-20,64.59
1985-02-21,85.6
1985-02-22,157.74
1985-02-23,200.44
1985-02-24,91.59
1985-02-25,100.13
1985-02-26,125.18
1985-02-27,120.73
1985-02-28,144.72
1985-03-01,146.57
1985-03-02,149.53
1985-03-03,77.76
1985-03-04,82.61
1985-03-05,137.31
1985-03-06,179.06
1985-03-07,132.5
1985-03-08,91.8
1985-03-09,90.14
1985-03-10,119.37
1985-03-11,129.74
1985-03-12,232.91
1985-03-13,183.18
1985-03-14,177.46
1985-03-15,138.34
1985-03-16,194.86
1985-03-17,42.65
1985-03-18,124.33
1985-03-19,139.11
1985-03-20,136.23
1985-03-21,118.59
1985-03-22,102.78
1985-03-23,98.72
1985-03-24,79.82
1985-03-25,75.63
1985-03-26,95.39
1985-03-27,135.94
1985-03-28,145.02
1985-03-29,87.0
1985-03-30,142.7
1985-03-31,70.31
1985-04-01,90.26
1985-04-02,79.06
1985-04-03,88.79
1985-04-04,155.72
1985-04-05,95.55
1985-04-06,179.06
1985-04-07,57.54
1985-04-08,149.37
1985-04-09,96.72
1985-04-10,92.44
1985-04-11,115.98
1985-04-12,81.25
1985-04-13,29.23
1985-04-14,53.43
1985-04-15,45.75
1985-04-16,135.51
1985-04-17,91.43
1985-04-18,77.53
1985-04-19,37.08
1985-04-20,105.83
1985-04-21,38.25
1985-04-22,50.96
1985-04-23,135.04
1985-04-24,96.34
1985-04-25,136.23
1985-04-26,53.62
1985-04-27,71.57
1985-04-28,41.84
1985-04-29,74.16
1985-04-30,101.56
1985-05-01,88.73
1985-05-02,164.91
1985-05-03,106.86
1985-05-04,110.42
1985-05-05,110.64
1985-05-06,110.7
1985-05-07,130.76
1985-05-08,98.46
1985-05-09,106.86
1985-05-10,87.5
1985-05-11,48.71
1985-05-12,85.3
1985-05-13,97.69
1985-05-14,108.1
1985-05-15,88.43
1985-05-16,96.11
1985-05-17,142.41
1985-05-18,92.3
1985-05-19,95.19
1985-05-20,108.75
1985-05-21,110.16
1985-05-22,139.31
1985-05-23,115.87
1985-05-24,92.94
1985-05-25,71.79
1985-05-26,83.96
1985-05-27,97.43
1985-05-28,121.72
1985-05-29,54.87
1985-05-30,86.3
1985-05-31,107.06
1985-06-01,72.01
1985-06-02,85.85
1985-06-03,120.02
1985-06-04,77.94
1985-06-05,103.98
1985-06-06,99.95
1985-06-07,114.46
1985-06-08,84.4
1985-06-09,71.09
1985-06-10,148.19
1985-06-11,106.12
1985-06-12,120.84
1985-06-13,128.89
1985-06-14,112.63
1985-06-15,114.95
1985-06-16,125.14
1985-06-17,133.57
1985-06-18,258.32
1985-06-19,165.63
1985-06-20,246.39
1985-06-21,213.71
1985-06-22,158.21
1985-06-23,147.05
1985-06-24,230.51
1985-06-25,205.66
1985-06-26,170.89
1985-06-27,204.3
1985-06-28,198.24
1985-06-29,188.69
1985-06-30,182.41
1985-07-01,255.47
1985-07-02,222.37
1985-07-03,142.72
1985-07-04,180.03
1985-07-05,139.39
1985-07-06,123.52
1985-07-07,75.86
1985-07-08,112.29
1985-07-09,153.03
1985-07-10,197.09
1985-07-11,150.91
1985-07-12,174.69
1985-07-13,165.08
1985-07-14,108.73
1985-07-15,136.8
1985-07-16,108.47
1985-07-17,90.34
1985-07-18,122.97
1985-07-19,104.27
1985-07-20,63.22
1985-07-21,53.29
1985-07-22,133.74
1985-07-23,167.2
1985-07-24,145.21
1985-07-25,81.19
1985-07-26,82.4
1985-07-27,107.63
1985-07-28,125.0
1985-07-29,120.96
1985-07-30,124.1
1985-07-31,106.54
1985-08-01,140.76
1985-08-02,75.1
1985-08-03,57.11
1985-08-04,60.37
1985-08-05,62.5
1985-08-06,116.64
1985-08-07,95.39
1985-08-08,42.04
1985-08-09,95.79
1985-08-10,64.53
1985-08-11,44.87
1985-08-12,120.63
1985-08-13,76.64
1985-08-14,101.09
1985-08-15,53.31
1985-08-16,59.29
1985-08-17,79.58
1985-08-18,72.8
1985-08-19,104.41
1985-08-20,83.44
1985-08-21,167.72
1985-08-22,108.1
1985-08-23,72.01
1985-08-24,63.7
1985-08-25,22.08
1985-08-26,70.29
1985-08-27,112.29
1985-08-28,77.76
1985-08-29,131.63
1985-08-30,65.11
1985-08-31,56.15
1985-09-01,63.4
1985-09-02,84.32
1985-09-03,84.94
1985-09-04,66.42
1985-09-05,59.82
1985-09-06,89.34
1985-09-07,114.89
1985-09-08,67.19
1985-09-09,84.94
1985-09-10,120.02
1985-09-11,151.95
1985-09-12,73.61
1985-09-13,103.3
1985-09-14,120.26
1985-09-15,78.7
1985-09-16,95.33
1985-09-17,124.86
1985-09-18,126.49
1985-09-19,126.59
1985-09-20,104.39
1985-09-21,52.08
1985-09-22,69.89
1985-09-23,115.36
1985-09-24,110.66
1985-09-25,120.84
1985-09-26,174.71
1985-09-27,144.02
1985-09-28,129.71
1985-09-29,79.18
1985-09-30,104.06
1985-10-01,154.24
1985-10-02,184.03
1985-10-03,100.99
1985-10-04,159.82
1985-10-05,103.2
1985-10-06,92.57
1985-10-07,88.44
1985-10-08,134.72
1985-10-09,162.45
1985-10-10,102.24
1985-10-11,82.13
1985-10-12,146.14
1985-10-13,67.19
1985-10-14,138.44
1985-10-15,190.47
1985-10-16,106.61
1985-10-17,122.39
1985-10-18,118.31
1985-10-19,81.01
1985-10-20,82.99
1985-10-21,129.9
1985-10-22,75.67
1985-10-23,102.6
1985-10-24,71.09
1985-10-25,85.3
1985-10-26,106.57
1985-10-27,68.73
1985-10-28,41.41
1985-10-29,47.32
1985-10-30,35.24
1985-10-31,109.45
1985-11-01,100.15
1985-11-02,120.82
1985-11-03,93.69
1985-11-04,155.56
1985-11-05,107.39
1985-11-06,63.3
1985-11-07,92.02
1985-11-08,70.03
1985-11-09,84.46
1985-11-10,77.19
1985-11-11,59.76
1985-11-12,88.57
1985-11-13,79.91
1985-11-14,97.02
1985-11-15,86.79
1985-11-16,45.13
1985-11-17,86.26
1985-11-18,132.86
1985-11-19,97.19
1985-11-20,103.25
1985-11-21,73.32
1985-11-22,138.02
1985-11-23,89.53
1985-11-24,80.79
1985-11-25,151.79
1985-11-26,54.95
1985-11-27,89.73
1985-11-28,132.5
1985-11-29,93.21
1985-11-30,132.91
1985-12-01,78.58
1985-12-02,77.04
1985-12-03,15.52
1985-12-04,90.76
1985-12-05,62.5
1985-12-06,84.94
1985-12-07,99.38
1985-12-08,96.59
1985-12-09,98.39
1985-12-10,92.72
1985-12-11,84.76
1985-12-12,76.68
1985-12-13,42.93
1985-12-14,76.03
1985-12-15,72.41
1985-12-16,67.6
1985-12-17,73.61
1985-12-18,74.61
1985-12-19,90.28
1985-12-20,126.06
1985-12-21,90.76
1985-12-22,40.32
1985-12-23,87.87
1985-12-24,96.02
1985-12-25,156.09
1985-12-26,165.17
1985-12-27,109.86
1985-12-28,307.86
1985-12-29,62.5
1985-12-30,263.38
1985-12-31,220.17
1986-01-01,269.63
1986-01-02,150.57
1986-01-03,166.88
1986-01-04,126.08
1986-01-05,115.63
1986-01-06,147.69
1986-01-07,174.35
1986-01-08,131.84
1986-01-09,146.14
1986-01-10,204.48
1986-01-11,120.26
1986-01-12,115.47
1986-01-13,147.64
1986-01-14,120.14
1986-01-15,129.27
1986-01-16,195.32
1986-01-17,155.28
1986-01-18,204.35
1986-01-19,73.61
1986-01-20,163.36
1986-01-21,54.45
1986-01-22,116.23
1986-01-23,94.2
1986-01-24,87.17
1986-01-25,227.03
1986-01-26,70.48
1986-01-27,140.11
1986-01-28,142.86
1986-01-29,145.36
1986-01-30,54.95
1986-01-31,96.77
1986-02-01,55.58
1986-02-02,78.36
1986-02-03,86.94
1986-02-04,71.43
1986-02-05,134.4
1986-02-06,109.9
1986-02-07,40.2
1986-02-08,86.04
1986-02-09,47.42
1986-02-10,84.22
1986-02-11,88.81
1986-02-12,116.52
1986-02-13,83.19
1986-02-14,38.7
1986-02-15,127.41
1986-02-16,97.02
1986-02-17,110.42
1986-02-18,101.22
1986-02-19,78.87
1986-02-20,124.85
1986-02-21,131.88
1986-02-22,148.64
1986-02-23,106.64
1986-02-24,158.16
1986-02-25,133.5
1986-02-26,107.85
1986-02-27,99.73
1986-02-28,119.37
1986-03-01,75.29
1986-03-02,98.59
1986-03-03,125.18
1986-03-04,25.42
1986-03-05,74.72
1986-03-06,94.87
1986-03-07,74.11
1986-03-08,69.74
1986-03-09,68.02
1986-03-10,75.93
1986-03-11,81.68
1986-03-12,78.87
1986-03-13,73.98
1986-03-14,85.34
1986-03-15,109.69
1986-03-16,39.59
1986-03-17,104.71
1986-03-18,57.78
1986-03-19,62.8
1986-03-20,38.88
1986-03-21,97.21
1986-03-22,117.88
1986-03-23,96.11
1986-03-24,120.14
1986-03-25,155.4
1986-03-26,220.31
1986-03-27,175.15
1986-03-28,131.63
1986-03-29,182.01
1986-03-30,142.93
1986-03-31,100.08
1986-04-01,70.29
1986-04-02,111.56
1986-04-03,142.93
1986-04-04,66.85
1986-04-05,98.52
1986-04-06,94.26
1986-04-07,127.08
1986-04-08,172.53
1986-04-09,122.69
1986-04-10,130.36
1986-04-11,190.82
1986-04-12,156.68
1986-04-13,92.21
1986-04-14,154.07
1986-04-15,289.13
1986-04-16,340.54
1986-04-17,166.01
1986-04-18,222.89
1986-04-19,143.07
1986-04-20,151.56
1986-04-21,117.41
1986-04-22,132.17
1986-04-23,164.45
1986-04-24,154.79
1986-04-25,101.26
1986-04-26,146.97
1986-04-27,125.98
1986-04-28,152.74
1986-04-29,171.96
1986-04-30,114.72
1986-05-01,95.48
1986-05-02,80.44
1986-05-03,117.54
1986-05-04,97.24
1986-05-05,155.43
1986-05-06,136.25
1986-05-07,94.2
1986-05-08,94.02
1986-05-09,66.25
1986-05-10,114.62
1986-05-11,47.91
1986-05-12,97.43
1986-05-13,113.62
1986-05-14,138.02
1986-05-15,111.48
1986-05-16,101.48
1986-05-17,81.36
1986-05-18,77.36
1986-05-19,93.58
1986-05-20,244.68
1986-05-21,160.8
1986-05-22,159.19
1986-05-23,81.7
1986-05-24,176.83
1986-05-25,195.74
1986-05-26,196.3
1986-05-27,169.39
1986-05-28,144.02
1986-05-29,96.72
1986-05-30,72.96
1986-05-31,98.07
1986-06-01,104.54
1986-06-02,94.11
1986-06-03,67.78
1986-06-04,118.59
1986-06-05,73.78
1986-06-06,100.38
1986-06-07,166.18
1986-06-08,56.9
1986-06-09,62.67
1986-06-10,101.66
1986-06-11,98.39
1986-06-12,134.29
1986-06-13,164.88
1986-06-14,92.02
1986-06-15,77.69
1986-06-16,79.5
1986-06-17,68.83
1986-06-18,72.01
1986-06-19,50.3
1986-06-20,142.17
1986-06-21,135.21
1986-06-22,38.34
1986-06-23,86.17
1986-06-24,80.58
1986-06-25,119.91
1986-06-26,114.23
1986-06-27,123.71
1986-06-28,88.04
1986-06-29,81.79
1986-06-30,93.31
1986-07-01,89.53
1986-07-02,66.42
1986-07-03,84.15
1986-07-04,75.04
1986-07-05,71.49
1986-07-06,80.99
1986-07-07,108.77
1986-07-08,101.78
1986-07-09,151.79
1986-07-10,117.19
1986-07-11,67.09
1986-07-12,81.08
1986-07-13,100.38
1986-07-14,130.89
1986-07-15,133.21
1986-07-16,82.61
1986-07-17,141.49
1986-07-18,77.94
1986-07-19,137.55
1986-07-20,102.05
1986-07-21,95.74
1986-07-22,71.24
1986-07-23,105.29
1986-07-24,97.19
1986-07-25,38.7
1986-07-26,88.34
1986-07-27,43.78
1986-07-28,96.58
1986-07-29,109.51
1986-07-30,95.79
1986-07-31,104.33
1986-08-01,77.4
1986-08-02,105.35
1986-08-03,96.99
1986-08-04,146.57
1986-08-05,66.63
1986-08-06,124.53
1986-08-07,80.21
1986-08-08,48.01
1986-08-09,178.74
1986-08-10,115.72
1986-08-11,158.69
1986-08-12,190.28
1986-08-13,202.81
1986-08-14,144.37
1986-08-15,88.34
1986-08-16,46.33
1986-08-17,57.74
1986-08-18,142.86
1986-08-19,99.02
1986-08-20,73.43
1986-08-21,58.63
1986-08-22,65.76
1986-08-23,119.59
1986-08-24,61.47
1986-08-25,121.72
1986-08-26,153.86
1986-08-27,87.38
1986-08-28,80.21
1986-08-29,88.02
1986-08-30,111.66
1986-08-31,64.81
1986-09-01,89.18
1986-09-02,88.2
1986-09-03,59.76
1986-09-04,72.54
1986-09-05,84.54
1986-09-06,256.69
1986-09-07,127.65
1986-09-08,133.57
1986-09-09,151.34
1986-09-10,88.23
1986-09-11,138.02
1986-09-12,67.45
1986-09-13,93.64
1986-09-14,106.45
1986-09-15,70.86
1986-09-16,102.29
1986-09-17,115.72
1986-09-18,99.95
1986-09-19,129.06
1986-09-20,124.79
1986-09-21,108.09
1986-09-22,188.75
1986-09-23,167.22
1986-09-24,163.03
1986-09-25,85.12
1986-09-26,184.85
1986-09-27,141.46
1986-09-28,77.34
1986-09-29,105.72
1986-09-30,121.19
1986-10-01,109.64
1986-10-02,102.15
1986-10-03,109.93
1986-10-04,131.19
1986-10-05,114.85
1986-10-06,125.68
1986-10-07,132.83
1986-10-08,39.34
1986-10-09,72.44
1986-10-10,83.38
1986-10-11,71.35
1986-10-12,79.66
1986-10-13,125.34
1986-10-14,149.37
1986-10-15,68.38
1986-10-16,96.02
1986-10-17,104.69
1986-10-18,62.11
1986-10-19,104.39
1986-10-20,79.93
1986-10-21,40.69
1986-10-22,73.94
1986-10-23,91.82
1986-10-24,66.7
1986-10-25,77.29
1986-10-26,99.49
1986-10-27,117.66
1986-10-28,140.78
1986-10-29,120.6
1986-10-30,62.76
1986-10-31,137.72
1986-11-01,77.29
1986-11-02,53.0
1986-11-03,81.68
1986-11-04,81.99
1986-11-05,197.09
1986-11-06,134.77
1986-11-07,126.55
1986-11-08,75.53
1986-11-09,109.41
1986-11-10,156.5
1986-11-11,160.41
1986-11-12,146.5
1986-11-13,117.0
1986-11-14,57.24
1986-11-15,152.05
1986-11-16,81.56
1986-11-17,141.14
1986-11-18,166.88
1986-11-19,102.53
1986-11-20,96.02
1986-11-21,109.73
1986-11-22,139.82
1986-11-23,59.04
1986-11-24,111.85
1986-11-25,108.47
1986-11-26,118.31
1986-11-27,82.36
1986-11-28,115.98
1986-11-29,89.53
1986-11-30,57.89
1986-12-01,85.6
1986-12-02,49.32
1986-12-03,93.09
1986-12-04,30.46
1986-12-05,85.12
1986-12-06,139.36
1986-12-07,60.78
1986-12-08,151.79
1986-12-09,127.7
1986-12-10,112.42
1986-12-11,116.46
1986-12-12,121.37
1986-12-13,106.86
1986-12-14,109.77
1986-12-15,112.44
1986-12-16,85.34
1986-12-17,73.94
1986-12-18,54.64
1986-12-19,55.44
1986-12-20,92.59
1986-12-21,99.95
1986-12-22,78.66
1986-12-23,66.09
1986-12-24,49.59
1986-12-25,93.31
1986-12-26,73.41
1986-12-27,175.89
1986-12-28,77.4
1986-12-29,73.38
1986-12-30,80.36
1986-12-31,86.72
1987-01-01,76.86
1987-01-02,54.75
1987-01-03,97.72
1987-01-04,73.36
1987-01-05,56.42
1987-01-06,112.05
1987-01-07,71.31
1987-01-08,65.42
1987-01-09,70.48
1987-01-10,158.14
1987-01-11,59.44
1987-01-12,90.55
1987-01-13,142.34
1987-01-14,120.57
1987-01-15,117.71
1987-01-16,127.64
1987-01-17,135.55
1987-01-18,96.37
1987-01-19,82.25
1987-01-20,89.9
1987-01-21,82.81
1987-01-22,80.1
1987-01-23,90.67
1987-01-24,113.39
1987-01-25,62.93
1987-01-26,104.39
1987-01-27,134.03
1987-01-28,98.7
1987-01-29,115.91
1987-01-30,133.72
1987-01-31,96.95
1987-02-01,76.08
1987-02-02,128.5
1987-02-03,117.42
1987-02-04,141.68
1987-02-05,78.44
1987-02-06,135.81
1987-02-07,163.9
1987-02-08,95.8
1987-02-09,125.14
1987-02-10,148.42
1987-02-11,69.41
1987-02-12,98.39
1987-02-13,96.93
1987-02-14,123.91
1987-02-15,155.62
1987-02-16,100.94
1987-02-17,78.03
1987-02-18,86.52
1987-02-19,82.68
1987-02-20,115.42
1987-02-21,82.2
1987-02-22,77.94
1987-02-23,117.0
1987-02-24,53.21
1987-02-25,116.12
1987-02-26,53.86
1987-02-27,63.4
1987-02-28,40.69
1987-03-01,76.15
1987-03-02,120.07
1987-03-03,146.8
1987-03-04,96.11
1987-03-05,94.49
1987-03-06,113.44
1987-03-07,133.21
1987-03-08,74.08
1987-03-09,115.22
1987-03-10,70.75
1987-03-11,41.93
1987-03-12,103.36
1987-03-13,62.82
1987-03-14,52.72
1987-03-15,71.57
1987-03-16,74.11
1987-03-17,26.29
1987-03-18,85.44
1987-03-19,86.87
1987-03-20,102.27
1987-03-21,130.07
1987-03-22,84.13
1987-03-23,142.07
1987-03-24,73.61
1987-03-25,74.3
1987-03-26,64.38
1987-03-27,69.57
1987-03-28,162.47
1987-03-29,55.55
1987-03-30,110.17
1987-03-31,115.55
1987-04-01,162.5
1987-04-02,114.79
1987-04-03,117.86
1987-04-04,65.92
1987-04-05,63.52
1987-04-06,112.29
1987-04-07,111.73
1987-04-08,110.01
1987-04-09,65.49
1987-04-10,110.62
1987-04-11,181.28
1987-04-12,91.17
1987-04-13,155.28
1987-04-14,122.93
1987-04-15,130.14
1987-04-16,82.96
1987-04-17,153.25
1987-04-18,131.1
1987-04-19,129.35
1987-04-20,134.18
1987-04-21,118.31
1987-04-22,135.34
1987-04-23,119.67
1987-04-24,83.93
1987-04-25,160.03
1987-04-26,95.1
1987-04-27,136.53
1987-04-28,183.67
1987-04-29,70.48
1987-04-30,81.22
1987-05-01,87.9
1987-05-02,66.42
1987-05-03,127.41
1987-05-04,92.61
1987-05-05,149.64
1987-05-06,108.3
1987-05-07,99.71
1987-05-08,92.34
1987-05-09,91.32
1987-05-10,84.36
1987-05-11,52.11
1987-05-12,78.1
1987-05-13,90.93
1987-05-14,67.26
1987-05-15,84.36
1987-05-16,102.53
1987-05-17,95.36
1987-05-18,133.09
1987-05-19,185.88
1987-05-20,106.86
1987-05-21,77.52
1987-05-22,132.5
1987-05-23,125.16
1987-05-24,104.67
1987-05-25,87.69
1987-05-26,82.44
1987-05-27,134.11
1987-05-28,134.37
1987-05-29,141.97
1987-05-30,94.87
1987-05-31,61.14
1987-06-01,128.57
1987-06-02,112.63
1987-06-03,128.11
1987-06-04,130.91
1987-06-05,91.54
1987-06-06,127.41
1987-06-07,104.01
1987-06-08,160.8
1987-06-09,102.32
1987-06-10,68.36
1987-06-11,90.14
1987-06-12,100.89
1987-06-13,70.29
1987-06-14,59.26
1987-06-15,85.74
1987-06-16,71.03
1987-06-17,61.12
1987-06-18,101.47
1987-06-19,60.63
1987-06-20,124.22
1987-06-21,97.97
1987-06-22,158.12
1987-06-23,93.69
1987-06-24,123.83
1987-06-25,67.95
1987-06-26,61.86
1987-06-27,152.11
1987-06-28,56.92
1987-06-29,92.02
1987-06-30,58.69
1987-07-01,100.58
1987-07-02,84.94
1987-07-03,94.11
1987-07-04,87.43
1987-07-05,103.32
1987-07-06,94.64
1987-07-07,99.09
1987-07-08,80.14
1987-07-09,99.49
1987-07-10,111.66
1987-07-11,93.91
1987-07-12,70.11
1987-07-13,82.81
1987-07-14,46.75
1987-07-15,98.15
1987-07-16,52.03
1987-07-17,178.89
1987-07-18,171.5
1987-07-19,63.15
1987-07-20,90.19
1987-07-21,96.22
1987-07-22,179.6
1987-07-23,102.72
1987-07-24,176.91
1987-07-25,104.06
1987-07-26,51.94
1987-07-27,90.42
1987-07-28,172.17
1987-07-29,102.95
1987-07-30,58.94
1987-07-31,111.72
1987-08-01,121.09
1987-08-02,84.08
1987-08-03,142.31
1987-08-04,128.78
1987-08-05,165.63
1987-08-06,119.2
1987-08-07,122.23
1987-08-08,111.85
1987-08-09,55.67
1987-08-10,77.58
1987-08-11,146.76
1987-08-12,115.4
1987-08-13,35.62
1987-08-14,88.89
1987-08-15,75.29
1987-08-16,128.76
1987-08-17,61.2
1987-08-18,79.98
1987-08-19,51.16
1987-08-20,36.87
1987-08-21,73.48
1987-08-22,99.63
1987-08-23,98.28
1987-08-24,101.09
1987-08-25,115.22
1987-08-26,105.5
1987-08-27,138.02
1987-08-28,136.78
1987-08-29,172.53
1987-08-30,114.82
1987-08-31,103.52
1987-09-01,108.83
1987-09-02,124.14
1987-09-03,87.02
1987-09-04,111.59
1987-09-05,119.53
1987-09-06,102.63
1987-09-07,172.91
1987-09-08,77.36
1987-09-09,103.32
1987-09-10,101.75
1987-09-11,87.46
1987-09-12,167.72
1987-09-13,64.66
1987-09-14,106.17
1987-09-15,101.53
1987-09-16,138.27
1987-09-17,128.16
1987-09-18,122.69
1987-09-19,219.15
1987-09-20,77.76
1987-09-21,143.7
1987-09-22,135.71
1987-09-23,161.31
1987-09-24,143.79
1987-09-25,147.88
1987-09-26,222.02
1987-09-27,143.1
1987-09-28,92.02
1987-09-29,166.27
1987-09-30,137.76
1987-10-01,99.12
1987-10-02,81.08
1987-10-03,125.34
1987-10-04,81.79
1987-10-05,43.68
1987-10-06,89.18
1987-10-07,109.77
1987-10-08,92.62
1987-10-09,76.3
1987-10-10,175.67
1987-10-11,88.34
1987-10-12,144.36
1987-10-13,98.05
1987-10-14,106.25
1987-10-15,85.9
1987-10-16,95.15
1987-10-17,141.29
1987-10-18,104.61
1987-10-19,120.84
1987-10-20,135.46
1987-10-21,79.89
1987-10-22,135.32
1987-10-23,128.92
1987-10-24,129.9
1987-10-25,86.17
1987-10-26,64.39
1987-10-27,94.64
1987-10-28,95.67
1987-10-29,101.35
1987-10-30,65.06
1987-10-31,92.23
1987-11-01,97.29
1987-11-02,80.63
1987-11-03,97.24
1987-11-04,81.36
1987-11-05,111.84
1987-11-06,73.73
1987-11-07,110.68
1987-11-08,68.6
1987-11-09,97.22
1987-11-10,89.53
1987-11-11,104.87
1987-11-12,77.42
1987-11-13,113.61
1987-11-14,146.5
1987-11-15,52.2
1987-11-16,103.09
1987-11-17,106.05
1987-11-18,90.02
1987-11-19,83.34
1987-11-20,102.01
1987-11-21,118.0
1987-11-22,63.7
1987-11-23,64.67
1987-11-24,99.58
1987-11-25,104.09
1987-11-26,132.5
1987-11-27,117.05
1987-11-28,133.21
1987-11-29,96.53
1987-11-30,123.55
1987-12-01,117.37
1987-12-02,120.77
1987-12-03,133.57
1987-12-04,177.65
1987-12-05,90.87
1987-12-06,105.83
1987-12-07,133.84
1987-12-08,197.03
1987-12-09,126.25
1987-12-10,77.15
1987-12-11,97.11
1987-12-12,143.7
1987-12-13,75.29
1987-12-14,105.27
1987-12-15,145.61
1987-12-16,148.68
1987-12-17,102.17
1987-12-18,62.9
1987-12-19,57.83
1987-12-20,76.78
1987-12-21,118.31
1987-12-22,112.63
1987-12-23,115.06
1987-12-24,88.67
1987-12-25,154.59
1987-12-26,169.01
1987-12-27,62.38
1987-12-28,72.96
1987-12-29,102.53
1987-12-30,104.17
1987-12-31,85.27
1988-01-01,55.67
1988-01-02,75.5
1988-01-03,118.88
1988-01-04,83.96
1988-01-05,116.83
1988-01-06,73.75
1988-01-07,82.4
1988-01-08,90.34
1988-01-09,88.87
1988-01-10,64.22
1988-01-11,92.61
1988-01-12,102.66
1988-01-13,85.72
1988-01-14,87.99
1988-01-15,96.26
1988-01-16,116.23
1988-01-17,55.86
1988-01-18,93.62
1988-01-19,60.23
1988-01-20,100.2
1988-01-21,159.58
1988-01-22,73.61
1988-01-23,88.23
1988-01-24,82.27
1988-01-25,99.95
1988-01-26,87.17
1988-01-27,74.72
1988-01-28,54.93
1988-01-29,41.78
1988-01-30,127.41
1988-01-31,61.86
1988-02-01,69.45
1988-02-02,64.32
1988-02-03,110.21
1988-02-04,75.65
1988-02-05,99.49
1988-02-06,90.64
1988-02-07,53.43
1988-02-08,85.85
1988-02-09,96.3
1988-02-10,60.56
1988-02-11,59.25
1988-02-12,37.77
1988-02-13,80.4
1988-02-14,44.63
1988-02-15,89.09
1988-02-16,124.74
1988-02-17,116.72
1988-02-18,108.79
1988-02-19,115.27
1988-02-20,113.11
1988-02-21,98.5
1988-02-22,100.79
1988-02-23,121.5
1988-02-24,93.81
1988-02-25,100.54
1988-02-26,80.79
1988-02-27,94.64
1988-02-28,58.39
1988-02-29,93.31
1988-03-01,92.53
1988-03-02,95.19
1988-03-03,103.35
1988-03-04,134.98
1988-03-05,129.4
1988-03-06,78.13
1988-03-07,115.63
1988-03-08,136.6
1988-03-09,116.43
1988-03-10,121.06
1988-03-11,112.1
1988-03-12,153.03
1988-03-13,60.87
1988-03-14,72.3
1988-03-15,87.01
1988-03-16,144.53
1988-03-17,146.62
1988-03-18,118.51
1988-03-19,174.35
1988-03-20,69.95
1988-03-21,123.77
1988-03-22,127.87
1988-03-23,105.72
1988-03-24,110.75
1988-03-25,93.39
1988-03-26,177.91
1988-03-27,111.12
1988-03-28,56.5
1988-03-29,100.79
1988-03-30,113.81
1988-03-31,97.58
1988-04-01,80.51
1988-04-02,88.57
1988-04-03,119.86
1988-04-04,155.79
1988-04-05,92.81
1988-04-06,123.14
1988-04-07,150.83
1988-04-08,96.72
1988-04-09,101.15
1988-04-10,94.5
1988-04-11,127.7
1988-04-12,150.87
1988-04-13,69.14
1988-04-14,143.07
1988-04-15,88.63
1988-04-16,166.77
1988-04-17,78.06
1988-04-18,167.37
1988-04-19,229.33
1988-04-20,151.43
1988-04-21,82.43
1988-04-22,93.7
1988-04-23,118.31
1988-04-24,77.28
1988-04-25,99.09
1988-04-26,124.88
1988-04-27,115.91
1988-04-28,89.1
1988-04-29,187.09
1988-04-30,149.5
1988-05-01,125.4
1988-05-02,94.44
1988-05-03,121.97
1988-05-04,91.17
1988-05-05,118.86
1988-05-06,97.43
1988-05-07,89.09
1988-05-08,68.35
1988-05-09,67.15
1988-05-10,103.52
1988-05-11,91.86
1988-05-12,118.5
1988-05-13,104.98
1988-05-14,150.21
1988-05-15,99.63
1988-05-16,173.96
1988-05-17,151.72
1988-05-18,117.42
1988-05-19,132.1
1988-05-20,72.99
1988-05-21,105.64
1988-05-22,57.66
1988-05-23,118.81
1988-05-24,98.78
1988-05-25,154.22
1988-05-26,109.03
1988-05-27,124.79
1988-05-28,150.95
1988-05-29,76.53
1988-05-30,69.19
1988-05-31,90.66
1988-06-01,44.59
1988-06-02,90.54
1988-06-03,63.81
1988-06-04,87.17
1988-06-05,65.38
1988-06-06,80.44
1988-06-07,62.62
1988-06-08,111.99
1988-06-09,54.39
1988-06-10,94.49
1988-06-11,86.14
1988-06-12,70.27
1988-06-13,88.61
1988-06-14,115.33
1988-06-15,87.94
1988-06-16,94.35
1988-06-17,76.63
1988-06-18,112.84
1988-06-19,65.06
1988-06-20,103.95
1988-06-21,143.73
1988-06-22,75.82
1988-06-23,54.13
1988-06-24,50.02
1988-06-25,129.9
1988-06-26,101.58
1988-06-27,93.41
1988-06-28,57.0
1988-06-29,69.27
1988-06-30,72.35
1988-07-01,50.67
1988-07-02,125.18
1988-07-03,66.13
1988-07-04,52.92
1988-07-05,120.73
1988-07-06,104.39
1988-07-07,92.02
1988-07-08,49.17
1988-07-09,86.26
1988-07-10,78.07
1988-07-11,106.33
1988-07-12,41.84
1988-07-13,64.95
1988-07-14,104.2
1988-07-15,74.02
1988-07-16,68.83
1988-07-17,103.52
1988-07-18,42.29
1988-07-19,152.89
1988-07-20,91.47
1988-07-21,88.89
1988-07-22,126.25
1988-07-23,123.01
1988-07-24,70.25
1988-07-25,52.11
1988-07-26,65.24
1988-07-27,104.13
1988-07-28,96.26
1988-07-29,93.4
1988-07-30,63.36
1988-07-31,77.81
1988-08-01,80.01
1988-08-02,103.09
1988-08-03,122.69
1988-08-04,137.07
1988-08-05,69.49
1988-08-06,96.91
1988-08-07,93.02
1988-08-08,56.15
1988-08-09,101.48
1988-08-10,91.43
1988-08-11,63.7
1988-08-12,124.53
1988-08-13,125.68
1988-08-14,48.09
1988-08-15,93.31
1988-08-16,79.56
1988-08-17,83.94
1988-08-18,76.03
1988-08-19,85.25
1988-08-20,71.62
1988-08-21,76.28
1988-08-22,134.6
1988-08-23,99.92
1988-08-24,72.96
1988-08-25,83.11
1988-08-26,82.18
1988-08-27,52.3
1988-08-28,86.18
1988-08-29,79.56
1988-08-30,89.16
1988-08-31,75.72
1988-09-01,109.65
1988-09-02,65.54
1988-09-03,106.23
1988-09-04,55.86
1988-09-05,48.01
1988-09-06,59.29
1988-09-07,86.47
1988-09-08,88.93
1988-09-09,110.6
1988-09-10,104.06
1988-09-11,46.07
1988-09-12,85.54
1988-09-13,104.75
1988-09-14,85.23
1988-09-15,116.23
1988-09-16,79.68
1988-09-17,25.03
1988-09-18,64.95
1988-09-19,87.35
1988-09-20,92.2
1988-09-21,53.33
1988-09-22,69.95
1988-09-23,69.79
1988-09-24,67.09
1988-09-25,43.4
1988-09-26,63.16
1988-09-27,114.02
1988-09-28,92.5
1988-09-29,67.39
1988-09-30,80.66
1988-10-01,83.65
1988-10-02,62.41
1988-10-03,108.17
1988-10-04,88.34
1988-10-05,87.63
1988-10-06,83.86
1988-10-07,79.28
1988-10-08,76.05
1988-10-09,62.5
1988-10-10,109.21
1988-10-11,87.71
1988-10-12,65.42
1988-10-13,37.34
1988-10-14,72.5
1988-10-15,51.76
1988-10-16,50.5
1988-10-17,66.55
1988-10-18,62.5
1988-10-19,75.43
1988-10-20,88.34
1988-10-21,43.37
1988-10-22,59.3
1988-10-23,103.2
1988-10-24,104.45
1988-10-25,114.67
1988-10-26,77.34
1988-10-27,55.58
1988-10-28,67.95
1988-10-29,94.64
1988-10-30,46.59
1988-10-31,62.11
1988-11-01,19.92
1988-11-02,61.23
1988-11-03,71.65
1988-11-04,66.81
1988-11-05,91.55
1988-11-06,50.11
1988-11-07,96.22
1988-11-08,58.23
1988-11-09,86.2
1988-11-10,71.3
1988-11-11,63.15
1988-11-12,117.98
1988-11-13,57.2
1988-11-14,71.7
1988-11-15,73.32
1988-11-16,81.87
1988-11-17,44.46
1988-11-18,56.05
1988-11-19,49.44
1988-11-20,69.3
1988-11-21,43.02
1988-11-22,39.99
1988-11-23,44.51
1988-11-24,63.58
1988-11-25,97.43
1988-11-26,147.88
1988-11-27,63.4
1988-11-28,81.88
1988-11-29,122.69
1988-11-30,89.88
1988-12-01,59.15
1988-12-02,45.85
1988-12-03,87.4
1988-12-04,81.03
1988-12-05,119.91
1988-12-06,105.79
1988-12-07,147.08
1988-12-08,115.31
1988-12-09,66.36
1988-12-10,53.14
1988-12-11,30.53
1988-12-12,71.24
1988-12-13,84.94
1988-12-14,98.33
1988-12-15,87.72
1988-12-16,116.03
1988-12-17,129.9
1988-12-18,151.04
1988-12-19,159.19
1988-12-20,74.98
1988-12-21,67.06
1988-12-22,66.03
1988-12-23,109.84
1988-12-24,148.77
1988-12-25,90.51
1988-12-26,51.89
1988-12-27,101.48
1988-12-28,79.31
1988-12-29,72.01
1988-12-30,82.43
1988-12-31,96.58
1989-01-01,63.55
1989-01-02,170.06
1989-01-03,90.91
1989-01-04,78.87
1989-01-05,139.05
1989-01-06,107.0
1989-01-07,116.77
1989-01-08,80.26
1989-01-09,75.29
1989-01-10,112.46
1989-01-11,98.22
1989-01-12,68.07
1989-01-13,90.76
1989-01-14,98.8
1989-01-15,60.09
1989-01-16,117.88
1989-01-17,113.85
1989-01-18,74.23
1989-01-19,60.81
1989-01-20,97.93
1989-01-21,84.63
1989-01-22,69.01
1989-01-23,65.38
1989-01-24,93.75
1989-01-25,160.21
1989-01-26,108.18
1989-01-27,92.48
1989-01-28,59.47
1989-01-29,51.93
1989-01-30,98.28
1989-01-31,70.27
1989-02-01,69.49
1989-02-02,113.15
1989-02-03,101.05
1989-02-04,81.65
1989-02-05,72.39
1989-02-06,125.34
1989-02-07,109.9
1989-02-08,140.65
1989-02-09,85.51
1989-02-10,141.71
1989-02-11,89.05
1989-02-12,110.05
1989-02-13,89.53
1989-02-14,107.02
1989-02-15,167.9
1989-02-16,86.89
1989-02-17,135.63
1989-02-18,138.26
1989-02-19,85.12
1989-02-20,84.94
1989-02-21,66.92
1989-02-22,59.24
1989-02-23,62.57
1989-02-24,66.58
1989-02-25,111.0
1989-02-26,52.19
1989-02-27,29.84
1989-02-28,84.94
1989-03-01,104.86
1989-03-02,48.12
1989-03-03,84.83
1989-03-04,86.68
1989-03-05,62.03
1989-03-06,84.65
1989-03-07,97.72
1989-03-08,52.43
1989-03-09,68.12
1989-03-10,77.04
1989-03-11,85.56
1989-03-12,97.52
1989-03-13,99.38
1989-03-14,127.6
1989-03-15,115.02
1989-03-16,110.05
1989-03-17,62.34
1989-03-18,140.05
1989-03-19,77.04
1989-03-20,150.57
1989-03-21,75.9
1989-03-22,98.53
1989-03-23,87.17
1989-03-24,97.18
1989-03-25,131.75
1989-03-26,98.28
1989-03-27,93.15
1989-03-28,92.3
1989-03-29,80.68
1989-03-30,65.09
1989-03-31,87.28
1989-04-01,52.12
1989-04-02,66.99
1989-04-03,90.14
1989-04-04,82.3
1989-04-05,73.41
1989-04-06,88.39
1989-04-07,129.17
1989-04-08,150.83
1989-04-09,79.5
1989-04-10,176.75
1989-04-11,124.44
1989-04-12,67.02
1989-04-13,52.17
1989-04-14,74.44
1989-04-15,87.33
1989-04-16,54.98
1989-04-17,54.13
1989-04-18,91.03
1989-04-19,77.71
1989-04-20,89.03
1989-04-21,64.36
1989-04-22,110.03
1989-04-23,42.47
1989-04-24,147.98
1989-04-25,104.92
1989-04-26,69.79
1989-04-27,94.75
1989-04-28,84.84
1989-04-29,100.02
1989-04-30,68.54
1989-05-01,120.56
1989-05-02,136.28
1989-05-03,103.06
1989-05-04,77.12
1989-05-05,103.39
1989-05-06,128.98
1989-05-07,63.26
1989-05-08,106.67
1989-05-09,102.34
1989-05-10,131.72
1989-05-11,98.83
1989-05-12,168.15
1989-05-13,115.02
1989-05-14,91.83
1989-05-15,98.56
1989-05-16,104.45
1989-05-17,69.01
1989-05-18,83.72
1989-05-19,104.9
1989-05-20,179.38
1989-05-21,114.93
1989-05-22,141.32
1989-05-23,98.81
1989-05-24,130.82
1989-05-25,121.89
1989-05-26,77.13
1989-05-27,112.59
1989-05-28,78.7
1989-05-29,108.02
1989-05-30,87.94
1989-05-31,74.94
1989-06-01,64.8
1989-06-02,64.32
1989-06-03,69.86
1989-06-04,99.65
1989-06-05,142.05
1989-06-06,155.59
1989-06-07,139.18
1989-06-08,97.21
1989-06-09,82.61
1989-06-10,119.73
1989-06-11,89.43
1989-06-12,109.08
1989-06-13,159.4
1989-06-14,74.34
1989-06-15,81.79
1989-06-16,87.17
1989-06-17,80.24
1989-06-18,63.34
1989-06-19,100.74
1989-06-20,80.67
1989-06-21,100.09
1989-06-22,70.56
1989-06-23,66.67
1989-06-24,74.89
1989-06-25,63.91
1989-06-26,82.96
1989-06-27,143.79
1989-06-28,92.66
1989-06-29,48.77
1989-06-30,83.65
1989-07-01,92.02
1989-07-02,99.78
1989-07-03,51.46
1989-07-04,100.95
1989-07-05,89.69
1989-07-06,73.61
1989-07-07,130.09
1989-07-08,86.26
1989-07-09,66.85
1989-07-10,88.17
1989-07-11,106.32
1989-07-12,77.04
1989-07-13,85.34
1989-07-14,99.02
1989-07-15,54.11
1989-07-16,94.86
1989-07-17,109.46
1989-07-18,142.83
1989-07-19,124.72
1989-07-20,83.38
1989-07-21,106.41
1989-07-22,113.0
1989-07-23,62.5
1989-07-24,47.15
1989-07-25,49.77
1989-07-26,82.3
1989-07-27,58.25
1989-07-28,55.85
1989-07-29,124.07
1989-07-30,69.25
1989-07-31,120.24
1989-08-01,200.6
1989-08-02,190.38
1989-08-03,138.19
1989-08-04,178.33
1989-08-05,192.38
1989-08-06,117.65
1989-08-07,200.58
1989-08-08,158.75
1989-08-09,93.02
1989-08-10,82.72
1989-08-11,86.69
1989-08-12,170.69
1989-08-13,91.21
1989-08-14,81.41
1989-08-15,139.97
1989-08-16,107.85
1989-08-17,76.2
1989-08-18,76.41
1989-08-19,104.79
1989-08-20,68.07
1989-08-21,80.04
1989-08-22,85.21
1989-08-23,76.33
1989-08-24,76.75
1989-08-25,64.2
1989-08-26,111.2
1989-08-27,77.21
1989-08-28,103.33
1989-08-29,110.42
1989-08-30,73.38
1989-08-31,74.36
1989-09-01,115.85
1989-09-02,63.7
1989-09-03,83.77
1989-09-04,130.36
1989-09-05,106.86
1989-09-06,110.58
1989-09-07,88.18
1989-09-08,100.51
1989-09-09,78.73
1989-09-10,81.21
1989-09-11,119.32
1989-09-12,60.87
1989-09-13,54.83
1989-09-14,75.12
1989-09-15,43.8
1989-09-16,56.34
1989-09-17,73.46
1989-09-18,89.83
1989-09-19,59.33
1989-09-20,123.67
1989-09-21,89.81
1989-09-22,121.19
1989-09-23,99.67
1989-09-24,79.66
1989-09-25,119.12
1989-09-26,120.37
1989-09-27,109.11
1989-09-28,73.53
1989-09-29,84.08
1989-09-30,61.14
1989-10-01,60.05
1989-10-02,57.81
1989-10-03,64.14
1989-10-04,109.96
1989-10-05,84.49
1989-10-06,100.51
1989-10-07,61.97
1989-10-08,32.16
1989-10-09,99.88
1989-10-10,90.68
1989-10-11,72.75
1989-10-12,53.83
1989-10-13,90.49
1989-10-14,68.9
1989-10-15,43.99
1989-10-16,53.95
1989-10-17,63.14
1989-10-18,70.76
1989-10-19,82.99
1989-10-20,55.67
1989-10-21,60.03
1989-10-22,36.26
1989-10-23,80.79
1989-10-24,97.43
1989-10-25,71.91
1989-10-26,67.45
1989-10-27,89.3
1989-10-28,84.08
1989-10-29,73.24
1989-10-30,78.44
1989-10-31,102.24
1989-11-01,147.33
1989-11-02,99.2
1989-11-03,110.97
1989-11-04,60.43
1989-11-05,82.58
1989-11-06,51.58
1989-11-07,106.69
1989-11-08,66.97
1989-11-09,77.45
1989-11-10,52.26
1989-11-11,49.85
1989-11-12,87.0
1989-11-13,161.45
1989-11-14,114.4
1989-11-15,81.01
1989-11-16,110.3
1989-11-17,60.16
1989-11-18,94.8
1989-11-19,50.86
1989-11-20,62.6
1989-11-21,131.72
1989-11-22,82.24
1989-11-23,78.67
1989-11-24,85.28
1989-11-25,76.74
1989-11-26,89.82
1989-11-27,138.02
1989-11-28,177.37
1989-11-29,123.19
1989-11-30,116.49
1989-12-01,130.29
1989-12-02,167.36
1989-12-03,115.82
1989-12-04,150.33
1989-12-05,148.32
1989-12-06,102.35
1989-12-07,68.16
1989-12-08,100.27
1989-12-09,92.82
1989-12-10,94.93
1989-12-11,105.66
1989-12-12,125.48
1989-12-13,72.66
1989-12-14,115.38
1989-12-15,124.27
1989-12-16,142.14
1989-12-17,115.75
1989-12-18,73.99
1989-12-19,143.8
1989-12-20,137.26
1989-12-21,164.35
1989-12-22,116.52
1989-12-23,103.72
1989-12-24,102.22
1989-12-25,91.59
1989-12-26,79.6
1989-12-27,80.1
1989-12-28,90.93
1989-12-29,103.52
1989-12-30,134.71
1989-12-31,53.06
1990-01-01,116.91
1990-01-02,71.49
1990-01-03,75.41
1990-01-04,56.09
1990-01-05,63.85
1990-01-06,67.35
1990-01-07,44.08
1990-01-08,102.84
1990-01-09,138.44
1990-01-10,103.52
1990-01-11,77.21
1990-01-12,69.95
1990-01-13,67.15
1990-01-14,74.11
1990-01-15,101.84
1990-01-16,78.4
1990-01-17,86.17
1990-01-18,65.6
1990-01-19,96.37
1990-01-20,81.72
1990-01-21,76.87
1990-01-22,69.12
1990-01-23,121.31
1990-01-24,72.01
1990-01-25,88.19
1990-01-26,77.42
1990-01-27,91.22
1990-01-28,53.83
1990-01-29,117.31
1990-01-30,83.92
1990-01-31,128.32
1990-02-01,77.21
1990-02-02,104.9
1990-02-03,115.36
1990-02-04,59.69
1990-02-05,115.42
1990-02-06,149.44
1990-02-07,93.5
1990-02-08,76.87
1990-02-09,69.7
1990-02-10,99.54
1990-02-11,54.99
1990-02-12,110.77
1990-02-13,82.3
1990-02-14,63.88
1990-02-15,69.24
1990-02-16,48.95
1990-02-17,69.98
1990-02-18,75.76
1990-02-19,98.77
1990-02-20,59.15
1990-02-21,62.67
1990-02-22,57.8
1990-02-23,41.51
1990-02-24,72.69
1990-02-25,51.38
1990-02-26,65.27
1990-02-27,127.22
1990-02-28,80.14
1990-03-01,57.67
1990-03-02,84.64
1990-03-03,34.15
1990-03-04,47.71
1990-03-05,74.2
1990-03-06,67.97
1990-03-07,77.89
1990-03-08,67.03
1990-03-09,59.96
1990-03-10,105.91
1990-03-11,44.49
1990-03-12,50.34
1990-03-13,72.12
1990-03-14,90.26
1990-03-15,59.09
1990-03-16,71.67
1990-03-17,84.17
1990-03-18,56.63
1990-03-19,62.39
1990-03-20,79.22
1990-03-21,67.79
1990-03-22,75.78
1990-03-23,35.58
1990-03-24,73.61
1990-03-25,71.73
1990-03-26,76.91
1990-03-27,75.17
1990-03-28,89.02
1990-03-29,82.46
1990-03-30,73.18
1990-03-31,110.05
1990-04-01,68.27
1990-04-02,132.06
1990-04-03,100.8
1990-04-04,86.15
1990-04-05,65.84
1990-04-06,92.57
1990-04-07,66.03
1990-04-08,40.51
1990-04-09,92.56
1990-04-10,89.53
1990-04-11,100.52
1990-04-12,74.69
1990-04-13,79.47
1990-04-14,100.56
1990-04-15,58.5
1990-04-16,90.29
1990-04-17,76.09
1990-04-18,97.16
1990-04-19,81.24
1990-04-20,131.39
1990-04-21,95.15
1990-04-22,86.87
1990-04-23,126.77
1990-04-24,77.71
1990-04-25,82.45
1990-04-26,92.81
1990-04-27,78.46
1990-04-28,85.08
1990-04-29,46.57
1990-04-30,44.61
1990-05-01,120.37
1990-05-02,151.62
1990-05-03,82.55
1990-05-04,97.07
1990-05-05,125.87
1990-05-06,52.68
1990-05-07,72.01
1990-05-08,64.08
1990-05-09,82.81
1990-05-10,66.04
1990-05-11,61.7
1990-05-12,29.52
1990-05-13,81.66
1990-05-14,95.12
1990-05-15,75.06
1990-05-16,110.85
1990-05-17,80.11
1990-05-18,70.23
1990-05-19,74.76
1990-05-20,74.19
1990-05-21,121.46
1990-05-22,91.48
1990-05-23,85.75
1990-05-24,99.41
1990-05-25,100.38
1990-05-26,94.48
1990-05-27,78.03
1990-05-28,140.36
1990-05-29,145.38
1990-05-30,93.31
1990-05-31,110.66
1990-06-01,84.84
1990-06-02,98.65
1990-06-03,80.47
1990-06-04,129.2
1990-06-05,99.24
1990-06-06,97.43
1990-06-07,80.44
1990-06-08,100.02
1990-06-09,87.33
1990-06-10,56.69
1990-06-11,38.26
1990-06-12,64.66
1990-06-13,74.65
1990-06-14,72.17
1990-06-15,73.79
1990-06-16,120.02
1990-06-17,56.93
1990-06-18,78.6
1990-06-19,65.85
1990-06-20,89.66
1990-06-21,66.55
1990-06-22,86.65
1990-06-23,118.31
1990-06-24,45.76
1990-06-25,53.05
1990-06-26,49.08
1990-06-27,101.08
1990-06-28,64.67
1990-06-29,97.19
1990-06-30,52.4
1990-07-01,89.82
1990-07-02,100.89
1990-07-03,127.22
1990-07-04,107.43
1990-07-05,85.46
1990-07-06,89.53
1990-07-07,143.25
1990-07-08,80.51
1990-07-09,55.96
1990-07-10,91.22
1990-07-11,61.61
1990-07-12,51.3
1990-07-13,75.86
1990-07-14,67.48
1990-07-15,62.78
1990-07-16,66.65
1990-07-17,39.67
1990-07-18,85.67
1990-07-19,82.25
1990-07-20,90.64
1990-07-21,105.35
1990-07-22,55.01
1990-07-23,107.77
1990-07-24,133.89
1990-07-25,122.69
1990-07-26,85.67
1990-07-27,79.76
1990-07-28,155.74
1990-07-29,57.51
1990-07-30,63.26
1990-07-31,130.76
1990-08-01,137.23
1990-08-02,108.86
1990-08-03,250.39
1990-08-04,213.33
1990-08-05,154.4
1990-08-06,257.97
1990-08-07,299.68
1990-08-08,324.48
1990-08-09,223.93
1990-08-10,216.13
1990-08-11,274.65
1990-08-12,210.5
1990-08-13,343.07
1990-08-14,379.88
1990-08-15,269.12
1990-08-16,192.85
1990-08-17,236.61
1990-08-18,249.2
1990-08-19,163.58
1990-08-20,234.89
1990-08-21,317.22
1990-08-22,344.55
1990-08-23,294.8
1990-08-24,270.33
1990-08-25,336.24
1990-08-26,209.75
1990-08-27,245.15
1990-08-28,266.15
1990-08-29,292.72
1990-08-30,186.42
1990-08-31,263.64
1990-09-01,261.36
1990-09-02,181.36
1990-09-03,259.24
1990-09-04,292.61
1990-09-05,275.64
1990-09-06,179.06
1990-09-07,211.11
1990-09-08,250.01
1990-09-09,134.6
1990-09-10,198.42
1990-09-11,187.15
1990-09-12,145.51
1990-09-13,130.04
1990-09-14,196.9
1990-09-15,276.54
1990-09-16,130.47
1990-09-17,184.62
1990-09-18,175.53
1990-09-19,206.75
1990-09-20,143.72
1990-09-21,172.69
1990-09-22,149.79
1990-09-23,132.37
1990-09-24,199.94
1990-09-25,280.19
1990-09-26,192.84
1990-09-27,153.66
1990-09-28,148.15
1990-09-29,165.94
1990-09-30,114.46
1990-10-01,213.21
1990-10-02,177.7
1990-10-03,129.12
1990-10-04,140.66
1990-10-05,179.6
1990-10-06,167.36
1990-10-07,112.78
1990-10-08,159.05
1990-10-09,146.36
1990-10-10,160.44
1990-10-11,104.3
1990-10-12,146.78
1990-10-13,170.65
1990-10-14,100.63
1990-10-15,167.2
1990-10-16,156.12
1990-10-17,132.32
1990-10-18,125.93
1990-10-19,159.45
1990-10-20,154.33
1990-10-21,123.93
1990-10-22,167.99
1990-10-23,144.02
1990-10-24,167.02
1990-10-25,115.72
1990-10-26,156.07
1990-10-27,118.31
1990-10-28,105.05
1990-10-29,147.35
1990-10-30,89.66
1990-10-31,173.36
1990-11-01,93.12
1990-11-02,124.02
1990-11-03,85.82
1990-11-04,99.8
1990-11-05,140.5
1990-11-06,230.65
1990-11-07,124.92
1990-11-08,117.44
1990-11-09,154.9
1990-11-10,196.51
1990-11-11,98.25
1990-11-12,160.7
1990-11-13,149.04
1990-11-14,199.94
1990-11-15,157.06
1990-11-16,160.54
1990-11-17,155.1
1990-11-18,117.03
1990-11-19,147.46
1990-11-20,164.66
1990-11-21,223.49
1990-11-22,114.81
1990-11-23,138.75
1990-11-24,230.96
1990-11-25,120.2
1990-11-26,174.96
1990-11-27,229.97
1990-11-28,191.56
1990-11-29,189.89
1990-11-30,161.98
1990-12-01,222.4
1990-12-02,104.04
1990-12-03,228.83
1990-12-04,206.74
1990-12-05,219.86
1990-12-06,172.61
1990-12-07,199.22
1990-12-08,189.13
1990-12-09,100.71
1990-12-10,150.05
1990-12-11,171.26
1990-12-12,117.66
1990-12-13,126.71
1990-12-14,135.04
1990-12-15,164.68
1990-12-16,106.37
1990-12-17,182.19
1990-12-18,177.99
1990-12-19,120.9
1990-12-20,131.51
1990-12-21,84.72
1990-12-22,207.8
1990-12-23,100.38
1990-12-24,103.9
1990-12-25,163.48
1990-12-26,216.18
1990-12-27,192.49
1990-12-28,107.81
1990-12-29,150.27
1990-12-30,99.13
1990-12-31,193.08
1991-01-01,179.96
1991-01-02,167.07
1991-01-03,161.91
1991-01-04,179.54
1991-01-05,252.91
1991-01-06,92.32
1991-01-07,244.94
1991-01-08,364.64
1991-01-09,300.28
1991-01-10,292.17
1991-01-11,376.15
1991-01-12,355.52
1991-01-13,233.96
1991-01-14,351.93
1991-01-15,572.3
1991-01-16,477.96
1991-01-17,565.65
1991-01-18,552.74
1991-01-19,391.99
1991-01-20,270.9
1991-01-21,460.97
1991-01-22,503.78
1991-01-23,437.26
1991-01-24,407.59
1991-01-25,414.07
1991-01-26,427.06
1991-01-27,275.46
1991-01-28,338.67
1991-01-29,447.91
1991-01-30,489.92
1991-01-31,338.4
1991-02-01,319.81
1991-02-02,323.61
1991-02-03,306.05
1991-02-04,312.3
1991-02-05,388.54
1991-02-06,384.49
1991-02-07,248.98
1991-02-08,362.51
1991-02-09,292.29
1991-02-10,203.85
1991-02-11,355.52
1991-02-12,279.66
1991-02-13,264.64
1991-02-14,294.45
1991-02-15,235.74
1991-02-16,284.27
1991-02-17,223.97
1991-02-18,367.28
1991-02-19,273.72
1991-02-20,286.21
1991-02-21,290.7
1991-02-22,324.6
1991-02-23,427.8
1991-02-24,277.76
1991-02-25,510.52
1991-02-26,369.17
1991-02-27,435.5
1991-02-28,242.75
1991-03-01,194.16
1991-03-02,210.32
1991-03-03,181.89
1991-03-04,225.07
1991-03-05,199.85
1991-03-06,194.86
1991-03-07,198.91
1991-03-08,113.65
1991-03-09,163.74
1991-03-10,158.26
1991-03-11,192.2
1991-03-12,197.61
1991-03-13,121.96
1991-03-14,80.51
1991-03-15,111.94
1991-03-16,166.52
1991-03-17,155.76
1991-03-18,212.67
1991-03-19,168.79
1991-03-20,133.61
1991-03-21,95.17
1991-03-22,125.07
1991-03-23,145.96
1991-03-24,85.21
1991-03-25,124.44
1991-03-26,105.56
1991-03-27,127.93
1991-03-28,103.4
1991-03-29,79.4
1991-03-30,100.38
1991-03-31,69.33
1991-04-01,78.3
1991-04-02,157.98
1991-04-03,151.22
1991-04-04,97.2
1991-04-05,108.99
1991-04-06,130.84
1991-04-07,82.73
1991-04-08,101.1
1991-04-09,98.15
1991-04-10,85.38
1991-04-11,88.61
1991-04-12,107.79
1991-04-13,61.59
1991-04-14,58.63
1991-04-15,134.71
1991-04-16,87.87
1991-04-17,125.79
1991-04-18,83.82
1991-04-19,100.12
1991-04-20,133.14
1991-04-21,66.96
1991-04-22,70.78
1991-04-23,64.78
1991-04-24,123.75
1991-04-25,48.24
1991-04-26,100.95
1991-04-27,87.33
1991-04-28,57.52
1991-04-29,99.33
1991-04-30,97.04
1991-05-01,120.08
1991-05-02,42.33
1991-05-03,70.01
1991-05-04,61.34
1991-05-05,64.55
1991-05-06,201.26
1991-05-07,123.67
1991-05-08,122.84
1991-05-09,71.49
1991-05-10,109.81
1991-05-11,88.54
1991-05-12,56.87
1991-05-13,105.66
1991-05-14,101.18
1991-05-15,94.41
1991-05-16,75.99
1991-05-17,63.1
1991-05-18,93.6
1991-05-19,53.54
1991-05-20,132.3
1991-05-21,70.67
1991-05-22,102.06
1991-05-23,108.83
1991-05-24,65.67
1991-05-25,74.56
1991-05-26,89.53
1991-05-27,109.35
1991-05-28,107.02
1991-05-29,56.29
1991-05-30,66.39
1991-05-31,118.82
1991-06-01,104.29
1991-06-02,68.09
1991-06-03,41.02
1991-06-04,118.0
1991-06-05,108.06
1991-06-06,61.41
1991-06-07,76.59
1991-06-08,121.51
1991-06-09,68.38
1991-06-10,105.88
1991-06-11,92.51
1991-06-12,93.71
1991-06-13,84.25
1991-06-14,89.63
1991-06-15,52.0
1991-06-16,58.25
1991-06-17,71.02
1991-06-18,90.14
1991-06-19,93.31
1991-06-20,58.36
1991-06-21,91.17
1991-06-22,43.8
1991-06-23,71.04
1991-06-24,54.96
1991-06-25,114.23
1991-06-26,74.98
1991-06-27,131.09
1991-06-28,135.04
1991-06-29,124.9
1991-06-30,85.24
1991-07-01,161.06
1991-07-02,115.49
1991-07-03,168.74
1991-07-04,172.75
1991-07-05,123.03
1991-07-06,151.1
1991-07-07,135.7
1991-07-08,179.36
1991-07-09,105.09
1991-07-10,130.15
1991-07-11,97.53
1991-07-12,103.39
1991-07-13,108.81
1991-07-14,109.51
1991-07-15,164.11
1991-07-16,126.05
1991-07-17,86.54
1991-07-18,90.24
1991-07-19,104.85
1991-07-20,66.58
1991-07-21,66.25
1991-07-22,104.01
1991-07-23,69.69
1991-07-24,85.05
1991-07-25,99.34
1991-07-26,102.62
1991-07-27,96.95
1991-07-28,68.46
1991-07-29,105.33
1991-07-30,104.14
1991-07-31,125.34
1991-08-01,96.55
1991-08-02,92.13
1991-08-03,94.96
1991-08-04,67.15
1991-08-05,63.5
1991-08-06,102.45
1991-08-07,113.41
1991-08-08,94.64
1991-08-09,135.12
1991-08-10,105.78
1991-08-11,73.01
1991-08-12,137.34
1991-08-13,85.58
1991-08-14,53.43
1991-08-15,66.55
1991-08-16,61.26
1991-08-17,97.77
1991-08-18,42.97
1991-08-19,59.35
1991-08-20,265.38
1991-08-21,196.87
1991-08-22,146.47
1991-08-23,155.15
1991-08-24,61.24
1991-08-25,66.64
1991-08-26,136.43
1991-08-27,132.86
1991-08-28,164.45
1991-08-29,134.85
1991-08-30,174.55
1991-08-31,88.48
1991-09-01,61.34
1991-09-02,127.16
1991-09-03,84.18
1991-09-04,97.16
1991-09-05,90.31
1991-09-06,129.16
1991-09-07,72.35
1991-09-08,96.66
1991-09-09,76.8
1991-09-10,113.6
1991-09-11,88.66
1991-09-12,114.23
1991-09-13,103.87
1991-09-14,149.4
1991-09-15,87.82
1991-09-16,157.29
1991-09-17,105.35
1991-09-18,95.14
1991-09-19,110.77
1991-09-20,133.69
1991-09-21,114.05
1991-09-22,84.35
1991-09-23,190.02
1991-09-24,150.57
1991-09-25,142.61
1991-09-26,162.52
1991-09-27,139.75
1991-09-28,172.53
1991-09-29,103.63
1991-09-30,133.49
1991-10-01,180.61
1991-10-02,107.41
1991-10-03,134.79
1991-10-04,140.96
1991-10-05,117.3
1991-10-06,79.86
1991-10-07,120.02
1991-10-08,157.74
1991-10-09,118.31
1991-10-10,59.27
1991-10-11,96.27
1991-10-12,113.5
1991-10-13,90.56
1991-10-14,36.35
1991-10-15,132.69
1991-10-16,80.33
1991-10-17,84.67
1991-10-18,68.34
1991-10-19,76.15
1991-10-20,81.84
1991-10-21,79.96
1991-10-22,103.66
1991-10-23,63.06
1991-10-24,76.11
1991-10-25,120.18
1991-10-26,79.43
1991-10-27,91.62
1991-10-28,83.68
1991-10-29,120.21
1991-10-30,112.56
1991-10-31,105.38
1991-11-01,64.4
1991-11-02,55.21
1991-11-03,81.88
1991-11-04,152.08
1991-11-05,113.16
1991-11-06,87.88
1991-11-07,53.64
1991-11-08,83.48
1991-11-09,107.76
1991-11-10,128.21
1991-11-11,126.68
1991-11-12,86.94
1991-11-13,92.35
1991-11-14,60.6
1991-11-15,95.17
1991-11-16,69.59
1991-11-17,59.84
1991-11-18,99.48
1991-11-19,121.72
1991-11-20,71.19
1991-11-21,122.57
1991-11-22,124.18
1991-11-23,128.2
1991-11-24,74.16
1991-11-25,96.02
1991-11-26,139.29
1991-11-27,93.67
1991-11-28,112.36
1991-11-29,136.35
1991-11-30,100.84
1991-12-01,77.38
1991-12-02,125.79
1991-12-03,120.86
1991-12-04,101.36
1991-12-05,71.35
1991-12-06,91.0
1991-12-07,90.76
1991-12-08,69.62
1991-12-09,100.52
1991-12-10,171.05
1991-12-11,106.86
1991-12-12,99.89
1991-12-13,104.57
1991-12-14,112.99
1991-12-15,107.1
1991-12-16,160.76
1991-12-17,97.69
1991-12-18,77.04
1991-12-19,88.15
1991-12-20,109.04
1991-12-21,105.24
1991-12-22,101.8
1991-12-23,93.46
1991-12-24,105.33
1991-12-25,86.55
1991-12-26,86.41
1991-12-27,92.56
1991-12-28,121.83
1991-12-29,85.25
1991-12-30,95.61
1991-12-31,141.17
1992-01-01,120.77
1992-01-02,103.37
1992-01-03,114.39
1992-01-04,130.68
1992-01-05,64.95
1992-01-06,114.77
1992-01-07,131.34
1992-01-08,108.11
1992-01-09,99.48
1992-01-10,94.43
1992-01-11,145.29
1992-01-12,91.91
1992-01-13,84.56
1992-01-14,124.33
1992-01-15,89.53
1992-01-16,55.04
1992-01-17,72.59
1992-01-18,100.53
1992-01-19,71.44
1992-01-20,131.96
1992-01-21,115.18
1992-01-22,80.6
1992-01-23,74.09
1992-01-24,113.01
1992-01-25,101.5
1992-01-26,65.96
1992-01-27,85.18
1992-01-28,97.95
1992-01-29,107.0
1992-01-30,146.85
1992-01-31,129.61
1992-02-01,91.35
1992-02-02,91.7
1992-02-03,105.16
1992-02-04,70.57
1992-02-05,97.43
1992-02-06,75.76
1992-02-07,99.71
1992-02-08,87.17
1992-02-09,95.15
1992-02-10,64.5
1992-02-11,74.29
1992-02-12,93.79
1992-02-13,77.43
1992-02-14,96.99
1992-02-15,86.81
1992-02-16,75.04
1992-02-17,43.88
1992-02-18,97.43
1992-02-19,119.04
1992-02-20,68.49
1992-02-21,78.96
1992-02-22,135.6
1992-02-23,92.22
1992-02-24,76.7
1992-02-25,93.5
1992-02-26,63.1
1992-02-27,37.53
1992-02-28,84.75
1992-02-29,87.29
1992-03-01,71.44
1992-03-02,51.83
1992-03-03,88.5
1992-03-04,65.63
1992-03-05,60.35
1992-03-06,58.18
1992-03-07,94.51
1992-03-08,49.6
1992-03-09,100.66
1992-03-10,88.45
1992-03-11,97.67
1992-03-12,72.16
1992-03-13,106.51
1992-03-14,68.3
1992-03-15,60.17
1992-03-16,82.58
1992-03-17,78.46
1992-03-18,75.02
1992-03-19,101.77
1992-03-20,129.25
1992-03-21,80.1
1992-03-22,73.21
1992-03-23,103.96
1992-03-24,75.0
1992-03-25,58.56
1992-03-26,91.56
1992-03-27,118.73
1992-03-28,93.84
1992-03-29,73.76
1992-03-30,134.23
1992-03-31,86.49
1992-04-01,118.74
1992-04-02,88.25
1992-04-03,67.46
1992-04-04,85.98
1992-04-05,70.12
1992-04-06,86.22
1992-04-07,96.32
1992-04-08,108.02
1992-04-09,75.29
1992-04-10,105.33
1992-04-11,85.42
1992-04-12,88.34
1992-04-13,80.67
1992-04-14,95.29
1992-04-15,108.88
1992-04-16,87.53
1992-04-17,117.05
1992-04-18,91.42
1992-04-19,54.43
1992-04-20,143.36
1992-04-21,116.39
1992-04-22,72.01
1992-04-23,57.94
1992-04-24,49.05
1992-04-25,103.66
1992-04-26,38.97
1992-04-27,88.65
1992-04-28,71.14
1992-04-29,64.56
1992-04-30,76.88
1992-05-01,52.52
1992-05-02,61.92
1992-05-03,70.41
1992-05-04,92.56
1992-05-05,60.54
1992-05-06,92.02
1992-05-07,85.38
1992-05-08,44.81
1992-05-09,76.33
1992-05-10,48.99
1992-05-11,67.42
1992-05-12,113.03
1992-05-13,55.08
1992-05-14,40.28
1992-05-15,50.3
1992-05-16,68.1
1992-05-17,53.37
1992-05-18,111.71
1992-05-19,85.93
1992-05-20,94.77
1992-05-21,73.24
1992-05-22,80.61
1992-05-23,89.27
1992-05-24,70.07
1992-05-25,149.44
1992-05-26,138.22
1992-05-27,80.3
1992-05-28,92.88
1992-05-29,68.41
1992-05-30,90.04
1992-05-31,85.7
1992-06-01,86.24
1992-06-02,56.22
1992-06-03,163.27
1992-06-04,117.32
1992-06-05,138.91
1992-06-06,104.47
1992-06-07,73.04
1992-06-08,63.99
1992-06-09,139.48
1992-06-10,83.23
1992-06-11,92.59
1992-06-12,70.32
1992-06-13,120.29
1992-06-14,63.92
1992-06-15,107.01
1992-06-16,126.02
1992-06-17,90.34
1992-06-18,98.1
1992-06-19,88.53
1992-06-20,85.18
1992-06-21,93.51
1992-06-22,75.17
1992-06-23,80.69
1992-06-24,116.82
1992-06-25,47.61
1992-06-26,43.83
1992-06-27,95.19
1992-06-28,79.5
1992-06-29,98.39
1992-06-30,56.29
1992-07-01,77.51
1992-07-02,53.37
1992-07-03,113.67
1992-07-04,72.24
1992-07-05,102.37
1992-07-06,74.8
1992-07-07,101.55
1992-07-08,132.86
1992-07-09,79.39
1992-07-10,63.56
1992-07-11,70.16
1992-07-12,19.65
1992-07-13,54.3
1992-07-14,97.43
1992-07-15,28.98
1992-07-16,78.79
1992-07-17,57.71
1992-07-18,50.65
1992-07-19,51.63
1992-07-20,69.23
1992-07-21,66.08
1992-07-22,76.75
1992-07-23,112.72
1992-07-24,106.4
1992-07-25,93.8
1992-07-26,73.37
1992-07-27,86.67
1992-07-28,94.64
1992-07-29,62.19
1992-07-30,30.96
1992-07-31,73.13
1992-08-01,67.82
1992-08-02,57.84
1992-08-03,66.92
1992-08-04,84.22
1992-08-05,66.41
1992-08-06,49.6
1992-08-07,89.63
1992-08-08,66.25
1992-08-09,54.6
1992-08-10,128.39
1992-08-11,144.65
1992-08-12,80.07
1992-08-13,61.08
1992-08-14,102.1
1992-08-15,69.23
1992-08-16,64.79
1992-08-17,124.16
1992-08-18,62.42
1992-08-19,76.25
1992-08-20,101.12
1992-08-21,52.4
1992-08-22,56.15
1992-08-23,23.14
1992-08-24,65.35
1992-08-25,118.82
1992-08-26,83.03
1992-08-27,143.86
1992-08-28,77.64
1992-08-29,101.77
1992-08-30,70.48
1992-08-31,108.97
1992-09-01,75.89
1992-09-02,72.48
1992-09-03,78.87
1992-09-04,98.39
1992-09-05,95.22
1992-09-06,57.91
1992-09-07,80.19
1992-09-08,86.92
1992-09-09,94.16
1992-09-10,52.75
1992-09-11,56.56
1992-09-12,75.61
1992-09-13,65.77
1992-09-14,93.1
1992-09-15,93.91
1992-09-16,86.83
1992-09-17,56.83
1992-09-18,99.27
1992-09-19,75.18
1992-09-20,66.18
1992-09-21,83.86
1992-09-22,104.61
1992-09-23,45.23
1992-09-24,64.26
1992-09-25,46.96
1992-09-26,96.72
1992-09-27,24.99
1992-09-28,99.33
1992-09-29,75.49
1992-09-30,90.34
1992-10-01,56.99
1992-10-02,74.64
1992-10-03,92.42
1992-10-04,55.67
1992-10-05,54.9
1992-10-06,34.51
1992-10-07,50.45
1992-10-08,74.64
1992-10-09,67.53
1992-10-10,47.94
1992-10-11,64.62
1992-10-12,126.68
1992-10-13,78.66
1992-10-14,58.04
1992-10-15,56.56
1992-10-16,83.07
1992-10-17,53.29
1992-10-18,69.59
1992-10-19,74.44
1992-10-20,66.17
1992-10-21,61.96
1992-10-22,82.81
1992-10-23,90.31
1992-10-24,61.87
1992-10-25,34.19
1992-10-26,72.96
1992-10-27,74.69
1992-10-28,89.07
1992-10-29,55.21
1992-10-30,50.68
1992-10-31,90.82
1992-11-01,52.69
1992-11-02,76.59
1992-11-03,79.93
1992-11-04,58.8
1992-11-05,54.64
1992-11-06,93.01
1992-11-07,69.79
1992-11-08,97.43
1992-11-09,163.46
1992-11-10,140.87
1992-11-11,130.76
1992-11-12,55.15
1992-11-13,86.28
1992-11-14,84.22
1992-11-15,61.34
1992-11-16,132.31
1992-11-17,99.63
1992-11-18,84.29
1992-11-19,89.44
1992-11-20,81.61
1992-11-21,84.34
1992-11-22,57.23
1992-11-23,148.77
1992-11-24,116.7
1992-11-25,96.69
1992-11-26,93.09
1992-11-27,54.3
1992-11-28,106.2
1992-11-29,92.81
1992-11-30,147.79
1992-12-01,143.22
1992-12-02,86.94
1992-12-03,60.66
1992-12-04,105.35
1992-12-05,112.93
1992-12-06,50.52
1992-12-07,76.92
1992-12-08,128.95
1992-12-09,84.29
1992-12-10,31.38
1992-12-11,61.14
1992-12-12,61.17
1992-12-13,67.53
1992-12-14,80.55
1992-12-15,49.37
1992-12-16,89.64
1992-12-17,88.29
1992-12-18,54.37
1992-12-19,95.84
1992-12-20,71.68
1992-12-21,72.46
1992-12-22,121.31
1992-12-23,122.02
1992-12-24,85.28
1992-12-25,84.94
1992-12-26,16.77
1992-12-27,71.07
1992-12-28,99.71
1992-12-29,106.86
1992-12-30,143.07
1992-12-31,88.65
1993-01-01,128.39
1993-01-02,111.39
1993-01-03,71.55
1993-01-04,122.35
1993-01-05,119.93
1993-01-06,84.32
1993-01-07,154.16
1993-01-08,131.09
1993-01-09,152.11
1993-01-10,67.68
1993-01-11,149.13
1993-01-12,160.48
1993-01-13,129.98
1993-01-14,257.9
1993-01-15,184.59
1993-01-16,132.33
1993-01-17,103.04
1993-01-18,172.31
1993-01-19,172.45
1993-01-20,96.48
1993-01-21,96.8
1993-01-22,113.76
1993-01-23,120.93
1993-01-24,71.6
1993-01-25,183.15
1993-01-26,140.72
1993-01-27,81.06
1993-01-28,113.42
1993-01-29,112.97
1993-01-30,111.21
1993-01-31,125.21
1993-02-01,133.13
1993-02-02,154.07
1993-02-03,139.8
1993-02-04,98.1
1993-02-05,99.52
1993-02-06,93.31
1993-02-07,61.6
1993-02-08,69.44
1993-02-09,100.62
1993-02-10,83.38
1993-02-11,111.8
1993-02-12,107.98
1993-02-13,45.55
1993-02-14,76.19
1993-02-15,81.73
1993-02-16,82.52
1993-02-17,57.71
1993-02-18,101.57
1993-02-19,90.8
1993-02-20,46.18
1993-02-21,55.67
1993-02-22,72.2
1993-02-23,85.84
1993-02-24,97.32
1993-02-25,118.08
1993-02-26,92.3
1993-02-27,86.45
1993-02-28,67.8
1993-03-01,104.47
1993-03-02,86.96
1993-03-03,60.02
1993-03-04,55.41
1993-03-05,66.99
1993-03-06,81.39
1993-03-07,69.45
1993-03-08,96.44
1993-03-09,130.66
1993-03-10,72.26
1993-03-11,87.69
1993-03-12,127.54
1993-03-13,100.38
1993-03-14,65.17
1993-03-15,58.53
1993-03-16,100.26
1993-03-17,138.65
1993-03-18,88.12
1993-03-19,114.81
1993-03-20,69.27
1993-03-21,65.6
1993-03-22,113.62
1993-03-23,134.66
1993-03-24,77.13
1993-03-25,104.48
1993-03-26,152.01
1993-03-27,114.65
1993-03-28,60.95
1993-03-29,83.34
1993-03-30,129.16
1993-03-31,90.38
1993-04-01,109.31
1993-04-02,102.48
1993-04-03,111.08
1993-04-04,98.02
1993-04-05,116.5
1993-04-06,80.51
1993-04-07,121.42
1993-04-08,151.32
1993-04-09,114.69
1993-04-10,70.2
1993-04-11,88.93
1993-04-12,140.86
1993-04-13,134.46
1993-04-14,138.53
1993-04-15,139.88
1993-04-16,111.4
1993-04-17,133.84
1993-04-18,86.44
1993-04-19,146.08
1993-04-20,123.94
1993-04-21,89.21
1993-04-22,101.22
1993-04-23,86.91
1993-04-24,108.88
1993-04-25,98.88
1993-04-26,123.28
1993-04-27,132.65
1993-04-28,110.42
1993-04-29,108.97
1993-04-30,133.03
1993-05-01,100.38
1993-05-02,93.58
1993-05-03,143.44
1993-05-04,159.3
1993-05-05,106.49
1993-05-06,127.52
1993-05-07,190.49
1993-05-08,116.82
1993-05-09,82.25
1993-05-10,119.22
1993-05-11,101.64
1993-05-12,113.31
1993-05-13,104.21
1993-05-14,123.55
1993-05-15,92.13
1993-05-16,75.29
1993-05-17,174.13
1993-05-18,140.96
1993-05-19,102.45
1993-05-20,67.67
1993-05-21,71.38
1993-05-22,117.41
1993-05-23,72.88
1993-05-24,128.33
1993-05-25,128.54
1993-05-26,133.88
1993-05-27,67.54
1993-05-28,65.73
1993-05-29,68.84
1993-05-30,91.03
1993-05-31,137.83
1993-06-01,152.11
1993-06-02,42.67
1993-06-03,62.25
1993-06-04,101.83
1993-06-05,152.89
1993-06-06,64.73
1993-06-07,106.86
1993-06-08,92.84
1993-06-09,92.11
1993-06-10,66.57
1993-06-11,80.48
1993-06-12,117.49
1993-06-13,56.37
1993-06-14,69.19
1993-06-15,95.17
1993-06-16,127.41
1993-06-17,99.63
1993-06-18,104.33
1993-06-19,89.97
1993-06-20,70.78
1993-06-21,93.86
1993-06-22,139.15
1993-06-23,146.47
1993-06-24,104.64
1993-06-25,124.61
1993-06-26,153.12
1993-06-27,68.56
1993-06-28,190.78
1993-06-29,169.5
1993-06-30,117.78
1993-07-01,105.79
1993-07-02,136.23
1993-07-03,155.98
1993-07-04,102.45
1993-07-05,143.56
1993-07-06,143.46
1993-07-07,155.54
1993-07-08,100.48
1993-07-09,101.23
1993-07-10,136.92
1993-07-11,133.26
1993-07-12,175.73
1993-07-13,136.68
1993-07-14,132.2
1993-07-15,133.17
1993-07-16,128.21
1993-07-17,162.42
1993-07-18,72.01
1993-07-19,141.84
1993-07-20,145.96
1993-07-21,115.22
1993-07-22,97.43
1993-07-23,112.77
1993-07-24,112.64
1993-07-25,55.33
1993-07-26,132.5
1993-07-27,118.6
1993-07-28,159.41
1993-07-29,118.43
1993-07-30,88.29
1993-07-31,118.62
1993-08-01,72.59
1993-08-02,113.91
1993-08-03,115.94
1993-08-04,101.44
1993-08-05,87.45
1993-08-06,73.53
1993-08-07,91.77
1993-08-08,53.99
1993-08-09,69.79
1993-08-10,116.96
1993-08-11,75.1
1993-08-12,87.0
1993-08-13,91.73
1993-08-14,95.64
1993-08-15,38.61
1993-08-16,114.54
1993-08-17,89.31
1993-08-18,107.24
1993-08-19,91.14
1993-08-20,95.06
1993-08-21,116.86
1993-08-22,68.07
1993-08-23,118.31
1993-08-24,82.3
1993-08-25,139.39
1993-08-26,153.99
1993-08-27,152.34
1993-08-28,120.21
1993-08-29,97.43
1993-08-30,99.46
1993-08-31,48.92
1993-09-01,68.65
1993-09-02,67.26
1993-09-03,105.47
1993-09-04,83.03
1993-09-05,83.67
1993-09-06,80.55
1993-09-07,111.91
1993-09-08,60.01
1993-09-09,103.31
1993-09-10,103.92
1993-09-11,91.9
1993-09-12,66.05
1993-09-13,78.48
1993-09-14,95.08
1993-09-15,64.8
1993-09-16,122.81
1993-09-17,77.66
1993-09-18,83.31
1993-09-19,98.39
1993-09-20,103.0
1993-09-21,89.92
1993-09-22,109.09
1993-09-23,95.87
1993-09-24,74.7
1993-09-25,76.38
1993-09-26,46.1
1993-09-27,84.63
1993-09-28,153.64
1993-09-29,80.71
1993-09-30,81.95
1993-10-01,161.27
1993-10-02,94.18
1993-10-03,55.87
1993-10-04,122.84
1993-10-05,128.97
1993-10-06,89.72
1993-10-07,84.46
1993-10-08,99.35
1993-10-09,106.6
1993-10-10,64.51
1993-10-11,66.17
1993-10-12,129.54
1993-10-13,136.94
1993-10-14,113.22
1993-10-15,98.55
1993-10-16,96.86
1993-10-17,92.11
1993-10-18,117.88
1993-10-19,149.08
1993-10-20,140.8
1993-10-21,87.33
1993-10-22,122.21
1993-10-23,89.53
1993-10-24,99.84
1993-10-25,160.56
1993-10-26,142.75
1993-10-27,101.15
1993-10-28,92.38
1993-10-29,106.75
1993-10-30,76.57
1993-10-31,53.52
1993-11-01,107.79
1993-11-02,77.31
1993-11-03,111.66
1993-11-04,76.34
1993-11-05,65.53
1993-11-06,115.05
1993-11-07,101.26
1993-11-08,92.35
1993-11-09,81.98
1993-11-10,63.78
1993-11-11,96.64
1993-11-12,60.29
1993-11-13,70.23
1993-11-14,53.13
1993-11-15,68.84
1993-11-16,72.63
1993-11-17,121.7
1993-11-18,91.4
1993-11-19,107.98
1993-11-20,62.28
1993-11-21,68.71
1993-11-22,73.79
1993-11-23,93.36
1993-11-24,77.2
1993-11-25,67.24
1993-11-26,72.09
1993-11-27,112.08
1993-11-28,54.3
1993-11-29,80.79
1993-11-30,109.36
1993-12-01,91.24
1993-12-02,47.07
1993-12-03,77.62
1993-12-04,92.44
1993-12-05,57.24
1993-12-06,63.34
1993-12-07,66.19
1993-12-08,125.89
1993-12-09,85.87
1993-12-10,103.42
1993-12-11,65.12
1993-12-12,50.87
1993-12-13,58.87
1993-12-14,108.23
1993-12-15,80.14
1993-12-16,82.18
1993-12-17,104.54
1993-12-18,74.12
1993-12-19,43.22
1993-12-20,91.29
1993-12-21,100.76
1993-12-22,53.76
1993-12-23,75.52
1993-12-24,96.93
1993-12-25,105.5
1993-12-26,90.96
1993-12-27,110.25
1993-12-28,112.29
1993-12-29,73.1
1993-12-30,28.25
1993-12-31,119.33
1994-01-01,82.3
1994-01-02,57.7
1994-01-03,81.35
1994-01-04,108.88
1994-01-05,98.52
1994-01-06,118.06
1994-01-07,109.06
1994-01-08,115.46
1994-01-09,64.77
1994-01-10,81.29
1994-01-11,114.77
1994-01-12,113.44
1994-01-13,84.27
1994-01-14,92.11
1994-01-15,96.13
1994-01-16,62.8
1994-01-17,75.29
1994-01-18,99.01
1994-01-19,81.74
1994-01-20,33.09
1994-01-21,60.16
1994-01-22,72.71
1994-01-23,43.22
1994-01-24,103.89
1994-01-25,100.03
1994-01-26,81.52
1994-01-27,86.82
1994-01-28,94.15
1994-01-29,51.82
1994-01-30,45.5
1994-01-31,91.67
1994-02-01,73.16
1994-02-02,88.66
1994-02-03,87.17
1994-02-04,101.3
1994-02-05,89.3
1994-02-06,98.22
1994-02-07,118.46
1994-02-08,182.71
1994-02-09,133.26
1994-02-10,124.56
1994-02-11,128.04
1994-02-12,96.84
1994-02-13,81.01
1994-02-14,168.3
1994-02-15,147.74
1994-02-16,193.41
1994-02-17,157.13
1994-02-18,112.7
1994-02-19,166.99
1994-02-20,134.17
1994-02-21,161.13
1994-02-22,140.56
1994-02-23,109.29
1994-02-24,114.67
1994-02-25,81.75
1994-02-26,106.48
1994-02-27,78.08
1994-02-28,88.62
1994-03-01,94.43
1994-03-02,112.29
1994-03-03,93.31
1994-03-04,130.89
1994-03-05,107.76
1994-03-06,45.05
1994-03-07,109.61
1994-03-08,105.76
1994-03-09,106.63
1994-03-10,128.32
1994-03-11,112.81
1994-03-12,48.18
1994-03-13,60.56
1994-03-14,71.58
1994-03-15,63.7
1994-03-16,100.49
1994-03-17,85.96
1994-03-18,111.96
1994-03-19,75.38
1994-03-20,127.26
1994-03-21,117.29
1994-03-22,136.33
1994-03-23,112.67
1994-03-24,91.92
1994-03-25,72.23
1994-03-26,68.3
1994-03-27,66.32
1994-03-28,120.77
1994-03-29,53.61
1994-03-30,64.03
1994-03-31,100.27
1994-04-01,94.64
1994-04-02,76.1
1994-04-03,68.4
1994-04-04,68.04
1994-04-05,85.64
1994-04-06,65.03
1994-04-07,65.92
1994-04-08,98.73
1994-04-09,53.56
1994-04-10,60.45
1994-04-11,103.78
1994-04-12,100.15
1994-04-13,87.56
1994-04-14,77.04
1994-04-15,138.91
1994-04-16,80.89
1994-04-17,61.27
1994-04-18,129.4
1994-04-19,107.1
1994-04-20,156.44
1994-04-21,105.41
1994-04-22,156.93
1994-04-23,115.19
1994-04-24,84.94
1994-04-25,129.59
1994-04-26,104.92
1994-04-27,104.08
1994-04-28,87.92
1994-04-29,98.78
1994-04-30,74.16
1994-05-01,65.01
1994-05-02,107.27
1994-05-03,128.86
1994-05-04,129.16
1994-05-05,90.25
1994-05-06,163.79
1994-05-07,91.79
1994-05-08,116.03
1994-05-09,141.31
1994-05-10,120.05
1994-05-11,80.79
1994-05-12,97.52
1994-05-13,137.19
1994-05-14,86.09
1994-05-15,84.4
1994-05-16,106.59
1994-05-17,96.63
1994-05-18,93.17
1994-05-19,69.74
1994-05-20,86.67
1994-05-21,85.78
1994-05-22,87.09
1994-05-23,107.83
1994-05-24,131.77
1994-05-25,125.45
1994-05-26,126.07
1994-05-27,145.64
1994-05-28,88.12
1994-05-29,66.01
1994-05-30,103.84
1994-05-31,107.93
1994-06-01,147.67
1994-06-02,80.71
1994-06-03,132.11
1994-06-04,141.74
1994-06-05,99.91
1994-06-06,87.94
1994-06-07,96.52
1994-06-08,99.16
1994-06-09,115.48
1994-06-10,155.38
1994-06-11,126.62
1994-06-12,98.48
1994-06-13,204.32
1994-06-14,132.06
1994-06-15,159.33
1994-06-16,122.93
1994-06-17,120.09
1994-06-18,148.92
1994-06-19,76.54
1994-06-20,163.99
1994-06-21,140.3
1994-06-22,95.41
1994-06-23,113.68
1994-06-24,159.52
1994-06-25,105.29
1994-06-26,63.7
1994-06-27,149.02
1994-06-28,118.69
1994-06-29,103.07
1994-06-30,73.68
1994-07-01,55.5
1994-07-02,96.91
1994-07-03,69.27
1994-07-04,107.85
1994-07-05,121.6
1994-07-06,149.14
1994-07-07,121.11
1994-07-08,131.05
1994-07-09,97.31
1994-07-10,97.43
1994-07-11,131.63
1994-07-12,72.01
1994-07-13,113.39
1994-07-14,99.89
1994-07-15,77.61
1994-07-16,124.93
1994-07-17,40.86
1994-07-18,110.0
1994-07-19,88.8
1994-07-20,82.91
1994-07-21,72.51
1994-07-22,104.33
1994-07-23,103.52
1994-07-24,59.45
1994-07-25,72.41
1994-07-26,99.02
1994-07-27,128.02
1994-07-28,125.97
1994-07-29,143.7
1994-07-30,137.85
1994-07-31,110.74
1994-08-01,178.69
1994-08-02,119.04
1994-08-03,87.07
1994-08-04,113.22
1994-08-05,143.87
1994-08-06,126.47
1994-08-07,84.44
1994-08-08,134.11
1994-08-09,124.22
1994-08-10,107.11
1994-08-11,90.37
1994-08-12,99.31
1994-08-13,123.0
1994-08-14,79.12
1994-08-15,101.64
1994-08-16,91.1
1994-08-17,79.37
1994-08-18,69.3
1994-08-19,85.12
1994-08-20,111.13
1994-08-21,90.07
1994-08-22,89.02
1994-08-23,58.26
1994-08-24,94.53
1994-08-25,96.45
1994-08-26,85.85
1994-08-27,71.28
1994-08-28,65.92
1994-08-29,122.53
1994-08-30,83.96
1994-08-31,122.69
1994-09-01,92.28
1994-09-02,124.68
1994-09-03,56.63
1994-09-04,78.33
1994-09-05,91.59
1994-09-06,87.52
1994-09-07,75.29
1994-09-08,97.79
1994-09-09,63.32
1994-09-10,74.13
1994-09-11,45.25
1994-09-12,109.58
1994-09-13,114.71
1994-09-14,83.72
1994-09-15,121.86
1994-09-16,92.29
1994-09-17,105.03
1994-09-18,81.79
1994-09-19,143.47
1994-09-20,152.55
1994-09-21,98.21
1994-09-22,107.81
1994-09-23,101.47
1994-09-24,80.5
1994-09-25,77.8
1994-09-26,86.04
1994-09-27,161.85
1994-09-28,123.38
1994-09-29,103.82
1994-09-30,101.27
1994-10-01,51.02
1994-10-02,43.86
1994-10-03,100.89
1994-10-04,68.14
1994-10-05,80.44
1994-10-06,69.08
1994-10-07,59.69
1994-10-08,122.08
1994-10-09,71.24
1994-10-10,159.86
1994-10-11,237.17
1994-10-12,146.67
1994-10-13,103.92
1994-10-14,127.28
1994-10-15,125.79
1994-10-16,72.01
1994-10-17,126.59
1994-10-18,142.17
1994-10-19,122.41
1994-10-20,116.73
1994-10-21,105.79
1994-10-22,85.84
1994-10-23,89.36
1994-10-24,96.91
1994-10-25,81.92
1994-10-26,42.15
1994-10-27,98.74
1994-10-28,81.91
1994-10-29,62.58
1994-10-30,63.53
1994-10-31,74.69
1994-11-01,70.8
1994-11-02,70.64
1994-11-03,44.34
1994-11-04,83.06
1994-11-05,55.14
1994-11-06,56.75
1994-11-07,85.93
1994-11-08,51.64
1994-11-09,60.07
1994-11-10,51.06
1994-11-11,134.99
1994-11-12,143.16
1994-11-13,90.97
1994-11-14,98.81
1994-11-15,137.07
1994-11-16,106.86
1994-11-17,107.29
1994-11-18,91.83
1994-11-19,87.47
1994-11-20,43.3
1994-11-21,118.46
1994-11-22,93.36
1994-11-23,81.84
1994-11-24,90.88
1994-11-25,90.76
1994-11-26,101.49
1994-11-27,72.15
1994-11-28,107.87
1994-11-29,154.16
1994-11-30,95.55
1994-12-01,103.07
1994-12-02,148.38
1994-12-03,119.33
1994-12-04,96.86
1994-12-05,116.61
1994-12-06,119.21
1994-12-07,88.29
1994-12-08,75.35
1994-12-09,77.32
1994-12-10,61.14
1994-12-11,58.66
1994-12-12,109.69
1994-12-13,141.37
1994-12-14,56.32
1994-12-15,95.08
1994-12-16,107.95
1994-12-17,114.09
1994-12-18,49.25
1994-12-19,111.91
1994-12-20,125.56
1994-12-21,100.27
1994-12-22,72.56
1994-12-23,61.2
1994-12-24,93.18
1994-12-25,64.61
1994-12-26,151.0
1994-12-27,140.53
1994-12-28,130.52
1994-12-29,59.37
1994-12-30,92.57
1994-12-31,131.19
1995-01-01,77.21
1995-01-02,69.98
1995-01-03,112.21
1995-01-04,87.29
1995-01-05,98.66
1995-01-06,88.59
1995-01-07,109.74
1995-01-08,38.64
1995-01-09,134.84
1995-01-10,83.41
1995-01-11,101.56
1995-01-12,81.46
1995-01-13,76.55
1995-01-14,71.32
1995-01-15,46.25
1995-01-16,100.65
1995-01-17,69.87
1995-01-18,96.95
1995-01-19,75.29
1995-01-20,68.49
1995-01-21,89.42
1995-01-22,37.26
1995-01-23,84.26
1995-01-24,90.19
1995-01-25,88.39
1995-01-26,47.64
1995-01-27,56.32
1995-01-28,48.12
1995-01-29,39.05
1995-01-30,131.1
1995-01-31,124.62
1995-02-01,76.84
1995-02-02,54.07
1995-02-03,47.48
1995-02-04,38.7
1995-02-05,72.09
1995-02-06,88.22
1995-02-07,83.34
1995-02-08,62.06
1995-02-09,86.7
1995-02-10,102.74
1995-02-11,89.63
1995-02-12,65.09
1995-02-13,82.36
1995-02-14,73.61
1995-02-15,96.86
1995-02-16,78.28
1995-02-17,84.67
1995-02-18,80.6
1995-02-19,90.51
1995-02-20,100.54
1995-02-21,120.23
1995-02-22,94.2
1995-02-23,75.94
1995-02-24,100.27
1995-02-25,72.19
1995-02-26,31.62
1995-02-27,49.63
1995-02-28,65.63
1995-03-01,81.84
1995-03-02,46.45
1995-03-03,54.01
1995-03-04,66.49
1995-03-05,49.81
1995-03-06,112.77
1995-03-07,65.35
1995-03-08,81.49
1995-03-09,92.81
1995-03-10,71.86
1995-03-11,70.56
1995-03-12,49.02
1995-03-13,88.73
1995-03-14,80.24
1995-03-15,99.11
1995-03-16,44.49
1995-03-17,50.68
1995-03-18,69.33
1995-03-19,31.42
1995-03-20,108.46
1995-03-21,138.02
1995-03-22,119.88
1995-03-23,150.57
1995-03-24,136.03
1995-03-25,52.84
1995-03-26,76.96
1995-03-27,91.26
1995-03-28,117.01
1995-03-29,106.12
1995-03-30,80.62
1995-03-31,93.56
1995-04-01,69.01
1995-04-02,55.59
1995-04-03,71.24
1995-04-04,94.41
1995-04-05,119.78
1995-04-06,110.54
1995-04-07,101.7
1995-04-08,86.41
1995-04-09,61.09
1995-04-10,92.13
1995-04-11,67.6
1995-04-12,101.52
1995-04-13,92.11
1995-04-14,99.68
1995-04-15,88.62
1995-04-16,87.57
1995-04-17,142.7
1995-04-18,108.47
1995-04-19,107.89
1995-04-20,166.9
1995-04-21,212.9
1995-04-22,90.08
1995-04-23,106.96
1995-04-24,94.77
1995-04-25,88.63
1995-04-26,92.91
1995-04-27,62.96
1995-04-28,75.37
1995-04-29,128.85
1995-04-30,73.07
1995-05-01,169.67
1995-05-02,124.42
1995-05-03,152.65
1995-05-04,82.28
1995-05-05,88.59
1995-05-06,67.35
1995-05-07,67.88
1995-05-08,104.86
1995-05-09,85.04
1995-05-10,81.24
1995-05-11,91.33
1995-05-12,88.28
1995-05-13,51.82
1995-05-14,53.31
1995-05-15,69.2
1995-05-16,59.72
1995-05-17,76.24
1995-05-18,76.53
1995-05-19,94.64
1995-05-20,60.08
1995-05-21,49.28
1995-05-22,76.1
1995-05-23,89.53
1995-05-24,90.24
1995-05-25,71.16
1995-05-26,74.32
1995-05-27,78.77
1995-05-28,53.03
1995-05-29,102.34
1995-05-30,148.53
1995-05-31,134.88
1995-06-01,159.03
1995-06-02,128.57
1995-06-03,88.96
1995-06-04,80.08
1995-06-05,140.09
1995-06-06,85.44
1995-06-07,111.26
1995-06-08,76.19
1995-06-09,134.63
1995-06-10,100.62
1995-06-11,65.7
1995-06-12,77.24
1995-06-13,103.15
1995-06-14,154.51
1995-06-15,151.89
1995-06-16,136.6
1995-06-17,138.37
1995-06-18,110.3
1995-06-19,138.41
1995-06-20,124.12
1995-06-21,120.73
1995-06-22,136.24
1995-06-23,83.91
1995-06-24,62.03
1995-06-25,79.82
1995-06-26,83.51
1995-06-27,67.68
1995-06-28,58.05
1995-06-29,118.04
1995-06-30,80.7
1995-07-01,91.65
1995-07-02,77.31
1995-07-03,37.95
1995-07-04,118.66
1995-07-05,59.64
1995-07-06,78.18
1995-07-07,87.47
1995-07-08,77.74
1995-07-09,49.1
1995-07-10,104.08
1995-07-11,78.77
1995-07-12,121.6
1995-07-13,89.63
1995-07-14,91.07
1995-07-15,112.14
1995-07-16,103.75
1995-07-17,185.39
1995-07-18,97.43
1995-07-19,134.66
1995-07-20,119.44
1995-07-21,109.91
1995-07-22,110.13
1995-07-23,60.71
1995-07-24,159.64
1995-07-25,141.05
1995-07-26,172.4
1995-07-27,161.79
1995-07-28,134.03
1995-07-29,158.39
1995-07-30,89.34
1995-07-31,158.6
1995-08-01,105.16
1995-08-02,116.3
1995-08-03,103.65
1995-08-04,130.51
1995-08-05,115.22
1995-08-06,96.23
1995-08-07,140.04
1995-08-08,119.41
1995-08-09,126.93
1995-08-10,111.1
1995-08-11,122.54
1995-08-12,99.08
1995-08-13,95.52
1995-08-14,171.95
1995-08-15,119.57
1995-08-16,113.53
1995-08-17,106.22
1995-08-18,164.36
1995-08-19,128.89
1995-08-20,77.99
1995-08-21,96.44
1995-08-22,82.38
1995-08-23,114.96
1995-08-24,71.84
1995-08-25,82.62
1995-08-26,84.94
1995-08-27,74.11
1995-08-28,88.99
1995-08-29,87.66
1995-08-30,116.16
1995-08-31,106.35
1995-09-01,70.09
1995-09-02,66.25
1995-09-03,59.22
1995-09-04,114.98
1995-09-05,105.09
1995-09-06,66.8
1995-09-07,104.33
1995-09-08,80.97
1995-09-09,118.6
1995-09-10,56.66
1995-09-11,101.86
1995-09-12,70.3
1995-09-13,87.65
1995-09-14,75.11
1995-09-15,49.55
1995-09-16,73.13
1995-09-17,42.97
1995-09-18,86.69
1995-09-19,57.11
1995-09-20,91.91
1995-09-21,55.15
1995-09-22,60.67
1995-09-23,81.39
1995-09-24,44.49
1995-09-25,39.18
1995-09-26,89.42
1995-09-27,37.26
1995-09-28,67.97
1995-09-29,60.29
1995-09-30,66.84
1995-10-01,72.21
1995-10-02,80.98
1995-10-03,58.18
1995-10-04,96.72
1995-10-05,48.21
1995-10-06,41.57
1995-10-07,90.14
1995-10-08,61.19
1995-10-09,64.56
1995-10-10,92.32
1995-10-11,73.46
1995-10-12,60.97
1995-10-13,63.7
1995-10-14,92.88
1995-10-15,91.85
1995-10-16,109.47
1995-10-17,60.49
1995-10-18,106.11
1995-10-19,80.56
1995-10-20,63.7
1995-10-21,52.23
1995-10-22,59.46
1995-10-23,23.63
1995-10-24,44.67
1995-10-25,48.01
1995-10-26,66.77
1995-10-27,63.22
1995-10-28,46.49
1995-10-29,58.82
1995-10-30,114.23
1995-10-31,44.67
1995-11-01,49.56
1995-11-02,87.08
1995-11-03,79.9
1995-11-04,23.83
1995-11-05,59.91
1995-11-06,101.72
1995-11-07,94.98
1995-11-08,87.94
1995-11-09,61.95
1995-11-10,72.8
1995-11-11,60.52
1995-11-12,65.6
1995-11-13,141.45
1995-11-14,126.96
1995-11-15,63.56
1995-11-16,45.91
1995-11-17,81.4
1995-11-18,86.14
1995-11-19,61.41
1995-11-20,53.86
1995-11-21,91.32
1995-11-22,105.16
1995-11-23,117.34
1995-11-24,122.98
1995-11-25,79.47
1995-11-26,54.62
1995-11-27,44.11
1995-11-28,70.66
1995-11-29,53.09
1995-11-30,59.82
1995-12-01,76.23
1995-12-02,23.72
1995-12-03,56.08
1995-12-04,78.65
1995-12-05,67.91
1995-12-06,74.19
1995-12-07,65.03
1995-12-08,74.93
1995-12-09,80.55
1995-12-10,72.33
1995-12-11,54.57
1995-12-12,89.21
1995-12-13,58.63
1995-12-14,65.31
1995-12-15,88.76
1995-12-16,95.84
1995-12-17,65.03
1995-12-18,68.92
1995-12-19,75.86
1995-12-20,53.8
1995-12-21,34.87
1995-12-22,32.4
1995-12-23,55.6
1995-12-24,34.81
1995-12-25,29.93
1995-12-26,65.99
1995-12-27,83.04
1995-12-28,67.24
1995-12-29,81.42
1995-12-30,57.28
1995-12-31,69.53
1996-01-01,102.15
1996-01-02,74.25
1996-01-03,40.15
1996-01-04,93.18
1996-01-05,92.53
1996-01-06,65.64
1996-01-07,73.61
1996-01-08,121.07
1996-01-09,73.0
1996-01-10,87.41
1996-01-11,100.76
1996-01-12,90.23
1996-01-13,65.23
1996-01-14,116.74
1996-01-15,138.24
1996-01-16,128.23
1996-01-17,99.83
1996-01-18,161.17
1996-01-19,94.51
1996-01-20,73.51
1996-01-21,70.63
1996-01-22,92.88
1996-01-23,59.73
1996-01-24,67.15
1996-01-25,83.55
1996-01-26,45.44
1996-01-27,69.74
1996-01-28,41.84
1996-01-29,97.43
1996-01-30,102.91
1996-01-31,50.7
1996-02-01,82.92
1996-02-02,122.86
1996-02-03,63.7
1996-02-04,58.89
1996-02-05,67.95
1996-02-06,57.96
1996-02-07,123.03
1996-02-08,106.71
1996-02-09,87.54
1996-02-10,96.86
1996-02-11,85.61
1996-02-12,68.79
1996-02-13,137.39
1996-02-14,92.63
1996-02-15,113.5
1996-02-16,98.52
1996-02-17,66.97
1996-02-18,60.35
1996-02-19,85.82
1996-02-20,107.38
1996-02-21,96.53
1996-02-22,81.95
1996-02-23,132.33
1996-02-24,43.53
1996-02-25,57.73
1996-02-26,118.69
1996-02-27,147.02
1996-02-28,173.26
1996-02-29,124.11
1996-03-01,85.17
1996-03-02,61.26
1996-03-03,67.6
1996-03-04,141.19
1996-03-05,170.94
1996-03-06,162.34
1996-03-07,126.93
1996-03-08,149.44
1996-03-09,120.46
1996-03-10,59.63
1996-03-11,122.69
1996-03-12,148.12
1996-03-13,119.01
1996-03-14,143.27
1996-03-15,136.47
1996-03-16,49.92
1996-03-17,66.12
1996-03-18,61.25
1996-03-19,59.89
1996-03-20,94.52
1996-03-21,58.48
1996-03-22,71.37
1996-03-23,74.53
1996-03-24,51.16
1996-03-25,137.36
1996-03-26,33.61
1996-03-27,76.0
1996-03-28,88.98
1996-03-29,99.25
1996-03-30,36.35
1996-03-31,43.83
1996-04-01,152.65
1996-04-02,88.34
1996-04-03,81.84
1996-04-04,77.04
1996-04-05,73.71
1996-04-06,73.71
1996-04-07,40.81
1996-04-08,133.67
1996-04-09,76.8
1996-04-10,73.31
1996-04-11,111.13
1996-04-12,98.08
1996-04-13,95.64
1996-04-14,94.83
1996-04-15,96.33
1996-04-16,79.54
1996-04-17,149.34
1996-04-18,139.08
1996-04-19,112.36
1996-04-20,116.0
1996-04-21,53.43
1996-04-22,135.08
1996-04-23,137.31
1996-04-24,94.8
1996-04-25,95.88
1996-04-26,129.2
1996-04-27,94.81
1996-04-28,47.61
1996-04-29,97.24
1996-04-30,125.37
1996-05-01,92.88
1996-05-02,61.67
1996-05-03,41.46
1996-05-04,42.41
1996-05-05,27.9
1996-05-06,106.68
1996-05-07,50.54
1996-05-08,66.16
1996-05-09,99.72
1996-05-10,56.66
1996-05-11,80.58
1996-05-12,58.63
1996-05-13,89.53
1996-05-14,57.53
1996-05-15,65.81
1996-05-16,95.89
1996-05-17,71.14
1996-05-18,72.21
1996-05-19,33.53
1996-05-20,106.86
1996-05-21,136.56
1996-05-22,76.44
1996-05-23,107.55
1996-05-24,100.12
1996-05-25,88.28
1996-05-26,56.36
1996-05-27,100.76
1996-05-28,78.64
1996-05-29,61.43
1996-05-30,61.43
1996-05-31,115.88
1996-06-01,56.85
1996-06-02,64.95
1996-06-03,64.23
1996-06-04,59.37
1996-06-05,54.24
1996-06-06,53.99
1996-06-07,75.46
1996-06-08,37.6
1996-06-09,26.55
1996-06-10,129.54
1996-06-11,65.43
1996-06-12,62.78
1996-06-13,83.54
1996-06-14,77.94
1996-06-15,80.14
1996-06-16,58.37
1996-06-17,91.77
1996-06-18,62.58
1996-06-19,115.96
1996-06-20,69.33
1996-06-21,118.17
1996-06-22,63.17
1996-06-23,71.17
1996-06-24,45.94
1996-06-25,125.0
1996-06-26,80.79
1996-06-27,181.72
1996-06-28,112.04
1996-06-29,105.6
1996-06-30,96.62
1996-07-01,107.65
1996-07-02,96.48
1996-07-03,59.02
1996-07-04,52.86
1996-07-05,86.6
1996-07-06,36.36
1996-07-07,65.38
1996-07-08,93.38
1996-07-09,126.49
1996-07-10,89.75
1996-07-11,117.63
1996-07-12,59.51
1996-07-13,59.65
1996-07-14,42.55
1996-07-15,84.34
1996-07-16,80.5
1996-07-17,101.12
1996-07-18,101.81
1996-07-19,101.93
1996-07-20,101.93
1996-07-21,122.36
1996-07-22,117.73
1996-07-23,83.34
1996-07-24,120.46
1996-07-25,94.64
1996-07-26,105.28
1996-07-27,105.67
1996-07-28,49.08
1996-07-29,134.42
1996-07-30,141.31
1996-07-31,131.23
1996-08-01,102.4
1996-08-02,61.06
1996-08-03,73.36
1996-08-04,102.83
1996-08-05,136.34
1996-08-06,134.84
1996-08-07,157.74
1996-08-08,160.07
1996-08-09,116.91
1996-08-10,75.29
1996-08-11,96.55
1996-08-12,65.78
1996-08-13,134.84
1996-08-14,68.04
1996-08-15,97.43
1996-08-16,54.93
1996-08-17,85.88
1996-08-18,45.38
1996-08-19,101.15
1996-08-20,89.53
1996-08-21,100.25
1996-08-22,104.17
1996-08-23,76.64
1996-08-24,61.8
1996-08-25,54.87
1996-08-26,82.94
1996-08-27,51.03
1996-08-28,63.62
1996-08-29,91.9
1996-08-30,120.39
1996-08-31,124.27
1996-09-01,97.81
1996-09-02,183.11
1996-09-03,191.76
1996-09-04,192.15
1996-09-05,140.02
1996-09-06,163.44
1996-09-07,80.7
1996-09-08,71.73
1996-09-09,101.18
1996-09-10,104.23
1996-09-11,131.96
1996-09-12,63.14
1996-09-13,98.95
1996-09-14,118.13
1996-09-15,71.39
1996-09-16,68.54
1996-09-17,103.21
1996-09-18,72.41
1996-09-19,66.42
1996-09-20,81.53
1996-09-21,49.67
1996-09-22,88.24
1996-09-23,57.36
1996-09-24,110.7
1996-09-25,72.71
1996-09-26,91.38
1996-09-27,103.41
1996-09-28,61.14
1996-09-29,53.0
1996-09-30,73.1
1996-10-01,76.2
1996-10-02,97.43
1996-10-03,67.17
1996-10-04,78.34
1996-10-05,42.74
1996-10-06,51.46
1996-10-07,60.78
1996-10-08,74.84
1996-10-09,104.52
1996-10-10,63.93
1996-10-11,58.7
1996-10-12,57.58
1996-10-13,25.0
1996-10-14,90.3
1996-10-15,62.98
1996-10-16,48.48
1996-10-17,72.59
1996-10-18,59.79
1996-10-19,40.58
1996-10-20,60.35
1996-10-21,75.49
1996-10-22,86.52
1996-10-23,58.12
1996-10-24,71.01
1996-10-25,49.27
1996-10-26,54.13
1996-10-27,33.6
1996-10-28,36.45
1996-10-29,81.84
1996-10-30,16.0
1996-10-31,76.87
1996-11-01,70.15
1996-11-02,71.93
1996-11-03,18.72
1996-11-04,100.67
1996-11-05,72.98
1996-11-06,66.7
1996-11-07,42.7
1996-11-08,55.77
1996-11-09,50.66
1996-11-10,77.04
1996-11-11,78.13
1996-11-12,93.91
1996-11-13,96.02
1996-11-14,61.34
1996-11-15,78.45
1996-11-16,67.52
1996-11-17,79.56
1996-11-18,80.22
1996-11-19,58.72
1996-11-20,65.96
1996-11-21,54.3
1996-11-22,32.16
1996-11-23,39.86
1996-11-24,57.55
1996-11-25,81.46
1996-11-26,89.42
1996-11-27,65.52
1996-11-28,75.38
1996-11-29,62.82
1996-11-30,30.99
1996-12-01,42.02
1996-12-02,84.56
1996-12-03,83.23
1996-12-04,91.64
1996-12-05,80.48
1996-12-06,91.84
1996-12-07,23.76
1996-12-08,47.38
1996-12-09,58.94
1996-12-10,106.86
1996-12-11,75.6
1996-12-12,71.86
1996-12-13,39.62
1996-12-14,62.64
1996-12-15,44.46
1996-12-16,87.59
1996-12-17,75.2
1996-12-18,57.24
1996-12-19,89.66
1996-12-20,122.0
1996-12-21,84.42
1996-12-22,79.45
1996-12-23,110.58
1996-12-24,57.4
1996-12-25,71.05
1996-12-26,75.29
1996-12-27,61.72
1996-12-28,53.43
1996-12-29,52.08
1996-12-30,137.61
1996-12-31,119.37
1997-01-01,97.59
1997-01-02,93.88
1997-01-03,57.44
1997-01-04,66.41
1997-01-05,74.5
1997-01-06,72.95
1997-01-07,76.11
1997-01-08,39.35
1997-01-09,34.83
1997-01-10,53.7
1997-01-11,55.27
1997-01-12,36.96
1997-01-13,33.89
1997-01-14,35.39
1997-01-15,52.41
1997-01-16,52.74
1997-01-17,40.55
1997-01-18,49.67
1997-01-19,51.47
1997-01-20,58.73
1997-01-21,48.06
1997-01-22,48.26
1997-01-23,50.96
1997-01-24,52.52
1997-01-25,17.83
1997-01-26,73.61
1997-01-27,56.9
1997-01-28,36.24
1997-01-29,59.57
1997-01-30,69.7
1997-01-31,34.9
1997-02-01,27.4
1997-02-02,24.21
1997-02-03,45.49
1997-02-04,49.08
1997-02-05,37.43
1997-02-06,52.27
1997-02-07,78.22
1997-02-08,37.84
1997-02-09,26.47
1997-02-10,69.18
1997-02-11,45.47
1997-02-12,63.46
1997-02-13,39.24
1997-02-14,38.01
1997-02-15,48.11
1997-02-16,38.32
1997-02-17,43.42
1997-02-18,57.32
1997-02-19,90.88
1997-02-20,66.72
1997-02-21,53.63
1997-02-22,35.1
1997-02-23,45.01
1997-02-24,43.07
1997-02-25,36.55
1997-02-26,56.2
1997-02-27,65.47
1997-02-28,52.05
1997-03-01,29.52
1997-03-02,42.63
1997-03-03,86.79
1997-03-04,67.95
1997-03-05,66.82
1997-03-06,70.05
1997-03-07,74.93
1997-03-08,62.05
1997-03-09,58.43
1997-03-10,71.41
1997-03-11,63.98
1997-03-12,76.22
1997-03-13,32.67
1997-03-14,60.54
1997-03-15,52.53
1997-03-16,29.69
1997-03-17,45.53
1997-03-18,47.42
1997-03-19,41.41
1997-03-20,49.86
1997-03-21,57.64
1997-03-22,71.45
1997-03-23,68.57
1997-03-24,78.4
1997-03-25,54.47
1997-03-26,50.86
1997-03-27,56.77
1997-03-28,59.28
1997-03-29,70.48
1997-03-30,47.73
1997-03-31,55.52
1997-04-01,56.81
1997-04-02,39.09
1997-04-03,42.14
1997-04-04,57.06
1997-04-05,38.0
1997-04-06,50.19
1997-04-07,71.19
1997-04-08,85.21
1997-04-09,98.2
1997-04-10,42.26
1997-04-11,60.69
1997-04-12,35.31
1997-04-13,21.82
1997-04-14,57.04
1997-04-15,76.63
1997-04-16,48.71
1997-04-17,76.42
1997-04-18,24.38
1997-04-19,38.56
1997-04-20,24.91
1997-04-21,78.5
1997-04-22,52.4
1997-04-23,159.29
1997-04-24,95.37
1997-04-25,84.86
1997-04-26,51.56
1997-04-27,57.04
1997-04-28,45.85
1997-04-29,105.38
1997-04-30,78.87
1997-05-01,62.07
1997-05-02,58.12
1997-05-03,39.55
1997-05-04,37.79
1997-05-05,72.1
1997-05-06,43.11
1997-05-07,21.79
1997-05-08,58.36
1997-05-09,59.21
1997-05-10,50.24
1997-05-11,56.29
1997-05-12,52.13
1997-05-13,60.04
1997-05-14,86.47
1997-05-15,80.87
1997-05-16,54.45
1997-05-17,29.75
1997-05-18,33.89
1997-05-19,60.74
1997-05-20,52.41
1997-05-21,48.62
1997-05-22,51.66
1997-05-23,59.85
1997-05-24,30.3
1997-05-25,35.29
1997-05-26,66.44
1997-05-27,95.1
1997-05-28,54.83
1997-05-29,69.01
1997-05-30,77.41
1997-05-31,37.18
1997-06-01,17.83
1997-06-02,40.45
1997-06-03,28.56
1997-06-04,50.57
1997-06-05,34.97
1997-06-06,40.55
1997-06-07,29.13
1997-06-08,30.84
1997-06-09,30.74
1997-06-10,31.38
1997-06-11,47.37
1997-06-12,38.48
1997-06-13,46.15
1997-06-14,26.69
1997-06-15,42.31
1997-06-16,62.82
1997-06-17,44.41
1997-06-18,45.47
1997-06-19,38.56
1997-06-20,50.43
1997-06-21,25.59
1997-06-22,39.86
1997-06-23,68.34
1997-06-24,43.81
1997-06-25,40.93
1997-06-26,48.05
1997-06-27,28.15
1997-06-28,45.28
1997-06-29,25.65
1997-06-30,29.88
1997-07-01,42.38
1997-07-02,36.15
1997-07-03,41.29
1997-07-04,29.22
1997-07-05,49.44
1997-07-06,53.27
1997-07-07,79.87
1997-07-08,48.01
1997-07-09,35.76
1997-07-10,52.41
1997-07-11,54.83
1997-07-12,42.42
1997-07-13,13.2
1997-07-14,46.28
1997-07-15,46.3
1997-07-16,63.03
1997-07-17,55.73
1997-07-18,63.51
1997-07-19,55.56
1997-07-20,30.47
1997-07-21,44.76
1997-07-22,69.01
1997-07-23,40.81
1997-07-24,34.76
1997-07-25,35.72
1997-07-26,55.56
1997-07-27,31.85
1997-07-28,52.71
1997-07-29,56.66
1997-07-30,47.42
1997-07-31,70.56
1997-08-01,60.97
1997-08-02,71.16
1997-08-03,39.38
1997-08-04,56.63
1997-08-05,74.98
1997-08-06,69.66
1997-08-07,44.41
1997-08-08,55.32
1997-08-09,67.37
1997-08-10,22.08
1997-08-11,55.21
1997-08-12,45.27
1997-08-13,49.08
1997-08-14,47.37
1997-08-15,36.73
1997-08-16,25.01
1997-08-17,30.15
1997-08-18,29.88
1997-08-19,56.59
1997-08-20,57.24
1997-08-21,44.81
1997-08-22,43.76
1997-08-23,51.41
1997-08-24,61.92
1997-08-25,34.15
1997-08-26,20.35
1997-08-27,39.52
1997-08-28,55.44
1997-08-29,63.53
1997-08-30,47.69
1997-08-31,44.46
1997-09-01,33.22
1997-09-02,30.78
1997-09-03,53.32
1997-09-04,40.52
1997-09-05,70.48
1997-09-06,54.78
1997-09-07,8.08
1997-09-08,40.52
1997-09-09,34.38
1997-09-10,43.18
1997-09-11,58.88
1997-09-12,59.34
1997-09-13,41.63
1997-09-14,31.82
1997-09-15,42.33
1997-09-16,45.09
1997-09-17,51.16
1997-09-18,40.9
1997-09-19,29.68
1997-09-20,29.14
1997-09-21,37.17
1997-09-22,33.99
1997-09-23,57.7
1997-09-24,43.88
1997-09-25,45.29
1997-09-26,30.59
1997-09-27,57.24
1997-09-28,24.15
1997-09-29,30.89
1997-09-30,69.59
1997-10-01,28.67
1997-10-02,38.87
1997-10-03,52.73
1997-10-04,32.48
1997-10-05,44.11
1997-10-06,47.8
1997-10-07,38.3
1997-10-08,33.13
1997-10-09,45.67
1997-10-10,43.36
1997-10-11,25.98
1997-10-12,36.67
1997-10-13,62.95
1997-10-14,35.62
1997-10-15,46.96
1997-10-16,62.9
1997-10-17,58.99
1997-10-18,62.81
1997-10-19,0.0
1997-10-20,52.01
1997-10-21,58.71
1997-10-22,62.38
1997-10-23,40.4
1997-10-24,85.56
1997-10-25,53.53
1997-10-26,43.33
1997-10-27,79.23
1997-10-28,73.19
1997-10-29,51.85
1997-10-30,58.99
1997-10-31,75.95
1997-11-01,58.4
1997-11-02,34.63
1997-11-03,51.41
1997-11-04,81.59
1997-11-05,63.43
1997-11-06,59.04
1997-11-07,39.6
1997-11-08,95.1
1997-11-09,32.04
1997-11-10,58.46
1997-11-11,69.77
1997-11-12,74.79
1997-11-13,70.81
1997-11-14,57.71
1997-11-15,56.88
1997-11-16,58.87
1997-11-17,71.86
1997-11-18,76.44
1997-11-19,63.88
1997-11-20,78.48
1997-11-21,92.94
1997-11-22,59.94
1997-11-23,65.1
1997-11-24,61.83
1997-11-25,63.7
1997-11-26,36.99
1997-11-27,27.03
1997-11-28,29.03
1997-11-29,56.93
1997-11-30,55.28
1997-12-01,72.01
1997-12-02,55.36
1997-12-03,51.87
1997-12-04,43.22
1997-12-05,47.76
1997-12-06,22.23
1997-12-07,32.44
1997-12-08,36.89
1997-12-09,36.51
1997-12-10,29.76
1997-12-11,40.25
1997-12-12,36.77
1997-12-13,38.6
1997-12-14,50.0
1997-12-15,41.56
1997-12-16,61.72
1997-12-17,49.12
1997-12-18,29.31
1997-12-19,45.84
1997-12-20,42.29
1997-12-21,29.77
1997-12-22,42.87
1997-12-23,70.41
1997-12-24,37.3
1997-12-25,72.96
1997-12-26,57.93
1997-12-27,46.92
1997-12-28,35.57
1997-12-29,28.14
1997-12-30,25.88
1997-12-31,58.73
1998-01-01,31.04
1998-01-02,60.01
1998-01-03,53.78
1998-01-04,45.78
1998-01-05,52.94
1998-01-06,47.32
1998-01-07,39.77
1998-01-08,65.38
1998-01-09,38.62
1998-01-10,60.29
1998-01-11,35.12
1998-01-12,54.25
1998-01-13,86.47
1998-01-14,78.2
1998-01-15,57.48
1998-01-16,73.88
1998-01-17,52.43
1998-01-18,40.3
1998-01-19,58.63
1998-01-20,77.61
1998-01-21,56.55
1998-01-22,43.62
1998-01-23,28.94
1998-01-24,52.14
1998-01-25,30.78
1998-01-26,62.9
1998-01-27,62.32
1998-01-28,56.05
1998-01-29,65.6
1998-01-30,41.34
1998-01-31,37.91
1998-02-01,40.85
1998-02-02,76.61
1998-02-03,73.68
1998-02-04,79.79
1998-02-05,77.37
1998-02-06,50.55
1998-02-07,53.72
1998-02-08,48.22
1998-02-09,82.72
1998-02-10,93.54
1998-02-11,95.98
1998-02-12,54.48
1998-02-13,69.07
1998-02-14,81.9
1998-02-15,58.94
1998-02-16,75.74
1998-02-17,101.82
1998-02-18,101.65
1998-02-19,92.9
1998-02-20,81.19
1998-02-21,76.96
1998-02-22,74.05
1998-02-23,110.17
1998-02-24,141.65
1998-02-25,89.92
1998-02-26,43.71
1998-02-27,92.5
1998-02-28,45.65
1998-03-01,61.7
1998-03-02,70.01
1998-03-03,76.34
1998-03-04,58.01
1998-03-05,64.95
1998-03-06,51.98
1998-03-07,73.27
1998-03-08,68.77
1998-03-09,72.01
1998-03-10,68.44
1998-03-11,38.73
1998-03-12,84.08
1998-03-13,80.39
1998-03-14,31.37
1998-03-15,21.67
1998-03-16,54.3
1998-03-17,58.22
1998-03-18,42.61
1998-03-19,53.38
1998-03-20,50.36
1998-03-21,39.98
1998-03-22,40.44
1998-03-23,73.15
1998-03-24,67.28
1998-03-25,64.21
1998-03-26,64.84
1998-03-27,49.52
1998-03-28,47.64
1998-03-29,31.93
1998-03-30,67.75
1998-03-31,56.04
1998-04-01,49.62
1998-04-02,67.78
1998-04-03,52.86
1998-04-04,57.29
1998-04-05,14.47
1998-04-06,44.51
1998-04-07,68.94
1998-04-08,23.96
1998-04-09,38.35
1998-04-10,54.25
1998-04-11,24.43
1998-04-12,16.14
1998-04-13,53.43
1998-04-14,69.81
1998-04-15,57.95
1998-04-16,40.08
1998-04-17,61.24
1998-04-18,42.61
1998-04-19,40.13
1998-04-20,30.71
1998-04-21,64.2
1998-04-22,48.76
1998-04-23,67.66
1998-04-24,75.15
1998-04-25,60.5
1998-04-26,36.81
1998-04-27,65.38
1998-04-28,72.84
1998-04-29,50.15
1998-04-30,56.65
1998-05-01,74.76
1998-05-02,43.5
1998-05-03,47.32
1998-05-04,88.39
1998-05-05,55.65
1998-05-06,54.95
1998-05-07,66.52
1998-05-08,63.02
1998-05-09,63.76
1998-05-10,44.98
1998-05-11,99.14
1998-05-12,150.18
1998-05-13,199.97
1998-05-14,167.04
1998-05-15,154.14
1998-05-16,139.14
1998-05-17,84.94
1998-05-18,112.93
1998-05-19,119.88
1998-05-20,96.74
1998-05-21,84.06
1998-05-22,78.94
1998-05-23,89.03
1998-05-24,46.75
1998-05-25,82.71
1998-05-26,90.61
1998-05-27,92.51
1998-05-28,78.23
1998-05-29,156.81
1998-05-30,100.79
1998-05-31,90.07
1998-06-01,113.19
1998-06-02,78.05
1998-06-03,80.25
1998-06-04,75.47
1998-06-05,79.52
1998-06-06,63.59
1998-06-07,68.56
1998-06-08,126.31
1998-06-09,70.48
1998-06-10,110.42
1998-06-11,94.78
1998-06-12,107.57
1998-06-13,93.88
1998-06-14,66.31
1998-06-15,94.83
1998-06-16,96.35
1998-06-17,56.24
1998-06-18,75.34
1998-06-19,98.71
1998-06-20,46.83
1998-06-21,56.95
1998-06-22,49.99
1998-06-23,69.9
1998-06-24,88.19
1998-06-25,73.03
1998-06-26,57.46
1998-06-27,38.45
1998-06-28,39.87
1998-06-29,52.8
1998-06-30,39.84
1998-07-01,69.14
1998-07-02,59.38
1998-07-03,70.32
1998-07-04,56.05
1998-07-05,35.54
1998-07-06,56.49
1998-07-07,56.38
1998-07-08,70.35
1998-07-09,51.84
1998-07-10,67.54
1998-07-11,45.69
1998-07-12,32.6
1998-07-13,53.99
1998-07-14,35.13
1998-07-15,75.0
1998-07-16,56.34
1998-07-17,33.86
1998-07-18,42.22
1998-07-19,43.02
1998-07-20,51.51
1998-07-21,56.21
1998-07-22,58.46
1998-07-23,48.82
1998-07-24,49.49
1998-07-25,48.01
1998-07-26,62.38
1998-07-27,66.49
1998-07-28,76.3
1998-07-29,39.73
1998-07-30,63.7
1998-07-31,52.0
1998-08-01,57.55
1998-08-02,56.88
1998-08-03,72.19
1998-08-04,112.17
1998-08-05,112.51
1998-08-06,91.76
1998-08-07,80.12
1998-08-08,84.44
1998-08-09,94.94
1998-08-10,98.03
1998-08-11,101.06
1998-08-12,86.41
1998-08-13,64.66
1998-08-14,57.06
1998-08-15,82.32
1998-08-16,62.94
1998-08-17,145.22
1998-08-18,94.86
1998-08-19,79.32
1998-08-20,62.95
1998-08-21,202.75
1998-08-22,214.46
1998-08-23,115.0
1998-08-24,143.31
1998-08-25,135.13
1998-08-26,144.61
1998-08-27,66.36
1998-08-28,85.6
1998-08-29,55.81
1998-08-30,64.89
1998-08-31,59.37
1998-09-01,83.82
1998-09-02,95.76
1998-09-03,68.16
1998-09-04,60.81
1998-09-05,55.26
1998-09-06,66.19
1998-09-07,45.1
1998-09-08,68.2
1998-09-09,53.86
1998-09-10,63.7
1998-09-11,67.89
1998-09-12,76.3
1998-09-13,25.31
1998-09-14,65.6
1998-09-15,71.1
1998-09-16,53.0
1998-09-17,63.41
1998-09-18,54.07
1998-09-19,56.4
1998-09-20,36.6
1998-09-21,56.56
1998-09-22,60.29
1998-09-23,65.48
1998-09-24,80.17
1998-09-25,85.16
1998-09-26,50.72
1998-09-27,39.51
1998-09-28,48.21
1998-09-29,87.75
1998-09-30,44.01
1998-10-01,62.72
1998-10-02,54.4
1998-10-03,27.15
1998-10-04,40.36
1998-10-05,58.56
1998-10-06,73.9
1998-10-07,68.12
1998-10-08,60.23
1998-10-09,74.66
1998-10-10,52.14
1998-10-11,50.19
1998-10-12,32.98
1998-10-13,60.97
1998-10-14,53.38
1998-10-15,67.95
1998-10-16,31.09
1998-10-17,60.45
1998-10-18,30.45
1998-10-19,73.69
1998-10-20,88.73
1998-10-21,57.27
1998-10-22,57.41
1998-10-23,81.2
1998-10-24,45.17
1998-10-25,18.68
1998-10-26,76.06
1998-10-27,64.64
1998-10-28,40.4
1998-10-29,43.02
1998-10-30,50.96
1998-10-31,31.06
1998-11-01,39.54
1998-11-02,73.69
1998-11-03,75.81
1998-11-04,64.02
1998-11-05,60.18
1998-11-06,46.99
1998-11-07,90.42
1998-11-08,48.01
1998-11-09,51.54
1998-11-10,51.31
1998-11-11,71.33
1998-11-12,77.1
1998-11-13,94.56
1998-11-14,109.43
1998-11-15,57.27
1998-11-16,137.29
1998-11-17,96.58
1998-11-18,81.43
1998-11-19,61.51
1998-11-20,50.57
1998-11-21,55.9
1998-11-22,64.49
1998-11-23,67.82
1998-11-24,67.53
1998-11-25,62.28
1998-11-26,41.03
1998-11-27,64.35
1998-11-28,38.41
1998-11-29,60.53
1998-11-30,50.91
1998-12-01,41.93
1998-12-02,67.72
1998-12-03,41.62
1998-12-04,39.65
1998-12-05,41.73
1998-12-06,51.19
1998-12-07,28.28
1998-12-08,67.6
1998-12-09,54.85
1998-12-10,72.01
1998-12-11,25.81
1998-12-12,24.7
1998-12-13,39.91
1998-12-14,45.71
1998-12-15,56.48
1998-12-16,86.94
1998-12-17,155.89
1998-12-18,208.01
1998-12-19,119.43
1998-12-20,94.83
1998-12-21,140.88
1998-12-22,116.3
1998-12-23,111.35
1998-12-24,53.26
1998-12-25,71.24
1998-12-26,94.07
1998-12-27,73.7
1998-12-28,61.92
1998-12-29,93.67
1998-12-30,92.24
1998-12-31,87.94
1999-01-01,61.52
1999-01-02,42.57
1999-01-03,43.35
1999-01-04,54.95
1999-01-05,60.68
1999-01-06,62.19
1999-01-07,68.03
1999-01-08,70.81
1999-01-09,58.17
1999-01-10,76.73
1999-01-11,71.62
1999-01-12,76.67
1999-01-13,76.02
1999-01-14,94.64
1999-01-15,75.98
1999-01-16,77.87
1999-01-17,63.7
1999-01-18,66.02
1999-01-19,69.47
1999-01-20,50.33
1999-01-21,26.96
1999-01-22,68.17
1999-01-23,70.35
1999-01-24,47.41
1999-01-25,100.27
1999-01-26,68.8
1999-01-27,50.64
1999-01-28,58.94
1999-01-29,71.37
1999-01-30,61.67
1999-01-31,44.42
1999-02-01,67.37
1999-02-02,58.24
1999-02-03,58.17
1999-02-04,32.51
1999-02-05,46.35
1999-02-06,45.32
1999-02-07,48.82
1999-02-08,38.3
1999-02-09,56.87
1999-02-10,72.6
1999-02-11,66.79
1999-02-12,63.81
1999-02-13,60.37
1999-02-14,39.16
1999-02-15,65.21
1999-02-16,85.61
1999-02-17,65.65
1999-02-18,52.09
1999-02-19,50.05
1999-02-20,49.91
1999-02-21,44.51
1999-02-22,110.3
1999-02-23,93.56
1999-02-24,57.22
1999-02-25,52.86
1999-02-26,78.44
1999-02-27,48.76
1999-02-28,41.29
1999-03-01,88.9
1999-03-02,86.09
1999-03-03,71.62
1999-03-04,62.39
1999-03-05,45.17
1999-03-06,47.59
1999-03-07,51.81
1999-03-08,72.26
1999-03-09,59.75
1999-03-10,61.97
1999-03-11,104.15
1999-03-12,68.95
1999-03-13,54.62
1999-03-14,43.11
1999-03-15,76.31
1999-03-16,107.53
1999-03-17,85.49
1999-03-18,73.81
1999-03-19,83.97
1999-03-20,73.0
1999-03-21,62.5
1999-03-22,74.94
1999-03-23,99.04
1999-03-24,131.06
1999-03-25,127.63
1999-03-26,108.91
1999-03-27,110.52
1999-03-28,93.01
1999-03-29,133.11
1999-03-30,105.31
1999-03-31,100.82
1999-04-01,121.05
1999-04-02,89.63
1999-04-03,131.88
1999-04-04,65.76
1999-04-05,131.88
1999-04-06,135.43
1999-04-07,119.26
1999-04-08,116.18
1999-04-09,110.03
1999-04-10,120.28
1999-04-11,69.33
1999-04-12,92.88
1999-04-13,142.84
1999-04-14,126.71
1999-04-15,145.27
1999-04-16,107.31
1999-04-17,83.59
1999-04-18,48.44
1999-04-19,120.92
1999-04-20,143.04
1999-04-21,87.33
1999-04-22,67.32
1999-04-23,78.87
1999-04-24,75.01
1999-04-25,67.77
1999-04-26,111.66
1999-04-27,102.79
1999-04-28,112.73
1999-04-29,126.86
1999-04-30,110.62
1999-05-01,63.22
1999-05-02,71.85
1999-05-03,60.37
1999-05-04,84.76
1999-05-05,87.69
1999-05-06,87.47
1999-05-07,116.54
1999-05-08,70.55
1999-05-09,79.63
1999-05-10,60.02
1999-05-11,82.03
1999-05-12,98.62
1999-05-13,116.23
1999-05-14,85.93
1999-05-15,78.22
1999-05-16,75.8
1999-05-17,78.25
1999-05-18,89.88
1999-05-19,56.0
1999-05-20,72.84
1999-05-21,96.51
1999-05-22,103.62
1999-05-23,41.74
1999-05-24,41.36
1999-05-25,109.62
1999-05-26,137.9
1999-05-27,108.93
1999-05-28,104.46
1999-05-29,69.27
1999-05-30,50.64
1999-05-31,108.84
1999-06-01,92.81
1999-06-02,94.24
1999-06-03,75.79
1999-06-04,88.1
1999-06-05,108.5
1999-06-06,89.11
1999-06-07,87.56
1999-06-08,111.89
1999-06-09,97.0
1999-06-10,84.43
1999-06-11,127.84
1999-06-12,79.25
1999-06-13,69.09
1999-06-14,98.05
1999-06-15,87.51
1999-06-16,88.03
1999-06-17,83.03
1999-06-18,88.02
1999-06-19,44.13
1999-06-20,48.94
1999-06-21,74.4
1999-06-22,58.0
1999-06-23,72.41
1999-06-24,80.3
1999-06-25,80.66
1999-06-26,82.81
1999-06-27,44.01
1999-06-28,66.18
1999-06-29,95.65
1999-06-30,31.17
1999-07-01,69.8
1999-07-02,77.98
1999-07-03,43.24
1999-07-04,38.72
1999-07-05,53.64
1999-07-06,44.81
1999-07-07,58.77
1999-07-08,54.55
1999-07-09,81.18
1999-07-10,60.78
1999-07-11,69.1
1999-07-12,94.64
1999-07-13,80.14
1999-07-14,77.32
1999-07-15,101.28
1999-07-16,75.42
1999-07-17,41.89
1999-07-18,40.55
1999-07-19,56.21
1999-07-20,77.61
1999-07-21,68.27
1999-07-22,57.88
1999-07-23,45.24
1999-07-24,51.07
1999-07-25,28.45
1999-07-26,76.29
1999-07-27,87.85
1999-07-28,49.35
1999-07-29,59.26
1999-07-30,38.74
1999-07-31,45.0
1999-08-01,36.4
1999-08-02,56.69
1999-08-03,90.02
1999-08-04,73.89
1999-08-05,39.12
1999-08-06,63.16
1999-08-07,55.37
1999-08-08,61.5
1999-08-09,94.41
1999-08-10,87.67
1999-08-11,79.38
1999-08-12,71.07
1999-08-13,84.46
1999-08-14,106.64
1999-08-15,24.27
1999-08-16,81.29
1999-08-17,68.26
1999-08-18,67.75
1999-08-19,48.92
1999-08-20,63.82
1999-08-21,51.49
1999-08-22,37.83
1999-08-23,56.15
1999-08-24,77.73
1999-08-25,66.19
1999-08-26,50.19
1999-08-27,60.23
1999-08-28,46.21
1999-08-29,32.04
1999-08-30,81.36
1999-08-31,55.67
1999-09-01,55.62
1999-09-02,67.72
1999-09-03,74.19
1999-09-04,41.28
1999-09-05,41.1
1999-09-06,108.61
1999-09-07,91.28
1999-09-08,73.61
1999-09-09,53.7
1999-09-10,66.92
1999-09-11,82.26
1999-09-12,53.12
1999-09-13,107.21
1999-09-14,95.82
1999-09-15,60.67
1999-09-16,39.84
1999-09-17,70.67
1999-09-18,96.76
1999-09-19,62.28
1999-09-20,110.3
1999-09-21,66.46
1999-09-22,77.76
1999-09-23,66.75
1999-09-24,62.18
1999-09-25,83.7
1999-09-26,76.5
1999-09-27,65.6
1999-09-28,75.29
1999-09-29,68.88
1999-09-30,37.58
1999-10-01,90.72
1999-10-02,93.72
1999-10-03,45.75
1999-10-04,50.74
1999-10-05,62.44
1999-10-06,79.08
1999-10-07,91.78
1999-10-08,72.01
1999-10-09,73.34
1999-10-10,44.29
1999-10-11,110.66
1999-10-12,64.89
1999-10-13,76.05
1999-10-14,103.61
1999-10-15,88.76
1999-10-16,98.43
1999-10-17,69.61
1999-10-18,77.12
1999-10-19,81.91
1999-10-20,48.62
1999-10-21,46.21
1999-10-22,70.42
1999-10-23,43.02
1999-10-24,52.34
1999-10-25,62.24
1999-10-26,120.31
1999-10-27,74.07
1999-10-28,78.48
1999-10-29,63.04
1999-10-30,61.12
1999-10-31,39.83
1999-11-01,78.87
1999-11-02,45.42
1999-11-03,52.71
1999-11-04,53.38
1999-11-05,37.58
1999-11-06,57.32
1999-11-07,26.96
1999-11-08,44.76
1999-11-09,50.34
1999-11-10,55.65
1999-11-11,65.29
1999-11-12,44.01
1999-11-13,59.04
1999-11-14,18.4
1999-11-15,79.05
1999-11-16,64.76
1999-11-17,44.24
1999-11-18,61.69
1999-11-19,54.82
1999-11-20,78.8
1999-11-21,38.4
1999-11-22,48.36
1999-11-23,90.53
1999-11-24,90.94
1999-11-25,61.52
1999-11-26,70.55
1999-11-27,54.7
1999-11-28,40.3
1999-11-29,75.61
1999-11-30,91.4
1999-12-01,30.88
1999-12-02,51.4
1999-12-03,50.11
1999-12-04,71.38
1999-12-05,67.28
1999-12-06,56.56
1999-12-07,77.11
1999-12-08,65.4
1999-12-09,80.59
1999-12-10,98.11
1999-12-11,108.23
1999-12-12,69.82
1999-12-13,82.28
1999-12-14,112.29
1999-12-15,103.08
1999-12-16,76.71
1999-12-17,61.4
1999-12-18,154.56
1999-12-19,74.82
1999-12-20,115.09
1999-12-21,91.41
1999-12-22,89.86
1999-12-23,70.55
1999-12-24,83.07
1999-12-25,140.53
1999-12-26,115.05
1999-12-27,119.67
1999-12-28,187.32
1999-12-29,121.98
1999-12-30,83.77
1999-12-31,68.73
2000-01-01,123.08
2000-01-02,50.32
2000-01-03,101.02
2000-01-04,93.75
2000-01-05,47.57
2000-01-06,52.01
2000-01-07,41.67
2000-01-08,77.94
2000-01-09,57.64
2000-01-10,65.6
2000-01-11,55.52
2000-01-12,50.75
2000-01-13,65.7
2000-01-14,59.25
2000-01-15,52.72
2000-01-16,51.45
2000-01-17,54.13
2000-01-18,66.32
2000-01-19,82.59
2000-01-20,61.09
2000-01-21,75.09
2000-01-22,74.16
2000-01-23,54.95
2000-01-24,90.76
2000-01-25,60.58
2000-01-26,74.38
2000-01-27,66.86
2000-01-28,48.63
2000-01-29,45.11
2000-01-30,59.94
2000-01-31,79.3
2000-02-01,84.94
2000-02-02,64.05
2000-02-03,53.7
2000-02-04,61.5
2000-02-05,62.11
2000-02-06,59.22
2000-02-07,79.91
2000-02-08,124.31
2000-02-09,76.97
2000-02-10,61.44
2000-02-11,92.17
2000-02-12,80.79
2000-02-13,62.8
2000-02-14,76.28
2000-02-15,79.74
2000-02-16,65.11
2000-02-17,65.01
2000-02-18,48.8
2000-02-19,55.06
2000-02-20,45.38
2000-02-21,41.15
2000-02-22,63.04
2000-02-23,54.13
2000-02-24,34.87
2000-02-25,64.51
2000-02-26,48.59
2000-02-27,35.07
2000-02-28,65.24
2000-02-29,46.96
2000-03-01,58.63
2000-03-02,29.39
2000-03-03,51.76
2000-03-04,45.38
2000-03-05,33.35
2000-03-06,55.85
2000-03-07,44.29
2000-03-08,47.05
2000-03-09,64.9
2000-03-10,39.4
2000-03-11,55.85
2000-03-12,45.85
2000-03-13,40.69
2000-03-14,55.81
2000-03-15,41.8
2000-03-16,68.68
2000-03-17,73.13
2000-03-18,43.13
2000-03-19,50.57
2000-03-20,67.39
2000-03-21,59.15
2000-03-22,63.2
2000-03-23,48.2
2000-03-24,54.71
2000-03-25,42.76
2000-03-26,38.7
2000-03-27,57.17
2000-03-28,77.34
2000-03-29,20.82
2000-03-30,48.79
2000-03-31,47.14
2000-04-01,33.8
2000-04-02,49.5
2000-04-03,33.94
2000-04-04,36.67
2000-04-05,24.16
2000-04-06,26.67
2000-04-07,44.92
2000-04-08,23.49
2000-04-09,57.18
2000-04-10,36.2
2000-04-11,65.56
2000-04-12,51.27
2000-04-13,44.2
2000-04-14,53.29
2000-04-15,60.97
2000-04-16,55.03
2000-04-17,51.46
2000-04-18,44.0
2000-04-19,63.81
2000-04-20,37.83
2000-04-21,32.9
2000-04-22,51.46
2000-04-23,54.24
2000-04-24,106.61
2000-04-25,76.36
2000-04-26,42.18
2000-04-27,51.8
2000-04-28,66.14
2000-04-29,63.16
2000-04-30,50.78
2000-05-01,64.53
2000-05-02,42.47
2000-05-03,76.36
2000-05-04,75.82
2000-05-05,90.94
2000-05-06,86.44
2000-05-07,43.48
2000-05-08,95.96
2000-05-09,102.91
2000-05-10,93.16
2000-05-11,93.49
2000-05-12,97.1
2000-05-13,89.29
2000-05-14,30.6
2000-05-15,76.79
2000-05-16,117.2
2000-05-17,31.42
2000-05-18,98.05
2000-05-19,104.29
2000-05-20,65.96
2000-05-21,73.38
2000-05-22,116.42
2000-05-23,86.82
2000-05-24,89.77
2000-05-25,46.99
2000-05-26,75.11
2000-05-27,61.51
2000-05-28,69.66
2000-05-29,112.73
2000-05-30,78.78
2000-05-31,82.67
2000-06-01,114.41
2000-06-02,64.73
2000-06-03,74.67
2000-06-04,74.84
2000-06-05,108.49
2000-06-06,89.44
2000-06-07,67.76
2000-06-08,49.02
2000-06-09,50.47
2000-06-10,91.93
2000-06-11,60.57
2000-06-12,52.92
2000-06-13,71.88
2000-06-14,40.83
2000-06-15,67.55
2000-06-16,77.17
2000-06-17,57.53
2000-06-18,57.71
2000-06-19,67.17
2000-06-20,49.3
2000-06-21,71.9
2000-06-22,44.55
2000-06-23,36.25
2000-06-24,55.47
2000-06-25,62.21
2000-06-26,42.51
2000-06-27,46.22
2000-06-28,61.6
2000-06-29,49.52
2000-06-30,65.17
2000-07-01,63.7
2000-07-02,37.22
2000-07-03,32.73
2000-07-04,67.83
2000-07-05,77.94
2000-07-06,73.67
2000-07-07,66.6
2000-07-08,31.05
2000-07-09,47.72
2000-07-10,64.32
2000-07-11,45.6
2000-07-12,34.06
2000-07-13,62.34
2000-07-14,64.84
2000-07-15,48.91
2000-07-16,23.75
2000-07-17,56.75
2000-07-18,31.97
2000-07-19,63.04
2000-07-20,65.57
2000-07-21,22.83
2000-07-22,62.56
2000-07-23,26.53
2000-07-24,57.74
2000-07-25,50.43
2000-07-26,39.0
2000-07-27,74.02
2000-07-28,38.83
2000-07-29,68.75
2000-07-30,36.97
2000-07-31,47.8
2000-08-01,55.65
2000-08-02,55.11
2000-08-03,45.49
2000-08-04,55.8
2000-08-05,34.19
2000-08-06,11.36
2000-08-07,35.53
2000-08-08,73.07
2000-08-09,59.21
2000-08-10,56.88
2000-08-11,38.31
2000-08-12,38.86
2000-08-13,34.51
2000-08-14,41.76
2000-08-15,67.06
2000-08-16,57.11
2000-08-17,39.47
2000-08-18,32.45
2000-08-19,33.8
2000-08-20,27.67
2000-08-21,46.71
2000-08-22,46.96
2000-08-23,45.92
2000-08-24,45.18
2000-08-25,50.92
2000-08-26,45.51
2000-08-27,47.38
2000-08-28,100.5
2000-08-29,50.46
2000-08-30,58.01
2000-08-31,42.07
2000-09-01,45.34
2000-09-02,63.76
2000-09-03,38.56
2000-09-04,52.45
2000-09-05,52.97
2000-09-06,54.75
2000-09-07,39.91
2000-09-08,36.84
2000-09-09,59.42
2000-09-10,38.56
2000-09-11,59.75
2000-09-12,69.61
2000-09-13,60.9
2000-09-14,53.63
2000-09-15,60.37
2000-09-16,74.41
2000-09-17,56.69
2000-09-18,95.46
2000-09-19,64.21
2000-09-20,60.27
2000-09-21,51.0
2000-09-22,59.46
2000-09-23,51.05
2000-09-24,38.68
2000-09-25,44.38
2000-09-26,55.26
2000-09-27,45.23
2000-09-28,21.76
2000-09-29,32.67
2000-09-30,45.38
2000-10-01,37.68
2000-10-02,39.24
2000-10-03,66.31
2000-10-04,71.06
2000-10-05,42.3
2000-10-06,82.25
2000-10-07,90.8
2000-10-08,65.24
2000-10-09,114.97
2000-10-10,103.62
2000-10-11,82.2
2000-10-12,28.65
2000-10-13,195.98
2000-10-14,117.47
2000-10-15,80.71
2000-10-16,110.09
2000-10-17,96.69
2000-10-18,77.66
2000-10-19,72.33
2000-10-20,57.73
2000-10-21,97.17
2000-10-22,48.66
2000-10-23,85.02
2000-10-24,65.13
2000-10-25,45.73
2000-10-26,64.76
2000-10-27,35.33
2000-10-28,59.15
2000-10-29,40.04
2000-10-30,59.75
2000-10-31,86.54
2000-11-01,50.88
2000-11-02,42.63
2000-11-03,75.16
2000-11-04,23.0
2000-11-05,20.49
2000-11-06,54.36
2000-11-07,45.07
2000-11-08,60.38
2000-11-09,44.27
2000-11-10,33.78
2000-11-11,35.78
2000-11-12,25.12
2000-11-13,43.06
2000-11-14,47.85
2000-11-15,32.48
2000-11-16,23.59
2000-11-17,29.72
2000-11-18,39.18
2000-11-19,48.46
2000-11-20,59.21
2000-11-21,54.06
2000-11-22,69.8
2000-11-23,56.48
2000-11-24,80.65
2000-11-25,47.05
2000-11-26,29.94
2000-11-27,37.72
2000-11-28,59.21
2000-11-29,47.68
2000-11-30,46.15
2000-12-01,25.29
2000-12-02,45.8
2000-12-03,47.43
2000-12-04,44.26
2000-12-05,27.78
2000-12-06,49.65
2000-12-07,26.46
2000-12-08,49.52
2000-12-09,30.5
2000-12-10,60.75
2000-12-11,59.51
2000-12-12,37.89
2000-12-13,50.15
2000-12-14,42.44
2000-12-15,58.41
2000-12-16,34.12
2000-12-17,39.48
2000-12-18,58.31
2000-12-19,46.42
2000-12-20,71.74
2000-12-21,75.59
2000-12-22,38.66
2000-12-23,21.51
2000-12-24,55.14
2000-12-25,34.33
2000-12-26,40.47
2000-12-27,60.89
2000-12-28,56.21
2000-12-29,53.2
2000-12-30,36.14
2000-12-31,48.33
2001-01-01,47.55
2001-01-02,48.01
2001-01-03,31.82
2001-01-04,55.39
2001-01-05,66.86
2001-01-06,53.28
2001-01-07,42.38
2001-01-08,57.61
2001-01-09,59.38
2001-01-10,45.01
2001-01-11,60.47
2001-01-12,55.77
2001-01-13,47.49
2001-01-14,57.74
2001-01-15,50.43
2001-01-16,64.82
2001-01-17,44.02
2001-01-18,44.7
2001-01-19,43.59
2001-01-20,71.06
2001-01-21,16.76
2001-01-22,28.43
2001-01-23,62.56
2001-01-24,52.95
2001-01-25,37.83
2001-01-26,36.53
2001-01-27,48.97
2001-01-28,37.03
2001-01-29,36.16
2001-01-30,15.29
2001-01-31,47.83
2001-02-01,45.34
2001-02-02,59.15
2001-02-03,23.87
2001-02-04,50.19
2001-02-05,44.61
2001-02-06,71.01
2001-02-07,28.58
2001-02-08,33.18
2001-02-09,36.68
2001-02-10,25.68
2001-02-11,41.36
2001-02-12,56.63
2001-02-13,48.01
2001-02-14,39.4
2001-02-15,55.21
2001-02-16,34.33
2001-02-17,121.37
2001-02-18,43.28
2001-02-19,153.4
2001-02-20,93.17
2001-02-21,80.58
2001-02-22,60.87
2001-02-23,69.07
2001-02-24,71.51
2001-02-25,34.65
2001-02-26,33.39
2001-02-27,52.83
2001-02-28,70.06
2001-03-01,43.49
2001-03-02,85.82
2001-03-03,51.8
2001-03-04,51.01
2001-03-05,61.99
2001-03-06,52.43
2001-03-07,62.61
2001-03-08,49.37
2001-03-09,48.48
2001-03-10,58.73
2001-03-11,45.0
2001-03-12,57.61
2001-03-13,82.98
2001-03-14,67.11
2001-03-15,55.61
2001-03-16,90.24
2001-03-17,79.33
2001-03-18,24.36
2001-03-19,59.47
2001-03-20,51.05
2001-03-21,66.87
2001-03-22,63.47
2001-03-23,62.29
2001-03-24,58.27
2001-03-25,69.59
2001-03-26,86.32
2001-03-27,79.71
2001-03-28,55.45
2001-03-29,62.45
2001-03-30,70.14
2001-03-31,60.33
2001-04-01,38.56
2001-04-02,42.06
2001-04-03,56.2
2001-04-04,56.5
2001-04-05,54.34
2001-04-06,50.75
2001-04-07,37.01
2001-04-08,32.55
2001-04-09,31.65
2001-04-10,45.87
2001-04-11,33.13
2001-04-12,45.03
2001-04-13,38.32
2001-04-14,42.51
2001-04-15,52.13
2001-04-16,81.27
2001-04-17,72.24
2001-04-18,61.34
2001-04-19,33.72
2001-04-20,47.03
2001-04-21,43.82
2001-04-22,35.09
2001-04-23,48.71
2001-04-24,45.29
2001-04-25,81.61
2001-04-26,56.41
2001-04-27,60.68
2001-04-28,42.61
2001-04-29,65.74
2001-04-30,38.64
2001-05-01,43.06
2001-05-02,84.64
2001-05-03,68.38
2001-05-04,86.78
2001-05-05,48.4
2001-05-06,48.92
2001-05-07,70.01
2001-05-08,85.38
2001-05-09,90.08
2001-05-10,42.89
2001-05-11,58.65
2001-05-12,47.28
2001-05-13,51.24
2001-05-14,49.76
2001-05-15,37.54
2001-05-16,52.26
2001-05-17,71.0
2001-05-18,64.62
2001-05-19,49.48
2001-05-20,56.09
2001-05-21,52.19
2001-05-22,59.1
2001-05-23,48.36
2001-05-24,50.72
2001-05-25,49.35
2001-05-26,70.55
2001-05-27,45.64
2001-05-28,83.34
2001-05-29,74.44
2001-05-30,60.61
2001-05-31,57.75
2001-06-01,72.94
2001-06-02,86.26
2001-06-03,69.09
2001-06-04,80.7
2001-06-05,83.13
2001-06-06,58.79
2001-06-07,63.36
2001-06-08,69.07
2001-06-09,63.13
2001-06-10,74.56
2001-06-11,96.34
2001-06-12,98.08
2001-06-13,89.29
2001-06-14,64.5
2001-06-15,64.15
2001-06-16,75.7
2001-06-17,42.32
2001-06-18,75.61
2001-06-19,83.23
2001-06-20,94.73
2001-06-21,86.53
2001-06-22,47.41
2001-06-23,102.69
2001-06-24,47.32
2001-06-25,62.23
2001-06-26,68.74
2001-06-27,70.61
2001-06-28,65.99
2001-06-29,41.78
2001-06-30,29.98
2001-07-01,35.12
2001-07-02,91.49
2001-07-03,77.12
2001-07-04,74.75
2001-07-05,86.0
2001-07-06,75.72
2001-07-07,49.49
2001-07-08,48.18
2001-07-09,26.2
2001-07-10,43.9
2001-07-11,50.34
2001-07-12,37.98
2001-07-13,61.94
2001-07-14,62.07
2001-07-15,59.87
2001-07-16,96.97
2001-07-17,58.72
2001-07-18,66.89
2001-07-19,62.91
2001-07-20,52.29
2001-07-21,43.55
2001-07-22,61.06
2001-07-23,60.78
2001-07-24,85.29
2001-07-25,78.7
2001-07-26,59.73
2001-07-27,63.01
2001-07-28,55.36
2001-07-29,36.05
2001-07-30,49.94
2001-07-31,48.12
2001-08-01,52.17
2001-08-02,70.18
2001-08-03,38.26
2001-08-04,52.79
2001-08-05,58.8
2001-08-06,51.63
2001-08-07,25.97
2001-08-08,56.26
2001-08-09,51.98
2001-08-10,85.26
2001-08-11,87.08
2001-08-12,67.45
2001-08-13,103.88
2001-08-14,101.15
2001-08-15,92.75
2001-08-16,66.2
2001-08-17,57.39
2001-08-18,46.05
2001-08-19,60.74
2001-08-20,42.87
2001-08-21,62.78
2001-08-22,66.63
2001-08-23,65.29
2001-08-24,86.67
2001-08-25,64.03
2001-08-26,52.82
2001-08-27,56.83
2001-08-28,79.14
2001-08-29,57.7
2001-08-30,55.77
2001-08-31,71.69
2001-09-01,46.52
2001-09-02,47.78
2001-09-03,78.77
2001-09-04,59.48
2001-09-05,39.15
2001-09-06,37.73
2001-09-07,70.12
2001-09-08,41.13
2001-09-09,20.6
2001-09-10,38.24
2001-09-11,154.07
2001-09-12,725.51
2001-09-13,633.48
2001-09-14,667.81
2001-09-15,577.85
2001-09-16,327.4
2001-09-17,744.77
2001-09-18,851.1
2001-09-19,755.6
2001-09-20,771.03
2001-09-21,870.98
2001-09-22,768.99
2001-09-23,482.63
2001-09-24,789.36
2001-09-25,1045.6
2001-09-26,930.53
2001-09-27,786.58
2001-09-28,776.38
2001-09-29,614.33
2001-09-30,421.21
2001-10-01,617.37
2001-10-02,769.49
2001-10-03,818.96
2001-10-04,702.59
2001-10-05,687.97
2001-10-06,588.0
2001-10-07,339.49
2001-10-08,616.22
2001-10-09,706.4
2001-10-10,566.55
2001-10-11,496.64
2001-10-12,588.47
2001-10-13,478.71
2001-10-14,290.2
2001-10-15,449.56
2001-10-16,630.97
2001-10-17,618.74
2001-10-18,530.52
2001-10-19,455.73
2001-10-20,414.45
2001-10-21,229.08
2001-10-22,422.81
2001-10-23,524.18
2001-10-24,505.96
2001-10-25,405.52
2001-10-26,434.08
2001-10-27,314.12
2001-10-28,226.56
2001-10-29,335.32
2001-10-30,381.04
2001-10-31,480.0
2001-11-01,399.28
2001-11-02,385.82
2001-11-03,303.44
2001-11-04,225.78
2001-11-05,279.09
2001-11-06,430.88
2001-11-07,419.39
2001-11-08,269.07
2001-11-09,325.32
2001-11-10,274.57
2001-11-11,290.7
2001-11-12,289.73
2001-11-13,445.86
2001-11-14,381.34
2001-11-15,273.18
2001-11-16,293.02
2001-11-17,263.27
2001-11-18,190.91
2001-11-19,257.04
2001-11-20,332.89
2001-11-21,282.94
2001-11-22,260.6
2001-11-23,294.45
2001-11-24,191.48
2001-11-25,214.23
2001-11-26,206.59
2001-11-27,297.28
2001-11-28,360.98
2001-11-29,208.19
2001-11-30,238.01
2001-12-01,192.17
2001-12-02,172.99
2001-12-03,212.03
2001-12-04,280.51
2001-12-05,269.59
2001-12-06,231.7
2001-12-07,252.41
2001-12-08,218.91
2001-12-09,220.59
2001-12-10,246.57
2001-12-11,239.95
2001-12-12,279.69
2001-12-13,261.95
2001-12-14,301.41
2001-12-15,193.55
2001-12-16,221.84
2001-12-17,253.74
2001-12-18,215.06
2001-12-19,199.82
2001-12-20,245.17
2001-12-21,229.58
2001-12-22,222.79
2001-12-23,177.75
2001-12-24,213.46
2001-12-25,285.72
2001-12-26,188.34
2001-12-27,263.37
2001-12-28,263.67
2001-12-29,235.49
2001-12-30,180.76
2001-12-31,197.33
2002-01-01,289.4
2002-01-02,232.91
2002-01-03,196.56
2002-01-04,187.88
2002-01-05,150.26
2002-01-06,109.77
2002-01-07,175.1
2002-01-08,172.46
2002-01-09,183.32
2002-01-10,215.1
2002-01-11,211.82
2002-01-12,106.76
2002-01-13,118.17
2002-01-14,197.22
2002-01-15,186.35
2002-01-16,159.03
2002-01-17,208.58
2002-01-18,179.68
2002-01-19,146.46
2002-01-20,114.23
2002-01-21,148.09
2002-01-22,183.62
2002-01-23,163.93
2002-01-24,144.86
2002-01-25,138.53
2002-01-26,155.13
2002-01-27,113.06
2002-01-28,152.35
2002-01-29,181.03
2002-01-30,144.94
2002-01-31,202.98
2002-02-01,165.49
2002-02-02,130.92
2002-02-03,108.37
2002-02-04,106.03
2002-02-05,150.85
2002-02-06,176.87
2002-02-07,178.07
2002-02-08,116.33
2002-02-09,139.16
2002-02-10,123.19
2002-02-11,153.66
2002-02-12,175.17
2002-02-13,211.82
2002-02-14,154.38
2002-02-15,154.5
2002-02-16,85.33
2002-02-17,80.37
2002-02-18,100.87
2002-02-19,180.07
2002-02-20,152.93
2002-02-21,179.2
2002-02-22,160.47
2002-02-23,140.96
2002-02-24,98.78
2002-02-25,159.69
2002-02-26,146.34
2002-02-27,142.01
2002-02-28,143.91
2002-03-01,130.83
2002-03-02,127.98
2002-03-03,139.77
2002-03-04,227.93
2002-03-05,164.66
2002-03-06,137.54
2002-03-07,140.68
2002-03-08,145.26
2002-03-09,163.17
2002-03-10,132.36
2002-03-11,228.33
2002-03-12,218.93
2002-03-13,190.65
2002-03-14,151.4
2002-03-15,158.84
2002-03-16,118.31
2002-03-17,120.72
2002-03-18,184.03
2002-03-19,132.24
2002-03-20,176.2
2002-03-21,136.2
2002-03-22,160.06
2002-03-23,102.8
2002-03-24,145.45
2002-03-25,115.09
2002-03-26,124.75
2002-03-27,135.93
2002-03-28,82.54
2002-03-29,161.51
2002-03-30,175.69
2002-03-31,128.61
2002-04-01,156.44
2002-04-02,194.0
2002-04-03,175.52
2002-04-04,238.62
2002-04-05,201.63
2002-04-06,135.64
2002-04-07,150.74
2002-04-08,185.45
2002-04-09,200.57
2002-04-10,172.04
2002-04-11,195.67
2002-04-12,151.5
2002-04-13,181.94
2002-04-14,139.86
2002-04-15,187.64
2002-04-16,203.75
2002-04-17,96.57
2002-04-18,147.28
2002-04-19,193.63
2002-04-20,140.31
2002-04-21,104.22
2002-04-22,118.97
2002-04-23,129.71
2002-04-24,114.12
2002-04-25,106.27
2002-04-26,126.95
2002-04-27,84.4
2002-04-28,113.96
2002-04-29,120.46
2002-04-30,156.22
2002-05-01,123.69
2002-05-02,120.86
2002-05-03,135.76
2002-05-04,135.66
2002-05-05,146.99
2002-05-06,155.93
2002-05-07,178.97
2002-05-08,163.12
2002-05-09,196.93
2002-05-10,117.88
2002-05-11,125.64
2002-05-12,119.1
2002-05-13,162.79
2002-05-14,189.75
2002-05-15,167.72
2002-05-16,186.93
2002-05-17,139.67
2002-05-18,170.66
2002-05-19,111.98
2002-05-20,154.43
2002-05-21,187.76
2002-05-22,209.66
2002-05-23,209.38
2002-05-24,166.8
2002-05-25,150.43
2002-05-26,95.59
2002-05-27,217.67
2002-05-28,193.43
2002-05-29,178.71
2002-05-30,188.43
2002-05-31,131.78
2002-06-01,148.1
2002-06-02,116.03
2002-06-03,196.47
2002-06-04,155.93
2002-06-05,175.32
2002-06-06,151.06
2002-06-07,209.43
2002-06-08,125.68
2002-06-09,114.35
2002-06-10,148.88
2002-06-11,188.63
2002-06-12,154.96
2002-06-13,165.09
2002-06-14,141.88
2002-06-15,225.86
2002-06-16,93.41
2002-06-17,177.12
2002-06-18,130.8
2002-06-19,192.73
2002-06-20,153.1
2002-06-21,147.36
2002-06-22,103.61
2002-06-23,90.24
2002-06-24,161.4
2002-06-25,191.23
2002-06-26,161.81
2002-06-27,131.97
2002-06-28,99.78
2002-06-29,105.3
2002-06-30,76.38
2002-07-01,121.24
2002-07-02,138.87
2002-07-03,102.74
2002-07-04,154.0
2002-07-05,148.07
2002-07-06,174.17
2002-07-07,87.88
2002-07-08,105.22
2002-07-09,107.98
2002-07-10,100.48
2002-07-11,111.35
2002-07-12,141.1
2002-07-13,103.32
2002-07-14,111.96
2002-07-15,113.15
2002-07-16,103.72
2002-07-17,109.51
2002-07-18,121.23
2002-07-19,118.19
2002-07-20,113.9
2002-07-21,134.66
2002-07-22,94.75
2002-07-23,87.65
2002-07-24,129.4
2002-07-25,126.85
2002-07-26,100.1
2002-07-27,126.38
2002-07-28,85.84
2002-07-29,114.09
2002-07-30,164.48
2002-07-31,148.47
2002-08-01,132.86
2002-08-02,132.5
2002-08-03,183.65
2002-08-04,106.48
2002-08-05,127.72
2002-08-06,171.07
2002-08-07,172.0
2002-08-08,173.86
2002-08-09,106.64
2002-08-10,162.58
2002-08-11,93.97
2002-08-12,156.44
2002-08-13,118.44
2002-08-14,101.44
2002-08-15,86.19
2002-08-16,119.85
2002-08-17,93.5
2002-08-18,91.9
2002-08-19,66.02
2002-08-20,151.78
2002-08-21,155.44
2002-08-22,142.13
2002-08-23,130.64
2002-08-24,121.7
2002-08-25,116.56
2002-08-26,137.16
2002-08-27,128.64
2002-08-28,122.08
2002-08-29,105.93
2002-08-30,113.78
2002-08-31,114.12
2002-09-01,80.17
2002-09-02,146.46
2002-09-03,114.62
2002-09-04,188.65
2002-09-05,185.39
2002-09-06,152.23
2002-09-07,174.69
2002-09-08,119.03
2002-09-09,157.57
2002-09-10,225.34
2002-09-11,198.02
2002-09-12,189.82
2002-09-13,301.14
2002-09-14,195.87
2002-09-15,127.41
2002-09-16,151.69
2002-09-17,205.88
2002-09-18,236.17
2002-09-19,186.92
2002-09-20,191.86
2002-09-21,133.69
2002-09-22,93.05
2002-09-23,128.32
2002-09-24,216.18
2002-09-25,237.25
2002-09-26,140.04
2002-09-27,255.03
2002-09-28,132.62
2002-09-29,82.81
2002-09-30,159.6
2002-10-01,155.42
2002-10-02,134.17
2002-10-03,138.47
2002-10-04,168.68
2002-10-05,148.06
2002-10-06,80.54
2002-10-07,203.37
2002-10-08,187.33
2002-10-09,209.03
2002-10-10,178.04
2002-10-11,178.91
2002-10-12,200.94
2002-10-13,136.18
2002-10-14,183.22
2002-10-15,195.05
2002-10-16,158.86
2002-10-17,187.31
2002-10-18,271.0
2002-10-19,168.39
2002-10-20,169.61
2002-10-21,166.69
2002-10-22,135.34
2002-10-23,161.52
2002-10-24,144.02
2002-10-25,201.68
2002-10-26,191.54
2002-10-27,118.07
2002-10-28,174.35
2002-10-29,176.87
2002-10-30,154.14
2002-10-31,140.38
2002-11-01,169.15
2002-11-02,99.69
2002-11-03,67.6
2002-11-04,94.85
2002-11-05,143.18
2002-11-06,182.94
2002-11-07,155.12
2002-11-08,160.75
2002-11-09,168.89
2002-11-10,91.08
2002-11-11,164.71
2002-11-12,156.81
2002-11-13,192.52
2002-11-14,216.92
2002-11-15,194.86
2002-11-16,196.58
2002-11-17,142.36
2002-11-18,181.79
2002-11-19,216.77
2002-11-20,123.65
2002-11-21,142.72
2002-11-22,147.59
2002-11-23,178.75
2002-11-24,123.96
2002-11-25,130.19
2002-11-26,168.44
2002-11-27,142.68
2002-11-28,147.88
2002-11-29,198.88
2002-11-30,180.16
2002-12-01,117.52
2002-12-02,176.12
2002-12-03,174.35
2002-12-04,172.23
2002-12-05,200.52
2002-12-06,216.98
2002-12-07,102.48
2002-12-08,88.61
2002-12-09,135.85
2002-12-10,175.52
2002-12-11,177.72
2002-12-12,171.69
2002-12-13,165.34
2002-12-14,157.45
2002-12-15,84.67
2002-12-16,152.83
2002-12-17,176.88
2002-12-18,201.61
2002-12-19,175.63
2002-12-20,276.05
2002-12-21,183.49
2002-12-22,150.92
2002-12-23,189.76
2002-12-24,273.16
2002-12-25,193.87
2002-12-26,206.75
2002-12-27,203.79
2002-12-28,194.86
2002-12-29,138.83
2002-12-30,162.63
2002-12-31,228.61
2003-01-01,282.24
2003-01-02,183.23
2003-01-03,171.76
2003-01-04,162.86
2003-01-05,161.77
2003-01-06,117.88
2003-01-07,209.53
2003-01-08,202.43
2003-01-09,175.07
2003-01-10,245.27
2003-01-11,209.21
2003-01-12,110.65
2003-01-13,202.41
2003-01-14,193.0
2003-01-15,242.03
2003-01-16,177.98
2003-01-17,241.23
2003-01-18,166.2
2003-01-19,96.48
2003-01-20,210.03
2003-01-21,229.15
2003-01-22,226.73
2003-01-23,184.46
2003-01-24,247.88
2003-01-25,246.11
2003-01-26,171.4
2003-01-27,258.56
2003-01-28,285.57
2003-01-29,257.61
2003-01-30,264.37
2003-01-31,230.36
2003-02-01,202.2
2003-02-02,113.42
2003-02-03,167.59
2003-02-04,206.44
2003-02-05,196.58
2003-02-06,211.49
2003-02-07,257.03
2003-02-08,201.58
2003-02-09,110.9
2003-02-10,180.55
2003-02-11,213.41
2003-02-12,296.34
2003-02-13,334.66
2003-02-14,344.46
2003-02-15,317.92
2003-02-16,172.04
2003-02-17,290.78
2003-02-18,342.68
2003-02-19,242.38
2003-02-20,239.5
2003-02-21,227.28
2003-02-22,267.05
2003-02-23,197.71
2003-02-24,186.14
2003-02-25,338.82
2003-02-26,284.53
2003-02-27,228.99
2003-02-28,240.86
2003-03-01,189.62
2003-03-02,139.92
2003-03-03,247.1
2003-03-04,326.09
2003-03-05,338.19
2003-03-06,285.29
2003-03-07,313.06
2003-03-08,299.56
2003-03-09,184.03
2003-03-10,327.62
2003-03-11,309.09
2003-03-12,347.37
2003-03-13,262.22
2003-03-14,336.59
2003-03-15,268.67
2003-03-16,216.62
2003-03-17,344.84
2003-03-18,554.58
2003-03-19,540.06
2003-03-20,478.95
2003-03-21,595.03
2003-03-22,441.29
2003-03-23,255.06
2003-03-24,441.45
2003-03-25,516.67
2003-03-26,417.85
2003-03-27,482.87
2003-03-28,373.54
2003-03-29,347.19
2003-03-30,207.04
2003-03-31,439.02
2003-04-01,512.38
2003-04-02,428.78
2003-04-03,356.86
2003-04-04,394.21
2003-04-05,261.08
2003-04-06,206.43
2003-04-07,277.46
2003-04-08,339.98
2003-04-09,354.19
2003-04-10,287.74
2003-04-11,319.09
2003-04-12,240.04
2003-04-13,199.28
2003-04-14,263.3
2003-04-15,280.67
2003-04-16,280.17
2003-04-17,229.66
2003-04-18,234.46
2003-04-19,193.57
2003-04-20,166.01
2003-04-21,199.16
2003-04-22,174.88
2003-04-23,184.36
2003-04-24,172.42
2003-04-25,214.84
2003-04-26,167.83
2003-04-27,120.28
2003-04-28,141.5
2003-04-29,159.49
2003-04-30,225.66
2003-05-01,201.63
2003-05-02,154.07
2003-05-03,140.55
2003-05-04,100.38
2003-05-05,175.33
2003-05-06,160.29
2003-05-07,155.23
2003-05-08,145.43
2003-05-09,192.16
2003-05-10,131.27
2003-05-11,104.04
2003-05-12,182.05
2003-05-13,167.4
2003-05-14,222.93
2003-05-15,224.32
2003-05-16,210.05
2003-05-17,152.72
2003-05-18,111.66
2003-05-19,144.02
2003-05-20,195.05
2003-05-21,186.1
2003-05-22,207.52
2003-05-23,189.29
2003-05-24,132.04
2003-05-25,126.43
2003-05-26,152.4
2003-05-27,126.3
2003-05-28,148.32
2003-05-29,126.14
2003-05-30,143.5
2003-05-31,141.44
2003-06-01,86.09
2003-06-02,150.92
2003-06-03,205.26
2003-06-04,186.19
2003-06-05,166.03
2003-06-06,172.53
2003-06-07,123.5
2003-06-08,87.88
2003-06-09,150.4
2003-06-10,172.5
2003-06-11,158.88
2003-06-12,172.36
2003-06-13,139.18
2003-06-14,94.96
2003-06-15,65.6
2003-06-16,173.57
2003-06-17,146.94
2003-06-18,176.98
2003-06-19,164.94
2003-06-20,156.14
2003-06-21,113.65
2003-06-22,111.7
2003-06-23,141.29
2003-06-24,155.85
2003-06-25,226.12
2003-06-26,167.0
2003-06-27,150.3
2003-06-28,95.81
2003-06-29,108.49
2003-06-30,150.57
2003-07-01,154.61
2003-07-02,176.5
2003-07-03,119.14
2003-07-04,150.41
2003-07-05,73.83
2003-07-06,71.04
2003-07-07,88.9
2003-07-08,190.15
2003-07-09,145.82
2003-07-10,147.48
2003-07-11,95.22
2003-07-12,114.02
2003-07-13,88.53
2003-07-14,143.31
2003-07-15,147.01
2003-07-16,141.79
2003-07-17,138.02
2003-07-18,132.39
2003-07-19,111.12
2003-07-20,139.86
2003-07-21,165.02
2003-07-22,134.77
2003-07-23,170.66
2003-07-24,125.43
2003-07-25,159.49
2003-07-26,110.11
2003-07-27,79.32
2003-07-28,134.13
2003-07-29,178.57
2003-07-30,191.42
2003-07-31,134.59
2003-08-01,153.79
2003-08-02,95.55
2003-08-03,117.16
2003-08-04,161.49
2003-08-05,107.45
2003-08-06,152.3
2003-08-07,136.01
2003-08-08,150.86
2003-08-09,119.11
2003-08-10,112.04
2003-08-11,134.56
2003-08-12,144.33
2003-08-13,179.58
2003-08-14,150.97
2003-08-15,218.31
2003-08-16,138.87
2003-08-17,76.87
2003-08-18,139.31
2003-08-19,162.8
2003-08-20,208.79
2003-08-21,117.31
2003-08-22,134.41
2003-08-23,127.06
2003-08-24,73.38
2003-08-25,129.43
2003-08-26,195.97
2003-08-27,164.56
2003-08-28,139.65
2003-08-29,114.12
2003-08-30,103.81
2003-08-31,99.45
2003-09-01,154.59
2003-09-02,151.92
2003-09-03,132.26
2003-09-04,99.16
2003-09-05,133.41
2003-09-06,79.68
2003-09-07,81.71
2003-09-08,165.08
2003-09-09,157.89
2003-09-10,159.71
2003-09-11,97.43
2003-09-12,126.28
2003-09-13,150.18
2003-09-14,64.75
2003-09-15,111.35
2003-09-16,133.72
2003-09-17,122.79
2003-09-18,128.59
2003-09-19,115.17
2003-09-20,93.51
2003-09-21,98.43
2003-09-22,116.23
2003-09-23,105.35
2003-09-24,150.31
2003-09-25,110.16
2003-09-26,119.2
2003-09-27,67.43
2003-09-28,82.98
2003-09-29,131.3
2003-09-30,120.98
2003-10-01,83.62
2003-10-02,114.32
2003-10-03,133.13
2003-10-04,76.64
2003-10-05,71.45
2003-10-06,135.82
2003-10-07,126.36
2003-10-08,88.89
2003-10-09,77.25
2003-10-10,137.34
2003-10-11,84.17
2003-10-12,78.48
2003-10-13,129.84
2003-10-14,123.98
2003-10-15,113.09
2003-10-16,130.32
2003-10-17,110.51
2003-10-18,84.22
2003-10-19,89.81
2003-10-20,115.71
2003-10-21,154.49
2003-10-22,163.69
2003-10-23,120.77
2003-10-24,133.06
2003-10-25,66.37
2003-10-26,65.63
2003-10-27,101.59
2003-10-28,112.82
2003-10-29,128.7
2003-10-30,74.47
2003-10-31,107.63
2003-11-01,85.43
2003-11-02,70.91
2003-11-03,151.24
2003-11-04,122.46
2003-11-05,109.34
2003-11-06,95.63
2003-11-07,86.49
2003-11-08,83.23
2003-11-09,117.08
2003-11-10,128.72
2003-11-11,151.93
2003-11-12,95.5
2003-11-13,120.31
2003-11-14,101.61
2003-11-15,78.95
2003-11-16,84.42
2003-11-17,129.64
2003-11-18,152.06
2003-11-19,134.97
2003-11-20,131.66
2003-11-21,203.21
2003-11-22,171.89
2003-11-23,100.79
2003-11-24,131.9
2003-11-25,101.44
2003-11-26,105.75
2003-11-27,119.7
2003-11-28,143.21
2003-11-29,123.14
2003-11-30,85.61
2003-12-01,143.39
2003-12-02,120.28
2003-12-03,166.86
2003-12-04,134.11
2003-12-05,112.19
2003-12-06,112.93
2003-12-07,111.07
2003-12-08,82.53
2003-12-09,80.17
2003-12-10,143.15
2003-12-11,109.38
2003-12-12,133.43
2003-12-13,93.48
2003-12-14,69.81
2003-12-15,130.19
2003-12-16,138.41
2003-12-17,133.35
2003-12-18,81.55
2003-12-19,156.91
2003-12-20,144.02
2003-12-21,108.18
2003-12-22,177.01
2003-12-23,171.54
2003-12-24,186.51
2003-12-25,128.89
2003-12-26,151.01
2003-12-27,105.85
2003-12-28,131.75
2003-12-29,184.28
2003-12-30,191.78
2003-12-31,156.76
2004-01-01,213.87
2004-01-02,165.04
2004-01-03,177.88
2004-01-04,134.97
2004-01-05,102.53
2004-01-06,128.37
2004-01-07,148.56
2004-01-08,128.04
2004-01-09,144.02
2004-01-10,122.36
2004-01-11,66.32
2004-01-12,73.86
2004-01-13,147.09
2004-01-14,97.6
2004-01-15,119.83
2004-01-16,95.97
2004-01-17,84.58
2004-01-18,62.63
2004-01-19,89.24
2004-01-20,101.2
2004-01-21,85.47
2004-01-22,117.88
2004-01-23,105.16
2004-01-24,87.47
2004-01-25,78.19
2004-01-26,97.64
2004-01-27,129.59
2004-01-28,129.14
2004-01-29,142.78
2004-01-30,91.78
2004-01-31,69.37
2004-02-01,94.25
2004-02-02,184.91
2004-02-03,150.85
2004-02-04,161.24
2004-02-05,116.09
2004-02-06,140.21
2004-02-07,112.1
2004-02-08,94.64
2004-02-09,133.39
2004-02-10,125.68
2004-02-11,126.61
2004-02-12,93.02
2004-02-13,121.85
2004-02-14,100.55
2004-02-15,99.95
2004-02-16,93.03
2004-02-17,91.92
2004-02-18,93.44
2004-02-19,132.07
2004-02-20,77.57
2004-02-21,84.29
2004-02-22,78.95
2004-02-23,120.87
2004-02-24,138.15
2004-02-25,161.73
2004-02-26,111.18
2004-02-27,126.19
2004-02-28,89.45
2004-02-29,76.07
2004-03-01,118.18
2004-03-02,86.58
2004-03-03,108.42
2004-03-04,112.29
2004-03-05,106.58
2004-03-06,101.79
2004-03-07,47.96
2004-03-08,84.56
2004-03-09,82.81
2004-03-10,111.99
2004-03-11,110.76
2004-03-12,179.51
2004-03-13,148.32
2004-03-14,103.09
2004-03-15,192.09
2004-03-16,257.5
2004-03-17,182.45
2004-03-18,145.77
2004-03-19,207.22
2004-03-20,161.86
2004-03-21,123.47
2004-03-22,162.42
2004-03-23,208.84
2004-03-24,174.35
2004-03-25,145.94
2004-03-26,164.91
2004-03-27,108.25
2004-03-28,70.86
2004-03-29,149.41
2004-03-30,116.34
2004-03-31,173.76
2004-04-01,139.82
2004-04-02,167.09
2004-04-03,125.79
2004-04-04,84.13
2004-04-05,184.24
2004-04-06,175.18
2004-04-07,131.77
2004-04-08,148.97
2004-04-09,252.65
2004-04-10,165.63
2004-04-11,109.29
2004-04-12,187.35
2004-04-13,153.91
2004-04-14,239.21
2004-04-15,177.98
2004-04-16,180.4
2004-04-17,67.66
2004-04-18,125.53
2004-04-19,176.76
2004-04-20,144.69
2004-04-21,134.61
2004-04-22,148.21
2004-04-23,128.64
2004-04-24,98.84
2004-04-25,83.62
2004-04-26,120.07
2004-04-27,128.47
2004-04-28,189.78
2004-04-29,141.27
2004-04-30,150.31
2004-05-01,83.61
2004-05-02,80.28
2004-05-03,113.19
2004-05-04,122.93
2004-05-05,128.23
2004-05-06,103.92
2004-05-07,137.28
2004-05-08,85.6
2004-05-09,86.23
2004-05-10,128.39
2004-05-11,133.52
2004-05-12,122.35
2004-05-13,125.53
2004-05-14,114.82
2004-05-15,104.38
2004-05-16,99.96
2004-05-17,149.94
2004-05-18,158.36
2004-05-19,117.47
2004-05-20,160.24
2004-05-21,124.6
2004-05-22,94.07
2004-05-23,56.93
2004-05-24,156.36
2004-05-25,136.05
2004-05-26,131.19
2004-05-27,170.89
2004-05-28,161.73
2004-05-29,82.11
2004-05-30,154.76
2004-05-31,151.87
2004-06-01,151.92
2004-06-02,156.25
2004-06-03,176.63
2004-06-04,156.36
2004-06-05,98.76
2004-06-06,76.57
2004-06-07,53.66
2004-06-08,161.75
2004-06-09,135.86
2004-06-10,146.41
2004-06-11,163.15
2004-06-12,112.01
2004-06-13,83.63
2004-06-14,100.95
2004-06-15,123.03
2004-06-16,103.07
2004-06-17,127.79
2004-06-18,190.44
2004-06-19,155.41
2004-06-20,136.23
2004-06-21,183.22
2004-06-22,157.74
2004-06-23,160.72
2004-06-24,135.15
2004-06-25,164.05
2004-06-26,118.2
2004-06-27,109.54
2004-06-28,151.26
2004-06-29,200.76
2004-06-30,119.24
2004-07-01,128.33
2004-07-02,92.82
2004-07-03,95.5
2004-07-04,94.64
2004-07-05,103.39
2004-07-06,86.04
2004-07-07,109.38
2004-07-08,109.02
2004-07-09,162.53
2004-07-10,119.98
2004-07-11,116.3
2004-07-12,168.23
2004-07-13,121.15
2004-07-14,133.55
2004-07-15,169.73
2004-07-16,134.66
2004-07-17,105.56
2004-07-18,92.12
2004-07-19,135.92
2004-07-20,134.52
2004-07-21,149.3
2004-07-22,150.18
2004-07-23,281.2
2004-07-24,104.83
2004-07-25,109.57
2004-07-26,162.31
2004-07-27,163.03
2004-07-28,110.73
2004-07-29,133.07
2004-07-30,162.11
2004-07-31,102.69
2004-08-01,91.1
2004-08-02,197.46
2004-08-03,344.62
2004-08-04,225.56
2004-08-05,180.85
2004-08-06,210.99
2004-08-07,121.34
2004-08-08,130.2
2004-08-09,158.85
2004-08-10,167.72
2004-08-11,130.34
2004-08-12,125.79
2004-08-13,136.47
2004-08-14,66.14
2004-08-15,82.81
2004-08-16,130.27
2004-08-17,115.75
2004-08-18,133.39
2004-08-19,119.67
2004-08-20,105.12
2004-08-21,83.34
2004-08-22,65.96
2004-08-23,101.87
2004-08-24,110.54
2004-08-25,171.29
2004-08-26,114.23
2004-08-27,143.5
2004-08-28,138.75
2004-08-29,109.97
2004-08-30,166.18
2004-08-31,158.43
2004-09-01,142.14
2004-09-02,184.48
2004-09-03,192.66
2004-09-04,144.56
2004-09-05,115.22
2004-09-06,130.07
2004-09-07,183.45
2004-09-08,163.58
2004-09-09,191.81
2004-09-10,187.84
2004-09-11,130.96
2004-09-12,97.73
2004-09-13,118.67
2004-09-14,163.55
2004-09-15,152.41
2004-09-16,140.68
2004-09-17,144.28
2004-09-18,153.1
2004-09-19,111.7
2004-09-20,168.68
2004-09-21,175.94
2004-09-22,165.49
2004-09-23,170.14
2004-09-24,161.94
2004-09-25,139.33
2004-09-26,70.4
2004-09-27,184.23
2004-09-28,187.38
2004-09-29,142.18
2004-09-30,174.51
2004-10-01,165.22
2004-10-02,129.33
2004-10-03,91.51
2004-10-04,164.2
2004-10-05,105.87
2004-10-06,156.64
2004-10-07,135.6
2004-10-08,166.02
2004-10-09,85.08
2004-10-10,105.72
2004-10-11,140.51
2004-10-12,127.9
2004-10-13,95.64
2004-10-14,101.01
2004-10-15,122.69
2004-10-16,87.17
2004-10-17,90.51
2004-10-18,102.45
2004-10-19,116.99
2004-10-20,104.85
2004-10-21,130.05
2004-10-22,97.34
2004-10-23,116.48
2004-10-24,85.85
2004-10-25,121.33
2004-10-26,124.78
2004-10-27,121.94
2004-10-28,122.4
2004-10-29,113.72
2004-10-30,86.51
2004-10-31,144.64
2004-11-01,124.04
2004-11-02,104.91
2004-11-03,87.99
2004-11-04,87.24
2004-11-05,137.9
2004-11-06,97.91
2004-11-07,92.68
2004-11-08,176.36
2004-11-09,201.72
2004-11-10,166.5
2004-11-11,115.59
2004-11-12,123.01
2004-11-13,71.59
2004-11-14,106.74
2004-11-15,181.66
2004-11-16,167.92
2004-11-17,157.07
2004-11-18,114.32
2004-11-19,82.81
2004-11-20,91.17
2004-11-21,96.62
2004-11-22,131.05
2004-11-23,182.61
2004-11-24,176.0
2004-11-25,140.57
2004-11-26,86.25
2004-11-27,88.49
2004-11-28,111.48
2004-11-29,117.65
2004-11-30,114.01
2004-12-01,146.83
2004-12-02,137.91
2004-12-03,89.97
2004-12-04,106.95
2004-12-05,87.08
2004-12-06,137.55
2004-12-07,126.59
2004-12-08,125.06
2004-12-09,113.25
2004-12-10,100.29
2004-12-11,70.42
2004-12-12,54.07
2004-12-13,122.14
2004-12-14,89.36
2004-12-15,114.85
2004-12-16,72.19
2004-12-17,96.98
2004-12-18,109.92
2004-12-19,98.24
2004-12-20,128.91
2004-12-21,117.54
2004-12-22,122.3
2004-12-23,112.02
2004-12-24,112.93
2004-12-25,101.75
2004-12-26,64.01
2004-12-27,110.42
2004-12-28,89.05
2004-12-29,110.01
2004-12-30,132.65
2004-12-31,121.06
2005-01-01,58.04
2005-01-02,59.38
2005-01-03,141.9
2005-01-04,145.57
2005-01-05,109.9
2005-01-06,89.06
2005-01-07,108.05
2005-01-08,50.1
2005-01-09,84.47
2005-01-10,112.8
2005-01-11,79.02
2005-01-12,107.35
2005-01-13,94.35
2005-01-14,89.14
2005-01-15,81.32
2005-01-16,59.78
2005-01-17,88.14
2005-01-18,112.46
2005-01-19,108.37
2005-01-20,88.77
2005-01-21,115.35
2005-01-22,110.91
2005-01-23,61.77
2005-01-24,159.03
2005-01-25,100.28
2005-01-26,128.87
2005-01-27,116.51
2005-01-28,103.7
2005-01-29,113.37
2005-01-30,48.06
2005-01-31,155.16
2005-02-01,142.2
2005-02-02,145.08
2005-02-03,113.01
2005-02-04,106.86
2005-02-05,59.46
2005-02-06,62.5
2005-02-07,140.13
2005-02-08,86.85
2005-02-09,138.54
2005-02-10,119.67
2005-02-11,124.79
2005-02-12,89.53
2005-02-13,60.16
2005-02-14,128.28
2005-02-15,150.57
2005-02-16,129.59
2005-02-17,135.85
2005-02-18,107.51
2005-02-19,81.14
2005-02-20,72.92
2005-02-21,106.33
2005-02-22,123.3
2005-02-23,85.23
2005-02-24,104.25
2005-02-25,113.62
2005-02-26,87.32
2005-02-27,136.03
2005-02-28,118.31
2005-03-01,146.94
2005-03-02,109.88
2005-03-03,88.82
2005-03-04,74.18
2005-03-05,93.87
2005-03-06,59.53
2005-03-07,107.57
2005-03-08,124.82
2005-03-09,95.81
2005-03-10,82.25
2005-03-11,98.31
2005-03-12,76.84
2005-03-13,90.02
2005-03-14,80.2
2005-03-15,101.69
2005-03-16,110.61
2005-03-17,83.65
2005-03-18,75.22
2005-03-19,77.81
2005-03-20,40.49
2005-03-21,138.65
2005-03-22,78.42
2005-03-23,97.0
2005-03-24,124.65
2005-03-25,93.22
2005-03-26,59.87
2005-03-27,48.99
2005-03-28,88.23
2005-03-29,86.0
2005-03-30,88.41
2005-03-31,82.88
2005-04-01,115.72
2005-04-02,60.83
2005-04-03,96.72
2005-04-04,99.52
2005-04-05,109.9
2005-04-06,121.23
2005-04-07,114.95
2005-04-08,67.43
2005-04-09,71.53
2005-04-10,65.81
2005-04-11,84.25
2005-04-12,78.35
2005-04-13,75.72
2005-04-14,70.7
2005-04-15,100.55
2005-04-16,66.25
2005-04-17,77.73
2005-04-18,129.31
2005-04-19,112.51
2005-04-20,80.17
2005-04-21,62.23
2005-04-22,89.53
2005-04-23,75.48
2005-04-24,45.23
2005-04-25,75.2
2005-04-26,100.77
2005-04-27,92.93
2005-04-28,106.53
2005-04-29,82.67
2005-04-30,78.34
2005-05-01,87.65
2005-05-02,150.57
2005-05-03,122.08
2005-05-04,128.56
2005-05-05,76.85
2005-05-06,99.69
2005-05-07,87.09
2005-05-08,84.84
2005-05-09,134.97
2005-05-10,98.49
2005-05-11,92.79
2005-05-12,139.61
2005-05-13,97.43
2005-05-14,55.21
2005-05-15,75.45
2005-05-16,103.4
2005-05-17,70.74
2005-05-18,99.69
2005-05-19,88.96
2005-05-20,115.29
2005-05-21,54.3
2005-05-22,67.1
2005-05-23,61.63
2005-05-24,74.26
2005-05-25,97.17
2005-05-26,133.25
2005-05-27,146.49
2005-05-28,73.68
2005-05-29,82.25
2005-05-30,125.57
2005-05-31,137.53
2005-06-01,81.01
2005-06-02,82.88
2005-06-03,46.53
2005-06-04,73.49
2005-06-05,38.93
2005-06-06,121.01
2005-06-07,91.2
2005-06-08,90.16
2005-06-09,111.63
2005-06-10,78.94
2005-06-11,65.17
2005-06-12,52.41
2005-06-13,113.59
2005-06-14,64.51
2005-06-15,64.35
2005-06-16,65.01
2005-06-17,101.17
2005-06-18,79.34
2005-06-19,43.35
2005-06-20,59.35
2005-06-21,81.06
2005-06-22,106.27
2005-06-23,91.94
2005-06-24,71.3
2005-06-25,55.8
2005-06-26,78.16
2005-06-27,156.5
2005-06-28,99.28
2005-06-29,77.94
2005-06-30,110.42
2005-07-01,128.17
2005-07-02,66.14
2005-07-03,87.27
2005-07-04,124.92
2005-07-05,126.38
2005-07-06,83.54
2005-07-07,46.66
2005-07-08,469.2
2005-07-09,241.45
2005-07-10,152.83
2005-07-11,223.27
2005-07-12,201.46
2005-07-13,224.74
2005-07-14,171.48
2005-07-15,154.66
2005-07-16,196.1
2005-07-17,139.55
2005-07-18,167.34
2005-07-19,175.07
2005-07-20,190.3
2005-07-21,134.26
2005-07-22,190.59
2005-07-23,163.84
2005-07-24,82.42
2005-07-25,214.23
2005-07-26,211.98
2005-07-27,188.04
2005-07-28,171.76
2005-07-29,169.95
2005-07-30,134.54
2005-07-31,75.78
2005-08-01,184.26
2005-08-02,160.59
2005-08-03,164.02
2005-08-04,170.34
2005-08-05,122.57
2005-08-06,146.6
2005-08-07,106.61
2005-08-08,173.5
2005-08-09,143.53
2005-08-10,136.88
2005-08-11,113.52
2005-08-12,149.44
2005-08-13,63.7
2005-08-14,151.24
2005-08-15,120.23
2005-08-16,90.11
2005-08-17,94.32
2005-08-18,80.37
2005-08-19,130.34
2005-08-20,64.01
2005-08-21,65.4
2005-08-22,94.4
2005-08-23,109.91
2005-08-24,98.83
2005-08-25,114.23
2005-08-26,109.43
2005-08-27,91.93
2005-08-28,70.32
2005-08-29,113.67
2005-08-30,97.89
2005-08-31,91.29
2005-09-01,86.96
2005-09-02,139.81
2005-09-03,118.31
2005-09-04,95.45
2005-09-05,60.46
2005-09-06,108.97
2005-09-07,123.0
2005-09-08,75.34
2005-09-09,101.75
2005-09-10,64.95
2005-09-11,91.43
2005-09-12,113.72
2005-09-13,100.84
2005-09-14,130.53
2005-09-15,109.03
2005-09-16,93.93
2005-09-17,79.89
2005-09-18,56.63
2005-09-19,161.86
2005-09-20,148.46
2005-09-21,142.57
2005-09-22,105.24
2005-09-23,117.31
2005-09-24,84.53
2005-09-25,92.11
2005-09-26,115.09
2005-09-27,109.07
2005-09-28,101.79
2005-09-29,83.77
2005-09-30,100.21
2005-10-01,43.13
2005-10-02,65.02
2005-10-03,123.83
2005-10-04,103.71
2005-10-05,125.68
2005-10-06,78.23
2005-10-07,140.39
2005-10-08,111.95
2005-10-09,100.7
2005-10-10,92.55
2005-10-11,86.91
2005-10-12,63.48
2005-10-13,99.43
2005-10-14,61.07
2005-10-15,73.01
2005-10-16,60.68
2005-10-17,107.21
2005-10-18,122.11
2005-10-19,62.61
2005-10-20,75.11
2005-10-21,91.94
2005-10-22,74.2
2005-10-23,42.38
2005-10-24,80.53
2005-10-25,72.3
2005-10-26,92.25
2005-10-27,86.83
2005-10-28,78.54
2005-10-29,46.93
2005-10-30,69.47
2005-10-31,177.8
2005-11-01,112.35
2005-11-02,76.12
2005-11-03,79.82
2005-11-04,99.14
2005-11-05,70.18
2005-11-06,67.06
2005-11-07,101.29
2005-11-08,97.8
2005-11-09,80.14
2005-11-10,118.9
2005-11-11,146.63
2005-11-12,78.1
2005-11-13,47.9
2005-11-14,91.46
2005-11-15,121.74
2005-11-16,77.52
2005-11-17,83.27
2005-11-18,74.44
2005-11-19,57.84
2005-11-20,63.92
2005-11-21,86.68
2005-11-22,84.27
2005-11-23,84.62
2005-11-24,70.55
2005-11-25,86.17
2005-11-26,49.14
2005-11-27,63.63
2005-11-28,54.18
2005-11-29,60.58
2005-11-30,76.75
2005-12-01,115.46
2005-12-02,67.13
2005-12-03,75.8
2005-12-04,56.02
2005-12-05,91.51
2005-12-06,135.58
2005-12-07,79.22
2005-12-08,94.03
2005-12-09,110.24
2005-12-10,48.44
2005-12-11,75.53
2005-12-12,86.78
2005-12-13,144.88
2005-12-14,126.94
2005-12-15,119.57
2005-12-16,81.59
2005-12-17,87.99
2005-12-18,75.8
2005-12-19,140.79
2005-12-20,101.2
2005-12-21,105.32
2005-12-22,102.74
2005-12-23,84.36
2005-12-24,79.23
2005-12-25,83.36
2005-12-26,130.76
2005-12-27,93.71
2005-12-28,103.91
2005-12-29,116.05
2005-12-30,80.44
2005-12-31,61.61
2006-01-01,60.15
2006-01-02,71.57
2006-01-03,64.71
2006-01-04,107.42
2006-01-05,58.21
2006-01-06,91.84
2006-01-07,62.23
2006-01-08,80.79
2006-01-09,85.78
2006-01-10,96.76
2006-01-11,117.62
2006-01-12,91.49
2006-01-13,121.59
2006-01-14,64.9
2006-01-15,81.06
2006-01-16,93.36
2006-01-17,106.5
2006-01-18,147.08
2006-01-19,94.49
2006-01-20,153.49
2006-01-21,114.92
2006-01-22,73.53
2006-01-23,111.7
2006-01-24,70.62
2006-01-25,105.57
2006-01-26,115.13
2006-01-27,127.52
2006-01-28,49.68
2006-01-29,66.49
2006-01-30,111.96
2006-01-31,106.64
2006-02-01,167.52
2006-02-02,89.6
2006-02-03,131.32
2006-02-04,88.87
2006-02-05,75.89
2006-02-06,140.07
2006-02-07,144.17
2006-02-08,85.92
2006-02-09,67.94
2006-02-10,88.15
2006-02-11,64.68
2006-02-12,28.25
2006-02-13,89.34
2006-02-14,89.01
2006-02-15,64.59
2006-02-16,112.87
2006-02-17,106.58
2006-02-18,61.84
2006-02-19,60.23
2006-02-20,69.17
2006-02-21,113.87
2006-02-22,88.15
2006-02-23,136.38
2006-02-24,102.42
2006-02-25,114.68
2006-02-26,87.36
2006-02-27,106.4
2006-02-28,128.42
2006-03-01,120.51
2006-03-02,71.77
2006-03-03,126.45
2006-03-04,63.76
2006-03-05,76.11
2006-03-06,119.78
2006-03-07,132.38
2006-03-08,137.76
2006-03-09,126.25
2006-03-10,130.72
2006-03-11,69.83
2006-03-12,67.45
2006-03-13,95.05
2006-03-14,143.75
2006-03-15,81.18
2006-03-16,105.03
2006-03-17,125.48
2006-03-18,52.93
2006-03-19,42.74
2006-03-20,94.13
2006-03-21,112.02
2006-03-22,108.81
2006-03-23,74.7
2006-03-24,92.18
2006-03-25,56.29
2006-03-26,34.23
2006-03-27,81.88
2006-03-28,75.89
2006-03-29,68.18
2006-03-30,76.18
2006-03-31,84.0
2006-04-01,58.07
2006-04-02,47.8
2006-04-03,121.23
2006-04-04,82.26
2006-04-05,62.57
2006-04-06,62.45
2006-04-07,96.72
2006-04-08,73.29
2006-04-09,61.88
2006-04-10,100.38
2006-04-11,115.31
2006-04-12,100.11
2006-04-13,99.69
2006-04-14,60.97
2006-04-15,110.89
2006-04-16,61.57
2006-04-17,139.61
2006-04-18,132.8
2006-04-19,99.25
2006-04-20,90.29
2006-04-21,71.95
2006-04-22,75.08
2006-04-23,33.16
2006-04-24,104.02
2006-04-25,128.02
2006-04-26,129.79
2006-04-27,129.06
2006-04-28,89.53
2006-04-29,81.72
2006-04-30,60.37
2006-05-01,99.0
2006-05-02,106.17
2006-05-03,96.45
2006-05-04,83.42
2006-05-05,91.86
2006-05-06,64.13
2006-05-07,63.49
2006-05-08,128.15
2006-05-09,105.06
2006-05-10,118.42
2006-05-11,115.94
2006-05-12,92.18
2006-05-13,64.58
2006-05-14,79.96
2006-05-15,70.65
2006-05-16,109.31
2006-05-17,87.97
2006-05-18,78.34
2006-05-19,79.36
2006-05-20,66.73
2006-05-21,70.56
2006-05-22,91.61
2006-05-23,86.56
2006-05-24,91.52
2006-05-25,62.55
2006-05-26,95.89
2006-05-27,60.86
2006-05-28,41.13
2006-05-29,86.57
2006-05-30,74.69
2006-05-31,52.93
2006-06-01,118.31
2006-06-02,98.02
2006-06-03,105.96
2006-06-04,84.35
2006-06-05,85.32
2006-06-06,123.41
2006-06-07,115.41
2006-06-08,86.82
2006-06-09,113.72
2006-06-10,96.65
2006-06-11,56.34
2006-06-12,84.54
2006-06-13,90.46
2006-06-14,125.99
2006-06-15,114.03
2006-06-16,96.51
2006-06-17,73.35
2006-06-18,104.69
2006-06-19,114.1
2006-06-20,139.97
2006-06-21,107.32
2006-06-22,112.62
2006-06-23,131.73
2006-06-24,63.81
2006-06-25,58.73
2006-06-26,108.67
2006-06-27,132.11
2006-06-28,94.64
2006-06-29,98.39
2006-06-30,133.72
2006-07-01,51.18
2006-07-02,55.94
2006-07-03,82.81
2006-07-04,147.32
2006-07-05,114.97
2006-07-06,172.96
2006-07-07,151.52
2006-07-08,107.03
2006-07-09,75.2
2006-07-10,161.29
2006-07-11,149.44
2006-07-12,154.59
2006-07-13,180.89
2006-07-14,171.88
2006-07-15,109.48
2006-07-16,124.62
2006-07-17,224.1
2006-07-18,206.6
2006-07-19,179.24
2006-07-20,130.3
2006-07-21,142.37
2006-07-22,137.91
2006-07-23,105.97
2006-07-24,150.57
2006-07-25,141.11
2006-07-26,165.11
2006-07-27,115.32
2006-07-28,180.03
2006-07-29,120.46
2006-07-30,100.26
2006-07-31,150.19
2006-08-01,151.56
2006-08-02,150.25
2006-08-03,137.9
2006-08-04,132.37
2006-08-05,109.83
2006-08-06,85.04
2006-08-07,171.41
2006-08-08,150.05
2006-08-09,156.93
2006-08-10,143.48
2006-08-11,252.68
2006-08-12,233.62
2006-08-13,134.86
2006-08-14,207.28
2006-08-15,239.73
2006-08-16,134.43
2006-08-17,137.4
2006-08-18,154.88
2006-08-19,100.56
2006-08-20,109.25
2006-08-21,156.4
2006-08-22,180.15
2006-08-23,160.06
2006-08-24,120.57
2006-08-25,150.98
2006-08-26,135.51
2006-08-27,73.07
2006-08-28,129.06
2006-08-29,161.78
2006-08-30,110.31
2006-08-31,100.82
2006-09-01,159.05
2006-09-02,118.2
2006-09-03,93.2
2006-09-04,155.35
2006-09-05,173.75
2006-09-06,134.21
2006-09-07,81.12
2006-09-08,149.08
2006-09-09,121.16
2006-09-10,97.74
2006-09-11,140.72
2006-09-12,120.99
2006-09-13,108.21
2006-09-14,119.7
2006-09-15,97.17
2006-09-16,73.85
2006-09-17,91.51
2006-09-18,111.98
2006-09-19,155.81
2006-09-20,124.62
2006-09-21,112.56
2006-09-22,105.72
2006-09-23,99.4
2006-09-24,71.2
2006-09-25,76.28
2006-09-26,115.89
2006-09-27,81.9
2006-09-28,117.82
2006-09-29,114.73
2006-09-30,85.65
2006-10-01,55.03
2006-10-02,108.42
2006-10-03,113.0
2006-10-04,130.08
2006-10-05,122.69
2006-10-06,110.72
2006-10-07,70.77
2006-10-08,48.22
2006-10-09,99.06
2006-10-10,251.71
2006-10-11,243.3
2006-10-12,109.0
2006-10-13,122.36
2006-10-14,101.08
2006-10-15,69.09
2006-10-16,160.47
2006-10-17,151.89
2006-10-18,109.31
2006-10-19,118.4
2006-10-20,97.68
2006-10-21,115.43
2006-10-22,58.39
2006-10-23,110.42
2006-10-24,125.92
2006-10-25,130.08
2006-10-26,100.3
2006-10-27,91.04
2006-10-28,81.46
2006-10-29,63.27
2006-10-30,79.78
2006-10-31,146.34
2006-11-01,143.61
2006-11-02,113.77
2006-11-03,113.83
2006-11-04,60.83
2006-11-05,47.01
2006-11-06,47.64
2006-11-07,52.32
2006-11-08,77.04
2006-11-09,89.81
2006-11-10,114.9
2006-11-11,75.94
2006-11-12,53.61
2006-11-13,122.42
2006-11-14,137.76
2006-11-15,107.25
2006-11-16,114.13
2006-11-17,56.63
2006-11-18,69.77
2006-11-19,71.77
2006-11-20,118.44
2006-11-21,70.41
2006-11-22,72.22
2006-11-23,116.91
2006-11-24,78.2
2006-11-25,79.64
2006-11-26,69.98
2006-11-27,103.98
2006-11-28,77.74
2006-11-29,97.79
2006-11-30,78.8
2006-12-01,96.57
2006-12-02,63.76
2006-12-03,43.73
2006-12-04,86.98
2006-12-05,150.87
2006-12-06,85.8
2006-12-07,72.95
2006-12-08,104.24
2006-12-09,100.03
2006-12-10,81.52
2006-12-11,81.17
2006-12-12,93.54
2006-12-13,126.17
2006-12-14,74.16
2006-12-15,80.49
2006-12-16,89.15
2006-12-17,74.52
2006-12-18,83.86
2006-12-19,136.38
2006-12-20,91.75
2006-12-21,93.31
2006-12-22,81.21
2006-12-23,95.02
2006-12-24,59.76
2006-12-25,137.21
2006-12-26,125.63
2006-12-27,73.61
2006-12-28,102.45
2006-12-29,92.77
2006-12-30,120.14
2006-12-31,37.98
2007-01-01,90.29
2007-01-02,114.67
2007-01-03,76.7
2007-01-04,85.41
2007-01-05,88.2
2007-01-06,102.14
2007-01-07,67.53
2007-01-08,106.46
2007-01-09,106.03
2007-01-10,153.24
2007-01-11,101.63
2007-01-12,160.66
2007-01-13,102.65
2007-01-14,65.25
2007-01-15,110.56
2007-01-16,81.84
2007-01-17,128.29
2007-01-18,127.82
2007-01-19,66.13
2007-01-20,59.0
2007-01-21,79.5
2007-01-22,116.96
2007-01-23,113.76
2007-01-24,110.32
2007-01-25,110.7
2007-01-26,79.57
2007-01-27,84.0
2007-01-28,63.78
2007-01-29,60.23
2007-01-30,109.75
2007-01-31,96.6
2007-02-01,77.85
2007-02-02,139.13
2007-02-03,106.15
2007-02-04,55.39
2007-02-05,77.99
2007-02-06,88.7
2007-02-07,126.07
2007-02-08,76.15
2007-02-09,95.58
2007-02-10,73.74
2007-02-11,83.0
2007-02-12,101.93
2007-02-13,95.68
2007-02-14,122.08
2007-02-15,111.82
2007-02-16,96.89
2007-02-17,65.12
2007-02-18,54.5
2007-02-19,78.77
2007-02-20,128.34
2007-02-21,101.5
2007-02-22,84.52
2007-02-23,126.84
2007-02-24,80.39
2007-02-25,95.41
2007-02-26,103.16
2007-02-27,89.62
2007-02-28,125.11
2007-03-01,99.48
2007-03-02,127.29
2007-03-03,70.26
2007-03-04,41.69
2007-03-05,124.79
2007-03-06,100.38
2007-03-07,135.92
2007-03-08,63.33
2007-03-09,91.28
2007-03-10,55.87
2007-03-11,66.03
2007-03-12,58.97
2007-03-13,79.58
2007-03-14,104.48
2007-03-15,104.12
2007-03-16,122.03
2007-03-17,56.88
2007-03-18,44.17
2007-03-19,66.38
2007-03-20,95.02
2007-03-21,65.08
2007-03-22,92.09
2007-03-23,76.49
2007-03-24,82.88
2007-03-25,49.5
2007-03-26,105.22
2007-03-27,129.02
2007-03-28,103.88
2007-03-29,102.86
2007-03-30,93.81
2007-03-31,61.44
2007-04-01,67.28
2007-04-02,82.9
2007-04-03,104.33
2007-04-04,62.94
2007-04-05,96.19
2007-04-06,106.97
2007-04-07,41.33
2007-04-08,37.47
2007-04-09,65.6
2007-04-10,81.49
2007-04-11,96.6
2007-04-12,86.15
2007-04-13,80.65
2007-04-14,59.35
2007-04-15,70.09
2007-04-16,114.48
2007-04-17,88.64
2007-04-18,63.76
2007-04-19,62.2
2007-04-20,99.76
2007-04-21,65.62
2007-04-22,32.34
2007-04-23,48.24
2007-04-24,70.28
2007-04-25,119.01
2007-04-26,64.66
2007-04-27,87.09
2007-04-28,54.75
2007-04-29,48.79
2007-04-30,112.43
2007-05-01,140.07
2007-05-02,72.09
2007-05-03,57.91
2007-05-04,88.0
2007-05-05,43.17
2007-05-06,43.19
2007-05-07,75.0
2007-05-08,75.98
2007-05-09,108.61
2007-05-10,109.9
2007-05-11,100.76
2007-05-12,69.24
2007-05-13,65.13
2007-05-14,99.3
2007-05-15,92.66
2007-05-16,105.69
2007-05-17,93.87
2007-05-18,124.65
2007-05-19,47.28
2007-05-20,91.61
2007-05-21,82.52
2007-05-22,91.92
2007-05-23,115.04
2007-05-24,104.38
2007-05-25,125.07
2007-05-26,84.29
2007-05-27,107.65
2007-05-28,73.4
2007-05-29,87.06
2007-05-30,159.36
2007-05-31,111.73
2007-06-01,111.09
2007-06-02,80.21
2007-06-03,63.7
2007-06-04,176.07
2007-06-05,123.09
2007-06-06,127.91
2007-06-07,123.13
2007-06-08,119.37
2007-06-09,71.9
2007-06-10,56.83
2007-06-11,84.12
2007-06-12,109.48
2007-06-13,116.84
2007-06-14,106.19
2007-06-15,93.22
2007-06-16,78.34
2007-06-17,82.2
2007-06-18,143.53
2007-06-19,123.07
2007-06-20,121.96
2007-06-21,75.82
2007-06-22,69.58
2007-06-23,110.51
2007-06-24,65.18
2007-06-25,76.66
2007-06-26,75.52
2007-06-27,91.4
2007-06-28,59.1
2007-06-29,114.13
2007-06-30,107.4
2007-07-01,90.76
2007-07-02,153.72
2007-07-03,153.22
2007-07-04,159.69
2007-07-05,144.6
2007-07-06,121.86
2007-07-07,54.21
2007-07-08,82.92
2007-07-09,152.3
2007-07-10,133.91
2007-07-11,116.34
2007-07-12,98.02
2007-07-13,150.71
2007-07-14,74.02
2007-07-15,114.08
2007-07-16,176.56
2007-07-17,113.13
2007-07-18,154.23
2007-07-19,82.13
2007-07-20,89.44
2007-07-21,87.69
2007-07-22,104.33
2007-07-23,128.36
2007-07-24,82.63
2007-07-25,91.58
2007-07-26,124.33
2007-07-27,108.05
2007-07-28,97.85
2007-07-29,65.11
2007-07-30,97.77
2007-07-31,129.9
2007-08-01,124.14
2007-08-02,95.07
2007-08-03,122.34
2007-08-04,97.68
2007-08-05,69.01
2007-08-06,104.24
2007-08-07,127.12
2007-08-08,92.29
2007-08-09,75.63
2007-08-10,102.69
2007-08-11,73.03
2007-08-12,45.43
2007-08-13,84.72
2007-08-14,66.85
2007-08-15,109.51
2007-08-16,106.0
2007-08-17,82.18
2007-08-18,75.35
2007-08-19,58.48
2007-08-20,111.35
2007-08-21,60.49
2007-08-22,76.27
2007-08-23,58.58
2007-08-24,77.18
2007-08-25,38.66
2007-08-26,50.9
2007-08-27,75.39
2007-08-28,83.41
2007-08-29,74.04
2007-08-30,81.22
2007-08-31,77.52
2007-09-01,41.15
2007-09-02,46.07
2007-09-03,161.81
2007-09-04,115.38
2007-09-05,91.66
2007-09-06,100.21
2007-09-07,109.41
2007-09-08,80.93
2007-09-09,100.38
2007-09-10,122.55
2007-09-11,105.62
2007-09-12,99.83
2007-09-13,124.08
2007-09-14,85.01
2007-09-15,67.06
2007-09-16,65.76
2007-09-17,44.76
2007-09-18,98.49
2007-09-19,72.01
2007-09-20,121.83
2007-09-21,87.09
2007-09-22,70.42
2007-09-23,38.47
2007-09-24,90.24
2007-09-25,106.34
2007-09-26,97.6
2007-09-27,177.98
2007-09-28,118.72
2007-09-29,78.99
2007-09-30,61.72
2007-10-01,121.76
2007-10-02,103.52
2007-10-03,81.43
2007-10-04,86.28
2007-10-05,125.0
2007-10-06,69.44
2007-10-07,55.47
2007-10-08,126.3
2007-10-09,72.08
2007-10-10,82.37
2007-10-11,68.59
2007-10-12,77.94
2007-10-13,84.06
2007-10-14,65.35
2007-10-15,82.16
2007-10-16,151.87
2007-10-17,175.77
2007-10-18,94.25
2007-10-19,111.0
2007-10-20,87.52
2007-10-21,85.49
2007-10-22,91.91
2007-10-23,131.4
2007-10-24,157.74
2007-10-25,126.8
2007-10-26,173.0
2007-10-27,121.1
2007-10-28,45.26
2007-10-29,98.36
2007-10-30,102.52
2007-10-31,74.07
2007-11-01,81.31
2007-11-02,106.58
2007-11-03,125.05
2007-11-04,105.81
2007-11-05,149.0
2007-11-06,172.83
2007-11-07,93.31
2007-11-08,140.0
2007-11-09,121.16
2007-11-10,61.34
2007-11-11,56.96
2007-11-12,101.76
2007-11-13,87.67
2007-11-14,128.47
2007-11-15,94.64
2007-11-16,127.41
2007-11-17,83.89
2007-11-18,56.9
2007-11-19,63.13
2007-11-20,57.78
2007-11-21,32.92
2007-11-22,58.6
2007-11-23,118.9
2007-11-24,21.69
2007-11-25,62.96
2007-11-26,51.36
2007-11-27,108.19
2007-11-28,68.89
2007-11-29,57.43
2007-11-30,77.38
2007-12-01,75.07
2007-12-02,71.24
2007-12-03,56.93
2007-12-04,133.6
2007-12-05,183.72
2007-12-06,109.26
2007-12-07,104.27
2007-12-08,68.91
2007-12-09,100.65
2007-12-10,78.79
2007-12-11,119.51
2007-12-12,119.94
2007-12-13,89.02
2007-12-14,70.9
2007-12-15,64.73
2007-12-16,73.9
2007-12-17,86.97
2007-12-18,98.59
2007-12-19,105.27
2007-12-20,95.5
2007-12-21,64.53
2007-12-22,55.26
2007-12-23,56.79
2007-12-24,102.4
2007-12-25,125.0
2007-12-26,58.63
2007-12-27,105.97
2007-12-28,186.46
2007-12-29,116.41
2007-12-30,68.6
2007-12-31,87.29
2008-01-01,63.37
2008-01-02,95.0
2008-01-03,82.81
2008-01-04,87.35
2008-01-05,57.36
2008-01-06,65.04
2008-01-07,78.18
2008-01-08,84.46
2008-01-09,123.04
2008-01-10,104.03
2008-01-11,56.55
2008-01-12,57.78
2008-01-13,71.09
2008-01-14,90.81
2008-01-15,95.92
2008-01-16,94.73
2008-01-17,72.99
2008-01-18,47.15
2008-01-19,59.06
2008-01-20,79.29
2008-01-21,81.09
2008-01-22,83.23
2008-01-23,137.01
2008-01-24,88.51
2008-01-25,92.98
2008-01-26,83.14
2008-01-27,86.67
2008-01-28,89.24
2008-01-29,66.89
2008-01-30,36.6
2008-01-31,93.08
2008-02-01,99.69
2008-02-02,48.05
2008-02-03,44.34
2008-02-04,117.29
2008-02-05,99.18
2008-02-06,85.02
2008-02-07,52.54
2008-02-08,77.52
2008-02-09,59.54
2008-02-10,64.45
2008-02-11,89.34
2008-02-12,90.07
2008-02-13,102.62
2008-02-14,89.6
2008-02-15,114.53
2008-02-16,41.96
2008-02-17,45.63
2008-02-18,106.59
2008-02-19,114.23
2008-02-20,73.75
2008-02-21,83.1
2008-02-22,81.02
2008-02-23,89.87
2008-02-24,71.92
2008-02-25,83.67
2008-02-26,103.22
2008-02-27,67.13
2008-02-28,90.68
2008-02-29,81.01
2008-03-01,80.49
2008-03-02,105.67
2008-03-03,122.55
2008-03-04,160.11
2008-03-05,95.76
2008-03-06,113.23
2008-03-07,91.69
2008-03-08,85.42
2008-03-09,51.69
2008-03-10,64.74
2008-03-11,39.71
2008-03-12,99.56
2008-03-13,51.29
2008-03-14,89.45
2008-03-15,32.32
2008-03-16,51.18
2008-03-17,59.62
2008-03-18,80.57
2008-03-19,77.11
2008-03-20,38.26
2008-03-21,84.94
2008-03-22,71.09
2008-03-23,49.96
2008-03-24,98.03
2008-03-25,86.48
2008-03-26,74.51
2008-03-27,64.9
2008-03-28,84.06
2008-03-29,34.07
2008-03-30,77.46
2008-03-31,108.1
2008-04-01,60.84
2008-04-02,80.72
2008-04-03,68.01
2008-04-04,65.65
2008-04-05,47.25
2008-04-06,49.51
2008-04-07,81.08
2008-04-08,56.31
2008-04-09,86.85
2008-04-10,63.86
2008-04-11,83.41
2008-04-12,45.34
2008-04-13,66.06
2008-04-14,53.2
2008-04-15,47.03
2008-04-16,68.4
2008-04-17,77.84
2008-04-18,78.15
2008-04-19,56.63
2008-04-20,55.36
2008-04-21,80.53
2008-04-22,86.39
2008-04-23,107.75
2008-04-24,97.6
2008-04-25,66.31
2008-04-26,96.7
2008-04-27,74.34
2008-04-28,95.27
2008-04-29,70.55
2008-04-30,89.01
2008-05-01,90.46
2008-05-02,57.53
2008-05-03,64.85
2008-05-04,71.62
2008-05-05,42.08
2008-05-06,76.23
2008-05-07,89.17
2008-05-08,55.67
2008-05-09,87.25
2008-05-10,79.69
2008-05-11,83.55
2008-05-12,113.97
2008-05-13,90.2
2008-05-14,85.51
2008-05-15,60.12
2008-05-16,77.32
2008-05-17,49.56
2008-05-18,47.12
2008-05-19,47.78
2008-05-20,38.37
2008-05-21,78.65
2008-05-22,82.96
2008-05-23,88.38
2008-05-24,53.11
2008-05-25,52.58
2008-05-26,122.69
2008-05-27,83.48
2008-05-28,68.6
2008-05-29,74.76
2008-05-30,79.82
2008-05-31,72.66
2008-06-01,33.41
2008-06-02,73.61
2008-06-03,110.96
2008-06-04,76.47
2008-06-05,69.2
2008-06-06,114.23
2008-06-07,49.36
2008-06-08,54.08
2008-06-09,69.98
2008-06-10,77.04
2008-06-11,111.21
2008-06-12,69.71
2008-06-13,74.93
2008-06-14,114.86
2008-06-15,51.25
2008-06-16,96.88
2008-06-17,92.84
2008-06-18,82.58
2008-06-19,114.13
2008-06-20,130.37
2008-06-21,74.35
2008-06-22,54.63
2008-06-23,72.19
2008-06-24,164.26
2008-06-25,133.41
2008-06-26,114.33
2008-06-27,87.83
2008-06-28,68.38
2008-06-29,94.08
2008-06-30,73.01
2008-07-01,123.6
2008-07-02,107.09
2008-07-03,83.71
2008-07-04,66.85
2008-07-05,53.93
2008-07-06,41.41
2008-07-07,94.31
2008-07-08,102.08
2008-07-09,116.91
2008-07-10,136.99
2008-07-11,99.8
2008-07-12,75.02
2008-07-13,55.72
2008-07-14,137.71
2008-07-15,119.99
2008-07-16,120.84
2008-07-17,87.33
2008-07-18,89.8
2008-07-19,66.72
2008-07-20,70.91
2008-07-21,123.14
2008-07-22,84.67
2008-07-23,103.83
2008-07-24,70.75
2008-07-25,68.13
2008-07-26,45.57
2008-07-27,54.47
2008-07-28,101.41
2008-07-29,102.33
2008-07-30,87.75
2008-07-31,80.95
2008-08-01,94.64
2008-08-02,58.79
2008-08-03,74.44
2008-08-04,75.92
2008-08-05,86.97
2008-08-06,41.06
2008-08-07,49.1
2008-08-08,68.13
2008-08-09,105.78
2008-08-10,45.38
2008-08-11,144.52
2008-08-12,149.08
2008-08-13,122.18
2008-08-14,95.01
2008-08-15,86.33
2008-08-16,79.45
2008-08-17,49.59
2008-08-18,131.32
2008-08-19,86.19
2008-08-20,153.75
2008-08-21,91.23
2008-08-22,107.06
2008-08-23,82.81
2008-08-24,58.2
2008-08-25,61.96
2008-08-26,88.93
2008-08-27,106.75
2008-08-28,110.73
2008-08-29,97.43
2008-08-30,67.97
2008-08-31,72.01
2008-09-01,113.32
2008-09-02,81.57
2008-09-03,88.88
2008-09-04,154.28
2008-09-05,88.76
2008-09-06,78.25
2008-09-07,94.64
2008-09-08,85.22
2008-09-09,96.64
2008-09-10,63.04
2008-09-11,105.98
2008-09-12,105.56
2008-09-13,81.54
2008-09-14,77.89
2008-09-15,72.88
2008-09-16,125.66
2008-09-17,127.53
2008-09-18,87.09
2008-09-19,74.38
2008-09-20,75.42
2008-09-21,38.02
2008-09-22,61.08
2008-09-23,107.91
2008-09-24,92.88
2008-09-25,104.04
2008-09-26,72.14
2008-09-27,67.76
2008-09-28,70.08
2008-09-29,101.52
2008-09-30,82.57
2008-10-01,60.11
2008-10-02,57.61
2008-10-03,86.23
2008-10-04,71.21
2008-10-05,60.05
2008-10-06,99.93
2008-10-07,55.5
2008-10-08,70.2
2008-10-09,52.34
2008-10-10,95.1
2008-10-11,75.48
2008-10-12,55.55
2008-10-13,108.86
2008-10-14,69.66
2008-10-15,54.94
2008-10-16,44.44
2008-10-17,61.46
2008-10-18,49.4
2008-10-19,28.72
2008-10-20,78.13
2008-10-21,34.33
2008-10-22,34.15
2008-10-23,54.16
2008-10-24,68.11
2008-10-25,29.82
2008-10-26,62.87
2008-10-27,56.34
2008-10-28,95.35
2008-10-29,104.75
2008-10-30,93.39
2008-10-31,45.92
2008-11-01,47.79
2008-11-02,46.15
2008-11-03,68.71
2008-11-04,60.16
2008-11-05,88.99
2008-11-06,96.62
2008-11-07,99.35
2008-11-08,77.5
2008-11-09,71.35
2008-11-10,73.44
2008-11-11,63.19
2008-11-12,68.16
2008-11-13,104.77
2008-11-14,85.09
2008-11-15,40.93
2008-11-16,51.76
2008-11-17,69.58
2008-11-18,80.88
2008-11-19,46.84
2008-11-20,58.93
2008-11-21,93.93
2008-11-22,56.58
2008-11-23,35.19
2008-11-24,77.13
2008-11-25,62.25
2008-11-26,73.24
2008-11-27,158.62
2008-11-28,171.04
2008-11-29,155.46
2008-11-30,90.29
2008-12-01,205.49
2008-12-02,166.5
2008-12-03,97.53
2008-12-04,97.15
2008-12-05,65.75
2008-12-06,82.81
2008-12-07,49.89
2008-12-08,89.31
2008-12-09,138.02
2008-12-10,87.17
2008-12-11,69.14
2008-12-12,119.62
2008-12-13,68.21
2008-12-14,66.35
2008-12-15,93.43
2008-12-16,51.49
2008-12-17,82.55
2008-12-18,70.48
2008-12-19,56.81
2008-12-20,59.27
2008-12-21,62.8
2008-12-22,62.41
2008-12-23,66.25
2008-12-24,88.45
2008-12-25,129.48
2008-12-26,80.65
2008-12-27,95.96
2008-12-28,49.53
2008-12-29,156.54
2008-12-30,179.31
2008-12-31,128.32
2009-01-01,119.2
2009-01-02,77.94
2009-01-03,79.47
2009-01-04,85.08
2009-01-05,112.98
2009-01-06,114.1
2009-01-07,136.82
2009-01-08,135.21
2009-01-09,105.79
2009-01-10,72.26
2009-01-11,64.74
2009-01-12,138.93
2009-01-13,105.16
2009-01-14,131.81
2009-01-15,93.75
2009-01-16,137.05
2009-01-17,58.12
2009-01-18,80.43
2009-01-19,96.91
2009-01-20,54.25
2009-01-21,51.28
2009-01-22,61.7
2009-01-23,65.75
2009-01-24,37.19
2009-01-25,39.3
2009-01-26,81.19
2009-01-27,74.96
2009-01-28,55.56
2009-01-29,59.47
2009-01-30,78.5
2009-01-31,68.3
2009-02-01,37.22
2009-02-02,56.76
2009-02-03,69.49
2009-02-04,71.27
2009-02-05,70.81
2009-02-06,75.73
2009-02-07,62.73
2009-02-08,65.06
2009-02-09,76.94
2009-02-10,81.24
2009-02-11,40.69
2009-02-12,82.81
2009-02-13,57.33
2009-02-14,51.65
2009-02-15,26.29
2009-02-16,80.22
2009-02-17,106.03
2009-02-18,82.28
2009-02-19,68.82
2009-02-20,70.98
2009-02-21,62.95
2009-02-22,53.95
2009-02-23,93.48
2009-02-24,88.19
2009-02-25,69.7
2009-02-26,83.59
2009-02-27,52.78
2009-02-28,40.4
2009-03-01,43.37
2009-03-02,118.02
2009-03-03,117.76
2009-03-04,113.76
2009-03-05,61.22
2009-03-06,68.74
2009-03-07,63.07
2009-03-08,41.93
2009-03-09,104.96
2009-03-10,76.61
2009-03-11,108.67
2009-03-12,49.35
2009-03-13,56.54
2009-03-14,36.44
2009-03-15,53.09
2009-03-16,57.33
2009-03-17,38.85
2009-03-18,52.47
2009-03-19,62.5
2009-03-20,38.82
2009-03-21,51.48
2009-03-22,71.77
2009-03-23,87.83
2009-03-24,92.02
2009-03-25,101.26
2009-03-26,85.75
2009-03-27,88.03
2009-03-28,72.63
2009-03-29,56.34
2009-03-30,79.87
2009-03-31,83.34
2009-04-01,84.94
2009-04-02,105.37
2009-04-03,86.39
2009-04-04,70.48
2009-04-05,62.11
2009-04-06,141.49
2009-04-07,95.08
2009-04-08,81.43
2009-04-09,128.88
2009-04-10,84.84
2009-04-11,107.19
2009-04-12,81.22
2009-04-13,113.91
2009-04-14,175.25
2009-04-15,91.17
2009-04-16,106.17
2009-04-17,75.29
2009-04-18,59.77
2009-04-19,10.7
2009-04-20,84.29
2009-04-21,66.33
2009-04-22,66.89
2009-04-23,64.32
2009-04-24,44.04
2009-04-25,83.54
2009-04-26,60.53
2009-04-27,107.41
2009-04-28,88.93
2009-04-29,71.7
2009-04-30,79.1
2009-05-01,54.94
2009-05-02,69.29
2009-05-03,60.41
2009-05-04,91.26
2009-05-05,119.16
2009-05-06,111.66
2009-05-07,73.4
2009-05-08,76.57
2009-05-09,58.22
2009-05-10,38.45
2009-05-11,117.22
2009-05-12,92.84
2009-05-13,61.82
2009-05-14,81.11
2009-05-15,49.39
2009-05-16,44.42
2009-05-17,63.5
2009-05-18,148.12
2009-05-19,136.4
2009-05-20,88.76
2009-05-21,106.15
2009-05-22,78.14
2009-05-23,52.12
2009-05-24,78.87
2009-05-25,127.22
2009-05-26,157.94
2009-05-27,149.7
2009-05-28,125.79
2009-05-29,109.24
2009-05-30,97.03
2009-05-31,107.43
2009-06-01,85.28
2009-06-02,109.9
2009-06-03,82.01
2009-06-04,75.99
2009-06-05,108.34
2009-06-06,61.34
2009-06-07,69.86
2009-06-08,93.43
2009-06-09,74.05
2009-06-10,58.66
2009-06-11,104.06
2009-06-12,82.28
2009-06-13,73.33
2009-06-14,61.46
2009-06-15,113.18
2009-06-16,117.29
2009-06-17,67.82
2009-06-18,125.4
2009-06-19,87.34
2009-06-20,67.12
2009-06-21,67.23
2009-06-22,72.85
2009-06-23,68.85
2009-06-24,64.43
2009-06-25,75.05
2009-06-26,62.11
2009-06-27,69.15
2009-06-28,60.78
2009-06-29,63.61
2009-06-30,115.36
2009-07-01,78.3
2009-07-02,59.01
2009-07-03,128.64
2009-07-04,61.63
2009-07-05,61.46
2009-07-06,113.21
2009-07-07,111.88
2009-07-08,82.52
2009-07-09,92.71
2009-07-10,75.68
2009-07-11,67.9
2009-07-12,48.8
2009-07-13,86.54
2009-07-14,79.37
2009-07-15,65.94
2009-07-16,48.22
2009-07-17,102.6
2009-07-18,86.0
2009-07-19,62.98
2009-07-20,66.44
2009-07-21,66.33
2009-07-22,76.01
2009-07-23,92.53
2009-07-24,139.67
2009-07-25,55.44
2009-07-26,71.37
2009-07-27,84.1
2009-07-28,112.64
2009-07-29,106.98
2009-07-30,66.4
2009-07-31,62.29
2009-08-01,31.62
2009-08-02,43.42
2009-08-03,108.13
2009-08-04,90.17
2009-08-05,91.1
2009-08-06,71.85
2009-08-07,116.16
2009-08-08,80.28
2009-08-09,50.57
2009-08-10,62.05
2009-08-11,70.11
2009-08-12,92.35
2009-08-13,38.16
2009-08-14,60.02
2009-08-15,52.69
2009-08-16,57.71
2009-08-17,103.52
2009-08-18,60.94
2009-08-19,114.65
2009-08-20,89.53
2009-08-21,55.03
2009-08-22,52.41
2009-08-23,70.36
2009-08-24,85.67
2009-08-25,80.04
2009-08-26,84.01
2009-08-27,37.69
2009-08-28,75.45
2009-08-29,124.59
2009-08-30,71.24
2009-08-31,65.05
2009-09-01,54.72
2009-09-02,72.63
2009-09-03,51.19
2009-09-04,89.63
2009-09-05,66.81
2009-09-06,74.12
2009-09-07,94.8
2009-09-08,86.38
2009-09-09,58.96
2009-09-10,92.47
2009-09-11,79.12
2009-09-12,70.41
2009-09-13,55.29
2009-09-14,71.05
2009-09-15,91.68
2009-09-16,83.45
2009-09-17,63.38
2009-09-18,173.58
2009-09-19,89.27
2009-09-20,46.49
2009-09-21,86.94
2009-09-22,117.71
2009-09-23,65.02
2009-09-24,98.93
2009-09-25,136.71
2009-09-26,144.57
2009-09-27,103.16
2009-09-28,129.9
2009-09-29,129.52
2009-09-30,156.01
2009-10-01,132.37
2009-10-02,106.43
2009-10-03,76.59
2009-10-04,68.89
2009-10-05,116.67
2009-10-06,102.17
2009-10-07,87.75
2009-10-08,89.53
2009-10-09,71.35
2009-10-10,96.24
2009-10-11,107.77
2009-10-12,88.93
2009-10-13,93.31
2009-10-14,102.1
2009-10-15,58.44
2009-10-16,105.38
2009-10-17,68.88
2009-10-18,76.76
2009-10-19,118.15
2009-10-20,81.17
2009-10-21,94.54
2009-10-22,96.92
2009-10-23,94.93
2009-10-24,95.55
2009-10-25,76.35
2009-10-26,82.2
2009-10-27,89.09
2009-10-28,115.82
2009-10-29,69.81
2009-10-30,79.12
2009-10-31,58.8
2009-11-01,49.52
2009-11-02,66.92
2009-11-03,122.69
2009-11-04,77.38
2009-11-05,66.19
2009-11-06,82.24
2009-11-07,71.03
2009-11-08,46.09
2009-11-09,95.39
2009-11-10,93.14
2009-11-11,112.04
2009-11-12,68.02
2009-11-13,90.14
2009-11-14,57.9
2009-11-15,59.58
2009-11-16,84.18
2009-11-17,111.31
2009-11-18,56.93
2009-11-19,94.15
2009-11-20,80.54
2009-11-21,69.27
2009-11-22,53.78
2009-11-23,101.72
2009-11-24,96.84
2009-11-25,100.73
2009-11-26,80.38
2009-11-27,75.2
2009-11-28,77.27
2009-11-29,71.24
2009-11-30,119.09
2009-12-01,91.03
2009-12-02,133.8
2009-12-03,117.08
2009-12-04,91.11
2009-12-05,82.21
2009-12-06,44.54
2009-12-07,101.24
2009-12-08,98.88
2009-12-09,68.26
2009-12-10,58.98
2009-12-11,75.66
2009-12-12,69.23
2009-12-13,81.22
2009-12-14,90.81
2009-12-15,87.88
2009-12-16,104.3
2009-12-17,54.54
2009-12-18,70.64
2009-12-19,78.79
2009-12-20,73.61
2009-12-21,69.63
2009-12-22,46.92
2009-12-23,64.23
2009-12-24,90.21
2009-12-25,81.29
2009-12-26,155.89
2009-12-27,123.37
2009-12-28,176.14
2009-12-29,204.68
2009-12-30,169.01
2009-12-31,115.3
2010-01-01,200.21
2010-01-02,110.15
2010-01-03,91.47
2010-01-04,177.12
2010-01-05,122.53
2010-01-06,161.59
2010-01-07,102.26
2010-01-08,110.3
2010-01-09,51.38
2010-01-10,76.89
2010-01-11,71.19
2010-01-12,117.87
2010-01-13,121.89
2010-01-14,82.37
2010-01-15,80.62
2010-01-16,40.32
2010-01-17,48.36
2010-01-18,71.8
2010-01-19,96.38
2010-01-20,84.68
2010-01-21,91.92
2010-01-22,50.39
2010-01-23,81.55
2010-01-24,55.11
2010-01-25,119.78
2010-01-26,90.71
2010-01-27,65.02
2010-01-28,114.45
2010-01-29,63.52
2010-01-30,78.74
2010-01-31,73.48
2010-02-01,143.84
2010-02-02,96.02
2010-02-03,113.4
2010-02-04,129.4
2010-02-05,92.11
2010-02-06,62.82
2010-02-07,54.6
2010-02-08,78.18
2010-02-09,67.68
2010-02-10,108.09
2010-02-11,96.86
2010-02-12,77.26
2010-02-13,46.73
2010-02-14,40.96
2010-02-15,85.16
2010-02-16,128.97
2010-02-17,75.89
2010-02-18,62.95
2010-02-19,119.77
2010-02-20,58.44
2010-02-21,76.15
2010-02-22,61.92
2010-02-23,86.13
2010-02-24,88.99
2010-02-25,60.93
2010-02-26,80.64
2010-02-27,45.01
2010-02-28,42.33
2010-03-01,62.06
2010-03-02,78.96
2010-03-03,63.7
2010-03-04,81.27
2010-03-05,86.04
2010-03-06,82.27
2010-03-07,56.04
2010-03-08,126.49
2010-03-09,88.63
2010-03-10,85.76
2010-03-11,93.18
2010-03-12,85.51
2010-03-13,50.7
2010-03-14,35.56
2010-03-15,105.72
2010-03-16,59.62
2010-03-17,76.36
2010-03-18,85.36
2010-03-19,81.1
2010-03-20,45.42
2010-03-21,36.34
2010-03-22,59.76
2010-03-23,81.17
2010-03-24,62.23
2010-03-25,53.73
2010-03-26,59.15
2010-03-27,71.06
2010-03-28,36.14
2010-03-29,60.89
2010-03-30,137.88
2010-03-31,66.39
2010-04-01,91.47
2010-04-02,121.53
2010-04-03,99.12
2010-04-04,94.45
2010-04-05,91.55
2010-04-06,112.22
2010-04-07,138.17
2010-04-08,139.44
2010-04-09,164.31
2010-04-10,69.56
2010-04-11,46.9
2010-04-12,121.04
2010-04-13,132.79
2010-04-14,97.33
2010-04-15,115.78
2010-04-16,67.54
2010-04-17,45.42
2010-04-18,66.74
2010-04-19,110.56
2010-04-20,123.8
2010-04-21,59.81
2010-04-22,58.78
2010-04-23,84.6
2010-04-24,65.01
2010-04-25,49.81
2010-04-26,72.1
2010-04-27,69.49
2010-04-28,43.92
2010-04-29,62.75
2010-04-30,42.74
2010-05-01,31.06
2010-05-02,23.08
2010-05-03,147.41
2010-05-04,129.46
2010-05-05,84.4
2010-05-06,69.15
2010-05-07,76.71
2010-05-08,51.5
2010-05-09,59.37
2010-05-10,76.66
2010-05-11,91.07
2010-05-12,46.61
2010-05-13,53.54
2010-05-14,100.95
2010-05-15,78.1
2010-05-16,70.21
2010-05-17,125.48
2010-05-18,135.35
2010-05-19,157.28
2010-05-20,114.79
2010-05-21,132.24
2010-05-22,104.72
2010-05-23,59.05
2010-05-24,95.59
2010-05-25,99.93
2010-05-26,110.54
2010-05-27,81.88
2010-05-28,90.23
2010-05-29,74.91
2010-05-30,29.79
2010-05-31,100.24
2010-06-01,165.63
2010-06-02,181.89
2010-06-03,131.32
2010-06-04,97.81
2010-06-05,92.31
2010-06-06,66.37
2010-06-07,150.21
2010-06-08,117.36
2010-06-09,73.69
2010-06-10,147.08
2010-06-11,100.94
2010-06-12,35.13
2010-06-13,93.22
2010-06-14,90.92
2010-06-15,103.3
2010-06-16,88.88
2010-06-17,89.18
2010-06-18,119.01
2010-06-19,49.77
2010-06-20,67.86
2010-06-21,89.53
2010-06-22,131.23
2010-06-23,82.58
2010-06-24,89.27
2010-06-25,59.79
2010-06-26,57.63
2010-06-27,30.96
2010-06-28,77.7
2010-06-29,113.4
2010-06-30,96.42
2010-07-01,94.26
2010-07-02,64.03
2010-07-03,45.13
2010-07-04,30.33
2010-07-05,39.26
2010-07-06,111.21
2010-07-07,93.79
2010-07-08,140.07
2010-07-09,66.58
2010-07-10,64.32
2010-07-11,54.21
2010-07-12,28.98
2010-07-13,140.02
2010-07-14,158.44
2010-07-15,124.0
2010-07-16,45.87
2010-07-17,36.31
2010-07-18,50.48
2010-07-19,71.65
2010-07-20,88.59
2010-07-21,99.63
2010-07-22,65.89
2010-07-23,73.76
2010-07-24,51.95
2010-07-25,61.8
2010-07-26,132.67
2010-07-27,99.45
2010-07-28,103.4
2010-07-29,65.02
2010-07-30,74.98
2010-07-31,85.09
2010-08-01,90.23
2010-08-02,117.84
2010-08-03,112.56
2010-08-04,99.57
2010-08-05,85.46
2010-08-06,64.69
2010-08-07,52.48
2010-08-08,85.44
2010-08-09,48.01
2010-08-10,77.13
2010-08-11,69.17
2010-08-12,83.67
2010-08-13,54.13
2010-08-14,46.41
2010-08-15,61.98
2010-08-16,66.97
2010-08-17,83.65
2010-08-18,108.86
2010-08-19,96.27
2010-08-20,57.42
2010-08-21,80.34
2010-08-22,71.37
2010-08-23,76.51
2010-08-24,105.29
2010-08-25,97.32
2010-08-26,83.96
2010-08-27,95.15
2010-08-28,71.95
2010-08-29,65.99
2010-08-30,97.04
2010-08-31,123.16
2010-09-01,94.75
2010-09-02,60.68
2010-09-03,81.19
2010-09-04,56.0
2010-09-05,37.71
2010-09-06,52.41
2010-09-07,113.96
2010-09-08,87.17
2010-09-09,45.96
2010-09-10,86.67
2010-09-11,21.7
2010-09-12,45.07
2010-09-13,71.6
2010-09-14,80.2
2010-09-15,63.13
2010-09-16,61.4
2010-09-17,89.34
2010-09-18,60.38
2010-09-19,72.3
2010-09-20,70.04
2010-09-21,100.87
2010-09-22,67.37
2010-09-23,80.06
2010-09-24,91.23
2010-09-25,62.55
2010-09-26,64.01
2010-09-27,95.33
2010-09-28,89.33
2010-09-29,82.9
2010-09-30,69.41
2010-10-01,80.87
2010-10-02,27.02
2010-10-03,45.61
2010-10-04,75.47
2010-10-05,111.26
2010-10-06,98.46
2010-10-07,104.36
2010-10-08,67.21
2010-10-09,55.83
2010-10-10,55.21
2010-10-11,70.22
2010-10-12,64.53
2010-10-13,52.52
2010-10-14,77.56
2010-10-15,71.88
2010-10-16,45.55
2010-10-17,77.17
2010-10-18,30.71
2010-10-19,83.69
2010-10-20,69.56
2010-10-21,43.1
2010-10-22,65.01
2010-10-23,40.66
2010-10-24,63.1
2010-10-25,50.78
2010-10-26,44.56
2010-10-27,85.61
2010-10-28,55.87
2010-10-29,78.2
2010-10-30,98.13
2010-10-31,42.55
2010-11-01,130.51
2010-11-02,130.62
2010-11-03,81.79
2010-11-04,79.74
2010-11-05,54.94
2010-11-06,58.63
2010-11-07,65.07
2010-11-08,92.57
2010-11-09,131.48
2010-11-10,79.36
2010-11-11,87.63
2010-11-12,75.51
2010-11-13,47.89
2010-11-14,70.89
2010-11-15,120.95
2010-11-16,121.23
2010-11-17,77.66
2010-11-18,73.97
2010-11-19,103.71
2010-11-20,82.3
2010-11-21,119.67
2010-11-22,113.15
2010-11-23,77.38
2010-11-24,166.79
2010-11-25,91.49
2010-11-26,56.32
2010-11-27,66.42
2010-11-28,67.98
2010-11-29,159.03
2010-11-30,183.41
2010-12-01,94.05
2010-12-02,100.18
2010-12-03,86.44
2010-12-04,88.63
2010-12-05,42.7
2010-12-06,110.68
2010-12-07,127.92
2010-12-08,67.68
2010-12-09,88.63
2010-12-10,61.22
2010-12-11,52.62
2010-12-12,70.34
2010-12-13,72.63
2010-12-14,67.45
2010-12-15,72.64
2010-12-16,136.46
2010-12-17,107.16
2010-12-18,79.55
2010-12-19,89.53
2010-12-20,128.26
2010-12-21,156.81
2010-12-22,163.83
2010-12-23,124.69
2010-12-24,126.52
2010-12-25,131.34
2010-12-26,104.92
2010-12-27,87.48
2010-12-28,134.57
2010-12-29,53.04
2010-12-30,161.36
2010-12-31,45.38
2011-01-01,83.28
2011-01-02,60.84
2011-01-03,74.2
2011-01-04,119.25
2011-01-05,44.56
2011-01-06,74.08
2011-01-07,74.59
2011-01-08,81.79
2011-01-09,83.46
2011-01-10,96.13
2011-01-11,89.33
2011-01-12,74.32
2011-01-13,61.53
2011-01-14,66.92
2011-01-15,70.84
2011-01-16,32.67
2011-01-17,91.63
2011-01-18,56.98
2011-01-19,62.64
2011-01-20,59.09
2011-01-21,88.97
2011-01-22,61.29
2011-01-23,72.88
2011-01-24,107.0
2011-01-25,204.2
2011-01-26,113.75
2011-01-27,68.67
2011-01-28,69.63
2011-01-29,63.65
2011-01-30,46.41
2011-01-31,89.42
2011-02-01,118.03
2011-02-02,98.83
2011-02-03,113.28
2011-02-04,94.64
2011-02-05,66.14
2011-02-06,52.37
2011-02-07,59.58
2011-02-08,56.59
2011-02-09,86.58
2011-02-10,104.04
2011-02-11,97.63
2011-02-12,59.69
2011-02-13,69.81
2011-02-14,76.57
2011-02-15,55.58
2011-02-16,62.23
2011-02-17,88.43
2011-02-18,66.45
2011-02-19,76.46
2011-02-20,61.69
2011-02-21,109.0
2011-02-22,163.83
2011-02-23,73.45
2011-02-24,144.02
2011-02-25,137.74
2011-02-26,128.16
2011-02-27,62.15
2011-02-28,107.26
2011-03-01,178.96
2011-03-02,127.0
2011-03-03,154.95
2011-03-04,119.61
2011-03-05,87.87
2011-03-06,50.86
2011-03-07,138.72
2011-03-08,166.01
2011-03-09,199.47
2011-03-10,136.31
2011-03-11,136.77
2011-03-12,93.12
2011-03-13,103.52
2011-03-14,87.98
2011-03-15,141.81
2011-03-16,166.35
2011-03-17,116.23
2011-03-18,147.8
2011-03-19,133.51
2011-03-20,95.84
2011-03-21,151.39
2011-03-22,192.93
2011-03-23,231.28
2011-03-24,144.68
2011-03-25,130.92
2011-03-26,103.26
2011-03-27,101.73
2011-03-28,131.84
2011-03-29,196.35
2011-03-30,125.13
2011-03-31,126.23
2011-04-01,125.88
2011-04-02,65.74
2011-04-03,72.01
2011-04-04,71.93
2011-04-05,103.4
2011-04-06,130.39
2011-04-07,74.62
2011-04-08,84.77
2011-04-09,51.97
2011-04-10,74.3
2011-04-11,98.69
2011-04-12,88.34
2011-04-13,111.53
2011-04-14,110.65
2011-04-15,86.82
2011-04-16,67.22
2011-04-17,30.17
2011-04-18,86.95
2011-04-19,96.63
2011-04-20,80.79
2011-04-21,117.59
2011-04-22,81.57
2011-04-23,73.88
2011-04-24,93.88
2011-04-25,78.18
2011-04-26,144.02
2011-04-27,124.73
2011-04-28,110.53
2011-04-29,68.88
2011-04-30,114.1
2011-05-01,69.49
2011-05-02,115.26
2011-05-03,269.19
2011-05-04,113.02
2011-05-05,101.2
2011-05-06,104.75
2011-05-07,120.41
2011-05-08,51.96
2011-05-09,126.04
2011-05-10,140.8
2011-05-11,88.73
2011-05-12,80.96
2011-05-13,114.11
2011-05-14,53.38
2011-05-15,94.29
2011-05-16,87.17
2011-05-17,74.64
2011-05-18,85.32
2011-05-19,150.25
2011-05-20,81.48
2011-05-21,65.41
2011-05-22,84.94
2011-05-23,119.93
2011-05-24,134.66
2011-05-25,119.1
2011-05-26,103.63
2011-05-27,94.45
2011-05-28,69.74
2011-05-29,72.3
2011-05-30,112.04
2011-05-31,140.02
2011-06-01,96.12
2011-06-02,86.35
2011-06-03,66.99
2011-06-04,53.75
2011-06-05,77.79
2011-06-06,62.42
2011-06-07,106.62
2011-06-08,122.14
2011-06-09,101.33
2011-06-10,90.62
2011-06-11,52.62
2011-06-12,103.9
2011-06-13,105.77
2011-06-14,43.33
2011-06-15,81.84
2011-06-16,115.52
2011-06-17,77.91
2011-06-18,67.32
2011-06-19,65.34
2011-06-20,74.16
2011-06-21,79.23
2011-06-22,56.08
2011-06-23,128.58
2011-06-24,115.04
2011-06-25,74.31
2011-06-26,73.46
2011-06-27,108.47
2011-06-28,66.17
2011-06-29,81.52
2011-06-30,101.41
2011-07-01,88.82
2011-07-02,52.95
2011-07-03,98.59
2011-07-04,70.37
2011-07-05,83.86
2011-07-06,41.55
2011-07-07,93.26
2011-07-08,65.36
2011-07-09,66.89
2011-07-10,83.94
2011-07-11,84.94
2011-07-12,75.83
2011-07-13,92.95
2011-07-14,74.88
2011-07-15,91.54
2011-07-16,51.18
2011-07-17,59.39
2011-07-18,72.8
2011-07-19,126.49
2011-07-20,92.12
2011-07-21,90.61
2011-07-22,62.44
2011-07-23,82.05
2011-07-24,33.39
2011-07-25,83.92
2011-07-26,92.6
2011-07-27,88.67
2011-07-28,101.98
2011-07-29,95.42
2011-07-30,74.83
2011-07-31,53.21
2011-08-01,88.1
2011-08-02,90.46
2011-08-03,86.63
2011-08-04,77.04
2011-08-05,51.98
2011-08-06,30.84
2011-08-07,74.82
2011-08-08,94.77
2011-08-09,63.14
2011-08-10,44.11
2011-08-11,91.38
2011-08-12,69.3
2011-08-13,46.18
2011-08-14,39.67
2011-08-15,131.06
2011-08-16,54.51
2011-08-17,38.83
2011-08-18,109.45
2011-08-19,119.65
2011-08-20,111.22
2011-08-21,39.67
2011-08-22,143.46
2011-08-23,197.71
2011-08-24,159.73
2011-08-25,109.69
2011-08-26,93.75
2011-08-27,87.87
2011-08-28,55.52
2011-08-29,125.17
2011-08-30,61.34
2011-08-31,91.1
2011-09-01,90.61
2011-09-02,105.27
2011-09-03,91.36
2011-09-04,54.3
2011-09-05,123.42
2011-09-06,138.56
2011-09-07,87.85
2011-09-08,99.45
2011-09-09,90.51
2011-09-10,95.79
2011-09-11,53.14
2011-09-12,110.16
2011-09-13,111.98
2011-09-14,78.36
2011-09-15,85.38
2011-09-16,72.7
2011-09-17,69.4
2011-09-18,53.91
2011-09-19,56.63
2011-09-20,70.65
2011-09-21,102.09
2011-09-22,84.16
2011-09-23,93.09
2011-09-24,57.93
2011-09-25,39.51
2011-09-26,73.34
2011-09-27,86.86
2011-09-28,55.85
2011-09-29,93.69
2011-09-30,68.4
2011-10-01,82.06
2011-10-02,37.43
2011-10-03,92.02
2011-10-04,73.61
2011-10-05,66.1
2011-10-06,86.47
2011-10-07,74.48
2011-10-08,48.01
2011-10-09,38.67
2011-10-10,55.35
2011-10-11,85.25
2011-10-12,137.25
2011-10-13,135.99
2011-10-14,73.91
2011-10-15,68.78
2011-10-16,54.19
2011-10-17,96.44
2011-10-18,114.36
2011-10-19,51.13
2011-10-20,72.09
2011-10-21,110.53
2011-10-22,64.29
2011-10-23,71.88
2011-10-24,96.53
2011-10-25,82.53
2011-10-26,64.39
2011-10-27,53.97
2011-10-28,51.46
2011-10-29,48.42
2011-10-30,59.82
2011-10-31,82.71
2011-11-01,80.11
2011-11-02,37.6
2011-11-03,110.42
2011-11-04,111.48
2011-11-05,60.73
2011-11-06,31.85
2011-11-07,65.6
2011-11-08,82.42
2011-11-09,112.77
2011-11-10,80.25
2011-11-11,66.76
2011-11-12,52.1
2011-11-13,76.74
2011-11-14,95.59
2011-11-15,114.1
2011-11-16,83.45
2011-11-17,108.66
2011-11-18,109.07
2011-11-19,75.72
2011-11-20,58.42
2011-11-21,111.56
2011-11-22,58.25
2011-11-23,102.49
2011-11-24,67.85
2011-11-25,83.16
2011-11-26,49.88
2011-11-27,113.08
2011-11-28,105.42
2011-11-29,107.73
2011-11-30,84.25
2011-12-01,104.03
2011-12-02,104.31
2011-12-03,76.69
2011-12-04,58.46
2011-12-05,97.07
2011-12-06,73.94
2011-12-07,49.84
2011-12-08,87.08
2011-12-09,71.66
2011-12-10,32.53
2011-12-11,33.94
2011-12-12,99.59
2011-12-13,89.63
2011-12-14,113.06
2011-12-15,82.24
2011-12-16,118.86
2011-12-17,48.18
2011-12-18,68.87
2011-12-19,86.15
2011-12-20,180.25
2011-12-21,80.14
2011-12-22,83.38
2011-12-23,75.76
2011-12-24,93.64
2011-12-25,62.95
2011-12-26,103.27
2011-12-27,68.3
2011-12-28,86.67
2011-12-29,115.55
2011-12-30,125.9
2011-12-31,57.44
2012-01-01,72.44
2012-01-02,60.11
2012-01-03,88.1
2012-01-04,76.94
2012-01-05,82.44
2012-01-06,100.6
2012-01-07,73.75
2012-01-08,55.73
2012-01-09,88.39
2012-01-10,66.64
2012-01-11,103.97
2012-01-12,103.84
2012-01-13,98.1
2012-01-14,102.56
2012-01-15,53.32
2012-01-16,72.86
2012-01-17,56.63
2012-01-18,73.86
2012-01-19,103.2
2012-01-20,70.93
2012-01-21,60.44
2012-01-22,39.2
2012-01-23,109.54
2012-01-24,103.52
2012-01-25,65.63
2012-01-26,85.76
2012-01-27,58.42
2012-01-28,51.4
2012-01-29,38.22
2012-01-30,128.43
2012-01-31,69.98
2012-02-01,134.97
2012-02-02,57.82
2012-02-03,102.98
2012-02-04,65.95
2012-02-05,40.4
2012-02-06,124.92
2012-02-07,142.99
2012-02-08,82.25
2012-02-09,85.78
2012-02-10,68.33
2012-02-11,51.01
2012-02-12,45.38
2012-02-13,61.83
2012-02-14,80.42
2012-02-15,128.72
2012-02-16,81.79
2012-02-17,49.79
2012-02-18,90.72
2012-02-19,42.47
2012-02-20,150.12
2012-02-21,141.49
2012-02-22,101.15
2012-02-23,68.3
2012-02-24,152.73
2012-02-25,133.75
2012-02-26,51.56
2012-02-27,55.0
2012-02-28,113.57
2012-02-29,146.9
2012-03-01,91.45
2012-03-02,99.76
2012-03-03,70.79
2012-03-04,94.46
2012-03-05,116.52
2012-03-06,110.79
2012-03-07,138.18
2012-03-08,154.15
2012-03-09,132.38
2012-03-10,24.95
2012-03-11,46.1
2012-03-12,71.49
2012-03-13,64.65
2012-03-14,69.16
2012-03-15,64.95
2012-03-16,72.73
2012-03-17,53.29
2012-03-18,31.61
2012-03-19,107.0
2012-03-20,104.61
2012-03-21,124.38
2012-03-22,67.6
2012-03-23,93.31
2012-03-24,51.31
2012-03-25,51.46
2012-03-26,79.67
2012-03-27,116.37
2012-03-28,149.58
2012-03-29,83.45
2012-03-30,103.07
2012-03-31,91.25
2012-04-01,141.78
2012-04-02,154.47
2012-04-03,134.5
2012-04-04,126.08
2012-04-05,116.87
2012-04-06,88.28
2012-04-07,91.54
2012-04-08,76.59
2012-04-09,126.88
2012-04-10,116.15
2012-04-11,85.7
2012-04-12,136.67
2012-04-13,112.74
2012-04-14,83.19
2012-04-15,56.68
2012-04-16,136.95
2012-04-17,117.75
2012-04-18,99.27
2012-04-19,65.09
2012-04-20,100.38
2012-04-21,48.3
2012-04-22,60.47
2012-04-23,90.46
2012-04-24,93.37
2012-04-25,83.95
2012-04-26,118.68
2012-04-27,84.5
2012-04-28,34.0
2012-04-29,69.94
2012-04-30,99.85
2012-05-01,75.19
2012-05-02,87.57
2012-05-03,101.76
2012-05-04,62.24
2012-05-05,38.94
2012-05-06,25.48
2012-05-07,60.39
2012-05-08,84.52
2012-05-09,54.6
2012-05-10,55.44
2012-05-11,110.31
2012-05-12,30.91
2012-05-13,53.86
2012-05-14,65.92
2012-05-15,92.66
2012-05-16,67.07
2012-05-17,53.89
2012-05-18,147.15
2012-05-19,77.57
2012-05-20,73.61
2012-05-21,59.07
2012-05-22,115.74
2012-05-23,86.14
2012-05-24,113.44
2012-05-25,81.91
2012-05-26,57.16
2012-05-27,46.75
2012-05-28,157.49
2012-05-29,91.1
2012-05-30,88.28
2012-05-31,91.92
2012-06-01,67.9
2012-06-02,48.76
2012-06-03,12.99
2012-06-04,40.62
2012-06-05,67.33
2012-06-06,69.87
2012-06-07,102.94
2012-06-08,92.91
2012-06-09,89.53
2012-06-10,60.35
2012-06-11,78.35
2012-06-12,92.02
2012-06-13,99.34
2012-06-14,112.46
2012-06-15,55.38
2012-06-16,58.84
2012-06-17,69.59
2012-06-18,102.82
2012-06-19,111.61
2012-06-20,147.88
2012-06-21,73.04
2012-06-22,72.01
2012-06-23,44.93
2012-06-24,60.35
2012-06-25,99.97
2012-06-26,129.9
2012-06-27,48.39
2012-06-28,92.02
2012-06-29,80.06
2012-06-30,45.57
2012-07-01,19.56
2012-07-02,45.32
2012-07-03,77.42
2012-07-04,129.36
2012-07-05,82.71
2012-07-06,62.65
2012-07-07,60.75
2012-07-08,28.8
2012-07-09,83.7
2012-07-10,97.55
2012-07-11,69.27
2012-07-12,66.02
2012-07-13,107.78
2012-07-14,80.49
2012-07-15,48.21
2012-07-16,54.23
2012-07-17,155.83
2012-07-18,104.49
2012-07-19,147.79
2012-07-20,166.37
2012-07-21,40.65
2012-07-22,58.12
2012-07-23,80.69
2012-07-24,109.74
2012-07-25,86.86
2012-07-26,76.39
2012-07-27,67.26
2012-07-28,60.39
2012-07-29,71.45
2012-07-30,112.5
2012-07-31,65.1
2012-08-01,67.75
2012-08-02,52.75
2012-08-03,74.24
2012-08-04,45.38
2012-08-05,53.11
2012-08-06,99.59
2012-08-07,114.61
2012-08-08,75.29
2012-08-09,87.44
2012-08-10,85.2
2012-08-11,52.34
2012-08-12,63.95
2012-08-13,89.93
2012-08-14,109.06
2012-08-15,94.53
2012-08-16,95.7
2012-08-17,104.33
2012-08-18,49.15
2012-08-19,34.65
2012-08-20,69.01
2012-08-21,75.39
2012-08-22,123.79
2012-08-23,76.19
2012-08-24,69.7
2012-08-25,28.86
2012-08-26,53.43
2012-08-27,83.16
2012-08-28,73.71
2012-08-29,65.18
2012-08-30,84.22
2012-08-31,69.29
2012-09-01,48.18
2012-09-02,64.07
2012-09-03,57.53
2012-09-04,83.34
2012-09-05,81.7
2012-09-06,54.94
2012-09-07,69.74
2012-09-08,63.18
2012-09-09,66.14
2012-09-10,66.43
2012-09-11,79.34
2012-09-12,99.16
2012-09-13,65.81
2012-09-14,76.23
2012-09-15,49.44
2012-09-16,75.14
2012-09-17,92.02
2012-09-18,82.92
2012-09-19,53.06
2012-09-20,52.32
2012-09-21,67.9
2012-09-22,28.17
2012-09-23,51.76
2012-09-24,60.31
2012-09-25,74.93
2012-09-26,87.27
2012-09-27,106.64
2012-09-28,89.98
2012-09-29,62.02
2012-09-30,59.51
2012-10-01,52.1
2012-10-02,81.34
2012-10-03,63.85
2012-10-04,72.01
2012-10-05,87.97
2012-10-06,49.23
2012-10-07,39.36
2012-10-08,92.6
2012-10-09,108.15
2012-10-10,64.53
2012-10-11,89.17
2012-10-12,81.25
2012-10-13,74.74
2012-10-14,46.47
2012-10-15,129.81
2012-10-16,79.96
2012-10-17,95.45
2012-10-18,109.91
2012-10-19,103.82
2012-10-20,71.02
2012-10-21,82.66
2012-10-22,163.36
2012-10-23,106.5
2012-10-24,74.36
2012-10-25,89.96
2012-10-26,67.88
2012-10-27,50.01
2012-10-28,50.77
2012-10-29,117.22
2012-10-30,69.49
2012-10-31,75.2
2012-11-01,53.59
2012-11-02,55.21
2012-11-03,61.56
2012-11-04,55.52
2012-11-05,61.57
2012-11-06,129.59
2012-11-07,43.59
2012-11-08,59.49
2012-11-09,72.01
2012-11-10,54.08
2012-11-11,51.66
2012-11-12,108.34
2012-11-13,61.27
2012-11-14,56.92
2012-11-15,96.57
2012-11-16,98.02
2012-11-17,110.42
2012-11-18,79.14
2012-11-19,116.35
2012-11-20,135.6
2012-11-21,116.18
2012-11-22,121.63
2012-11-23,122.55
2012-11-24,62.56
2012-11-25,50.74
2012-11-26,110.56
2012-11-27,67.26
2012-11-28,55.39
2012-11-29,56.95
2012-11-30,68.23
2012-12-01,36.5
2012-12-02,73.61
2012-12-03,67.43
2012-12-04,101.98
2012-12-05,84.94
2012-12-06,39.54
2012-12-07,107.2
2012-12-08,61.23
2012-12-09,21.23
2012-12-10,59.92
2012-12-11,107.63
2012-12-12,108.61
2012-12-13,95.92
2012-12-14,104.72
2012-12-15,57.11
2012-12-16,57.55
2012-12-17,87.63
2012-12-18,80.3
2012-12-19,102.02
2012-12-20,82.3
2012-12-21,77.04
2012-12-22,60.72
2012-12-23,67.74
2012-12-24,89.39
2012-12-25,105.4
2012-12-26,55.93
2012-12-27,62.0
2012-12-28,103.94
2012-12-29,46.18
2012-12-30,68.85
2012-12-31,49.5
2013-01-01,116.83
2013-01-02,82.33
2013-01-03,78.43
2013-01-04,80.4
2013-01-05,55.05
2013-01-06,21.65
2013-01-07,83.81
2013-01-08,84.63
2013-01-09,70.4
2013-01-10,54.57
2013-01-11,94.96
2013-01-12,84.42
2013-01-13,55.91
2013-01-14,77.54
2013-01-15,124.86
2013-01-16,96.07
2013-01-17,125.95
2013-01-18,146.6
2013-01-19,106.3
2013-01-20,106.43
2013-01-21,121.65
2013-01-22,151.14
2013-01-23,116.96
2013-01-24,98.55
2013-01-25,124.61
2013-01-26,65.71
2013-01-27,69.59
2013-01-28,121.24
2013-01-29,37.03
2013-01-30,90.16
2013-01-31,53.67
2013-02-01,134.15
2013-02-02,38.87
2013-02-03,62.76
2013-02-04,82.71
2013-02-05,81.39
2013-02-06,92.02
2013-02-07,75.93
2013-02-08,91.72
2013-02-09,80.94
2013-02-10,105.05
2013-02-11,98.35
2013-02-12,91.14
2013-02-13,176.87
2013-02-14,86.19
2013-02-15,73.3
2013-02-16,66.25
2013-02-17,78.87
2013-02-18,63.1
2013-02-19,113.03
2013-02-20,86.96
2013-02-21,33.25
2013-02-22,81.15
2013-02-23,37.71
2013-02-24,39.51
2013-02-25,49.63
2013-02-26,114.36
2013-02-27,119.16
2013-02-28,66.07
2013-03-01,56.75
2013-03-02,31.04
2013-03-03,40.56
2013-03-04,45.38
2013-03-05,85.88
2013-03-06,89.93
2013-03-07,89.29
2013-03-08,92.4
2013-03-09,56.4
2013-03-10,57.11
2013-03-11,70.57
2013-03-12,92.6
2013-03-13,104.33
2013-03-14,49.97
2013-03-15,86.63
2013-03-16,87.47
2013-03-17,55.21
2013-03-18,107.29
2013-03-19,82.03
2013-03-20,72.51
2013-03-21,85.62
2013-03-22,109.62
2013-03-23,56.05
2013-03-24,59.99
2013-03-25,102.82
2013-03-26,87.94
2013-03-27,100.5
2013-03-28,57.27
2013-03-29,125.16
2013-03-30,59.21
2013-03-31,21.01
2013-04-01,99.56
2013-04-02,72.48
2013-04-03,77.13
2013-04-04,123.72
2013-04-05,99.52
2013-04-06,75.29
2013-04-07,90.28
2013-04-08,121.85
2013-04-09,82.03
2013-04-10,92.13
2013-04-11,54.7
2013-04-12,97.21
2013-04-13,78.52
2013-04-14,37.36
2013-04-15,105.31
2013-04-16,108.67
2013-04-17,153.72
2013-04-18,82.5
2013-04-19,91.21
2013-04-20,94.73
2013-04-21,65.21
2013-04-22,165.17
2013-04-23,153.32
2013-04-24,104.45
2013-04-25,76.64
2013-04-26,98.46
2013-04-27,69.98
2013-04-28,80.14
2013-04-29,89.41
2013-04-30,74.63
2013-05-01,68.93
2013-05-02,70.48
2013-05-03,82.3
2013-05-04,56.63
2013-05-05,61.98
2013-05-06,88.4
2013-05-07,83.02
2013-05-08,84.94
2013-05-09,65.07
2013-05-10,61.08
2013-05-11,71.02
2013-05-12,48.82
2013-05-13,78.76
2013-05-14,86.74
2013-05-15,44.51
2013-05-16,89.79
2013-05-17,105.8
2013-05-18,45.93
2013-05-19,103.52
2013-05-20,123.03
2013-05-21,95.36
2013-05-22,76.77
2013-05-23,100.92
2013-05-24,104.99
2013-05-25,99.09
2013-05-26,32.67
2013-05-27,126.39
2013-05-28,157.53
2013-05-29,108.15
2013-05-30,95.19
2013-05-31,67.15
2013-06-01,64.06
2013-06-02,51.16
2013-06-03,62.93
2013-06-04,110.15
2013-06-05,58.66
2013-06-06,80.58
2013-06-07,156.53
2013-06-08,78.3
2013-06-09,87.53
2013-06-10,97.7
2013-06-11,126.31
2013-06-12,80.89
2013-06-13,82.1
2013-06-14,79.86
2013-06-15,98.61
2013-06-16,90.09
2013-06-17,149.3
2013-06-18,124.22
2013-06-19,116.44
2013-06-20,91.32
2013-06-21,73.69
2013-06-22,42.51
2013-06-23,41.06
2013-06-24,89.89
2013-06-25,85.93
2013-06-26,96.84
2013-06-27,39.09
2013-06-28,39.44
2013-06-29,15.58
2013-06-30,66.65
2013-07-01,71.91
2013-07-02,107.83
2013-07-03,84.94
2013-07-04,77.55
2013-07-05,67.95
2013-07-06,43.5
2013-07-07,68.54
2013-07-08,87.94
2013-07-09,98.95
2013-07-10,87.17
2013-07-11,77.26
2013-07-12,75.11
2013-07-13,54.83
2013-07-14,93.21
2013-07-15,125.86
2013-07-16,100.76
2013-07-17,117.41
2013-07-18,55.37
2013-07-19,83.67
2013-07-20,49.81
2013-07-21,43.78
2013-07-22,78.06
2013-07-23,74.89
2013-07-24,49.38
2013-07-25,54.64
2013-07-26,87.67
2013-07-27,34.9
2013-07-28,88.14
2013-07-29,101.85
2013-07-30,96.22
2013-07-31,50.38
2013-08-01,45.96
2013-08-02,43.64
2013-08-03,65.75
2013-08-04,54.98
2013-08-05,85.84
2013-08-06,65.87
2013-08-07,128.68
2013-08-08,95.33
2013-08-09,81.24
2013-08-10,73.4
2013-08-11,21.7
2013-08-12,84.81
2013-08-13,78.56
2013-08-14,42.36
2013-08-15,75.86
2013-08-16,48.6
2013-08-17,74.04
2013-08-18,99.68
2013-08-19,113.09
2013-08-20,96.35
2013-08-21,62.34
2013-08-22,58.66
2013-08-23,98.12
2013-08-24,86.92
2013-08-25,69.59
2013-08-26,110.1
2013-08-27,154.75
2013-08-28,140.36
2013-08-29,187.64
2013-08-30,122.4
2013-08-31,187.62
2013-09-01,108.71
2013-09-02,104.61
2013-09-03,105.58
2013-09-04,50.25
2013-09-05,89.53
2013-09-06,126.08
2013-09-07,59.56
2013-09-08,66.25
2013-09-09,111.56
2013-09-10,66.75
2013-09-11,110.55
2013-09-12,76.3
2013-09-13,95.27
2013-09-14,77.73
2013-09-15,64.95
2013-09-16,127.76
2013-09-17,112.64
2013-09-18,83.11
2013-09-19,58.44
2013-09-20,90.8
2013-09-21,66.02
2013-09-22,81.12
2013-09-23,164.71
2013-09-24,174.12
2013-09-25,124.93
2013-09-26,129.27
2013-09-27,131.37
2013-09-28,91.36
2013-09-29,76.55
2013-09-30,116.46
2013-10-01,132.82
2013-10-02,65.56
2013-10-03,40.21
2013-10-04,102.03
2013-10-05,35.84
2013-10-06,98.59
2013-10-07,125.09
2013-10-08,93.83
2013-10-09,87.78
2013-10-10,57.74
2013-10-11,66.39
2013-10-12,39.22
2013-10-13,20.28
2013-10-14,85.28
2013-10-15,102.45
2013-10-16,66.41
2013-10-17,63.64
2013-10-18,72.72
2013-10-19,60.11
2013-10-20,51.86
2013-10-21,133.98
2013-10-22,70.65
2013-10-23,88.34
2013-10-24,60.84
2013-10-25,50.85
2013-10-26,57.95
2013-10-27,62.5
2013-10-28,73.31
2013-10-29,65.84
2013-10-30,88.23
2013-10-31,60.23
2013-11-01,64.67
2013-11-02,65.01
2013-11-03,69.81
2013-11-04,55.29
2013-11-05,59.76
2013-11-06,76.1
2013-11-07,53.58
2013-11-08,120.52
2013-11-09,104.88
2013-11-10,35.02
2013-11-11,91.38
2013-11-12,88.02
2013-11-13,45.27
2013-11-14,99.48
2013-11-15,92.95
2013-11-16,29.79
2013-11-17,47.71
2013-11-18,83.28
2013-11-19,94.16
2013-11-20,81.34
2013-11-21,62.15
2013-11-22,76.55
2013-11-23,55.95
2013-11-24,58.92
2013-11-25,164.52
2013-11-26,186.74
2013-11-27,67.52
2013-11-28,57.8
2013-11-29,76.1
2013-11-30,38.26
2013-12-01,14.31
2013-12-02,37.75
2013-12-03,81.95
2013-12-04,99.3
2013-12-05,44.55
2013-12-06,49.92
2013-12-07,44.55
2013-12-08,82.18
2013-12-09,65.9
2013-12-10,61.12
2013-12-11,67.52
2013-12-12,57.64
2013-12-13,45.22
2013-12-14,54.89
2013-12-15,33.73
2013-12-16,41.46
2013-12-17,116.0
2013-12-18,112.79
2013-12-19,67.33
2013-12-20,106.17
2013-12-21,64.16
2013-12-22,71.09
2013-12-23,47.47
2013-12-24,75.74
2013-12-25,92.75
2013-12-26,104.83
2013-12-27,115.09
2013-12-28,86.04
2013-12-29,45.69
2013-12-30,68.65
2013-12-31,121.71
2014-01-01,112.16
2014-01-02,82.13
2014-01-03,117.95
2014-01-04,32.27
2014-01-05,65.52
2014-01-06,103.52
2014-01-07,91.53
2014-01-08,93.83
2014-01-09,61.47
2014-01-10,96.66
2014-01-11,42.08
2014-01-12,7.06
2014-01-13,108.97
2014-01-14,91.65
2014-01-15,87.8
2014-01-16,60.78
2014-01-17,64.95
2014-01-18,63.13
2014-01-19,81.52
2014-01-20,85.71
2014-01-21,125.09
2014-01-22,81.95
2014-01-23,61.22
2014-01-24,106.38
2014-01-25,62.09
2014-01-26,91.62
2014-01-27,105.47
2014-01-28,64.61
2014-01-29,66.8
2014-01-30,45.56
2014-01-31,75.72
2014-02-01,36.7
2014-02-02,65.67
2014-02-03,156.58
2014-02-04,51.89
2014-02-05,91.35
2014-02-06,43.72
2014-02-07,60.64
2014-02-08,43.26
2014-02-09,71.87
2014-02-10,55.36
2014-02-11,77.7
2014-02-12,59.72
2014-02-13,68.09
2014-02-14,61.68
2014-02-15,68.52
2014-02-16,50.77
2014-02-17,84.4
2014-02-18,95.14
2014-02-19,85.04
2014-02-20,115.87
2014-02-21,116.56
2014-02-22,28.93
2014-02-23,38.52
2014-02-24,69.37
2014-02-25,61.57
2014-02-26,71.67
2014-02-27,65.92
2014-02-28,70.88
2014-03-01,101.97
2014-03-02,133.57
2014-03-03,180.03
2014-03-04,213.07
2014-03-05,213.84
2014-03-06,142.99
2014-03-07,165.26
2014-03-08,52.73
2014-03-09,102.87
2014-03-10,118.64
2014-03-11,115.14
2014-03-12,124.27
2014-03-13,84.94
2014-03-14,103.85
2014-03-15,97.7
2014-03-16,107.95
2014-03-17,135.21
2014-03-18,194.08
2014-03-19,153.07
2014-03-20,97.97
2014-03-21,117.65
2014-03-22,74.88
2014-03-23,84.6
2014-03-24,122.18
2014-03-25,140.59
2014-03-26,108.48
2014-03-27,87.17
2014-03-28,112.16
2014-03-29,73.03
2014-03-30,59.99
2014-03-31,85.82
2014-04-01,120.93
2014-04-02,94.75
2014-04-03,63.3
2014-04-04,59.55
2014-04-05,60.45
2014-04-06,19.49
2014-04-07,56.96
2014-04-08,115.94
2014-04-09,142.43
2014-04-10,85.11
2014-04-11,52.94
2014-04-12,62.68
2014-04-13,46.28
2014-04-14,125.0
2014-04-15,129.57
2014-04-16,143.85
2014-04-17,82.81
2014-04-18,95.14
2014-04-19,53.13
2014-04-20,69.01
2014-04-21,89.93
2014-04-22,135.49
2014-04-23,114.79
2014-04-24,66.79
2014-04-25,125.74
2014-04-26,65.63
2014-04-27,81.62
2014-04-28,116.31
2014-04-29,125.79
2014-04-30,182.05
2014-05-01,79.18
2014-05-02,92.12
2014-05-03,93.72
2014-05-04,91.11
2014-05-05,63.88
2014-05-06,111.76
2014-05-07,80.21
2014-05-08,121.4
2014-05-09,119.73
2014-05-10,50.38
2014-05-11,94.45
2014-05-12,93.84
2014-05-13,114.08
2014-05-14,113.31
2014-05-15,60.23
2014-05-16,79.41
2014-05-17,40.28
2014-05-18,67.6
2014-05-19,56.46
2014-05-20,77.74
2014-05-21,94.75
2014-05-22,58.46
2014-05-23,110.17
2014-05-24,66.57
2014-05-25,111.29
2014-05-26,43.23
2014-05-27,68.71
2014-05-28,96.48
2014-05-29,114.97
2014-05-30,64.88
2014-05-31,48.31
2014-06-01,34.8
2014-06-02,57.28
2014-06-03,84.4
2014-06-04,76.47
2014-06-05,107.98
2014-06-06,52.97
2014-06-07,23.87
2014-06-08,69.89
2014-06-09,75.93
2014-06-10,114.52
2014-06-11,130.06
2014-06-12,87.97
2014-06-13,99.45
2014-06-14,74.21
2014-06-15,65.6
2014-06-16,135.31
2014-06-17,207.04
2014-06-18,144.56
2014-06-19,104.75
2014-06-20,143.7
2014-06-21,89.03
2014-06-22,102.87
2014-06-23,129.0
2014-06-24,155.02
2014-06-25,94.64
2014-06-26,95.02
2014-06-27,136.64
2014-06-28,76.97
2014-06-29,91.17
2014-06-30,84.1
2014-07-01,127.72
2014-07-02,134.72
2014-07-03,93.11
2014-07-04,92.02
2014-07-05,73.19
2014-07-06,90.96
2014-07-07,124.03
2014-07-08,114.52
2014-07-09,109.21
2014-07-10,75.13
2014-07-11,116.43
2014-07-12,57.95
2014-07-13,123.22
2014-07-14,151.03
2014-07-15,97.3
2014-07-16,160.09
2014-07-17,147.45
2014-07-18,207.28
2014-07-19,173.85
2014-07-20,116.23
2014-07-21,203.45
2014-07-22,208.98
2014-07-23,217.15
2014-07-24,119.6
2014-07-25,180.28
2014-07-26,131.22
2014-07-27,110.42
2014-07-28,149.44
2014-07-29,169.99
2014-07-30,202.23
2014-07-31,141.77
2014-08-01,151.3
2014-08-02,47.03
2014-08-03,36.16
2014-08-04,155.7
2014-08-05,172.58
2014-08-06,159.54
2014-08-07,177.73
2014-08-08,212.4
2014-08-09,142.1
2014-08-10,117.52
2014-08-11,206.7
2014-08-12,150.57
2014-08-13,165.85
2014-08-14,106.74
2014-08-15,131.82
2014-08-16,83.9
2014-08-17,79.56
2014-08-18,115.86
2014-08-19,216.15
2014-08-20,123.03
2014-08-21,153.54
2014-08-22,109.58
2014-08-23,108.71
2014-08-24,66.79
2014-08-25,167.6
2014-08-26,118.14
2014-08-27,143.08
2014-08-28,97.53
2014-08-29,157.34
2014-08-30,127.53
2014-08-31,103.73
2014-09-01,227.85
2014-09-02,219.28
2014-09-03,184.26
2014-09-04,219.84
2014-09-05,117.67
2014-09-06,101.83
2014-09-07,78.73
2014-09-08,147.02
2014-09-09,110.56
2014-09-10,131.68
2014-09-11,118.18
2014-09-12,168.17
2014-09-13,99.94
2014-09-14,101.93
2014-09-15,112.87
2014-09-16,157.35
2014-09-17,159.8
2014-09-18,118.06
2014-09-19,132.81
2014-09-20,76.33
2014-09-21,79.82
2014-09-22,80.68
2014-09-23,179.18
2014-09-24,146.88
2014-09-25,107.53
2014-09-26,151.31
2014-09-27,128.74
2014-09-28,60.11
2014-09-29,101.28
2014-09-30,97.3
2014-10-01,108.34
2014-10-02,57.61
2014-10-03,103.98
2014-10-04,81.09
2014-10-05,50.48
2014-10-06,95.29
2014-10-07,67.6
2014-10-08,80.98
2014-10-09,75.36
2014-10-10,121.7
2014-10-11,64.35
2014-10-12,41.06
2014-10-13,80.68
2014-10-14,70.29
2014-10-15,89.53
2014-10-16,68.58
2014-10-17,86.51
2014-10-18,51.01
2014-10-19,57.67
2014-10-20,75.86
2014-10-21,60.74
2014-10-22,78.5
2014-10-23,74.29
2014-10-24,91.68
2014-10-25,111.97
2014-10-26,37.71
2014-10-27,96.68
2014-10-28,139.38
2014-10-29,92.37
2014-10-30,103.4
2014-10-31,89.83
2014-11-01,97.52
2014-11-02,44.94
2014-11-03,80.91
2014-11-04,79.88
2014-11-05,103.52
2014-11-06,41.02
2014-11-07,90.21
2014-11-08,62.5
2014-11-09,67.19
2014-11-10,57.86
2014-11-11,77.04
2014-11-12,57.42
2014-11-13,61.54
2014-11-14,77.45
2014-11-15,97.97
2014-11-16,51.26
2014-11-17,136.55
2014-11-18,87.4
2014-11-19,92.24
2014-11-20,89.16
2014-11-21,110.54
2014-11-22,54.01
2014-11-23,76.59
2014-11-24,142.11
2014-11-25,163.64
2014-11-26,119.09
2014-11-27,80.79
2014-11-28,90.87
2014-11-29,49.1
2014-11-30,83.94
2014-12-01,57.56
2014-12-02,108.91
2014-12-03,88.44
2014-12-04,89.81
2014-12-05,62.5
2014-12-06,61.64
2014-12-07,44.0
2014-12-08,109.47
2014-12-09,72.48
2014-12-10,107.79
2014-12-11,81.71
2014-12-12,77.55
2014-12-13,71.81
2014-12-14,88.24
2014-12-15,66.97
2014-12-16,136.07
2014-12-17,144.74
2014-12-18,122.82
2014-12-19,110.97
2014-12-20,73.46
2014-12-21,109.51
2014-12-22,74.2
2014-12-23,56.85
2014-12-24,123.64
2014-12-25,44.02
2014-12-26,114.02
2014-12-27,60.82
2014-12-28,32.72
2014-12-29,92.94
2014-12-30,69.62
2014-12-31,93.75
2015-01-01,74.58
2015-01-02,106.86
2015-01-03,53.43
2015-01-04,16.48
2015-01-05,100.72
2015-01-06,66.82
2015-01-07,78.76
2015-01-08,168.64
2015-01-09,64.71
2015-01-10,138.75
2015-01-11,96.12
2015-01-12,148.08
2015-01-13,151.56
2015-01-14,88.39
2015-01-15,132.79
2015-01-16,156.11
2015-01-17,108.23
2015-01-18,78.13
2015-01-19,120.26
2015-01-20,175.29
2015-01-21,148.51
2015-01-22,98.54
2015-01-23,109.12
2015-01-24,97.72
2015-01-25,110.42
2015-01-26,135.93
2015-01-27,95.16
2015-01-28,146.46
2015-01-29,105.28
2015-01-30,126.52
2015-01-31,60.17
2015-02-01,114.23
2015-02-02,101.15
2015-02-03,141.25
2015-02-04,90.7
2015-02-05,89.43
2015-02-06,166.44
2015-02-07,116.95
2015-02-08,107.09
2015-02-09,128.99
2015-02-10,134.23
2015-02-11,110.85
2015-02-12,76.61
2015-02-13,139.64
2015-02-14,60.35
2015-02-15,70.78
2015-02-16,102.52
2015-02-17,123.75
2015-02-18,154.67
2015-02-19,143.86
2015-02-20,136.85
2015-02-21,72.01
2015-02-22,83.69
2015-02-23,168.18
2015-02-24,149.09
2015-02-25,114.38
2015-02-26,95.06
2015-02-27,105.94
2015-02-28,51.56
2015-03-01,111.41
2015-03-02,105.47
2015-03-03,149.37
2015-03-04,218.32
2015-03-05,77.49
2015-03-06,86.04
2015-03-07,59.1
2015-03-08,86.04
2015-03-09,79.82
2015-03-10,89.77
2015-03-11,78.04
2015-03-12,105.61
2015-03-13,67.85
2015-03-14,66.89
2015-03-15,116.69
2015-03-16,109.26
2015-03-17,97.29
2015-03-18,117.37
2015-03-19,55.87
2015-03-20,94.76
2015-03-21,74.56
2015-03-22,78.87
2015-03-23,98.3
2015-03-24,100.38
2015-03-25,105.38
2015-03-26,103.41
2015-03-27,199.25
2015-03-28,91.81
2015-03-29,129.14
2015-03-30,123.24
2015-03-31,131.06
2015-04-01,138.93
2015-04-02,113.85
2015-04-03,150.14
2015-04-04,165.63
2015-04-05,116.46
2015-04-06,116.79
2015-04-07,110.13
2015-04-08,166.76
2015-04-09,134.81
2015-04-10,142.14
2015-04-11,74.88
2015-04-12,53.0
2015-04-13,79.22
2015-04-14,121.65
2015-04-15,143.66
2015-04-16,104.72
2015-04-17,99.06
2015-04-18,47.48
2015-04-19,97.81
2015-04-20,91.73
2015-04-21,85.28
2015-04-22,75.59
2015-04-23,61.08
2015-04-24,156.4
2015-04-25,41.45
2015-04-26,39.28
2015-04-27,76.04
2015-04-28,46.01
2015-04-29,84.1
2015-04-30,52.75
2015-05-01,76.24
2015-05-02,41.45
2015-05-03,43.83
2015-05-04,70.6
2015-05-05,44.76
2015-05-06,99.69
2015-05-07,64.28
2015-05-08,71.75
2015-05-09,50.07
2015-05-10,52.58
2015-05-11,118.67
2015-05-12,62.17
2015-05-13,114.38
2015-05-14,77.47
2015-05-15,95.24
2015-05-16,78.19
2015-05-17,76.89
2015-05-18,112.12
2015-05-19,128.44
2015-05-20,71.46
2015-05-21,56.79
2015-05-22,84.29
2015-05-23,80.79
2015-05-24,63.16
2015-05-25,86.68
2015-05-26,37.4
2015-05-27,83.28
2015-05-28,55.89
2015-05-29,55.47
2015-05-30,68.61
2015-05-31,84.04
2015-06-01,106.23
2015-06-02,65.35
2015-06-03,129.12
2015-06-04,84.13
2015-06-05,62.5
2015-06-06,36.68
2015-06-07,86.6
2015-06-08,81.79
2015-06-09,95.46
2015-06-10,48.58
2015-06-11,54.97
2015-06-12,41.64
2015-06-13,56.15
2015-06-14,64.7
2015-06-15,63.2
2015-06-16,114.23
2015-06-17,79.93
2015-06-18,83.09
2015-06-19,44.27
2015-06-20,99.45
2015-06-21,74.67
2015-06-22,90.68
2015-06-23,103.52
2015-06-24,84.82
2015-06-25,131.01
2015-06-26,81.49
2015-06-27,78.13
2015-06-28,109.96
2015-06-29,136.93
2015-06-30,169.32
2015-07-01,93.14
2015-07-02,84.56
2015-07-03,86.95
2015-07-04,50.12
2015-07-05,80.4
2015-07-06,109.33
2015-07-07,82.09
2015-07-08,61.78
2015-07-09,58.63
2015-07-10,107.39
2015-07-11,81.55
2015-07-12,105.27
2015-07-13,123.07
2015-07-14,67.7
2015-07-15,229.98
2015-07-16,117.65
2015-07-17,146.96
2015-07-18,63.47
2015-07-19,98.67
2015-07-20,125.31
2015-07-21,193.98
2015-07-22,152.95
2015-07-23,87.72
2015-07-24,113.36
2015-07-25,92.13
2015-07-26,127.41
2015-07-27,171.44
2015-07-28,132.93
2015-07-29,99.95
2015-07-30,74.98
2015-07-31,72.27
2015-08-01,64.01
2015-08-02,69.56
2015-08-03,28.46
2015-08-04,155.1
2015-08-05,77.83
2015-08-06,128.8
2015-08-07,90.14
2015-08-08,68.76
2015-08-09,85.34
2015-08-10,88.93
2015-08-11,93.8
2015-08-12,97.43
2015-08-13,110.11
2015-08-14,78.32
2015-08-15,47.83
2015-08-16,71.24
2015-08-17,95.61
2015-08-18,88.54
2015-08-19,121.07
2015-08-20,28.85
2015-08-21,86.26
2015-08-22,79.32
2015-08-23,55.21
2015-08-24,103.36
2015-08-25,58.12
2015-08-26,79.11
2015-08-27,85.71
2015-08-28,52.89
2015-08-29,64.28
2015-08-30,70.75
2015-08-31,79.25
2015-09-01,96.33
2015-09-02,75.72
2015-09-03,85.49
2015-09-04,98.03
2015-09-05,91.28
2015-09-06,82.64
2015-09-07,84.08
2015-09-08,117.95
2015-09-09,142.71
2015-09-10,143.31
2015-09-11,118.87
2015-09-12,101.75
2015-09-13,55.31
2015-09-14,79.94
2015-09-15,122.69
2015-09-16,83.47
2015-09-17,83.41
2015-09-18,83.91
2015-09-19,83.01
2015-09-20,68.18
2015-09-21,86.41
2015-09-22,188.75
2015-09-23,85.78
2015-09-24,88.7
2015-09-25,81.84
2015-09-26,78.38
2015-09-27,75.04
2015-09-28,92.13
2015-09-29,111.61
2015-09-30,101.28
2015-10-01,128.45
2015-10-02,180.35
2015-10-03,70.56
2015-10-04,81.99
2015-10-05,91.1
2015-10-06,113.13
2015-10-07,110.68
2015-10-08,70.64
2015-10-09,88.39
2015-10-10,107.57
2015-10-11,83.11
2015-10-12,79.32
2015-10-13,80.69
2015-10-14,105.44
2015-10-15,84.32
2015-10-16,90.19
2015-10-17,110.29
2015-10-18,67.11
2015-10-19,85.07
2015-10-20,70.16
2015-10-21,69.37
2015-10-22,68.85
2015-10-23,79.14
2015-10-24,73.33
2015-10-25,51.94
2015-10-26,83.86
2015-10-27,49.44
2015-10-28,68.04
2015-10-29,62.65
2015-10-30,91.51
2015-10-31,81.29
2015-11-01,46.56
2015-11-02,109.92
2015-11-03,53.27
2015-11-04,96.48
2015-11-05,60.45
2015-11-06,89.18
2015-11-07,102.22
2015-11-08,84.11
2015-11-09,87.31
2015-11-10,85.3
2015-11-11,51.98
2015-11-12,44.12
2015-11-13,61.57
2015-11-14,121.15
2015-11-15,129.06
2015-11-16,291.99
2015-11-17,354.05
2015-11-18,309.5
2015-11-19,242.89
2015-11-20,212.19
2015-11-21,171.54
2015-11-22,203.53
2015-11-23,170.01
2015-11-24,246.84
2015-11-25,247.62
2015-11-26,172.98
2015-11-27,237.59
2015-11-28,101.36
2015-11-29,103.52
2015-11-30,100.23
2015-12-01,170.5
2015-12-02,192.7
2015-12-03,157.92
2015-12-04,156.33
2015-12-05,158.13
2015-12-06,135.34
2015-12-07,197.37
2015-12-08,197.98
2015-12-09,199.5
2015-12-10,147.41
2015-12-11,150.0
2015-12-12,103.65
2015-12-13,81.62
2015-12-14,119.42
2015-12-15,142.26
2015-12-16,170.6
2015-12-17,162.98
2015-12-18,134.48
2015-12-19,115.44
2015-12-20,100.6
2015-12-21,165.02
2015-12-22,143.28
2015-12-23,73.74
2015-12-24,111.12
2015-12-25,160.93
2015-12-26,135.35
2015-12-27,102.93
2015-12-28,147.82
2015-12-29,109.35
2015-12-30,141.56
2015-12-31,70.11
2016-01-01,208.84
2016-01-02,89.81
2016-01-03,113.11
2016-01-04,133.57
2016-01-05,205.16
2016-01-06,161.47
2016-01-07,205.2
2016-01-08,181.01
2016-01-09,67.2
2016-01-10,100.82
2016-01-11,95.25
2016-01-12,106.39
2016-01-13,139.33
2016-01-14,125.48
2016-01-15,112.73
2016-01-16,92.98
2016-01-17,102.03
2016-01-18,147.98
2016-01-19,154.42
2016-01-20,194.34
2016-01-21,87.87
2016-01-22,110.86
2016-01-23,82.91
2016-01-24,85.94
2016-01-25,82.81
2016-01-26,72.01
2016-01-27,93.97
2016-01-28,76.84
2016-01-29,83.25
2016-01-30,40.55
2016-01-31,40.73
2016-02-01,132.71
2016-02-02,103.52
2016-02-03,104.03
2016-02-04,96.65
2016-02-05,109.38
2016-02-06,77.32
2016-02-07,110.19
2016-02-08,139.53
2016-02-09,77.6
2016-02-10,99.33
2016-02-11,118.48
2016-02-12,106.14
2016-02-13,64.64
2016-02-14,115.98
2016-02-15,81.19
2016-02-16,128.85
2016-02-17,134.09
2016-02-18,118.96
2016-02-19,161.59
2016-02-20,69.35
2016-02-21,61.22
2016-02-22,104.66
2016-02-23,150.36
2016-02-24,115.61
2016-02-25,57.19
2016-02-26,88.87
2016-02-27,46.48
2016-02-28,101.82
2016-02-29,59.73
2016-03-01,123.24
2016-03-02,81.85
2016-03-03,131.78
2016-03-04,72.01
2016-03-05,68.61
2016-03-06,51.66
2016-03-07,67.18
2016-03-08,103.06
2016-03-09,91.76
2016-03-10,99.95
2016-03-11,58.51
2016-03-12,55.94
2016-03-13,64.32
2016-03-14,134.75
2016-03-15,132.5
2016-03-16,100.38
2016-03-17,79.67
2016-03-18,104.47
2016-03-19,40.49
2016-03-20,74.36
2016-03-21,112.46
2016-03-22,76.37
2016-03-23,245.38
2016-03-24,141.85
2016-03-25,186.76
2016-03-26,101.59
2016-03-27,65.11
2016-03-28,157.19
2016-03-29,168.96
2016-03-30,140.48
2016-03-31,131.28
2016-04-01,156.7
2016-04-02,88.5
2016-04-03,105.79
2016-04-04,113.14
2016-04-05,89.26
2016-04-06,101.51
2016-04-07,93.88
2016-04-08,46.48
2016-04-09,44.55
2016-04-10,69.59
2016-04-11,95.74
2016-04-12,79.82
2016-04-13,97.7
2016-04-14,96.78
2016-04-15,86.41
2016-04-16,55.64
2016-04-17,64.11
2016-04-18,52.3
2016-04-19,90.25
2016-04-20,93.18
2016-04-21,93.31
2016-04-22,76.72
2016-04-23,40.5
2016-04-24,86.98
2016-04-25,80.27
2016-04-26,80.3
2016-04-27,74.16
2016-04-28,105.86
2016-04-29,77.54
2016-04-30,71.84
2016-05-01,77.36
2016-05-02,99.32
2016-05-03,71.13
2016-05-04,104.37
2016-05-05,103.83
2016-05-06,79.37
2016-05-07,54.58
2016-05-08,22.33
2016-05-09,100.38
2016-05-10,72.8
2016-05-11,113.59
2016-05-12,101.36
2016-05-13,88.22
2016-05-14,45.95
2016-05-15,72.96
2016-05-16,66.87
2016-05-17,88.4
2016-05-18,92.4
2016-05-19,73.92
2016-05-20,115.9
2016-05-21,83.91
2016-05-22,104.17
2016-05-23,121.71
2016-05-24,86.68
2016-05-25,75.74
2016-05-26,68.92
2016-05-27,81.85
2016-05-28,62.5
2016-05-29,44.97
2016-05-30,108.73
2016-05-31,141.11
2016-06-01,100.84
2016-06-02,94.64
2016-06-03,144.2
2016-06-04,56.81
2016-06-05,63.55
2016-06-06,101.41
2016-06-07,79.22
2016-06-08,76.72
2016-06-09,61.34
2016-06-10,62.17
2016-06-11,44.44
2016-06-12,16.36
2016-06-13,93.31
2016-06-14,108.36
2016-06-15,129.71
2016-06-16,78.98
2016-06-17,99.29
2016-06-18,70.9
2016-06-19,103.75
2016-06-20,90.83
2016-06-21,116.32
2016-06-22,104.51
2016-06-23,106.86
2016-06-24,67.6
2016-06-25,54.5
2016-06-26,38.25
2016-06-27,109.87
2016-06-28,96.44
2016-06-29,151.01
2016-06-30,134.23
2016-07-01,112.06
2016-07-02,88.87
2016-07-03,102.72
2016-07-04,42.83
2016-07-05,98.28
2016-07-06,107.65
2016-07-07,141.48
2016-07-08,131.03
2016-07-09,109.12
2016-07-10,121.49
2016-07-11,90.25
2016-07-12,114.82
2016-07-13,57.69
2016-07-14,109.42
2016-07-15,91.61
2016-07-16,237.54
2016-07-17,188.21
2016-07-18,158.04
2016-07-19,190.25
2016-07-20,104.29
2016-07-21,146.57
2016-07-22,150.14
2016-07-23,77.74
2016-07-24,104.02
2016-07-25,100.57
2016-07-26,81.79
2016-07-27,99.43
2016-07-28,90.89
2016-07-29,107.76
2016-07-30,66.52
2016-07-31,49.32
2016-08-01,98.59
2016-08-02,126.3
2016-08-03,118.51
2016-08-04,154.44
2016-08-05,93.31
2016-08-06,45.01
2016-08-07,72.89
2016-08-08,116.03
2016-08-09,114.04
2016-08-10,116.23
2016-08-11,97.58
2016-08-12,112.61
2016-08-13,96.78
2016-08-14,87.17
2016-08-15,97.81
2016-08-16,95.12
2016-08-17,61.16
2016-08-18,118.66
2016-08-19,78.4
2016-08-20,55.85
2016-08-21,23.11
2016-08-22,84.6
2016-08-23,89.98
2016-08-24,139.23
2016-08-25,176.97
2016-08-26,80.3
2016-08-27,117.3
2016-08-28,71.82
2016-08-29,151.2
2016-08-30,79.75
2016-08-31,86.18
2016-09-01,72.01
2016-09-02,77.37
2016-09-03,81.9
2016-09-04,86.49
2016-09-05,52.7
2016-09-06,91.34
2016-09-07,91.87
2016-09-08,60.41
2016-09-09,116.91
2016-09-10,110.29
2016-09-11,93.09
2016-09-12,137.55
2016-09-13,122.26
2016-09-14,115.55
2016-09-15,99.24
2016-09-16,51.03
2016-09-17,66.84
2016-09-18,104.69
2016-09-19,255.73
2016-09-20,183.11
2016-09-21,162.74
2016-09-22,95.46
2016-09-23,100.25
2016-09-24,71.67
2016-09-25,52.46
2016-09-26,133.84
2016-09-27,83.86
2016-09-28,115.89
2016-09-29,104.66
2016-09-30,120.29
2016-10-01,47.72
2016-10-02,64.79
2016-10-03,64.84
2016-10-04,147.35
2016-10-05,119.91
2016-10-06,92.69
2016-10-07,25.32
2016-10-08,50.19
2016-10-09,101.56
2016-10-10,90.02
2016-10-11,85.38
2016-10-12,101.61
2016-10-13,112.54
2016-10-14,93.18
2016-10-15,60.45
2016-10-16,53.55
2016-10-17,128.76
2016-10-18,114.42
2016-10-19,112.2
2016-10-20,115.55
2016-10-21,78.98
2016-10-22,81.63
2016-10-23,79.82
2016-10-24,86.04
2016-10-25,71.3
2016-10-26,96.95
2016-10-27,99.09
2016-10-28,82.21
2016-10-29,66.84
2016-10-30,82.44
2016-10-31,63.81
2016-11-01,89.67
2016-11-02,77.04
2016-11-03,62.05
2016-11-04,48.22
2016-11-05,65.12
2016-11-06,69.66
2016-11-07,66.01
2016-11-08,89.67
2016-11-09,50.19
2016-11-10,71.24
2016-11-11,94.9
2016-11-12,39.58
2016-11-13,67.6
2016-11-14,153.25
2016-11-15,81.46
2016-11-16,106.86
2016-11-17,59.96
2016-11-18,92.14
2016-11-19,61.88
2016-11-20,52.58
2016-11-21,118.52
2016-11-22,100.06
2016-11-23,75.68
2016-11-24,67.72
2016-11-25,76.49
2016-11-26,83.14
2016-11-27,109.9
2016-11-28,111.2
2016-11-29,145.43
2016-11-30,120.17
2016-12-01,146.61
2016-12-02,64.86
2016-12-03,36.35
2016-12-04,22.95
2016-12-05,85.23
2016-12-06,68.57
2016-12-07,103.35
2016-12-08,75.4
2016-12-09,71.09
2016-12-10,62.59
2016-12-11,47.32
2016-12-12,95.5
2016-12-13,137.07
2016-12-14,110.95
2016-12-15,108.93
2016-12-16,107.92
2016-12-17,57.11
2016-12-18,81.59
2016-12-19,85.88
2016-12-20,114.64
2016-12-21,195.18
2016-12-22,125.22
2016-12-23,182.84
2016-12-24,100.55
2016-12-25,90.07
2016-12-26,95.74
2016-12-27,90.87
2016-12-28,127.41
2016-12-29,98.78
2016-12-30,206.67
2016-12-31,152.98
2017-01-01,108.47
2017-01-02,146.65
2017-01-03,121.97
2017-01-04,108.89
2017-01-05,68.14
2017-01-06,129.06
2017-01-07,71.24
2017-01-08,37.81
2017-01-09,161.03
2017-01-10,66.47
2017-01-11,137.61
2017-01-12,129.81
2017-01-13,127.04
2017-01-14,64.45
2017-01-15,29.19
2017-01-16,72.59
2017-01-17,100.72
2017-01-18,102.5
2017-01-19,125.67
2017-01-20,104.66
2017-01-21,39.02
2017-01-22,85.14
2017-01-23,111.45
2017-01-24,96.98
2017-01-25,104.38
2017-01-26,111.43
2017-01-27,119.16
2017-01-28,98.64
2017-01-29,116.23
2017-01-30,166.49
2017-01-31,188.69
2017-02-01,150.57
2017-02-02,166.1
2017-02-03,184.03
2017-02-04,148.07
2017-02-05,50.52
2017-02-06,83.56
2017-02-07,184.34
2017-02-08,101.93
2017-02-09,92.3
2017-02-10,212.41
2017-02-11,128.2
2017-02-12,89.33
2017-02-13,132.02
2017-02-14,185.85
2017-02-15,118.86
2017-02-16,127.41
2017-02-17,88.52
2017-02-18,92.25
2017-02-19,95.06
2017-02-20,110.42
2017-02-21,139.23
2017-02-22,95.25
2017-02-23,59.78
2017-02-24,90.82
2017-02-25,43.47
2017-02-26,48.11
2017-02-27,81.36
2017-02-28,69.57
2017-03-01,130.1
2017-03-02,114.54
2017-03-03,64.77
2017-03-04,16.44
2017-03-05,122.12
2017-03-06,117.26
2017-03-07,141.89
2017-03-08,111.12
2017-03-09,123.04
2017-03-10,71.8
2017-03-11,52.9
2017-03-12,75.8
2017-03-13,78.47
2017-03-14,59.83
2017-03-15,95.86
2017-03-16,80.58
2017-03-17,97.04
2017-03-18,91.14
2017-03-19,99.92
2017-03-20,140.57
2017-03-21,81.22
2017-03-22,156.5
2017-03-23,131.19
2017-03-24,177.37
2017-03-25,83.81
2017-03-26,46.94
2017-03-27,116.55
2017-03-28,87.33
2017-03-29,93.54
2017-03-30,75.63
2017-03-31,118.14
2017-04-01,66.33
2017-04-02,68.07
2017-04-03,79.89
2017-04-04,150.57
2017-04-05,125.2
2017-04-06,124.1
2017-04-07,143.82
2017-04-08,176.62
2017-04-09,130.36
2017-04-10,134.96
2017-04-11,97.26
2017-04-12,171.34
2017-04-13,156.75
2017-04-14,123.94
2017-04-15,118.8
2017-04-16,86.14
2017-04-17,111.51
2017-04-18,106.67
2017-04-19,152.97
2017-04-20,178.77
2017-04-21,130.76
2017-04-22,127.41
2017-04-23,41.2
2017-04-24,142.73
2017-04-25,61.82
2017-04-26,92.16
2017-04-27,104.5
2017-04-28,126.36
2017-04-29,84.08
2017-04-30,37.99
2017-05-01,126.25
2017-05-02,126.74
2017-05-03,109.72
2017-05-04,95.95
2017-05-05,76.31
2017-05-06,69.87
2017-05-07,22.03
2017-05-08,72.8
2017-05-09,77.81
2017-05-10,124.0
2017-05-11,99.9
2017-05-12,78.99
2017-05-13,30.51
2017-05-14,37.64
2017-05-15,75.43
2017-05-16,74.92
2017-05-17,97.43
2017-05-18,97.73
2017-05-19,75.72
2017-05-20,62.5
2017-05-21,54.87
2017-05-22,143.48
2017-05-23,139.23
2017-05-24,181.95
2017-05-25,146.44
2017-05-26,218.07
2017-05-27,150.57
2017-05-28,86.6
2017-05-29,103.3
2017-05-30,128.18
2017-05-31,157.74
2017-06-01,90.67
2017-06-02,88.57
2017-06-03,80.79
2017-06-04,85.85
2017-06-05,276.61
2017-06-06,227.28
2017-06-07,245.96
2017-06-08,182.93
2017-06-09,121.29
2017-06-10,67.04
2017-06-11,50.52
2017-06-12,144.55
2017-06-13,107.04
2017-06-14,77.4
2017-06-15,108.02
2017-06-16,105.62
2017-06-17,71.37
2017-06-18,97.21
2017-06-19,171.01
2017-06-20,204.2
2017-06-21,180.24
2017-06-22,210.32
2017-06-23,107.31
2017-06-24,90.93
2017-06-25,65.09
2017-06-26,128.39
2017-06-27,106.1
2017-06-28,110.05
2017-06-29,103.36
2017-06-30,102.6
2017-07-01,96.48
2017-07-02,66.55
2017-07-03,120.57
2017-07-04,77.94
2017-07-05,208.9
2017-07-06,177.17
2017-07-07,115.72
2017-07-08,100.66
2017-07-09,113.19
2017-07-10,98.0
2017-07-11,112.5
2017-07-12,94.17
2017-07-13,55.38
2017-07-14,93.1
2017-07-15,35.43
2017-07-16,44.07
2017-07-17,114.0
2017-07-18,140.66
2017-07-19,67.03
2017-07-20,114.77
2017-07-21,80.1
2017-07-22,94.77
2017-07-23,120.33
2017-07-24,53.32
2017-07-25,100.2
2017-07-26,125.11
2017-07-27,107.2
2017-07-28,113.88
2017-07-29,66.25
2017-07-30,71.32
2017-07-31,170.75
2017-08-01,198.39
2017-08-02,145.29
2017-08-03,135.81
2017-08-04,95.55
2017-08-05,77.6
2017-08-06,77.94
2017-08-07,127.92
2017-08-08,169.71
2017-08-09,136.3
2017-08-10,215.32
2017-08-11,145.5
2017-08-12,181.9
2017-08-13,75.98
2017-08-14,202.68
2017-08-15,232.36
2017-08-16,159.37
2017-08-17,102.84
2017-08-18,138.91
2017-08-19,126.86
2017-08-20,73.75
2017-08-21,177.33
2017-08-22,250.01
2017-08-23,149.31
2017-08-24,95.29
2017-08-25,86.64
2017-08-26,130.0
2017-08-27,65.24
2017-08-28,126.38
2017-08-29,85.88
2017-08-30,142.65
2017-08-31,121.71
2017-09-01,133.69
2017-09-02,67.7
2017-09-03,57.11
2017-09-04,253.1
2017-09-05,188.15
2017-09-06,202.49
2017-09-07,152.65
2017-09-08,132.7
2017-09-09,45.15
2017-09-10,90.02
2017-09-11,63.7
2017-09-12,125.11
2017-09-13,138.88
2017-09-14,84.8
2017-09-15,120.09
2017-09-16,104.75
2017-09-17,88.93
2017-09-18,172.78
2017-09-19,129.69
2017-09-20,163.0
2017-09-21,139.59
2017-09-22,107.49
2017-09-23,95.89
2017-09-24,97.24
2017-09-25,55.39
2017-09-26,133.39
2017-09-27,132.11
2017-09-28,150.35
2017-09-29,72.12
2017-09-30,63.87
2017-10-01,60.64
2017-10-02,148.88
2017-10-03,90.38
2017-10-04,108.68
2017-10-05,83.91
2017-10-06,151.48
2017-10-07,79.36
2017-10-08,95.7
2017-10-09,61.34
2017-10-10,95.96
2017-10-11,115.26
2017-10-12,85.93
2017-10-13,68.34
2017-10-14,87.71
2017-10-15,98.54
2017-10-16,111.01
2017-10-17,108.02
2017-10-18,118.03
2017-10-19,121.04
2017-10-20,72.26
2017-10-21,60.99
2017-10-22,36.4
2017-10-23,104.01
2017-10-24,110.13
2017-10-25,119.09
2017-10-26,83.76
2017-10-27,94.87
2017-10-28,62.33
2017-10-29,49.63
2017-10-30,97.43
2017-10-31,68.25
2017-11-01,75.86
2017-11-02,188.31
2017-11-03,88.23
2017-11-04,43.89
2017-11-05,105.5
2017-11-06,132.5
2017-11-07,113.53
2017-11-08,181.09
2017-11-09,109.61
2017-11-10,107.6
2017-11-11,51.85
2017-11-12,59.55
2017-11-13,83.04
2017-11-14,111.66
2017-11-15,71.93
2017-11-16,119.27
2017-11-17,49.27
2017-11-18,26.96
2017-11-19,60.78
2017-11-20,57.03
2017-11-21,144.84
2017-11-22,143.44
2017-11-23,48.65
2017-11-24,74.13
2017-11-25,55.61
2017-11-26,16.44
2017-11-27,164.18
2017-11-28,101.45
2017-11-29,99.85
2017-11-30,111.56
2017-12-01,110.04
2017-12-02,21.39
2017-12-03,34.65
2017-12-04,64.41
2017-12-05,133.24
2017-12-06,109.02
2017-12-07,64.61
2017-12-08,89.09
2017-12-09,55.4
2017-12-10,96.34
2017-12-11,142.7
2017-12-12,97.68
2017-12-13,80.26
2017-12-14,104.08
2017-12-15,90.98
2017-12-16,37.32
2017-12-17,53.29
2017-12-18,67.39
2017-12-19,78.64
2017-12-20,93.05
2017-12-21,94.13
2017-12-22,69.98
2017-12-23,67.18
2017-12-24,89.53
2017-12-25,73.61
2017-12-26,97.95
2017-12-27,115.55
2017-12-28,128.48
2017-12-29,121.56
2017-12-30,93.79
2017-12-31,47.66
2018-01-01,96.58
2018-01-02,188.69
2018-01-03,138.02
2018-01-04,146.36
2018-01-05,66.52
2018-01-06,78.95
2018-01-07,30.46
2018-01-08,82.17
2018-01-09,77.14
2018-01-10,71.72
2018-01-11,95.51
2018-01-12,167.51
2018-01-13,83.79
2018-01-14,63.25
2018-01-15,58.96
2018-01-16,58.75
2018-01-17,128.26
2018-01-18,82.81
2018-01-19,102.11
2018-01-20,68.95
2018-01-21,71.32
2018-01-22,130.0
2018-01-23,129.0
2018-01-24,136.35
2018-01-25,82.49
2018-01-26,65.84
2018-01-27,43.26
2018-01-28,32.48
2018-01-29,76.44
2018-01-30,95.89
2018-01-31,102.41
2018-02-01,52.32
2018-02-02,30.99
2018-02-03,72.01
2018-02-04,53.43
2018-02-05,84.58
2018-02-06,56.74
2018-02-07,76.44
2018-02-08,93.48
2018-02-09,72.1
2018-02-10,36.4
2018-02-11,44.66
2018-02-12,124.5
2018-02-13,73.42
2018-02-14,37.5
2018-02-15,69.7
2018-02-16,53.12
2018-02-17,50.92
2018-02-18,64.83
2018-02-19,91.54
2018-02-20,91.38
2018-02-21,72.12
2018-02-22,53.79
2018-02-23,74.93
2018-02-24,48.8
2018-02-25,37.22
2018-02-26,90.38
2018-02-27,65.6
2018-02-28,70.13
2018-03-01,93.71
2018-03-02,151.31
2018-03-03,47.11
2018-03-04,55.79
2018-03-05,108.15
2018-03-06,88.45
2018-03-07,134.18
2018-03-08,106.1
2018-03-09,101.21
2018-03-10,106.65
2018-03-11,72.64
2018-03-12,135.9
2018-03-13,119.59
2018-03-14,95.0
2018-03-15,189.41
2018-03-16,173.33
2018-03-17,86.77
2018-03-18,61.63
2018-03-19,95.19
2018-03-20,134.78
2018-03-21,171.26
2018-03-22,162.07
2018-03-23,84.12
2018-03-24,148.64
2018-03-25,54.6
2018-03-26,81.38
2018-03-27,90.82
2018-03-28,91.53
2018-03-29,176.91
2018-03-30,48.48
2018-03-31,119.91
2018-04-01,44.87
2018-04-02,139.22
2018-04-03,105.72
2018-04-04,70.67
2018-04-05,69.1
2018-04-06,100.5
2018-04-07,101.63
2018-04-08,84.4
2018-04-09,102.21
2018-04-10,213.29
2018-04-11,102.49
2018-04-12,296.52
2018-04-13,117.61
2018-04-14,95.67
2018-04-15,96.12
2018-04-16,194.29
2018-04-17,178.37
2018-04-18,234.36
2018-04-19,214.14
2018-04-20,71.07
2018-04-21,48.05
2018-04-22,29.31
2018-04-23,88.52
2018-04-24,150.57
2018-04-25,193.13
2018-04-26,146.27
2018-04-27,91.8
2018-04-28,93.78
2018-04-29,52.58
2018-04-30,134.54
2018-05-01,155.35
2018-05-02,186.62
2018-05-03,125.34
2018-05-04,139.02
2018-05-05,64.47
2018-05-06,22.95
2018-05-07,79.7
2018-05-08,125.37
2018-05-09,284.19
2018-05-10,233.39
2018-05-11,163.63
2018-05-12,99.88
2018-05-13,98.32
2018-05-14,125.73
2018-05-15,112.64
2018-05-16,150.57
2018-05-17,152.69
2018-05-18,92.46
2018-05-19,55.54
2018-05-20,35.24
2018-05-21,125.67
2018-05-22,81.85
2018-05-23,179.17
2018-05-24,153.59
2018-05-25,140.56
2018-05-26,108.21
2018-05-27,84.35
2018-05-28,102.57
2018-05-29,71.24
2018-05-30,141.91
2018-05-31,92.14
2018-06-01,186.23
2018-06-02,90.71
2018-06-03,54.56
2018-06-04,146.14
2018-06-05,178.04
2018-06-06,108.61
2018-06-07,88.73
2018-06-08,116.16
2018-06-09,79.71
2018-06-10,91.43
2018-06-11,135.01
2018-06-12,155.89
2018-06-13,140.87
2018-06-14,188.49
2018-06-15,69.98
2018-06-16,125.57
2018-06-17,24.54
2018-06-18,47.08
2018-06-19,99.42
2018-06-20,121.34
2018-06-21,93.6
2018-06-22,57.31
2018-06-23,29.68
2018-06-24,47.91
2018-06-25,87.78
2018-06-26,137.23
2018-06-27,130.6
2018-06-28,88.44
2018-06-29,141.04
2018-06-30,38.6
2018-07-01,59.29
2018-07-02,123.03
2018-07-03,146.82
2018-07-04,49.22
2018-07-05,119.57
2018-07-06,128.33
2018-07-07,82.66
2018-07-08,68.07
2018-07-09,170.47
2018-07-10,121.88
2018-07-11,125.25
2018-07-12,172.86
2018-07-13,125.48
2018-07-14,102.95
2018-07-15,104.61
2018-07-16,168.76
2018-07-17,100.8
2018-07-18,88.57
2018-07-19,143.05
2018-07-20,54.1
2018-07-21,121.86
2018-07-22,72.71
2018-07-23,161.71
2018-07-24,161.13
2018-07-25,105.16
2018-07-26,107.87
2018-07-27,119.33
2018-07-28,38.48
2018-07-29,23.49
2018-07-30,118.86
2018-07-31,109.94
2018-08-01,140.03
2018-08-02,121.88
2018-08-03,147.88
2018-08-04,84.68
2018-08-05,53.93
2018-08-06,162.55
2018-08-07,200.46
2018-08-08,129.06
2018-08-09,170.89
2018-08-10,121.94
2018-08-11,156.45
2018-08-12,85.74
2018-08-13,142.48
2018-08-14,136.4
2018-08-15,111.39
2018-08-16,128.16
2018-08-17,107.13
2018-08-18,54.92
2018-08-19,57.11
2018-08-20,106.86
2018-08-21,152.0
2018-08-22,119.33
2018-08-23,120.29
2018-08-24,44.46
2018-08-25,72.99
2018-08-26,43.4
2018-08-27,109.46
2018-08-28,134.44
2018-08-29,139.9
2018-08-30,86.17
2018-08-31,62.03
2018-09-01,80.25
2018-09-02,49.13
2018-09-03,94.17
2018-09-04,14.36
2018-09-05,85.93
2018-09-06,97.69
2018-09-07,87.87
2018-09-08,59.63
2018-09-09,47.52
2018-09-10,55.42
2018-09-11,81.84
2018-09-12,80.89
2018-09-13,68.57
2018-09-14,118.31
2018-09-15,63.41
2018-09-16,7.23
2018-09-17,91.08
2018-09-18,105.01
2018-09-19,58.63
2018-09-20,107.93
2018-09-21,113.79
2018-09-22,37.81
2018-09-23,27.95
2018-09-24,143.44
2018-09-25,95.44
2018-09-26,110.16
2018-09-27,73.7
2018-09-28,81.46
2018-09-29,44.05
2018-09-30,36.24
2018-10-01,120.77
2018-10-02,36.01
2018-10-03,94.42
2018-10-04,69.01
2018-10-05,78.22
2018-10-06,50.72
2018-10-07,42.56
2018-10-08,49.11
2018-10-09,95.88
2018-10-10,104.2
2018-10-11,130.71
2018-10-12,87.07
2018-10-13,48.1
2018-10-14,81.79
2018-10-15,122.86
2018-10-16,134.62
2018-10-17,117.82
2018-10-18,127.06
2018-10-19,106.2
2018-10-20,86.23
2018-10-21,35.09
2018-10-22,83.92
2018-10-23,108.82
2018-10-24,127.58
2018-10-25,141.05
2018-10-26,159.1
2018-10-27,94.45
2018-10-28,51.07
2018-10-29,94.36
2018-10-30,109.74
2018-10-31,81.53
2018-11-01,101.45
2018-11-02,103.39
2018-11-03,47.92
2018-11-04,44.34
2018-11-05,114.68
2018-11-06,62.59
2018-11-07,140.43
2018-11-08,60.82
2018-11-09,114.37
2018-11-10,37.61
2018-11-11,22.59
2018-11-12,42.74
2018-11-13,142.28
2018-11-14,33.38
2018-11-15,106.86
2018-11-16,44.55
2018-11-17,45.59
2018-11-18,34.8
2018-11-19,55.67
2018-11-20,58.04
2018-11-21,84.63
2018-11-22,58.46
2018-11-23,135.3
2018-11-24,70.05
2018-11-25,62.21
2018-11-26,101.26
2018-11-27,129.9
2018-11-28,100.89
2018-11-29,96.02
2018-11-30,142.19
2018-12-01,53.18
2018-12-02,21.42
2018-12-03,50.19
2018-12-04,99.66
2018-12-05,103.39
2018-12-06,131.28
2018-12-07,196.08
2018-12-08,76.75
2018-12-09,35.62
2018-12-10,90.95
2018-12-11,95.39
2018-12-12,85.98
2018-12-13,132.15
2018-12-14,120.08
2018-12-15,76.8
2018-12-16,39.25
2018-12-17,72.8
2018-12-18,72.22
2018-12-19,62.33
2018-12-20,162.69
2018-12-21,210.32
2018-12-22,64.05
2018-12-23,81.79
2018-12-24,111.24
2018-12-25,65.6
2018-12-26,63.1
2018-12-27,30.22
2018-12-28,102.01
2018-12-29,58.2
2018-12-30,32.56
2018-12-31,86.68
2019-01-01,83.74
2019-01-02,189.86
2019-01-03,9.49
2019-01-04,99.02
2019-01-05,40.48
2019-01-06,40.5
2019-01-07,83.16
2019-01-08,67.88
2019-01-09,106.43
2019-01-10,76.84
2019-01-11,101.24
2019-01-12,51.76
2019-01-13,37.73
2019-01-14,89.27
2019-01-15,102.54
2019-01-16,92.77
2019-01-17,160.64
2019-01-18,112.83
2019-01-19,22.32
2019-01-20,47.83
2019-01-21,70.8
2019-01-22,144.77
2019-01-23,58.19
2019-01-24,91.32
2019-01-25,91.14
2019-01-26,40.13
2019-01-27,75.63
2019-01-28,101.15
2019-01-29,101.45
2019-01-30,173.69
2019-01-31,148.14
2019-02-01,113.57
2019-02-02,75.84
2019-02-03,82.25
2019-02-04,179.98
2019-02-05,106.41
2019-02-06,103.1
2019-02-07,92.48
2019-02-08,62.35
2019-02-09,30.33
2019-02-10,39.16
2019-02-11,96.53
2019-02-12,69.22
2019-02-13,88.73
2019-02-14,76.54
2019-02-15,145.11
2019-02-16,61.66
2019-02-17,86.23
2019-02-18,67.15
2019-02-19,116.57
2019-02-20,171.34
2019-02-21,116.55
2019-02-22,69.44
2019-02-23,46.91
2019-02-24,74.98
2019-02-25,139.02
2019-02-26,124.92
2019-02-27,160.56
2019-02-28,162.63
2019-03-01,184.5
2019-03-02,131.75
2019-03-03,77.76
2019-03-04,62.96
2019-03-05,103.08
2019-03-06,81.01
2019-03-07,91.1
2019-03-08,55.01
2019-03-09,81.61
2019-03-10,23.22
2019-03-11,44.9
2019-03-12,101.32
2019-03-13,115.26
2019-03-14,66.67
2019-03-15,61.12
2019-03-16,81.61
2019-03-17,32.56
2019-03-18,79.94
2019-03-19,107.43
2019-03-20,60.31
2019-03-21,88.87
2019-03-22,122.84
2019-03-23,77.73
2019-03-24,67.19
2019-03-25,51.39
2019-03-26,88.73
2019-03-27,80.9
2019-03-28,81.35
2019-03-29,77.67
2019-03-30,67.23
2019-03-31,22.33
2019-04-01,65.45
2019-04-02,60.65
2019-04-03,83.97
2019-04-04,72.57
2019-04-05,71.19
2019-04-06,58.6
2019-04-07,15.52
2019-04-08,96.83
2019-04-09,167.54
2019-04-10,76.35
2019-04-11,104.2
2019-04-12,103.63
2019-04-13,81.1
2019-04-14,51.87
2019-04-15,56.67
2019-04-16,124.46
2019-04-17,67.7
2019-04-18,54.6
2019-04-19,51.31
2019-04-20,46.24
2019-04-21,86.96
2019-04-22,95.93
2019-04-23,156.5
2019-04-24,88.27
2019-04-25,99.63
2019-04-26,129.57
2019-04-27,53.72
2019-04-28,29.71
2019-04-29,68.81
2019-04-30,49.37
2019-05-01,61.52
2019-05-02,186.33
2019-05-03,70.15
2019-05-04,51.81
2019-05-05,93.31
2019-05-06,134.99
2019-05-07,122.51
2019-05-08,56.74
2019-05-09,167.13
2019-05-10,135.96
2019-05-11,56.26
2019-05-12,31.18
2019-05-13,130.95
2019-05-14,248.68
2019-05-15,184.76
2019-05-16,158.54
2019-05-17,141.05
2019-05-18,81.71
2019-05-19,57.24
2019-05-20,102.84
2019-05-21,131.19
2019-05-22,93.18
2019-05-23,102.54
2019-05-24,148.69
2019-05-25,64.11
2019-05-26,39.72
2019-05-27,43.34
2019-05-28,69.46
2019-05-29,67.51
2019-05-30,120.23
2019-05-31,104.56
2019-06-01,130.16
2019-06-02,28.99
2019-06-03,129.25
2019-06-04,69.4
2019-06-05,122.39
2019-06-06,82.92
2019-06-07,69.92
2019-06-08,50.87
2019-06-09,53.93
2019-06-10,56.93
2019-06-11,74.29
2019-06-12,95.03
2019-06-13,114.67
2019-06-14,192.64
2019-06-15,108.25
2019-06-16,62.5
2019-06-17,126.36
2019-06-18,157.74
2019-06-19,135.55
2019-06-20,72.57
2019-06-21,126.0
2019-06-22,167.47
2019-06-23,99.31
2019-06-24,171.25
2019-06-25,82.02
2019-06-26,123.76
2019-06-27,134.94
2019-06-28,153.9
2019-06-29,83.28
2019-06-30,23.66
2019-07-01,112.52
2019-07-02,138.22
2019-07-03,66.82
2019-07-04,105.83
2019-07-05,98.35
2019-07-06,52.01
2019-07-07,52.03
2019-07-08,53.51
2019-07-09,96.65
2019-07-10,100.78
2019-07-11,119.68
2019-07-12,107.37
2019-07-13,77.71
2019-07-14,31.32
2019-07-15,31.06
2019-07-16,76.37
2019-07-17,147.23
2019-07-18,102.68
2019-07-19,48.78
2019-07-20,86.82
2019-07-21,61.02
2019-07-22,193.02
2019-07-23,139.27
2019-07-24,99.52
2019-07-25,74.44
2019-07-26,137.65
2019-07-27,62.81
2019-07-28,31.78
2019-07-29,137.61
2019-07-30,152.36
2019-07-31,89.66
2019-08-01,107.73
2019-08-02,110.99
2019-08-03,112.18
2019-08-04,115.36
2019-08-05,103.52
2019-08-06,270.94
2019-08-07,106.0
2019-08-08,144.63
2019-08-09,105.86
2019-08-10,90.66
2019-08-11,76.15
2019-08-12,151.52
2019-08-13,40.67
2019-08-14,105.77
2019-08-15,96.89
2019-08-16,104.61
2019-08-17,99.68
2019-08-18,88.66
2019-08-19,127.85
2019-08-20,76.68
2019-08-21,114.39
2019-08-22,147.97
2019-08-23,96.78
2019-08-24,66.05
2019-08-25,83.02
2019-08-26,121.19
2019-08-27,178.1
2019-08-28,83.47
2019-08-29,76.37
2019-08-30,45.78
2019-08-31,37.03
2019-09-01,35.54
2019-09-02,118.91
2019-09-03,83.73
2019-09-04,89.65
2019-09-05,81.01
2019-09-06,81.74
2019-09-07,18.95
2019-09-08,64.95
2019-09-09,72.86
2019-09-10,104.88
2019-09-11,98.75
2019-09-12,79.5
2019-09-13,70.57
2019-09-14,46.44
2019-09-15,74.36
2019-09-16,178.92
2019-09-17,253.34
2019-09-18,115.36
2019-09-19,157.13
2019-09-20,126.96
2019-09-21,80.56
2019-09-22,108.33
2019-09-23,52.58
2019-09-24,103.24
2019-09-25,124.11
2019-09-26,70.67
2019-09-27,88.06
2019-09-28,38.83
2019-09-29,61.06
2019-09-30,95.55
2019-10-01,90.14
2019-10-02,69.65
2019-10-03,46.48
2019-10-04,111.27
2019-10-05,54.15
2019-10-06,38.97
2019-10-07,52.96
2019-10-08,118.78
2019-10-09,82.47
2019-10-10,165.17
2019-10-11,204.32
2019-10-12,103.07
2019-10-13,94.85
2019-10-14,118.48
2019-10-15,108.07
2019-10-16,193.5
2019-10-17,114.77
2019-10-18,106.58
2019-10-19,113.19
2019-10-20,36.48
2019-10-21,93.44
2019-10-22,54.3
2019-10-23,97.06
2019-10-24,116.31
2019-10-25,140.87
2019-10-26,28.69
2019-10-27,7.67
2019-10-28,98.3
2019-10-29,95.01
2019-10-30,113.29
2019-10-31,83.14
2019-11-01,100.66
2019-11-02,60.81
2019-11-03,54.3
2019-11-04,59.24
2019-11-05,77.94
2019-11-06,85.79
2019-11-07,63.62
2019-11-08,98.94
2019-11-09,26.86
2019-11-10,55.61
2019-11-11,92.59
2019-11-12,62.41
2019-11-13,160.15
2019-11-14,85.79
2019-11-15,75.07
2019-11-16,69.26
2019-11-17,73.94
2019-11-18,109.1
2019-11-19,61.17
2019-11-20,101.93
2019-11-21,62.9
2019-11-22,64.28
2019-11-23,37.22
2019-11-24,52.46
2019-11-25,36.63
2019-11-26,70.48
2019-11-27,93.25
2019-11-28,38.01
2019-11-29,108.38
2019-11-30,72.47
2019-12-01,59.46
2019-12-02,77.88
2019-12-03,85.84
2019-12-04,47.66
2019-12-05,103.15
2019-12-06,88.66
2019-12-07,12.23
2019-12-08,37.47
2019-12-09,82.81
2019-12-10,76.31
2019-12-11,97.43
2019-12-12,97.69
2019-12-13,99.63
2019-12-14,48.31
2019-12-15,48.36
2019-12-16,94.93
2019-12-17,82.33
2019-12-18,119.12
2019-12-19,69.01
2019-12-20,49.51
2019-12-21,52.76
2019-12-22,25.42
2019-12-23,34.81
2019-12-24,58.22
2019-12-25,45.38
2019-12-26,44.17
2019-12-27,111.91
2019-12-28,60.94
2019-12-29,36.3
2019-12-30,128.64
2019-12-31,165.35
2020-01-01,114.53
2020-01-02,163.18
2020-01-03,80.79
2020-01-04,229.99
2020-01-05,199.25
2020-01-06,251.99
2020-01-07,413.46
2020-01-08,180.61
2020-01-09,394.46
2020-01-10,167.3
2020-01-11,120.16
2020-01-12,175.73
2020-01-13,152.73
2020-01-14,131.78
2020-01-15,153.53
2020-01-16,145.95
2020-01-17,129.82
2020-01-18,38.82
2020-01-19,93.31
2020-01-20,119.12
2020-01-21,119.33
2020-01-22,77.99
2020-01-23,93.07
2020-01-24,51.96
2020-01-25,33.13
2020-01-26,23.33
2020-01-27,72.01
2020-01-28,99.59
2020-01-29,47.02
2020-01-30,188.07
2020-01-31,73.98
2020-02-01,89.05
2020-02-02,41.15
2020-02-03,107.52
2020-02-04,143.61
2020-02-05,68.35
2020-02-06,90.63
2020-02-07,78.96
2020-02-08,31.17
2020-02-09,31.47
2020-02-10,24.76
2020-02-11,90.26
2020-02-12,62.03
2020-02-13,58.85
2020-02-14,89.18
2020-02-15,53.96
2020-02-16,73.43
2020-02-17,84.65
2020-02-18,83.43
2020-02-19,54.75
2020-02-20,111.31
2020-02-21,103.92
2020-02-22,77.34
2020-02-23,37.9
2020-02-24,80.92
2020-02-25,115.45
2020-02-26,102.6
2020-02-27,63.97
2020-02-28,55.14
2020-02-29,90.32
2020-03-01,53.68
2020-03-02,106.23
2020-03-03,123.04
2020-03-04,144.92
2020-03-05,79.18
2020-03-06,51.33
2020-03-07,64.26
2020-03-08,65.09
2020-03-09,72.8
2020-03-10,71.65
2020-03-11,90.98
2020-03-12,74.84
2020-03-13,68.07
2020-03-14,66.95
2020-03-15,32.08
2020-03-16,34.45
2020-03-17,99.09
2020-03-18,87.61
2020-03-19,89.17
2020-03-20,57.8
2020-03-21,59.94
2020-03-22,79.82
2020-03-23,121.19
2020-03-24,191.01
2020-03-25,53.36
2020-03-26,56.71
2020-03-27,52.13
2020-03-28,67.87
2020-03-29,157.74
2020-03-30,103.52
2020-03-31,89.26
2020-04-01,65.6
2020-04-02,47.59
2020-04-03,84.58
2020-04-04,76.5
2020-04-05,95.14
2020-04-06,99.33
2020-04-07,106.53
2020-04-08,78.21
2020-04-09,60.91
2020-04-10,85.49
2020-04-11,42.93
2020-04-12,42.69
2020-04-13,88.78
2020-04-14,91.17
2020-04-15,89.53
2020-04-16,48.46
2020-04-17,73.51
2020-04-18,43.83
2020-04-19,37.47
2020-04-20,25.88
2020-04-21,54.08
2020-04-22,137.26
2020-04-23,100.94
2020-04-24,45.83
2020-04-25,48.61
2020-04-26,41.0
2020-04-27,49.0
2020-04-28,95.69
2020-04-29,79.46
2020-04-30,56.95
2020-05-01,60.41
2020-05-02,69.96
2020-05-03,26.15
2020-05-04,59.6
2020-05-05,41.64
2020-05-06,80.79
2020-05-07,56.15
2020-05-08,70.48
2020-05-09,24.67
2020-05-10,41.72
2020-05-11,37.91
2020-05-12,39.44
2020-05-13,59.53
2020-05-14,82.13
2020-05-15,45.82
2020-05-16,51.98
2020-05-17,75.48
2020-05-18,135.1
2020-05-19,99.48
2020-05-20,99.69
2020-05-21,73.21
2020-05-22,135.65
2020-05-23,36.33
2020-05-24,17.76
2020-05-25,129.13
2020-05-26,120.36
2020-05-27,23.43
2020-05-28,61.02
2020-05-29,137.45
2020-05-30,84.25
2020-05-31,77.84
2020-06-01,53.9
2020-06-02,83.04
2020-06-03,114.53
2020-06-04,36.15
2020-06-05,109.98
2020-06-06,55.09
2020-06-07,60.86
2020-06-08,65.65
2020-06-09,68.3
2020-06-10,95.69
2020-06-11,87.41
2020-06-12,73.61
2020-06-13,58.86
2020-06-14,26.86
2020-06-15,102.87
2020-06-16,79.2
2020-06-17,151.38
2020-06-18,101.32
2020-06-19,53.82
2020-06-20,82.13
2020-06-21,43.47
2020-06-22,131.45
2020-06-23,56.38
2020-06-24,80.22
2020-06-25,40.78
2020-06-26,44.34
2020-06-27,29.61
2020-06-28,36.3
2020-06-29,48.01
2020-06-30,76.92
2020-07-01,107.85
2020-07-02,23.39
2020-07-03,43.97
2020-07-04,24.46
2020-07-05,57.11
2020-07-06,72.01
2020-07-07,106.17
2020-07-08,68.6
2020-07-09,55.83
2020-07-10,97.43
2020-07-11,21.1
2020-07-12,25.48
2020-07-13,92.73
2020-07-14,93.8
2020-07-15,103.67
2020-07-16,29.49
2020-07-17,38.32
2020-07-18,30.83
2020-07-19,33.46
2020-07-20,87.17
2020-07-21,116.23
2020-07-22,117.13
2020-07-23,78.04
2020-07-24,92.75
2020-07-25,35.73
2020-07-26,39.25
2020-07-27,137.18
2020-07-28,121.65
2020-07-29,80.91
2020-07-30,54.08
2020-07-31,38.62
2020-08-01,26.74
2020-08-02,25.35
2020-08-03,42.17
2020-08-04,48.71
2020-08-05,33.8
2020-08-06,112.37
2020-08-07,43.82
2020-08-08,27.21
2020-08-09,39.44
2020-08-10,40.58
2020-08-11,55.29
2020-08-12,61.83
2020-08-13,88.9
2020-08-14,44.29
2020-08-15,82.19
2020-08-16,64.17
2020-08-17,65.55
2020-08-18,84.1
2020-08-19,46.66
2020-08-20,122.02
2020-08-21,166.3
2020-08-22,55.15
2020-08-23,24.97
2020-08-24,71.24
2020-08-25,85.98
2020-08-26,105.67
2020-08-27,142.09
2020-08-28,64.11
2020-08-29,45.14
2020-08-30,8.39
2020-08-31,88.63
2020-09-01,106.37
2020-09-02,109.21
2020-09-03,94.24
2020-09-04,94.9
2020-09-05,57.11
2020-09-06,28.5
2020-09-07,149.53
2020-09-08,68.6
2020-09-09,47.32
2020-09-10,145.25
2020-09-11,145.95
2020-09-12,55.65
2020-09-13,85.74
2020-09-14,67.31
2020-09-15,115.94
2020-09-16,82.47
2020-09-17,100.08
2020-09-18,86.34
2020-09-19,45.16
2020-09-20,57.25
2020-09-21,52.92
2020-09-22,94.39
2020-09-23,62.17
2020-09-24,64.87
2020-09-25,55.35
2020-09-26,42.05
2020-09-27,62.06
2020-09-28,104.41
2020-09-29,105.16
2020-09-30,104.96
2020-10-01,76.0
2020-10-02,101.93
2020-10-03,44.42
2020-10-04,74.61
2020-10-05,66.92
2020-10-06,85.71
2020-10-07,83.25
2020-10-08,113.65
2020-10-09,81.57
2020-10-10,56.09
2020-10-11,40.9
2020-10-12,67.72
2020-10-13,78.09
2020-10-14,47.69
2020-10-15,107.97
2020-10-16,123.5
2020-10-17,46.21
2020-10-18,49.08
2020-10-19,95.22
2020-10-20,98.67
2020-10-21,72.01
2020-10-22,101.61
2020-10-23,65.73
2020-10-24,66.82
2020-10-25,46.99
2020-10-26,89.93
2020-10-27,130.45
2020-10-28,81.79
2020-10-29,89.64
2020-10-30,80.36
2020-10-31,13.51
2020-11-01,49.87
2020-11-02,56.63
2020-11-03,162.63
2020-11-04,129.57
2020-11-05,69.65
2020-11-06,62.93
2020-11-07,42.18
2020-11-08,44.87
2020-11-09,105.4
2020-11-10,58.59
2020-11-11,97.93
2020-11-12,52.86
2020-11-13,69.19
2020-11-14,33.8
2020-11-15,66.58
2020-11-16,70.6
2020-11-17,45.82
2020-11-18,109.74
2020-11-19,49.04
2020-11-20,94.16
2020-11-21,47.32
2020-11-22,48.83
2020-11-23,36.76
2020-11-24,104.29
2020-11-25,23.36
2020-11-26,69.12
2020-11-27,70.37
2020-11-28,90.85
2020-11-29,101.22
2020-11-30,46.8
2020-12-01,129.66
2020-12-02,92.27
2020-12-03,67.79
2020-12-04,38.67
2020-12-05,48.34
2020-12-06,64.01
2020-12-07,55.04
2020-12-08,78.98
2020-12-09,62.74
2020-12-10,95.42
2020-12-11,42.85
2020-12-12,50.96
2020-12-13,28.13
2020-12-14,29.8
2020-12-15,89.53
2020-12-16,52.51
2020-12-17,93.12
2020-12-18,79.99
2020-12-19,66.18
2020-12-20,8.83
2020-12-21,91.12
2020-12-22,62.68
2020-12-23,68.6
2020-12-24,55.0
2020-12-25,48.24
2020-12-26,51.64
2020-12-27,28.47
2020-12-28,41.41
2020-12-29,69.01
2020-12-30,59.15
2020-12-31,80.79
2021-01-01,65.27
2021-01-02,39.44
2021-01-03,19.04
2021-01-04,99.33
2021-01-05,121.85
2021-01-06,106.57
2021-01-07,54.24
2021-01-08,77.74
2021-01-09,84.59
2021-01-10,70.81
2021-01-11,84.14
2021-01-12,169.88
2021-01-13,66.5
2021-01-14,62.11
2021-01-15,57.97
2021-01-16,72.01
2021-01-17,71.32
2021-01-18,94.49
2021-01-19,66.67
2021-01-20,87.49
2021-01-21,47.44
2021-01-22,93.71
2021-01-23,56.43
2021-01-24,34.06
2021-01-25,140.45
2021-01-26,50.25
2021-01-27,68.84
2021-01-28,112.79
2021-01-29,63.22
2021-01-30,61.92
2021-01-31,23.89
2021-02-01,60.05
2021-02-02,192.34
2021-02-03,69.92
2021-02-04,78.18
2021-02-05,106.44
2021-02-06,63.06
2021-02-07,48.48
2021-02-08,72.8
2021-02-09,61.26
2021-02-10,74.93
2021-02-11,63.46
2021-02-12,73.33
2021-02-13,36.62
2021-02-14,25.29
2021-02-15,61.24
2021-02-16,91.76
2021-02-17,104.37
2021-02-18,33.67
2021-02-19,85.16
2021-02-20,23.76
2021-02-21,37.47
2021-02-22,71.29
2021-02-23,97.43
2021-02-24,77.84
2021-02-25,46.18
2021-02-26,121.14
2021-02-27,81.19
2021-02-28,66.42
2021-03-01,96.3
2021-03-02,137.47
2021-03-03,154.59
2021-03-04,88.44
2021-03-05,88.98
2021-03-06,58.0
2021-03-07,16.28
2021-03-08,60.4
2021-03-09,22.26
2021-03-10,57.34
2021-03-11,70.39
2021-03-12,49.38
2021-03-13,72.59
2021-03-14,43.82
2021-03-15,111.6
2021-03-16,108.84
2021-03-17,93.31
2021-03-18,134.94
2021-03-19,42.85
2021-03-20,29.49
2021-03-21,26.29
2021-03-22,119.16
2021-03-23,99.46
2021-03-24,76.44
2021-03-25,63.78
2021-03-26,69.78
2021-03-27,41.33
2021-03-28,75.63
2021-03-29,123.24
2021-03-30,95.42
2021-03-31,76.35
2021-04-01,67.7
2021-04-02,65.7
2021-04-03,91.82
2021-04-04,23.44
2021-04-05,74.56
2021-04-06,92.79
2021-04-07,113.79
2021-04-08,32.52
2021-04-09,48.01
2021-04-10,32.44
2021-04-11,48.83
2021-04-12,100.38
2021-04-13,95.29
2021-04-14,186.3
2021-04-15,103.26
2021-04-16,95.03
2021-04-17,101.41
2021-04-18,54.82
2021-04-19,110.42
2021-04-20,125.27
2021-04-21,166.3
2021-04-22,113.77
2021-04-23,146.73
2021-04-24,111.82
2021-04-25,16.6
2021-04-26,54.47
2021-04-27,131.65
2021-04-28,50.06
2021-04-29,47.38
2021-04-30,36.4
2021-05-01,56.09
2021-05-02,49.56
2021-05-03,97.43
2021-05-04,93.88
2021-05-05,60.39
2021-05-06,76.31
2021-05-07,55.93
2021-05-08,3.57
2021-05-09,8.32
2021-05-10,49.0
2021-05-11,101.18
2021-05-12,63.3
2021-05-13,140.43
2021-05-14,115.36
2021-05-15,88.29
2021-05-16,49.32
2021-05-17,92.16
2021-05-18,98.59
2021-05-19,158.96
2021-05-20,125.85
2021-05-21,165.85
2021-05-22,68.16
2021-05-23,65.92
2021-05-24,138.41
2021-05-25,170.94
2021-05-26,176.61
2021-05-27,133.34
2021-05-28,140.03
2021-05-29,59.02
2021-05-30,31.1
2021-05-31,57.55
2021-06-01,65.87
2021-06-02,68.73
2021-06-03,60.07
2021-06-04,79.61
2021-06-05,41.49
2021-06-06,47.32
2021-06-07,54.3
2021-06-08,59.73
2021-06-09,93.25
2021-06-10,85.51
2021-06-11,131.48
2021-06-12,47.13
2021-06-13,58.56
2021-06-14,29.36
2021-06-15,73.51
2021-06-16,144.79
2021-06-17,138.02
2021-06-18,84.5
2021-06-19,42.24
2021-06-20,94.64
2021-06-21,94.5
2021-06-22,170.6
2021-06-23,41.51
2021-06-24,76.66
2021-06-25,54.79
2021-06-26,25.45
2021-06-27,8.47
2021-06-28,97.29
2021-06-29,95.69
2021-06-30,43.82
2021-07-01,64.11
2021-07-02,78.98
2021-07-03,46.89
2021-07-04,46.52
2021-07-05,65.99
2021-07-06,63.33
2021-07-07,34.78
2021-07-08,37.86
2021-07-09,32.36
2021-07-10,31.02
2021-07-11,27.3
2021-07-12,69.74
2021-07-13,77.25
2021-07-14,56.22
2021-07-15,104.51
2021-07-16,70.38
2021-07-17,76.57
2021-07-18,32.56
2021-07-19,50.57
2021-07-20,37.43
2021-07-21,49.92
2021-07-22,95.29
2021-07-23,91.79
2021-07-24,65.36
2021-07-25,26.22
2021-07-26,59.15
2021-07-27,79.2
2021-07-28,53.3
2021-07-29,30.92
2021-07-30,80.9
2021-07-31,30.39
2021-08-01,40.69
2021-08-02,111.95
2021-08-03,50.82
2021-08-04,89.99
2021-08-05,99.66
2021-08-06,63.62
2021-08-07,50.91
2021-08-08,18.56
2021-08-09,42.61
2021-08-10,103.37
2021-08-11,71.91
2021-08-12,76.15
2021-08-13,95.29
2021-08-14,11.13
2021-08-15,55.99
2021-08-16,127.2
2021-08-17,157.74
2021-08-18,83.16
2021-08-19,49.64
2021-08-20,68.6
2021-08-21,95.35
2021-08-22,64.41
2021-08-23,189.93
2021-08-24,133.26
2021-08-25,47.53
2021-08-26,114.39
2021-08-27,103.81
2021-08-28,116.29
2021-08-29,81.68
2021-08-30,107.77
2021-08-31,203.01
2021-09-01,80.04
2021-09-02,106.26
2021-09-03,98.69
2021-09-04,52.84
2021-09-05,50.7
2021-09-06,81.71
2021-09-07,117.78
2021-09-08,85.3
2021-09-09,73.61
2021-09-10,65.94
2021-09-11,89.44
2021-09-12,69.01
2021-09-13,104.92
2021-09-14,69.79
2021-09-15,65.97
2021-09-16,119.12
2021-09-17,151.91
2021-09-18,103.52
2021-09-19,41.0
2021-09-20,59.96
2021-09-21,84.71
2021-09-22,54.23
2021-09-23,68.83
2021-09-24,92.75
2021-09-25,36.15
2021-09-26,33.21
2021-09-27,57.03
2021-09-28,96.16
2021-09-29,59.4
2021-09-30,102.68
2021-10-01,68.04
2021-10-02,57.64
2021-10-03,43.25
2021-10-04,65.81
2021-10-05,171.9
2021-10-06,56.07
2021-10-07,121.31
2021-10-08,94.4
2021-10-09,37.86
2021-10-10,26.15
2021-10-11,50.81
2021-10-12,81.57
2021-10-13,94.01
2021-10-14,55.36
2021-10-15,107.15
2021-10-16,27.15
2021-10-17,35.05
2021-10-18,126.71
2021-10-19,133.84
2021-10-20,76.41
2021-10-21,94.01
2021-10-22,86.04
2021-10-23,62.44
2021-10-24,49.44
2021-10-25,79.63
2021-10-26,144.65
2021-10-27,102.93
2021-10-28,96.13
2021-10-29,55.78
2021-10-30,49.84
2021-10-31,66.92
2021-11-01,124.33
2021-11-02,62.87
2021-11-03,73.81
2021-11-04,122.69
2021-11-05,76.94
2021-11-06,28.16
2021-11-07,46.44
2021-11-08,46.37
2021-11-09,84.58
2021-11-10,135.3
2021-11-11,83.04
2021-11-12,101.22
2021-11-13,63.28
2021-11-14,51.49
2021-11-15,141.16
2021-11-16,122.86
2021-11-17,126.07
2021-11-18,158.17
2021-11-19,108.76
2021-11-20,43.9
2021-11-21,34.06
2021-11-22,128.99
2021-11-23,80.91
2021-11-24,87.69
2021-11-25,118.1
2021-11-26,58.98
2021-11-27,57.11
2021-11-28,35.52
2021-11-29,60.78
2021-11-30,92.79
2021-12-01,86.94
2021-12-02,93.12
2021-12-03,106.17
2021-12-04,73.32
2021-12-05,86.76
2021-12-06,120.54
2021-12-07,202.43
2021-12-08,145.56
2021-12-09,104.56
2021-12-10,164.98
2021-12-11,95.62
2021-12-12,76.44
2021-12-13,110.42
2021-12-14,129.9
2021-12-15,72.01
2021-12-16,136.25
2021-12-17,95.44
2021-12-18,86.99
2021-12-19,61.02
2021-12-20,53.09
2021-12-21,101.41
2021-12-22,141.34
2021-12-23,135.31
2021-12-24,135.72
2021-12-25,43.88
2021-12-26,43.73
2021-12-27,78.87
2021-12-28,58.89
2021-12-29,37.89
2021-12-30,147.23
2021-12-31,76.59
2022-01-01,63.1
2022-01-02,37.86
2022-01-03,52.34
2022-01-04,88.96
2022-01-05,96.48
2022-01-06,70.01
2022-01-07,118.96
2022-01-08,38.28
2022-01-09,63.7
2022-01-10,130.01
2022-01-11,188.91
2022-01-12,78.21
2022-01-13,170.65
2022-01-14,133.57
2022-01-15,71.06
2022-01-16,46.01
2022-01-17,109.27
2022-01-18,138.82
2022-01-19,153.56
2022-01-20,136.37
2022-01-21,185.75
2022-01-22,145.81
2022-01-23,106.86
2022-01-24,185.8
2022-01-25,291.58
2022-01-26,260.34
2022-01-27,265.01
2022-01-28,182.23
2022-01-29,217.44
2022-01-30,63.53
2022-01-31,142.99
2022-02-01,190.59
2022-02-02,250.32
2022-02-03,176.29
2022-02-04,92.57
2022-02-05,47.57
2022-02-06,78.25
2022-02-07,195.15
2022-02-08,158.39
2022-02-09,117.18
2022-02-10,108.54
2022-02-11,179.28
2022-02-12,131.99
2022-02-13,118.0
2022-02-14,191.89
2022-02-15,229.06
2022-02-16,223.47
2022-02-17,228.45
2022-02-18,226.35
2022-02-19,140.16
2022-02-20,83.28
2022-02-21,152.37
2022-02-22,279.43
2022-02-23,431.02
2022-02-24,370.7
2022-02-25,515.89
2022-02-26,398.59
2022-02-27,202.09
2022-02-28,452.62
2022-03-01,540.83
2022-03-02,523.52
2022-03-03,436.82
2022-03-04,350.07
2022-03-05,322.36
2022-03-06,197.62
2022-03-07,362.31
2022-03-08,352.11
2022-03-09,295.31
2022-03-10,352.4
2022-03-11,410.33
2022-03-12,298.71
2022-03-13,181.01
2022-03-14,350.11
2022-03-15,311.88
2022-03-16,473.22
2022-03-17,290.33
2022-03-18,285.32
2022-03-19,175.89
2022-03-20,130.76
2022-03-21,227.74
2022-03-22,244.84
2022-03-23,267.47
2022-03-24,317.01
2022-03-25,350.74
2022-03-26,275.09
2022-03-27,189.29
2022-03-28,281.92
2022-03-29,233.36
2022-03-30,233.51
2022-03-31,254.81
2022-04-01,188.16
2022-04-02,188.16
2022-04-03,239.78
2022-04-04,163.02
2022-04-05,212.42
2022-04-06,175.75
2022-04-07,243.42
2022-04-08,219.48
2022-04-09,178.67
2022-04-10,148.98
2022-04-11,195.23
2022-04-12,226.25
2022-04-13,258.88
2022-04-14,265.66
2022-04-15,168.44
2022-04-16,166.67
2022-04-17,151.43
2022-04-18,218.63
2022-04-19,213.52
2022-04-20,189.61
2022-04-21,128.26
2022-04-22,246.8
2022-04-23,134.42
2022-04-24,50.45
2022-04-25,246.9
2022-04-26,160.54
2022-04-27,186.7
2022-04-28,176.38
2022-04-29,148.94
2022-04-30,168.44
2022-05-01,66.92
2022-05-02,96.67
2022-05-03,157.47
2022-05-04,163.45
2022-05-05,144.7
2022-05-06,174.07
2022-05-07,97.72
2022-05-08,98.48
2022-05-09,150.87
2022-05-10,143.25
2022-05-11,176.38
2022-05-12,158.26
2022-05-13,162.08
2022-05-14,83.8
2022-05-15,77.84
2022-05-16,168.75
2022-05-17,174.62
2022-05-18,165.9
2022-05-19,162.38
2022-05-20,140.96
2022-05-21,124.22
2022-05-22,75.1
2022-05-23,150.31
2022-05-24,222.36
2022-05-25,155.1
2022-05-26,134.57
2022-05-27,155.52
2022-05-28,118.48
2022-05-29,76.05
2022-05-30,115.82
2022-05-31,190.31
2022-06-01,168.34
2022-06-02,142.59
2022-06-03,142.78
2022-06-04,102.87
2022-06-05,70.29
2022-06-06,190.13
2022-06-07,139.03
2022-06-08,152.37
2022-06-09,115.55
2022-06-10,94.35
2022-06-11,103.96
2022-06-12,83.74
2022-06-13,147.23
2022-06-14,136.37
2022-06-15,110.05
2022-06-16,132.28
2022-06-17,114.05
2022-06-18,98.12
2022-06-19,56.46
2022-06-20,115.72
2022-06-21,116.77
2022-06-22,121.32
2022-06-23,143.56
2022-06-24,149.36
2022-06-25,123.24
2022-06-26,75.86
2022-06-27,132.0
2022-06-28,200.76
2022-06-29,181.89
2022-06-30,173.21
2022-07-01,119.08
2022-07-02,60.23
2022-07-03,30.21
2022-07-04,80.44
2022-07-05,109.65
2022-07-06,138.99
2022-07-07,88.63
2022-07-08,110.42
2022-07-09,70.48
2022-07-10,38.52
2022-07-11,112.85
2022-07-12,113.64
2022-07-13,182.87
2022-07-14,165.35
2022-07-15,192.03
2022-07-16,102.6
2022-07-17,107.43
2022-07-18,128.71
2022-07-19,151.08
2022-07-20,149.56
2022-07-21,117.51
2022-07-22,125.48
2022-07-23,109.92
2022-07-24,89.26
2022-07-25,109.56
2022-07-26,160.86
2022-07-27,145.54
2022-07-28,106.68
2022-07-29,68.25
2022-07-30,119.98
2022-07-31,125.18
2022-08-01,130.93
2022-08-02,204.48
2022-08-03,210.23
2022-08-04,212.05
2022-08-05,163.93
2022-08-06,138.23
2022-08-07,111.04
2022-08-08,149.1
2022-08-09,212.57
2022-08-10,80.65
2022-08-11,130.27
2022-08-12,182.54
2022-08-13,112.02
2022-08-14,120.09
2022-08-15,110.42
2022-08-16,96.54
2022-08-17,156.09
2022-08-18,100.74
2022-08-19,117.68
2022-08-20,81.54
2022-08-21,122.69
2022-08-22,101.73
2022-08-23,145.34
2022-08-24,102.45
2022-08-25,149.12
2022-08-26,108.25
2022-08-27,81.79
2022-08-28,103.81
2022-08-29,120.46
2022-08-30,115.27
2022-08-31,97.75
2022-09-01,187.71
2022-09-02,84.13
2022-09-03,117.78
2022-09-04,65.92
2022-09-05,83.96
2022-09-06,119.16
2022-09-07,124.29
2022-09-08,99.43
2022-09-09,94.33
2022-09-10,81.92
2022-09-11,66.75
2022-09-12,111.96
2022-09-13,132.26
2022-09-14,202.93
2022-09-15,95.61
2022-09-16,127.41
2022-09-17,119.16
2022-09-18,71.24
2022-09-19,122.18
2022-09-20,109.77
2022-09-21,189.75
2022-09-22,225.86
2022-09-23,187.8
2022-09-24,108.02
2022-09-25,71.05
2022-09-26,163.02
2022-09-27,155.89
2022-09-28,202.59
2022-09-29,156.94
2022-09-30,162.74
2022-10-01,154.97
2022-10-02,120.6
2022-10-03,123.9
2022-10-04,164.21
2022-10-05,171.15
2022-10-06,202.7
2022-10-07,144.24
2022-10-08,132.69
2022-10-09,97.95
2022-10-10,193.34
2022-10-11,228.25
2022-10-12,181.95
2022-10-13,133.84
2022-10-14,147.23
2022-10-15,92.42
2022-10-16,64.23
2022-10-17,171.67
2022-10-18,128.98
2022-10-19,160.19
2022-10-20,159.92
2022-10-21,174.35
2022-10-22,108.38
2022-10-23,52.3
2022-10-24,93.58
2022-10-25,139.72
2022-10-26,133.39
2022-10-27,180.49
2022-10-28,203.69
2022-10-29,81.26
2022-10-30,51.76
2022-10-31,113.79
2022-11-01,136.88
2022-11-02,150.82
2022-11-03,186.55
2022-11-04,115.89
2022-11-05,95.82
2022-11-06,101.15
2022-11-07,139.72
2022-11-08,225.74
2022-11-09,137.41
2022-11-10,98.15
2022-11-11,111.09
2022-11-12,47.66
2022-11-13,46.01
2022-11-14,188.93
2022-11-15,196.51
2022-11-16,170.58
2022-11-17,153.21
2022-11-18,77.71
2022-11-19,81.97
2022-11-20,60.39
2022-11-21,107.63
2022-11-22,105.25
2022-11-23,105.6
2022-11-24,46.47
2022-11-25,80.51
2022-11-26,94.33
2022-11-27,85.42
2022-11-28,88.0
2022-11-29,100.55
2022-11-30,81.59
2022-12-01,65.95
2022-12-02,109.1
2022-12-03,106.41
2022-12-04,51.62
2022-12-05,98.97
2022-12-06,139.1
2022-12-07,127.41
2022-12-08,140.96
2022-12-09,117.31
2022-12-10,46.73
2022-12-11,18.45
2022-12-12,158.37
2022-12-13,152.63
2022-12-14,133.39
2022-12-15,73.61
2022-12-16,98.8
2022-12-17,74.72
2022-12-18,49.74
2022-12-19,171.46
2022-12-20,132.74
2022-12-21,169.54
2022-12-22,159.0
2022-12-23,114.93
2022-12-24,80.79
2022-12-25,74.16
2022-12-26,64.7
2022-12-27,146.82
2022-12-28,151.89
2022-12-29,116.49
2022-12-30,150.23
2022-12-31,74.58
2023-01-01,34.63
2023-01-02,117.05
2023-01-03,198.45
2023-01-04,94.29
2023-01-05,100.74
2023-01-06,88.73
2023-01-07,88.86
2023-01-08,29.23
2023-01-09,86.13
2023-01-10,114.62
2023-01-11,129.44
2023-01-12,114.45
2023-01-13,103.7
2023-01-14,95.4
2023-01-15,42.61
2023-01-16,107.1
2023-01-17,127.41
2023-01-18,76.78
2023-01-19,115.06
2023-01-20,152.37
2023-01-21,126.19
2023-01-22,41.54
2023-01-23,87.71
2023-01-24,89.98
2023-01-25,110.61
2023-01-26,71.49
2023-01-27,120.77
2023-01-28,82.94
2023-01-29,55.21
2023-01-30,155.17
2023-01-31,148.32
2023-02-01,108.7
2023-02-02,130.6
2023-02-03,116.33
2023-02-04,119.19
2023-02-05,83.86
2023-02-06,112.53
2023-02-07,138.02
2023-02-08,134.98
2023-02-09,169.59
2023-02-10,147.88
2023-02-11,98.81
2023-02-12,75.78
2023-02-13,110.42
2023-02-14,82.67
2023-02-15,119.27
2023-02-16,134.75
2023-02-17,106.1
2023-02-18,86.77
2023-02-19,115.22
2023-02-20,146.03
2023-02-21,174.98
2023-02-22,150.31
2023-02-23,127.87
2023-02-24,110.97
2023-02-25,84.05
2023-02-26,67.6
2023-02-27,125.63
2023-02-28,146.95
2023-03-01,92.77
2023-03-02,121.4
2023-03-03,154.63
2023-03-04,101.26
2023-03-05,60.05
2023-03-06,106.86
2023-03-07,161.43
2023-03-08,125.93
2023-03-09,147.48
2023-03-10,113.44
2023-03-11,84.22
2023-03-12,77.71
2023-03-13,144.3
2023-03-14,117.31
2023-03-15,101.75
2023-03-16,112.81
2023-03-17,85.23
2023-03-18,87.94
2023-03-19,32.06
2023-03-20,94.07
2023-03-21,129.9
2023-03-22,114.43
2023-03-23,100.57
2023-03-24,72.62
2023-03-25,101.61
2023-03-26,31.65
2023-03-27,120.95
2023-03-28,76.76
2023-03-29,79.96
2023-03-30,129.3
2023-03-31,90.45
2023-04-01,52.35
2023-04-02,43.59
2023-04-03,84.6
2023-04-04,119.43
2023-04-05,117.88
2023-04-06,173.69
2023-04-07,169.01
2023-04-08,64.85
2023-04-09,44.02
2023-04-10,142.78
2023-04-11,92.75
2023-04-12,119.43
2023-04-13,126.19
2023-04-14,119.8
2023-04-15,87.31
2023-04-16,42.06
2023-04-17,91.62
2023-04-18,106.86
2023-04-19,158.03
2023-04-20,95.67
2023-04-21,140.05
2023-04-22,70.8
2023-04-23,56.46
2023-04-24,159.47
2023-04-25,180.23
2023-04-26,105.35
2023-04-27,117.88
2023-04-28,117.88
2023-04-29,63.05
2023-04-30,71.35
2023-05-01,104.61
2023-05-02,77.04
2023-05-03,149.53
2023-05-04,118.08
2023-05-05,69.74
2023-05-06,91.45
2023-05-07,42.61
2023-05-08,51.76
2023-05-09,116.35
2023-05-10,118.52
2023-05-11,137.28
2023-05-12,146.22
2023-05-13,88.82
2023-05-14,74.02
2023-05-15,135.87
2023-05-16,137.53
2023-05-17,89.38
2023-05-18,125.22
2023-05-19,160.85
2023-05-20,98.44
2023-05-21,60.23
2023-05-22,78.25
2023-05-23,183.69
2023-05-24,115.22
2023-05-25,106.29
2023-05-26,61.34
2023-05-27,85.71
2023-05-28,36.5
2023-05-29,44.97
2023-05-30,111.29
2023-05-31,219.58
2023-06-01,182.4
2023-06-02,129.57
2023-06-03,119.01
2023-06-04,38.19
2023-06-05,107.09
2023-06-06,133.47
2023-06-07,142.29
2023-06-08,78.74
2023-06-09,96.33
2023-06-10,97.14
2023-06-11,81.29
2023-06-12,65.73
2023-06-13,77.17
2023-06-14,72.13
2023-06-15,158.32
2023-06-16,111.43
2023-06-17,93.1
2023-06-18,84.7
2023-06-19,107.78
2023-06-20,142.78
2023-06-21,127.87
2023-06-22,154.5
2023-06-23,46.41
2023-06-24,105.08
2023-06-25,125.18
2023-06-26,169.51
2023-06-27,118.31
2023-06-28,82.54
2023-06-29,120.9
2023-06-30,102.67
2023-07-01,103.03
2023-07-02,69.43
2023-07-03,45.38
2023-07-04,109.93
2023-07-05,89.85
2023-07-06,172.66
2023-07-07,120.56
2023-07-08,58.68
2023-07-09,75.93
2023-07-10,138.3
2023-07-11,141.35
2023-07-12,203.19
2023-07-13,80.51
2023-07-14,151.37
2023-07-15,65.75
2023-07-16,30.58
2023-07-17,110.85
2023-07-18,151.43
2023-07-19,188.83
2023-07-20,127.64
2023-07-21,112.39
2023-07-22,36.52
2023-07-23,49.44
2023-07-24,143.43
2023-07-25,61.72
2023-07-26,84.08
2023-07-27,132.5
2023-07-28,130.33
2023-07-29,71.89
2023-07-30,10.07
2023-07-31,154.4
2023-08-01,116.91
2023-08-02,132.76
2023-08-03,88.73
2023-08-04,119.37
2023-08-05,97.43
2023-08-06,30.18
2023-08-07,117.57
2023-08-08,108.3
2023-08-09,105.72
2023-08-10,131.01
2023-08-11,142.36
2023-08-12,119.27
2023-08-13,60.7
2023-08-14,114.97
2023-08-15,114.64
2023-08-16,100.02
2023-08-17,116.03
2023-08-18,77.42
2023-08-19,114.05
2023-08-20,43.7
2023-08-21,97.22
2023-08-22,81.1
2023-08-23,126.71
2023-08-24,61.57
2023-08-25,40.26
2023-08-26,85.98
2023-08-27,41.93
2023-08-28,75.44
2023-08-29,115.63
2023-08-30,163.3
2023-08-31,117.42
2023-09-01,73.49
2023-09-02,58.98
2023-09-03,16.36
2023-09-04,100.62
2023-09-05,121.79
2023-09-06,76.63
2023-09-07,80.34
2023-09-08,80.14
2023-09-09,44.43
2023-09-10,16.6
2023-09-11,93.5
2023-09-12,164.97
2023-09-13,134.78
2023-09-14,119.94
2023-09-15,106.68
2023-09-16,79.46
2023-09-17,64.32
2023-09-18,114.69
2023-09-19,207.42
2023-09-20,190.11
2023-09-21,162.91
2023-09-22,131.63
2023-09-23,70.02
2023-09-24,66.42
2023-09-25,109.96
2023-09-26,81.25
2023-09-27,101.47
2023-09-28,64.38
2023-09-29,86.41
2023-09-30,82.56
2023-10-01,38.97
2023-10-02,63.46
2023-10-03,107.05
2023-10-04,61.24
2023-10-05,54.3
2023-10-06,161.31
2023-10-07,54.14
2023-10-08,75.67
2023-10-09,227.07
2023-10-10,259.08
2023-10-11,265.93
2023-10-12,218.01
2023-10-13,287.31
2023-10-14,216.04
2023-10-15,154.47
2023-10-16,290.34
2023-10-17,274.52
2023-10-18,333.01
2023-10-19,338.85
2023-10-20,298.63
2023-10-21,251.52
2023-10-22,105.16
2023-10-23,312.77
2023-10-24,250.01
2023-10-25,208.09
2023-10-26,168.44
2023-10-27,251.86
2023-10-28,173.54
2023-10-29,133.13
2023-10-30,205.43
2023-10-31,172.08
2023-11-01,251.73
2023-11-02,219.58
2023-11-03,174.92
2023-11-04,157.24
2023-11-05,92.95
2023-11-06,182.9
2023-11-07,140.21
2023-11-08,132.5
2023-11-09,201.48
2023-11-10,180.98
2023-11-11,161.46
2023-11-12,128.39
2023-11-13,131.05
2023-11-14,148.23
2023-11-15,130.6
2023-11-16,170.86
2023-11-17,149.48
2023-11-18,111.66
2023-11-19,101.56
2023-11-20,204.9
2023-11-21,96.48
2023-11-22,191.44
2023-11-23,175.45
2023-11-24,152.79
2023-11-25,125.11
2023-11-26,87.87
2023-11-27,166.35
2023-11-28,184.38
2023-11-29,88.78
2023-11-30,178.9
2023-12-01,94.81
2023-12-02,122.12
2023-12-03,110.7
2023-12-04,194.86
2023-12-05,89.69
2023-12-06,131.24
2023-12-07,194.16
2023-12-08,153.52
2023-12-09,106.34
2023-12-10,124.12
2023-12-11,153.77
2023-12-12,167.42
2023-12-13,192.79
2023-12-14,148.68
2023-12-15,169.26
2023-12-16,104.33
2023-12-17,90.89
2023-12-18,144.02
2023-12-19,187.76
2023-12-20,143.77
2023-12-21,114.02
2023-12-22,89.37
2023-12-23,150.3
2023-12-24,52.92
2023-12-25,136.4
2023-12-26,139.57
2023-12-27,180.18
2023-12-28,122.69
2023-12-29,221.28
2023-12-30,190.98
2023-12-31,110.09
2024-01-01,167.6
2024-01-02,131.12
2024-01-03,142.9
2024-01-04,180.69
2024-01-05,167.49
2024-01-06,131.24
2024-01-07,89.05
2024-01-08,106.63
2024-01-09,241.27
2024-01-10,118.1
2024-01-11,165.31
2024-01-12,210.59
2024-01-13,160.03
2024-01-14,107.43
2024-01-15,106.4
2024-01-16,193.39
2024-01-17,176.2
2024-01-18,167.49
2024-01-19,207.41
2024-01-20,83.86
2024-01-21,70.11
2024-01-22,186.62
2024-01-23,169.07
2024-01-24,159.14
2024-01-25,202.29
2024-01-26,141.32
2024-01-27,178.92
2024-01-28,152.74
2024-01-29,140.53
2024-01-30,206.28
2024-01-31,205.61
2024-02-01,147.5
2024-02-02,171.52
2024-02-03,96.8
2024-02-04,85.67
2024-02-05,125.88
2024-02-06,118.75
2024-02-07,100.38
2024-02-08,116.23
2024-02-09,194.53
2024-02-10,98.5
2024-02-11,86.26
2024-02-12,156.39
2024-02-13,187.86
2024-02-14,135.81
2024-02-15,214.81
2024-02-16,160.93
2024-02-17,87.03
2024-02-18,80.79
2024-02-19,167.82
2024-02-20,170.21
2024-02-21,193.75
2024-02-22,219.58
2024-02-23,167.07
2024-02-24,111.12
2024-02-25,87.17
2024-02-26,200.97
2024-02-27,166.86
2024-02-28,177.46
2024-02-29,153.25
2024-03-01,155.18
2024-03-02,82.69
2024-03-03,82.36
2024-03-04,170.75
2024-03-05,83.46
2024-03-06,108.02
2024-03-07,122.23
2024-03-08,183.72
2024-03-09,89.67
2024-03-10,98.22
2024-03-11,155.81
2024-03-12,199.55
2024-03-13,149.75
2024-03-14,187.15
2024-03-15,138.02
2024-03-16,126.56
2024-03-17,69.19
2024-03-18,147.65
2024-03-19,183.3
2024-03-20,116.03
2024-03-21,130.51
2024-03-22,125.0
2024-03-23,107.03
2024-03-24,69.01
2024-03-25,187.99
2024-03-26,165.63
2024-03-27,126.74
2024-03-28,99.63
2024-03-29,126.19
2024-03-30,161.59
2024-03-31,119.95
2024-04-01,123.22
2024-04-02,197.96
2024-04-03,181.87
2024-04-04,160.98
2024-04-05,142.05
2024-04-06,130.3
2024-04-07,69.74
2024-04-08,126.33
2024-04-09,171.76
2024-04-10,208.52
2024-04-11,123.34
2024-04-12,161.33
2024-04-13,130.12
2024-04-14,137.64
2024-04-15,230.79
2024-04-16,340.54
2024-04-17,227.5
2024-04-18,149.44
2024-04-19,208.12
2024-04-20,134.36
2024-04-21,70.48
2024-04-22,162.91
2024-04-23,148.32
2024-04-24,139.23
2024-04-25,172.4
2024-04-26,150.83
2024-04-27,154.33
2024-04-28,106.33
2024-04-29,191.11
2024-04-30,167.8
2024-05-01,130.76
2024-05-02,137.77
2024-05-03,110.42
2024-05-04,86.46
2024-05-05,68.83
2024-05-06,93.62
2024-05-07,176.27
2024-05-08,163.58
2024-05-09,145.4
2024-05-10,185.28
2024-05-11,106.0
2024-05-12,54.01
2024-05-13,177.11
2024-05-14,154.67
2024-05-15,129.21
2024-05-16,124.9
2024-05-17,181.66
2024-05-18,110.92
2024-05-19,98.48
2024-05-20,135.08
2024-05-21,165.28
2024-05-22,140.05
2024-05-23,101.83
2024-05-24,116.64
2024-05-25,91.42
2024-05-26,121.31
2024-05-27,145.43
2024-05-28,143.46
2024-05-29,135.44
2024-05-30,93.58
2024-05-31,156.5
2024-06-01,121.19
2024-06-02,90.02
2024-06-03,111.11
2024-06-04,110.21
2024-06-05,119.32
2024-06-06,115.91
2024-06-07,122.69
2024-06-08,66.66
2024-06-09,92.95
2024-06-10,107.29
2024-06-11,121.79
2024-06-12,117.68
2024-06-13,133.47
2024-06-14,90.14
2024-06-15,109.9
2024-06-16,102.35
2024-06-17,120.95
2024-06-18,142.94
2024-06-19,114.89
2024-06-20,177.01
2024-06-21,128.3
2024-06-22,64.95
2024-06-23,85.16
2024-06-24,212.61
2024-06-25,109.99
2024-06-26,128.58
2024-06-27,120.68
2024-06-28,121.46
2024-06-29,42.54
2024-06-30,46.92
2024-07-01,71.45
2024-07-02,79.6
2024-07-03,107.82
2024-07-04,90.28
2024-07-05,73.11
2024-07-06,87.63
2024-07-07,94.92
2024-07-08,89.18
2024-07-09,90.05
2024-07-10,124.67
2024-07-11,127.85
2024-07-12,86.32
2024-07-13,31.75
2024-07-14,45.01
2024-07-15,67.88
2024-07-16,68.24
2024-07-17,105.26
2024-07-18,133.52
2024-07-19,143.77
2024-07-20,79.5
2024-07-21,81.29
2024-07-22,130.04
2024-07-23,36.47
2024-07-24,78.87
2024-07-25,91.54
2024-07-26,95.77
2024-07-27,81.65
2024-07-28,105.16
2024-07-29,124.38
2024-07-30,107.07
2024-07-31,112.86
2024-08-01,133.2
2024-08-02,191.22
2024-08-03,92.18
2024-08-04,76.25
2024-08-05,187.0
2024-08-06,131.5
2024-08-07,172.72
2024-08-08,174.67
2024-08-09,151.34
2024-08-10,122.04
2024-08-11,61.83
2024-08-12,118.31
2024-08-13,151.6
2024-08-14,175.77
2024-08-15,139.61
2024-08-16,118.94
2024-08-17,131.07
2024-08-18,75.07
2024-08-19,136.53
2024-08-20,151.47
2024-08-21,140.69
2024-08-22,184.37
2024-08-23,143.76
2024-08-24,87.32
2024-08-25,110.73
2024-08-26,176.03
2024-08-27,174.35
2024-08-28,156.19
2024-08-29,132.5
2024-08-30,166.55
2024-08-31,124.58
2024-09-01,113.67
2024-09-02,145.51
2024-09-03,171.23
2024-09-04,180.32
2024-09-05,141.97
2024-09-06,100.38
2024-09-07,90.48
2024-09-08,122.36
2024-09-09,146.76
2024-09-10,97.61
2024-09-11,212.91
2024-09-12,103.11
2024-09-13,185.64
2024-09-14,100.38
2024-09-15,55.87
2024-09-16,88.97
2024-09-17,100.79
2024-09-18,122.01
2024-09-19,93.75
2024-09-20,175.54
2024-09-21,90.29
2024-09-22,8.95
2024-09-23,158.1
2024-09-24,161.12
2024-09-25,175.3
2024-09-26,234.46
2024-09-27,134.85
2024-09-28,66.58
2024-09-29,102.35
2024-09-30,160.49
2024-10-01,135.87
2024-10-02,178.71
2024-10-03,237.06
2024-10-04,144.28
2024-10-05,72.58
2024-10-06,89.29
2024-10-07,80.63
2024-10-08,98.39
2024-10-09,137.03
2024-10-10,119.59
2024-10-11,157.45
2024-10-12,96.02
2024-10-13,52.17
2024-10-14,151.47
2024-10-15,125.71
2024-10-16,117.64
2024-10-17,104.24
2024-10-18,124.89
2024-10-19,72.25
2024-10-20,77.84
2024-10-21,119.06
2024-10-22,214.15
2024-10-23,215.39
2024-10-24,136.47
2024-10-25,170.03
2024-10-26,114.06
2024-10-27,93.91
2024-10-28,145.17
2024-10-29,160.8
2024-10-30,134.21
2024-10-31,134.14
2024-11-01,131.07
2024-11-02,79.76
2024-11-03,101.41
2024-11-04,114.69
2024-11-05,57.44
2024-11-06,120.14
2024-11-07,98.8
2024-11-08,108.89
2024-11-09,77.4
2024-11-10,54.01
2024-11-11,154.23
2024-11-12,106.86
2024-11-13,116.55
2024-11-14,58.63
2024-11-15,97.59
2024-11-16,97.27
2024-11-17,25.42
2024-11-18,245.91
2024-11-19,197.48
2024-11-20,195.19
2024-11-21,193.79
2024-11-22,102.1
2024-11-23,183.45
2024-11-24,85.6
2024-11-25,123.71
2024-11-26,169.26
2024-11-27,199.63
2024-11-28,176.28
2024-11-29,226.97
2024-11-30,105.6
2024-12-01,184.54
2024-12-02,197.0
2024-12-03,164.99
2024-12-04,136.6
2024-12-05,127.66
2024-12-06,150.85
2024-12-07,151.06
2024-12-08,68.65
2024-12-09,170.97
2024-12-10,194.5
2024-12-11,153.94
2024-12-12,233.83
2024-12-13,191.36
2024-12-14,101.75
2024-12-15,64.41
2024-12-16,194.04
2024-12-17,133.3
2024-12-18,176.0
2024-12-19,152.59
2024-12-20,128.64
2024-12-21,89.21
2024-12-22,37.22
2024-12-23,146.57
2024-12-24,143.37
2024-12-25,120.14
2024-12-26,132.86
2024-12-27,168.56
2024-12-28,106.21
2024-12-29,79.41
2024-12-30,108.2
2024-12-31,63.4
2025-01-01,113.16
2025-01-02,198.89
2025-01-03,137.5
2025-01-04,70.11
2025-01-05,48.15
2025-01-06,98.32
2025-01-07,118.53
2025-01-08,70.48
2025-01-09,123.83
2025-01-10,65.77
2025-01-11,66.47
2025-01-12,82.36
2025-01-13,107.55
2025-01-14,148.52
2025-01-15,147.09
2025-01-16,92.98
2025-01-17,88.34
2025-01-18,77.28
2025-01-19,68.3
2025-01-20,151.89
2025-01-21,50.29
2025-01-22,157.46
2025-01-23,126.48
2025-01-24,148.88
2025-01-25,84.8
2025-01-26,103.25
2025-01-27,197.66
2025-01-28,164.41
2025-01-29,105.26
2025-01-30,120.9
2025-01-31,110.42
2025-02-01,65.35
2025-02-02,62.17
2025-02-03,146.63
2025-02-04,141.71
2025-02-05,135.57
2025-02-06,150.85
2025-02-07,118.94
2025-02-08,132.1
2025-02-09,0.0
2025-02-10,121.01
2025-02-11,119.8
2025-02-12,95.37
2025-02-13,167.72
2025-02-14,119.53
2025-02-15,108.19
2025-02-16,86.55
2025-02-17,156.25
2025-02-18,217.61
2025-02-19,166.24
2025-02-20,265.49
2025-02-21,181.82
2025-02-22,125.2
2025-02-23,96.91
2025-02-24,144.02
2025-02-25,165.32
2025-02-26,162.06
2025-02-27,138.02
2025-02-28,122.69
2025-03-01,119.86
2025-03-02,83.74
2025-03-03,154.23
2025-03-04,253.45
2025-03-05,180.47
2025-03-06,229.88
2025-03-07,179.53
2025-03-08,195.74
2025-03-09,105.72
2025-03-10,238.45
2025-03-11,222.04
2025-03-12,218.23
2025-03-13,254.81
2025-03-14,224.04
2025-03-15,150.57
2025-03-16,93.19
2025-03-17,156.55
2025-03-18,201.48
2025-03-19,275.57
2025-03-20,247.04
2025-03-21,158.55
2025-03-22,110.77
2025-03-23,79.29
2025-03-24,141.51
2025-03-25,139.72
2025-03-26,155.46
2025-03-27,156.46
2025-03-28,151.06
2025-03-29,100.54
2025-03-30,55.06
2025-03-31,188.73
2025-04-01,91.22
2025-04-02,115.75
2025-04-03,98.11
2025-04-04,177.26
2025-04-05,128.93
2025-04-06,115.76
2025-04-07,126.19
2025-04-08,128.58
2025-04-09,189.78
2025-04-10,160.75
2025-04-11,134.75
2025-04-12,98.88
2025-04-13,91.55
2025-04-14,168.12
2025-04-15,141.71
2025-04-16,156.31
2025-04-17,122.46
2025-04-18,187.73
2025-04-19,117.58
2025-04-20,170.1
2025-04-21,158.73
2025-04-22,133.23
2025-04-23,146.83
2025-04-24,179.53
2025-04-25,190.11
2025-04-26,123.45
2025-04-27,154.79
2025-04-28,114.01
2025-04-29,127.87
2025-04-30,140.21
2025-05-01,105.35
2025-05-02,181.36
2025-05-03,85.18
2025-05-04,95.89
2025-05-05,213.92
2025-05-06,209.34
2025-05-07,250.21
2025-05-08,248.86
2025-05-09,150.33
2025-05-10,117.16
2025-05-11,104.52
2025-05-12,199.79
2025-05-13,150.3
2025-05-14,145.08
2025-05-15,214.27
2025-05-16,187.0
2025-05-17,133.29
2025-05-18,161.4
2025-05-19,268.19
2025-05-20,184.43
2025-05-21,199.95
2025-05-22,227.15
2025-05-23,102.76
2025-05-24,111.07
2025-05-25,166.88
2025-05-26,210.47
2025-05-27,197.77
2025-05-28,273.82
2025-05-29,173.67
2025-05-30,219.55
2025-05-31,82.64
2025-06-01,187.34
2025-06-02,260.46
2025-06-03,205.75
2025-06-04,197.26
2025-06-05,220.84
2025-06-06,146.68
2025-06-07,137.75
2025-06-08,120.46
2025-06-09,173.64
2025-06-10,219.58
2025-06-11,162.2
2025-06-12,154.5
2025-06-13,134.29
2025-06-14,331.26
2025-06-15,170.27
2025-06-16,261.33
2025-06-17,274.29
2025-06-18,274.9
2025-06-19,180.28
2025-06-20,254.81
2025-06-21,201.39
2025-06-22,229.06
2025-06-23,484.77
